Index,Clue,Solution,Spaced_Solution,gemma_predicted
135430,"Achy shaking stopped by iodine, salt and kaolin",chinaclay,china clay,assemblage
93485,Paid the bail for a sound woman,freda,freda,assemblage
77103,"In Germany, thin girls can eat this!",anything,anything,container
72429,Old official partial to free verse,reeve,reeve,hidden word
42357,Coarse-sounding son's in the wilderness,dessert,dessert,container
14535,Turns up in chilly surroundings yet well received,popular,popular,assemblage
126864,Foreign currency racket completely disheartened auditor,dinar,dinar,assemblage
1059,The fellow apprehending one felon,thief,thief,container
112931,Dames popular with sailors?,broads,broads,double definition
21744,Last year's leaders entertained by regular journalist,evelyn,evelyn,container
3077,Butcher breaks bent pan,skillet,skillet,container
49144,Improved a carving with direction,cameon,came on,assemblage
33191,"s ""a hairy man"", speaking in child's play",seesaw,seesaw,assemblage
39603,Bend down to king in Chesterfield,crouch,crouch,container
65864,"Message left in note, eg ""Castle in the morning""",telegram,telegram,assemblage
39500,A weightwatchers' congress?,diet,diet,double definition
15496,"Dim clue reset by compiler finally for ""cimbalom""",dulcimer,dulcimer,anagram
116403,"In the chair, restraining Democrat under influence of drugs",sedated,sedated,container
7713,"Horny beast imagined finding garment ripped, models having fled",unicorn,unicorn,assemblage
65892,Sword giving enemy cut to one leg,foil,foil,assemblage
47168,"Very cutting, but inviting riposte",twoedged,two edged,double definition
139673,Pays for food after treasurer cleared out,treats,treats,container
88123,Poet's round - very one just cited,ovid,ovid,assemblage
25643,Academic sinecures?,easychairs,easy chairs,double definition
117,Girl rejected in family rebellion,beryl,beryl,hidden word
102698,On which the unemployed needed drink or warm brew before church,jarrowmarch,jarrow march,assemblage
140405,Australian birds scrub duds,brushturkeys,brush turkeys,assemblage
109857,Number of copies produced of picture for all to see in the navy,printrun,print run,assemblage
56259,Dubious moment to go topless,iffy,iffy,assemblage
78909,Uncommon pronoun,royalwe,royal we,assemblage
117476,What's worn by Amazons as custodians?,wardresses,wardresses,assemblage
111029,Tries hard with a cereal,hasago,has a go,assemblage
47761,It's suitable in public,exoteric,exoteric,double definition
14041,Injure a black beetle,scarab,scarab,assemblage
71248,Cabinet minister provides rally in disaster,lordprivyseal,lord privy seal,assemblage
82116,One way to get team something in a pie,mincemeat,mincemeat,assemblage
66596,Advertising in advance,promotion,promotion,double definition
62747,Oddball wants to perform on dam,weirdo,weirdo,assemblage
88285,Grow increasingly furious with puzzle,bewilder,bewilder,assemblage
104275,No good at making pudding,duff,duff,double definition
113355,ATM George misused as source of money,mortgagee,mortgagee,anagram
124178,Mason's fermented juice?,perry,perry,double definition
120504,Expression of surprise at topless Winnie,ooh,ooh,assemblage
131856,Band crew/outfit leaders on road - useful for light adjustment,sashcord,sash cord,assemblage
51680,Top man secures first place for author,kipling,kipling,assemblage
36053,Turkish leader about to conclude the business,agenda,agenda,assemblage
142129,Motor enthusiast modifies other pedal,petrolhead,petrolhead,anagram
15514,Star surprisingly is over a year missing,astray,astray,assemblage
30402,One of the Stones appearing worn - affected by the drink?,pebble,pebble,double definition
12866,See animal go wild in the bush,magnolia,magnolia,anagram
86325,Figure seizing hotel involved in fund-raiser,telethon,telethon,anagram
41678,The old racer racing around Italy?,charioteer,charioteer,anagram
53157,What Mrs Sprat might do with rabbit,chewthefat,chew the fat,double definition
36723,Carry on in the theatre,operate,operate,double definition
123534,Double up refashioning citadel walls,duplicate,duplicate,anagram
8288,Feel sorry when soldiers get to guard Roundhead,regret,regret,container
24258,"Irritates spaniel's head, which is uncalled for",needless,needless,assemblage
26394,Temporarily relocate help,second,second,double definition
51064,Coming to no conclusion,endless,endless,double definition
39018,"Rising artist, ignoring society, matured",aged,aged,anagram
137241,Brilliance of one of Elgar's Variations,glare,glare,anagram
71008,Think of son being corrupted in drink,consider,consider,anagram
30362,Temporary work welcomed by young boxer?,popup,pop up,container
121272,Name and return address in America,dub,dub,anagram
60674,Where one is involved as an ex-president,eisenhower,eisenhower,anagram
2115,Bird of prey,raven,raven,double definition
124142,Country girl briefly eating duck,laos,laos,container
112643,Found out such appliances are dangerous,unearthed,unearthed,double definition
30742,I take five outside to do test again,resit,resit,assemblage
139806,Midsummer Day ends with a group of sailors,rya,rya,assemblage
87240,"Place order, getting from pick-up to destination, showing self-possession",aplomb,aplomb,assemblage
48018,"Unusually irate, not otherwise disposed to attack",tearinto,tear into,anagram
56653,Scrap a piece of classical music,raga,raga,assemblage
90180,Trophy girls tricked into serious predicament,sorryplight,sorry plight,anagram
40199,Doubt one may be apprehended,suspect,suspect,double definition
25715,Noble's wayward cousin hugged by retired transvestite,viscount,viscount,container
112535,Novel with first part abbreviated: unruly mob around me aren't consistent,mmebovary,mme bovary,assemblage
42571,Some women's double confinement - insane!,sabine,sabine,hidden word
9639,Continue to strike a man,ramon,ramon,assemblage
41758,Second in importance,moment,moment,double definition
99593,"Part of Tennessee Williams' last ""hip"" production: morose, electrifying Marlon initially in the lead",memphis,memphis,assemblage
111136,Assembled tediously for amateurish work,doityourself,do it yourself,anagram
7013,Tension disturbed rest on ship,stress,stress,assemblage
3711,Go really wild with a symbolic tale,allegory,allegory,anagram
107759,"Utters a dictum, so there's nothing missed",says,says,assemblage
81319,Primate with cross in position of eminence,apex,apex,assemblage
112041,Chap sadly back around houses in Spanish city,salamanca,salamanca,assemblage
62445,"Set well back, marsh east of Senegalese capital",stiffen,stiffen,assemblage
137544,Grouped together with a retired joiner,banded,banded,double definition
11241,Drink without a container sent back source of milk,coconut,coconut,assemblage
105358,"Writer in a hurry to do so, too",rushdie,rushdie,assemblage
75815,Make an effective stab at providing a short survey,runthrough,run through,double definition
119085,"Residence in block, a squat",bungalow,bungalow,assemblage
26973,"Subscribed to the ""Listener"" and the ""Pantheon"", say",rotunda,rotunda,double definition
87379,"A slippery customer, the winter sportsman!",skier,skier,double definition
79884,No laughs disrupted Evert's closing attack,onslaught,onslaught,assemblage
11494,Listened when eccentric signed on,enlisted,enlisted,anagram
136017,Disciples are against books by stars,votaries,votaries,assemblage
85137,Whom beer affected should keep away from it!,homebrew,home brew,anagram
140113,He scripted nice revised report of spoken words,indirectspeech,indirect speech,anagram
97645,A politician's current measure,amps,amps,assemblage
49653,Society follows better customs,mores,mores,assemblage
132156,Range of dumps accommodating virile blokes by day,themendips,the mendips,container
63736,Knock cap off sleeping policeman,hump,hump,double definition
68452,Turn and hide glass,windscreen,windscreen,assemblage
27894,Reportedly waited around grave,staid,staid,double definition
47499,Put up rainwear in a swindle,scam,scam,double definition
46777,Country song about American getting back from Detroit,austria,austria,container
110387,Briefly contemplate a chop reserved for Spaniard's meal,gazpacho,gazpacho,assemblage
33300,"Write, for instance, ""to rise"" as your answer?",getup,get up,double definition
134309,Holder and others sounded greatly impressed,slayed,slayed,double definition
3418,A buddy rejects sport for which he's not paid,amateur,amateur,assemblage
76110,Virgil's lines against leaving heaven during tide change,theaeneid,the aeneid,assemblage
12579,Benefit favouring the healthy,profit,profit,assemblage
53052,Fish ate weed,haddock,haddock,assemblage
6637,One vintage port that's perfect,ideal,ideal,assemblage
75375,Parliament success: what about Mr Coe? Negative,naseby,naseby,assemblage
101963,Where to hole a vessel among the fleet,amidships,amidships,assemblage
51733,Where accidents are affecting the roses,blackspot,black spot,double definition
91152,"In tight spot, swear!",plight,plight,double definition
137716,Fiddle with French car that's dropping back,fraud,fraud,assemblage
136954,One hesitates to revive English leader after knockout,anaesthetise,anaesthetise,assemblage
54535,Morse's last case stirring up memories,evocative,evocative,anagram
2975,Spoken for a large section,oral,oral,hidden word
24929,Night is unusual source of enlightenment,insight,insight,anagram
14556,The bicycle provided for coppers at one time,pennyfarthing,penny farthing,assemblage
78921,Poem about Ulysses essentially at end of Troy,odyssey,odyssey,assemblage
46124,Backward country's government relinquished control,rein,rein,assemblage
95281,"""Country mania"" is touring round in the same place",namibia,namibia,anagram
46199,Cooked potato with cold joint,chip,chip,double definition
56548,Fooled by absorbing Resistance story,hardtimes,hard times,container
107238,Bar containing drop of liquid comfort,salve,salve,container
18147,Cautionary cry in Somerset,watchet,watchet,assemblage
101319,Lionesses becoming silent,noiseless,noiseless,anagram
83781,Lack of control in a Hackney report,ataxy,ataxy,assemblage
63341,Heartlessness and senselessness about olfactory offensiveness,inhumanity,inhumanity,container
83831,Live in red wellies?,dwell,dwell,hidden word
135550,"Ruin what you do, separating messily in NYC",insolvency,insolvency,assemblage
89259,"Better old city parking, as on board?",surpass,surpass,assemblage
131774,How one may make progress on one's feet,insteps,insteps,assemblage
118699,"Awake, went out rejuvenated",updated,updated,assemblage
49154,Give up because of one's self-image?,forego,forego,assemblage
33759,Bishop has to dismiss rising resistance to church,exarch,exarch,assemblage
88824,Unpleasant period having fibre to eat,roughage,roughage,assemblage
36873,One may have a fair throw at it,coconutshy,coconut shy,assemblage
136427,They're not static water towers,tugboats,tugboats,assemblage
1091,"""Caine Mutiny"" originally flickered here",cinema,cinema,anagram
20590,"Very strict cook, marginally improved",rigid,rigid,assemblage
134666,"God's dog and ten animals I slam in a net, perhaps?",palindromes,palindromes,double definition
27022,"Silver and jade, like Yeatsian midnight",aglimmer,aglimmer,assemblage
35372,Enormous scratch by the ear,great,great,double definition
68631,Ascetic almost spoiled food,yoghurt,yoghurt,assemblage
41246,Bird's heavy defeat overturned,linnet,linnet,anagram
52780,A despatch note?,deathwarrant,death warrant,assemblage
113746,Influence of Tory boor,clout,clout,assemblage
97348,"If that's really the hat you want, I'm not stopping you",onyourheadbeit,on your head be it,assemblage
103047,Firm recalled watchmaker at noon for special event,occasion,occasion,assemblage
83563,Cast supporting the Queen's Speech?,thrown,thrown,anagram
130037,Agency worker almost the last word in saucy humour,temperament,temperament,assemblage
58815,Sexy bottom? It might encourage rapid but unwelcome developments,hotbed,hotbed,assemblage
60290,Secure forward position,lock,lock,double definition
7214,"Each hoop, but only every other ring",echo,echo,hidden word
120027,Off day? That is criminal,baddie,baddie,assemblage
98299,It is difficult being so sensitive,ticklish,ticklish,double definition
131905,"God, who's flipping cut grass that's already been cut and dried?",yahweh,yahweh,assemblage
130470,Model curtsied for starters,crudites,crudites,anagram
134320,How rifles may be carried by soldiers not wanted in retreat,ported,ported,anagram
8075,Dog mounting sheep,mutton,mutton,assemblage
116464,"Having broken a personal record, though on the decline",pastonesbest,past ones best,double definition
90907,What the publican calls late on many occasions,timeaftertime,time after time,assemblage
92289,They watch as three points can go to Golf driver,sentinels,sentinels,assemblage
27833,Finish urge - that woman will,eggshell,eggshell,assemblage
87664,"Gather together in the morning, when heading to school",amass,amass,assemblage
136259,Current tests pushed back repressive force,stasi,stasi,assemblage
6256,Scandal in the sluice,watergate,watergate,double definition
45346,Relish an Indian addition to the meal,chutney,chutney,double definition
59282,Cut off and also tie off,isolate,isolate,anagram
121944,Quoted poet sounds like Mary's garden,shelly,shelly,double definition
45328,Judge a royal nipper,arbiter,arbiter,assemblage
139462,"Began turning up carrying cargo, initially of spoils",detracts,detracts,container
134097,Best of United's wingers running round Hearts scorer?,georgegershwin,george gershwin,assemblage
50807,A reward for the taking?,priceononeshead,price on ones head,double definition
97538,"Came across a sailor, oddly skin and bones",metatarsi,metatarsi,assemblage
119876,Official order to blockade islands when there's a disturbance,incident,incident,assemblage
102393,Distress with endless problems one day before,aggrieve,aggrieve,assemblage
110550,Display unit of wine and spirits,reddevils,red devils,assemblage
99967,Get a bit of a sore back tossing it?,caber,caber,hidden word
134682,Cheers solvers are barred from getting,youshouldnthave,you shouldnt have,double definition
43900,Identifying pattern that's bound to squash one irritant,signature,signature,container
114055,Boatman in youth given order to vacate land,navalcadet,naval cadet,assemblage
94794,Nothing to bone of bones,osteal,osteal,assemblage
12544,One gets up flowers,irises,irises,assemblage
91690,Performance of capital detachment,execution,execution,double definition
50572,Free husband,save,save,double definition
17405,Vivacity normal in retreating deer,sparkle,sparkle,container
38373,Small and delicate,slight,slight,double definition
29441,Calm North Yorkshire town,settle,settle,double definition
142364,Ideal version of Mexican pearl one's able to 'disappear',exemplar,exemplar,anagram
28275,Prepare for scan on the Fourth of July,ready,ready,assemblage
49815,Drunken men docked in early naval vessel,minelayer,minelayer,anagram
64787,"Apart from Spanish white wine, mostly French white wine",barsac,barsac,assemblage
78750,Paid pounds for something at auction,gavel,gavel,assemblage
45235,Gamble a great deal on a patched-up tyre,lottery,lottery,assemblage
136950,Let's see those teeth beginning to decay - I weep on failing to contain it,openwide,open wide,anagram
34965,Jack's screwdriver?,propeller,propeller,double definition
80812,One's inclined to strike with Popular Front,ramp,ramp,assemblage
328,Smooth limb at end of torso,legato,legato,assemblage
89801,Hood hardly ever appears over nothing,scarface,scarface,container
101752,"Restricted middle section used to be soft, then it was revised",waspwaist,wasp waist,assemblage
132261,Contract gamble upset live broadcaster?,beeb,beeb,assemblage
17691,Like to take one to a region where Jesus was born,asia,asia,assemblage
133184,Excite poorly-fed bird first,titillate,titillate,assemblage
125621,Crew men showing little variation in strokes,stokers,stokers,anagram
66079,Is it after five or later he calls?,visitor,visitor,anagram
86199,Alumnus sitting with Scarface is haunted,obsessional,obsessional,assemblage
134995,Name-dropping Dubliner shattered and put back together,rebuild,rebuild,anagram
114209,"Discreet, caught in bad fault",tactful,tactful,container
12053,"Listener's home, the grave?",earnest,earnest,assemblage
134455,Pain he's suffering to get fit,inshape,in shape,anagram
90639,Furnace where link is forged,kiln,kiln,anagram
132191,"When pressed, manages passes",getsby,gets by,assemblage
89291,"Cast my anchor in Norway, say",monarchy,monarchy,anagram
120780,"Shows insubordination, giving support to negotiations",talksback,talks back,assemblage
3128,"Clifftop home creepy, we hear?",eyrie,eyrie,double definition
25985,One bombardier gets in before another,encore,encore,assemblage
87722,Writer improperly abridged,amis,amis,assemblage
19647,Old empress giving away last instrument,ocarina,ocarina,assemblage
115851,Struggle across line to finish,complete,complete,container
95875,President exchanges vote for new fabric,ninon,ninon,assemblage
56748,She surprised Alice,celia,celia,anagram
49003,Sort of nut that is loose,untie,untie,anagram
119926,Warning to speculators on gravy train ?,mindthegap,mind the gap,double definition
102140,"Floater, one joining church to criticise",icepan,ice pan,assemblage
103076,Function applied to cube with no fixed date,sinedie,sine die,assemblage
13659,Wanted revolutionary to support sideshow,desired,desired,assemblage
43509,Herod's son to gain entree to Rome ?,antipasto,antipasto,assemblage
123013,"Lawless one meeting end in electric chair, perhaps",anarchic,anarchic,assemblage
136829,"Hacking, will fear this security measure?",firewall,firewall,anagram
83431,Odd people in error in Eden,originalsin,original sin,assemblage
37022,Wrinkles between features in a premature state,earliness,earliness,container
98100,A marvellous idea taking off in dream,aspiration,aspiration,double definition
46325,It's cryptic woman's paper,tissue,tissue,double definition
54257,"Squeeze round corners, leaning heads skywards in ravine",gulch,gulch,assemblage
40368,Make new arrangements for the holiday place,resort,resort,double definition
33788,I follow through with spirit,peri,peri,assemblage
121561,"After head start, wind up on winners' tail: put your shirt on them?",hangers,hangers,assemblage
101215,Come down to earth about p-payment for a sweet,toffeeapple,toffee apple,container
11830,Doctor can sue for time to redeem foreign bills,usance,usance,anagram
41398,Acts as executor - some teachers want to,beheads,beheads,double definition
81250,"With belly in unusually bad order, lain over",abdominal,abdominal,anagram
13238,Motorists seen in distance - it's inexplicable,miracle,miracle,container
130168,Cosy conga (line dancing?),congenial,congenial,anagram
89373,Quarrel can get personal in place like Harrogate,spatown,spa town,assemblage
22648,The end of the New Testament,amen,amen,double definition
103162,Type of verse inspired by daemon or Hymen,monorhyme,monorhyme,hidden word
12944,Abrasive doctor appears extremely narked,sandpaper,sandpaper,anagram
26545,I mostly remain in agreement in believing in God,deistical,deistical,container
11832,Time permitted for transferring note in dubious cause,usance,usance,anagram
61851,Astonished by one-way fold,awestruck,awestruck,assemblage
70788,"Mammals (the last shall be first), named like Washington, say",eponymous,eponymous,assemblage
112205,Displace journalist that has complaint about energy,edgeout,edge out,container
88354,"Former eastern country, catching bug, going west with eastern dressing",mayonnaise,mayonnaise,assemblage
60106,Certainly bound to be different,nodoubt,no doubt,anagram
42965,Emitting light from silver base,aglow,aglow,assemblage
59209,"Sad, losing out in this sliding scale",glissando,glissando,anagram
120891,Floods spread sludge around Mile End,deluges,deluges,anagram
116963,"Taking public transport back to worker after ten, he pays part of lease",subtenant,subtenant,assemblage
87505,"Argument tense, blowing top",tiff,tiff,assemblage
52288,Rubber reported by my sister in Paris?,masseur,masseur,double definition
68732,Prompt service for TV presenters,idiotboard,idiot board,assemblage
260,Provincial half of army behind endless abuse,insular,insular,assemblage
71142,Poet having gone short of books,abse,abse,assemblage
104224,Numbers of a nonstarter,nono,no no,assemblage
69095,Blue wine is a washout,sadsack,sad sack,assemblage
20326,A daughter in French port finally off? Not so fast!,andante,andante,assemblage
47811,Artists apply to less than saintly monk,rasputin,rasputin,assemblage
4871,Charming and delicate female seen in reflection of river,elfin,elfin,container
85426,Mechanism for turning right in an agitated state,lather,lather,assemblage
107684,Composer's scornful work not given run,satie,satie,assemblage
139214,Over the moon here to have secret room,deepspace,deep space,assemblage
83334,"Crude, Puck? Not at first, with well-connected people",oilmen,oilmen,assemblage
140963,Actor with sheet sings from the bottom,filmstar,film star,assemblage
99777,The work yet to come from PL for truly harmon-ious movement,poetryinmotion,poetry in motion,assemblage
111745,"Dead popular thought, disposing of male!",insentient,insentient,assemblage
83741,"Sailor, soldier and girl join in dance",tarantella,tarantella,assemblage
2591,A representative business,agency,agency,double definition
62314,Snakes top their opposites,adders,adders,double definition
35240,Hair and metallic mineral stink,furore,furore,assemblage
51626,A hard thing to catch,nail,nail,double definition
77728,"Superior selection of wines, we hear, which has sold a lot",bestseller,bestseller,assemblage
14218,Circulator to bear losing head,eddy,eddy,assemblage
93701,Where people go in for charms,entrances,entrances,double definition
102896,Soul music?,spiritual,spiritual,double definition
84115,Are spades imported to make tracks?,exist,exist,anagram
127215,As might be brakes of tank with coil rotation,antilock,anti lock,anagram
20346,"First letter is open, perhaps letter from abroad",epsilon,epsilon,assemblage
44148,Bridge team that's in switched-off state - it can't last,transience,transience,assemblage
115544,Gym instruction by top man in place of games once,peking,peking,assemblage
91339,More than is required for six deliveries?,overcapacity,overcapacity,assemblage
30758,The keynote to good health?,tonic,tonic,double definition
54355,"Writer, a good man, seen inside foreign restaurant",bistro,bistro,container
39461,"Flies parted, I pissed",diptera,diptera,anagram
12774,Dragged to the altar?,towed,towed,double definition
87168,Confinement which sounds yellow?,custody,custody,double definition
28479,A building in Slough,shed,shed,double definition
549,Pain beginning to hurt in one,ache,ache,container
35103,United supporters come back in a mess,snafu,snafu,assemblage
100634,Poem about mountains given top grade -- sparkling stuff,orangeade,orangeade,container
79676,Make use of the quality of diamonds - without diamonds,harness,harness,assemblage
116745,Hit I have in a regular series,successive,successive,assemblage
60699,Indeed a complicated case gets passed over,deceased,deceased,anagram
31298,"Communication with naked ladies, say",email,email,anagram
67248,Aspect of Spain no fiction's written about,facet,facet,hidden word
49328,Salad dressing envied,endive,endive,anagram
42522,Insects delightful? Not one - that's right!,licence,licence,assemblage
131796,Mate rounded Cape unnoticed,hubby,hubby,assemblage
62123,Indian sage that's been topped and crushed by child's mother,mahatma,mahatma,assemblage
10169,Nation in plan to lose weight,india,india,assemblage
131081,"In a maddening way, shrewd Brown standing inside",frustratingly,frustratingly,container
102936,"No good in house that lacks order, if untidy - might this help?",fengshui,feng shui,anagram
129531,Emission - tax to the limit,exhaust,exhaust,double definition
78366,Factory philosopher,mill,mill,double definition
110915,Lady golfer embraces feminist model in smart dress,whitetie,white tie,assemblage
33803,Tot's taking mother across river,dram,dram,assemblage
31731,"Wild duck swallows English dram, if dry",teetotal,teetotal,container
117834,Order a course,sequence,sequence,double definition
63174,The black arts conceal trap that's attractive,magnetic,magnetic,hidden word
9566,Volunteers to return sombre tunic,tabard,tabard,assemblage
46683,Where Horatio asked for the kiss of death?,trafalgar,trafalgar,double definition
39851,He fails to show up the defect in the return pipe,defaulter,defaulter,container
104675,Graphic artist uses wire and string,signwriter,signwriter,assemblage
103706,Stock owner can let charter lapse,cattlerancher,cattle rancher,anagram
74952,Made up a number,composed,composed,double definition
108257,Be punctilious having to get back for the fish,stickle,stickle,double definition
2174,Herb in paper covering's behind the salt,tarragon,tarragon,assemblage
90362,Article comes together for Guardian messengers?,angels,angels,assemblage
134957,Old tray I renovated with skill,adroitly,adroitly,anagram
89346,Some auxiliary bones,ilia,ilia,hidden word
77048,Deliver a blackbird,bowl,bowl,double definition
83569,Thin binding weed - it's what's observed on road,speedlimit,speed limit,assemblage
121660,"Sweet where OAP is in EastEnders, perhaps?",afters,afters,assemblage
91077,Dress up a day in advance for lover,girlfriend,girlfriend,assemblage
78770,Uncalled for correspondence,deadletter,dead letter,double definition
1543,Community to pay workers overtime,settlement,settlement,double definition
91842,Spending allowance to be cut in move,budge,budge,container
12080,Lie concerning strength of character,fibre,fibre,assemblage
121128,Scruffy label on scruffy item of clothing,ragtag,ragtag,assemblage
1478,Snick a boundary,edge,edge,double definition
90127,Giving medical treatment to stray pet held,dosing,dosing,container
75508,"A day in dopey stupor, endlessly like t-h-i-s?",spacedout,spaced out,double definition
43685,Player with no time for a bet,fluter,fluter,container
120450,Priest's crime taking time in a clerical residence,parsonage,parsonage,assemblage
28758,"A stroke by a batsman going for a run, perhaps?",ondrive,on drive,double definition
134058,Harry and Henry nabbed by someone not in uniform,chivvy,chivvy,container
1454,"Entire NHS in trouble, losing ten to bruise",shiner,shiner,anagram
102609,"Suffering different elements, primarily hail",hellothere,hello there,assemblage
120426,Prime made out to include another,seven,seven,container
98043,Occasion to eat a piece of cake,picnic,picnic,double definition
91484,Composer left a little bit of nonsense,fallal,fallal,assemblage
44396,No time for Mister Scrooge,miser,miser,container
77843,Sailors sought by TV producer,ratings,ratings,double definition
5419,Core of expedition is a long way off,afar,afar,hidden word
121029,Sydney's landmark before building works?,operahouse,opera house,double definition
21197,About to experience the finale of William Tell,inform,inform,assemblage
15736,"Opening for a salesman turned up, true to form",aperture,aperture,assemblage
33877,Noble brew of ale that's about right,earl,earl,anagram
85944,Biblical dupe keeping bridge players up with sense of foreboding,unease,unease,container
102268,Strangler with soldiers going around in band,garroter,garroter,container
84522,"Position of king, plus heir, ousted",rulership,rulership,anagram
25655,"Enter Dotty, with bird's dance movement",entrechat,entrechat,assemblage
142265,Cry out for the old record format,yelp,yelp,assemblage
102328,Not even a soldier,irregular,irregular,double definition
56118,"Petit dejeuner, one tucked away by worker in a bad mood?",croissant,croissant,assemblage
132272,"After a drink, German enthusiast gets a biscuit",gingernut,ginger nut,assemblage
15122,Drink for each returning academic,pernod,pernod,assemblage
72759,"To be lying here, it's serious!",grave,grave,double definition
9582,Top-class detectives initially left in clear,lucid,lucid,assemblage
38158,Run member of pack over,flow,flow,anagram
32745,A-class grass,alfa,alfa,double definition
46160,Primitive sailor of marked individuality,aboriginal,aboriginal,assemblage
44642,How ill was the reviewer?,critically,critically,double definition
116989,Parent with fruit,papaw,papaw,assemblage
88477,"To the bride', perhaps, in German (Browning)",toasting,toasting,double definition
58349,Travel through East End district with offensive weapon,crossbow,crossbow,assemblage
102947,Bones in the head all turned to point,patellae,patellae,assemblage
82828,Mark Antony's extreme spirit,brandy,brandy,assemblage
133038,"Go for somewhere in Scotland, as Dickens character",pickwick,pickwick,assemblage
138620,Manual actions in service taking a long time,massages,massages,container
24289,Penny has beer and pasty,pale,pale,assemblage
2119,Is young Blair a supporter? Insert number in Irish Sea,isleofman,isle of man,assemblage
31193,Prince not turning up for dance,charleston,charleston,assemblage
130810,Joint drinks parties,kneesups,knees ups,assemblage
123507,Cats finally sounding happy? That's encouraging,spurring,spurring,assemblage
26494,"European composer, in recital, has things to do",checklist,checklist,container
64343,Clothing society suffering legal action,shellsuit,shell suit,assemblage
30462,It's supposed to prevent travellers' bags getting in a snarl-up,bfcycleclip,bfcycle clip,double definition
115813,Old councillors learned somehow about a Frenchman,aldermen,aldermen,anagram
64648,Spare fire,letoff,let off,double definition
129802,Hawk seizing tail of mynah bird,chough,chough,assemblage
80173,Returns to digs for economy's sake,retrenches,retrenches,assemblage
32909,Be nippy? Not a lot!,dash,dash,double definition
103476,Could it make ferret wash?,freshwater,fresh water,anagram
17188,Snooker player breaks with end of cue,white,white,assemblage
81195,"Flash not very bright, introducing copper for a bit",modicum,modicum,container
123957,We murmur a short reply,humans,humans,assemblage
99052,Means of suppressing dreadful shame and panic - seem cold,escapemechanism,escape mechanism,anagram
45473,"Found what's potentially sad ""fun"" and cheered, showing this",schadenfreude,schadenfreude,anagram
53033,Said to be the story's end,tail,tail,double definition
84810,"Taffy's home - right, left and roundabout",landofmyfathers,land of my fathers,assemblage
46118,Racket's centre starts to buckle under bombardment,hubbub,hubbub,assemblage
100731,Close to last time food warnings ensue,threats,threats,assemblage
53604,Dramatic confidence?,stagewhisper,stage whisper,assemblage
14106,"Not wanted at the feast, best left in the cupboard",skeleton,skeleton,double definition
137650,Model receiving complaint to consider retiring after hostilities ended,postbellum,post bellum,assemblage
131463,Badger resorted to exit by road,streetdoor,street door,assemblage
40206,American small change being found in school is dodgy,suspect,suspect,assemblage
10926,Act as an agitator and get jail,stir,stir,double definition
76832,To compensate for one short day is to take heart from another,satisfy,satisfy,assemblage
77279,Crazy over North American icon,madonna,madonna,assemblage
104766,Spike has doll that is missing,barb,barb,double definition
85039,"Each one opening, under no circumstances remaining open",uncover,uncover,assemblage
132678,East European city where two vessels turned up,krakow,krakow,assemblage
48600,"Monstrously stab king, and profit? It's hard to fathom",abstruse,abstruse,anagram
10979,Check demand for material,damask,damask,assemblage
141319,Radioactive element in preservative for good health,salut,salut,container
14311,Plant with a sting stuck in the chimney,laburnum,laburnum,container
89803,Mobster's joint is cover for card operation,scarface,scarface,assemblage
6110,Close check,stop,stop,double definition
120047,"C, half-cut Bush, for example, gatecrashing his party?",cameron,cameron,assemblage
40179,Peculiar game,rummy,rummy,double definition
105648,City state ground out small business,cottageindustry,cottage industry,anagram
31190,Prince not getting up for the dance,charleston,charleston,assemblage
14639,Playboy stereotypically gobbling reputed aphrodisiac,oyster,oyster,hidden word
36078,"Soldier's gear, which stays at home",tinhat,tin hat,container
25486,Violinist's private room,bower,bower,double definition
14982,Boy-meets-girl opera,leonora,leonora,assemblage
38536,Getting through to farms about ground that's always frozen,permafrost,permafrost,assemblage
93127,Prima donna gets a quid for appearing in lights,divali,divali,assemblage
34853,He designed a water container,adam,adam,double definition
47492,Retired Scotsman's trick,scam,scam,anagram
67110,"An abstract point, to be exact",precise,precise,assemblage
112609,Sleep until noon (twelve),dozen,dozen,assemblage
120758,Snowman? College erected it,inuit,inuit,assemblage
6072,Bottom of league in Cheshire and East Lancashire?,cheese,cheese,assemblage
140892,Setter's upset over good answers to puzzles,enigmas,enigmas,assemblage
57863,Carry on in summary fashion,resume,resume,double definition
84465,Eat away without starting to bring back,etch,etch,assemblage
96014,Sharp stone for the remaining persons,alltherest,all the rest,double definition
56976,European in next cell tortured in capital,excellent,excellent,assemblage
121312,Hole number dealing with bad habit,crevice,crevice,assemblage
61605,"Bulbs shining, these charged",onions,onions,assemblage
50761,"Telephone bell starting off, but not so loud",lower,lower,double definition
108513,Its partition was booked,redsea,red sea,assemblage
5366,Boss lost in dust storm,stud,stud,anagram
132928,"Beacons required to follow this, if range is to be obtained",brecon,brecon,assemblage
119078,"Time off, stuff punctuated by irregular pay",gapyear,gap year,container
93033,Record claiming uranium is brownish-grey,taupe,taupe,container
88134,Wolf circling eastern Galloway?,george,george,container
58772,"Hundreds pocketed by accountants, the rotters!",cads,cads,container
100257,Help fool individual with attitude,assistance,assistance,assemblage
109072,Something dentist may have to do with lineage,extraction,extraction,double definition
123726,Vegetable essence,marrow,marrow,double definition
1030,Iberian prince angered in revolt,grandee,grandee,anagram
87361,Heartless Shakespeare heroine keeping beret for a head,percapita,per capita,container
70181,Peculiar issue more likely than not,oddson,odds on,assemblage
93892,Solid grasp of company case?,firmgrip,firm grip,double definition
116622,Ruled measure government introduced must be reversed,reigned,reigned,container
28384,"I am the cat among dairy produce, going to overlap?",imbricate,imbricate,assemblage
64671,I throw my weight around the angel,islington,islington,assemblage
21476,"Engaged, that's the outcome about me and a girl",enmeshed,enmeshed,container
8968,What's got out of bed?,rose,rose,double definition
122484,Head of state with guns to tame rioting,maotsetung,mao tse tung,anagram
19964,Honour given to boy king ...,oberon,oberon,assemblage
116450,Inexperience wears off: name gained success finally,rawness,rawness,anagram
10829,Religious house is too much for this priest,abbe,abbe,double definition
1697,"Like mistletoe, it is a hit when put up, caught underneath",parasitic,parasitic,assemblage
128290,Tough solidity for road transport crossing a bit of rail track,burliness,burliness,container
31476,Artist in car skirting ancient city,seurat,seurat,container
58634,Praise the boot rejected by lieutenant,exalt,exalt,assemblage
114956,"Exciting book, ""The Musician's Aide""",pageturner,page turner,double definition
40505,Ass in America leading to American kerfuffle,rumpus,rumpus,assemblage
33947,Law suit finally disposed of - for a figure,statue,statue,double definition
74212,"What maintenance staff should do at points, etc",checkrails,checkrails,double definition
36567,PM essentially disappointed England,eden,eden,hidden word
3319,"Blue died, a bit of an act",obscene,obscene,assemblage
103221,One seen in a hanging basket?,balloonist,balloonist,double definition
9207,Sat Latin translation in a lost realm of fancy,atlantis,atlantis,anagram
40287,Laciest piece in the sewing box? That's stretching it!,elastic,elastic,anagram
36592,Male child consumes duck quickly,soon,soon,container
34241,One's captivated by star-shaped feature of fluted column,stria,stria,anagram
134763,Male children's book character heard singing in church?,hymnody,hymnody,assemblage
61642,Badly treated and is unserviceable in the sea,misused,misused,assemblage
118902,Tabloid pictures which closely resemble one another,mirrorimages,mirror images,assemblage
83799,Vehicles boy goes in are always late,cadavers,cadavers,container
28350,Best food Mike's brother found in the continent,ambrosia,ambrosia,container
9249,First of Walter Mitty's turns: provide defence and make me conform,twistmyarm,twist my arm,assemblage
37285,Like supporter at home holding a kind of sign inside boundary,infavour,in favour,container
20073,"One in dock, employed by a county council",accused,accused,assemblage
38183,Monster fish,troll,troll,double definition
79225,No bunker could be perfectly even,unbroken,unbroken,anagram
11951,What Italians drink in the Mestre: Galliano,strega,strega,hidden word
84068,Contrary commercial jingle,adverse,adverse,assemblage
103255,Anxiety about hair stops you sleeping,alarmclock,alarm clock,assemblage
86453,Crossover door,rood,rood,anagram
25043,Australian one needing invigorating air,ozone,ozone,assemblage
29221,"Poet's dawn air ""threaded with gold""",aurora,aurora,container
84783,Sent us out at the end of the day,sunset,sunset,anagram
90023,Live at home after a short break as an artist,holbein,holbein,assemblage
38309,"Very French attempt to seduce is wrong, legally",trespass,trespass,assemblage
100999,Dessert like jelly seen around the globe,sorbet,sorbet,container
41551,Report to do with extremity,retail,retail,assemblage
138851,"Only a proportion taken from income, a tax evaded is a dangerous thing",meataxe,meat axe,hidden word
40401,Town's ancient guy who must have been out of the ark,oldham,oldham,assemblage
22379,Old king failing to make the grade,edgar,edgar,anagram
18838,Danger for sailors in popular music,rock,rock,double definition
198,Fend off leader of pirates in film,repel,repel,container
86393,Tick Kennedy's heart's condition,jiff,jiff,assemblage
17359,Student caught with a dictionary,coed,coed,assemblage
106492,"Alas, old Bob Dylan cut short touring",sadly,sadly,anagram
38797,English general accepts tax raise,elevate,elevate,container
130471,"Raw food cursed, it needing to be cooked",crudites,crudites,anagram
14827,Battle later developed into chase,waterloo,waterloo,assemblage
121362,Pet with pal struggling over a tree,catalpa,catalpa,assemblage
101788,West Indian play groups,steelbands,steel bands,double definition
77301,Gets the dog and looks around,secures,secures,container
13695,Grim prospect for yachtsman trying to catch rival,stern,stern,double definition
123072,"Bird back after season abroad, man's problem afoot?",fallenarches,fallen arches,assemblage
26686,Knock run off spin bowler,elbow,elbow,anagram
27162,Books for more than one opera,libretti,libretti,double definition
129375,Resident superpower stuffing herb in meat product,liversausage,liver sausage,assemblage
135945,Tubes bringing a form of medication to stop decay,capillaries,capillaries,container
111629,Criminals returning so as to be split in opposing,cosanostra,cosa nostra,container
71373,Loved to see the dreadnought wrecked,adored,adored,anagram
91232,"Power governs tube centrally - US tube, that is",subway,subway,assemblage
7600,Left holding baby after this,labour,labour,container
26262,Finally gives woman liquid nitrogen to make frozen sculpture,snowman,snowman,assemblage
59714,She provides father with cooked meal,pamela,pamela,assemblage
82252,Bit of a gut for Goon (pronounced),caecum,caecum,double definition
10326,Lousiest material editor's chucked out,worst,worst,container
120766,President strangely agin dancing,polkaing,polkaing,anagram
129534,"Try, as arranged, one caught being excessively lustful",satyric,satyric,anagram
8270,Safe place to let out the clutch?,nest,nest,double definition
85449,Musicians send naughty messages to alien,sextet,sextet,assemblage
111244,Toxic soup I soon blended,poisonous,poisonous,anagram
52928,Regulated state - alternative to Red Revolution?,order,order,double definition
82539,"Rep's car goes off, making a hasty departure",scarper,scarper,anagram
91286,"North African halves a number, then doubles it",berber,berber,assemblage
32282,Asian city is unfinished - that's symbolic,mandala,mandala,assemblage
85069,First class return to Southern Pacific country,australia,australia,assemblage
84492,Quarryman's key picked up,miner,miner,double definition
105900,Not a street where things happen,venue,venue,container
85059,"Understands about grinding lens with cunning, but without reason",senselessly,senselessly,assemblage
131897,He takes obstacles in his stride,hurdler,hurdler,double definition
110739,Poet (Her Majesty's jester) in banjo performance,sirjohnbetjeman,sir john betjeman,assemblage
133661,Setting about ’eadgear to protect aviator,flyingat,flying at,assemblage
39535,Devil's tie?,deuce,deuce,double definition
53980,Setting maybe at Watford Gap?,milieu,milieu,double definition
118322,"Cajole alien, within reason",getround,get round,container
100802,Footwear hamper,clog,clog,double definition
7751,One's brief trade with a Mediterranean isle,ibiza,ibiza,assemblage
14203,Cleaner copies including past papers,coldcream,cold cream,container
74224,Worry about horse slaughter,carnage,carnage,container
64869,"Tender, relatively speaking",sister,sister,double definition
35660,Stop some French potatoes,deter,deter,hidden word
63748,Mums and dads are not welcomed by attendant,parentage,parentage,assemblage
93074,Hotlines to the Met Office,isotherms,isotherms,assemblage
32854,"Stipulation for and against one's opinion, at first",proviso,proviso,assemblage
66402,Governor that entertained PM once,north,north,double definition
109400,October's brief time for playing with ritualistic symbolism,totemic,totemic,anagram
101513,A crop is knocked flat,prosaic,prosaic,anagram
85628,A hem one should repair: everyone knows that,householdname,household name,anagram
17537,Run one of the film crowd,extra,extra,double definition
134372,"Initially, Gilbert holds back blows",wafts,wafts,assemblage
53279,"Drink triple gin, initially, with one rum",eggnog,eggnog,assemblage
133634,Entrenched bridge adversaries scrap over inches,enshrined,enshrined,assemblage
114251,Non-interventionist passes away,handsoff,hands off,assemblage
21379,Fast on the Italian pulse,lentil,lentil,assemblage
54062,Signified by inserting negative in Act,denoted,denoted,container
59956,Crazy bit by Len's father needs re-writing,batsinthebelfry,bats in the belfry,anagram
28030,"Doctor, one breaking smart fellow's chemistry apparatus",alembic,alembic,container
123097,"It's unhealthily damp but not too confined, as they say",rheumy,rheumy,double definition
22581,Water drowned second biblical brother,esau,esau,container
88237,"Unfaithful wife seen in food shop, note",delilah,delilah,assemblage
109206,The Guardian starts to assess Roman government under Severus,argus,argus,assemblage
32865,Excited by a small bet,aflutter,aflutter,assemblage
11501,What Cupid bears audibly for lover,beau,beau,double definition
111818,One comes across despondency behind the game,humpbackbridge,humpback bridge,assemblage
109262,One article by Belgian author,ianfleming,ian fleming,assemblage
37300,A contribution to please lively art supporter,easel,easel,hidden word
46284,A small drink including minimum of table wine for starters,antipasti,antipasti,assemblage
95550,Failing to disrupt the indolence,onthedecline,on the decline,anagram
93561,"Abroad, I start to eat angel cakes for tea",darjeeling,darjeeling,assemblage
93618,Red-hot stuff,cayenne,cayenne,double definition
124771,"Odd characters in the land of Schiller, the elegist?",gray,gray,hidden word
141286,Work units heard of in Holland,joules,joules,double definition
23791,Question One is on Irish force seen in the Middle East,iraqi,iraqi,assemblage
80430,Allows to go free the wrong way round shops,outlets,outlets,assemblage
129083,Explain about what keeps a wheel on,axlepin,axle pin,anagram
92531,Exercise about to strengthen soldiers' disposition,placement,placement,assemblage
90108,Build new Northern capital,dublin,dublin,anagram
22983,Surgeon given sixpence outside the theatre,trepanner,trepanner,container
107908,Dislike Greece?,hellas,hellas,assemblage
23025,Cowherd's pie and broth,chowder,chowder,anagram
121769,Yellow streak will put celebrity status out of order in time,dastardy,dastardy,container
56894,Drunken Scottish soldiers vote for abuse to the optically challenged,foureyes,four eyes,assemblage
49010,Relative gives away article free,untie,untie,container
29573,The kind of Constable that's out of the ordinary,special,special,double definition
12794,Pitfall for member when rising,trap,trap,anagram
140402,"Almost stop working, stupid",goof,goof,assemblage
123938,Special quality that's needed by female member of cast,xfactor,x factor,assemblage
56836,Dives with power to crap - occasionally gull slightly worried tour leader,plutocrat,plutocrat,assemblage
90612,Compellingly kind,obliging,obliging,double definition
24314,Fancy a chart-topping single,imagine,imagine,assemblage
134583,Leading pairs eliminated from race came late - very grave situation,cemetery,cemetery,assemblage
40818,Entertained everyone sitting initially in the pit,hades,hades,assemblage
93780,"Bill wears Sikh wedding rings, hard in a Muslim land",bangladesh,bangladesh,container
48911,"Deceived by the devil, though not in so many words",implied,implied,assemblage
8693,"Five earth-filled urinals, recycling all-inclusive",universal,universal,anagram
573,"Faithful, but getting new man into bed",constant,constant,container
123424,People of intelligence love to have the last word,ciao,ciao,assemblage
23967,It's probably not steam and possibly not electric,oldiron,old iron,double definition
107975,Bags of vicious cruelties,reticules,reticules,anagram
60725,Traffic hazard could be sinister,bend,bend,double definition
61555,"Say: ""Don't stop her entering ring or pillar?""",letterbox,letter box,assemblage
59692,A sort able to produce old instrument,astrolabe,astrolabe,anagram
119780,Label report of familiar ex-captain,gucci,gucci,assemblage
63370,"A show-off, the bounder",prancer,prancer,double definition
29427,"Home Secretary and rock'n'roll guitarist: one's barren, another's wild",strawberry,strawberry,assemblage
63299,"Lacking respect, notwithstanding",regardless,regardless,double definition
43832,About to pick up Boris's book,rebecca,rebecca,assemblage
82165,Drunken expat in public house has a nagging wife,xanthippe,xanthippe,anagram
18596,"Sailor, for example, said to observe traveller",seafarer,seafarer,assemblage
134677,Writer's sweet Breton confection,charlottebronte,charlotte bronte,assemblage
71414,"Exhortation to study ""The Maid of the Mountain""",oread,oread,assemblage
51311,"Eat half of plate, then drink",digin,dig in,assemblage
34678,To have one return a casual hug is sufficient,enough,enough,assemblage
83450,Spirit of revolutionary beasts? Extremely serious!,spunkiness,spunkiness,assemblage
60190,Earwig could make part of house fall down,eavesdrop,eavesdrop,assemblage
111345,"Sanction a run in souped-up car, a small one for racing",gokart,go kart,assemblage
10902,Cheap accommodation always in part of journey,steerage,steerage,container
86446,Escorts backing The One Show,gigolos,gigolos,assemblage
22268,Boy game to help people across the Thames,albertbridge,albert bridge,assemblage
120159,"He's done his money and he's back for mine too, note",prodigalson,prodigal son,assemblage
28086,The French in their way backing Swiss mathematician,euler,euler,assemblage
8939,Where there's very little point to motor to London?,scarcity,scarcity,assemblage
63379,Fish seems to be right in the light,bream,bream,container
125319,Broadcast with some singers heard in military locations,airbases,airbases,assemblage
37108,"No longer single speed, that's clear",exonerate,exonerate,assemblage
82360,Fantastic start to theatrical career involving N. Coward,recreant,recreant,anagram
125168,Badly-treated migrants feeling hurt,smarting,smarting,anagram
16884,A lawless thief: I was once one myself,pirate,pirate,double definition
107391,Patriots withdrawing singular honour for Hollywood legend?,stanlaurel,stan laurel,assemblage
108160,"Inexpert folk, handicapped, retaining unknown name",laymen,laymen,container
116114,Sporting barrier that generates pots?,backstop,backstop,double definition
38175,Love Jack's preaching,orating,orating,assemblage
23944,Sounds like place is an eyesore,sight,sight,double definition
85188,"An equal to Earl Peel, the last of the shire",count,count,double definition
90916,Fly biting,sharp,sharp,double definition
111666,"Weber's first, A minor (unfinished) - it's avant-garde",wayout,way out,assemblage
108542,Firm support in car ...,fastback,fastback,assemblage
105720,"Rhythmic sound heard initially in jazz performer, pet scarpering",thrum,thrum,assemblage
13664,Spare a bob - by one having plenty to spare,slender,slender,assemblage
37110,"Solitary sailor, capsized in river, gets clear",exonerate,exonerate,assemblage
38332,"Salts' place - in the deep, somewhere",epsom,epsom,hidden word
60138,The old starting signal falls without delay,atthedropofahat,at the drop of a hat,double definition
27602,It peels off note,epistle,epistle,anagram
66726,"Without moving anything, replaces money in cash register",stockstill,stock still,assemblage
19537,Anticipate everyone's after lots of trees,forestall,forestall,assemblage
111080,Noise inside gear when travelling,riding,riding,container
57018,Silence in jail!,shutup,shut up,double definition
7301,Angry outburst from one stuck in traffic,tirade,tirade,container
53125,Perform in panto horse perhaps? That creates interest,behalf,behalf,assemblage
44923,Adult paper under discussion,atissue,at issue,assemblage
65483,"Ear inflammation aggravated, so it doubled",otitis,otitis,anagram
391,Food item for one's heart-throb,pulse,pulse,double definition
126646,Songs of Praise hasn't managed to retain big space,anthems,anthems,anagram
51261,Flu? See a doctor at home,easeful,easeful,anagram
61299,State whether it's high and rocky,massif,massif,assemblage
44011,"After dissection, I preserved dead mammal",peredavidsdeer,pere davids deer,anagram
78323,Learned a lot of rubbish about time,literate,literate,assemblage
130849,Inadequate lavatory in filthy place,scanty,scanty,container
23751,Order alteration in grey coat,category,category,anagram
15464,Girl turned over one in the grass,sisal,sisal,container
24523,"Don't cook enough food, red nuts having been shelled and sent back",underdo,underdo,assemblage
85296,Disorderly scene may come to be arranged,beargarden,bear garden,anagram
113761,"Rescue injured relative, overcoming resistance",retrieval,retrieval,anagram
79976,Post of interest,stake,stake,double definition
123841,"Extract from pool: if hurt, yell",fishout,fish out,assemblage
4874,Playfully delicate life abused and shortened,elfin,elfin,anagram
107087,Lots of money given to fools,masses,masses,double definition
35477,"Tandoor cooking, though aromatic, ...",odorant,odorant,anagram
109810,Circle left to access champ hit badly about the eye,ophthalmic,ophthalmic,anagram
122860,Issue not raised naturally,adoptee,adoptee,double definition
23145,Sharp taste rolled around centre of mouth,astute,astute,container
11062,"Taken aback by swindles, tag was changed outside",aghast,aghast,anagram
63158,"After St Giles' day, many are turning rotten",septic,septic,assemblage
11554,Every real Puritan regularly offered praise to God,alleluia,alleluia,hidden word
113847,Where some African countries are off the leash,sahel,sahel,anagram
64292,Agree the score,tally,tally,double definition
63839,Roger eagerly brewing tea for this prime minister,earlgrey,earl grey,anagram
55980,"Savage, being sorrowful, is twitching",sadistic,sadistic,assemblage
50913,Peninsula of African country with no western boundary,iberia,iberia,hidden word
95584,"Bone came apart, fragments left",metacarpal,metacarpal,anagram
25834,Player's boot is undone,oboist,oboist,anagram
66489,Dim British king on stage,blear,blear,assemblage
135159,The very thing I do?,oneandthesame,one and the same,double definition
36268,Shakespeare gave her a dream lover. Her mother grabbed one too!,hermia,hermia,assemblage
49676,"Lancashire dish, one to produce a tricky problem",hotpotato,hot potato,double definition
114103,Book Nine in academic citation,donquixote,don quixote,container
50323,Peg will see about soldier getting back,spigot,spigot,container
94662,Drinker's hangover?,beergut,beer gut,assemblage
127587,"In running for cover, lesbian freely admits ""game up""",insurable,insurable,container
134593,Cold island imports temperature,stark,stark,container
62973,Unhappy lord outside Parliament finally gives indication of imminent departure,bluepeter,blue peter,assemblage
133577,Fine to repeat old clue about diamonds,okeydokey,okey dokey,assemblage
131014,Does nothing in particular for protest movement,potters,potters,anagram
95206,"It's remote without a good car, that is - so his work is done on the hoof",farrier,farrier,assemblage
32820,Smart girl with copper chain,cutie,cutie,assemblage
49005,The BBC hasn't begun to deliver,untie,untie,assemblage
43572,A bit of a laugh in porn version of Oliver!?,orphan,orphan,anagram
66368,Unpredictable after opening of safety pin,skittle,skittle,assemblage
72527,Where to find chaps undressed?,bath,bath,double definition
95297,Centre back in attack last to display violence,ferocity,ferocity,assemblage
140261,Islander with a sore bum getting into heavy metal,faroese,faroese,anagram
69595,Ride high where observation was out of this world,goonhilly,goonhilly,assemblage
38198,Army block retreat to capital,rabat,rabat,assemblage
71503,Sailor to keep going round with vocalist,nelsoneddy,nelson eddy,assemblage
31019,Flower sometimes needlessly gilded,lily,lily,hidden word
79562,"Back off beach, returning catch to dock",shorten,shorten,assemblage
62477,Thought of money spent,mused,mused,assemblage
91085,"Old actor, getting wiser over time",stager,stager,assemblage
126158,Jazz pianist's ideal climbing shrub,fatsia,fatsia,assemblage
31228,Directions are in the mail for making a warming winter drink,posset,posset,container
26031,"Vegetable, small and sweet",spud,spud,assemblage
126046,Edges away from very pale woman,she,she,hidden word
83379,"Secretary's individual letters, one in black and white?",panda,panda,assemblage
133193,"Thud may be heard, but not on a rug down there?",onomatopoeia,onomatopoeia,double definition
21423,Beast about to catch girl - not fair!,brunette,brunette,container
9774,Kangaroo eating large loaf,bloomer,bloomer,container
112757,Religious man's reluctance to spend if he has a lot of money,parsi,parsi,assemblage
89921,"Fledgling business in sheep, the main attraction!",startup,start up,assemblage
135475,Regular myth set in rich ground,rhythmic,rhythmic,anagram
24906,You mean two jurors are incompetent? That's with defence potential,tenable,tenable,assemblage
120265,"Poem girl's written, top off pen, on state's port",riodejaneiro,rio de janeiro,assemblage
96009,Epstein left centre awfully cross,splenetic,splenetic,anagram
71549,Become familiar with ABBA's debut song on the radio,attune,attune,assemblage
120515,Yes-men with absurd cares about a line,accorders,accorders,anagram
101910,Cut grass?,awn,awn,double definition
32760,Letter delivered with a becoming conclusion,delta,delta,double definition
70974,Humble cleric taking me to heart,demean,demean,container
64540,It currently controls others at assembly,rheostat,rheostat,anagram
119662,Marathon in which we are all dead?,longrun,long run,double definition
87371,Vegetables spoil the lines of a garden,marrows,marrows,assemblage
47909,Royal bash involves performing music,rondo,rondo,assemblage
44336,Restrain employee taking smack,handcuff,handcuff,assemblage
67206,Bird is injected with thiamine,ibis,ibis,container
129187,Gentleman grappling with tens of complicated relationships,entanglements,entanglements,anagram
120294,Suddenly Arthur's beginning to suspect Lancelot,allatonce,all at once,assemblage
48454,Footprint creates initially unvoiced terror,tread,tread,assemblage
65354,Charges for original film shots,rushes,rushes,double definition
84760,Banker having shrewd effect,execute,execute,assemblage
7095,Fellow of no practical use?,academic,academic,double definition
97241,Sponsor of art ultimately was consumer,tate,tate,assemblage
62043,"Note circling reptile is a threat, in the main",uboat,u boat,container
63687,"Watch next to key, a surprising sight",eyeopener,eye opener,assemblage
96332,Majority is cut in Bosnia,mostar,mostar,assemblage
75090,"Joked about TV programme, one with leaves",gateleggedtable,gate legged table,assemblage
23111,Very verily,really,really,double definition
44083,"Language barrier in American intelligence, being backward",arabic,arabic,anagram
110110,"Fleas dancing below stairs, Uriah Heep's speciality",selfabasement,self abasement,assemblage
98393,"It's not cheap, making legal documents sound",ritz,ritz,double definition
74527,Part of speech that's authentic,echt,echt,hidden word
77941,You'll be lost without these,bearings,bearings,double definition
71737,English naval officer is about to impress,commandeer,commandeer,container
105218,Directions limiting poet producing epic verse,epopee,epopee,container
131553,Utopian plan son's told tales about,idealised,idealised,assemblage
42893,Young man inexperienced with a gun,colt,colt,double definition
55756,Seize an egg collection,clutch,clutch,double definition
53018,Insure sign?,underwrite,underwrite,double definition
102607,"When terribly lost, read navigation guide",lodestar,lodestar,anagram
93905,Singular Anglo-Saxon orientation,attitude,attitude,double definition
98579,"Like some numbers, within moderation always",rational,rational,hidden word
2449,Lord Muck in effusion by Charlie Chaplin,goldrush,gold rush,assemblage
47179,"Morgan, say, and Paddy dress down",carpet,carpet,assemblage
95116,Primate admitting self-elevation is the highest point,apogee,apogee,container
42960,Sweet lumps on hat,gobstopper,gobstopper,double definition
137457,"Poor Billy, regularly infested with moth",beggarly,beggarly,container
138426,Who would bother a runner?,harrier,harrier,double definition
95618,Yank involved in weightlifting,jerk,jerk,double definition
49096,"A favourite of ""Gardeners World""",cosmos,cosmos,double definition
88338,Vegetable in garden for a change,orach,orach,anagram
103214,Broken zip not that unknown - fasten with another fastener,safetypin,safety pin,anagram
25434,Game not started by a back,ridge,ridge,assemblage
103367,Opening removed and fixed,outset,outset,assemblage
109241,Simple or complicated requests,implores,implores,anagram
91059,Fortune presently in besieged city,lucknow,lucknow,assemblage
119800,A spinner's short period in work,gyro,gyro,container
8558,Unusual topic related to the eye,optic,optic,anagram
21064,"Tucked in to fish, partly dressed",coated,coated,assemblage
71370,Entertaining party a communist thought the world of,adored,adored,assemblage
18331,Odd dialect in fortress,citadel,citadel,anagram
25371,Traditional nunnery by holy island lake,conventional,conventional,assemblage
28348,In the morning wild boar is heavenly food,ambrosia,ambrosia,assemblage
87026,Lightweight worker in goods packing?,boxer,boxer,double definition
38773,It is eaten from this Paget dish,spaghetti,spaghetti,anagram
28177,Disunity shown in the former Yugoslavia?,split,split,double definition
25189,Lawgiver is left in flowing river,legislator,legislator,anagram
46277,They do up house: home counties housing spikes,shoelaces,shoelaces,container
29524,Eager to change fellows thought at first to be in accord,agreement,agreement,assemblage
113631,One is better out of it,sickness,sickness,double definition
97194,Faith leader shot close to synagogue,pope,pope,assemblage
74352,Eliza Doolittle's refined arts?,hertfordshire,hertfordshire,anagram
1792,"Plane perhaps hijacked by buccaneer, turning back",tree,tree,container
111215,Parson first in seat to see what's coming,preview,preview,container
76959,Nothing less holds nothing threatening,ominous,ominous,container
127854,Former partners keep pamphlet of selected passages,extracts,extracts,container
109664,One expecting to hear broadcast,heir,heir,double definition
42907,"Say, what could be missing after punch in the mouth? A drink!",aperitif,aperitif,assemblage
104569,Prepared to pass through study,readied,readied,container
55717,Make annoyed and angry about unfinished ceremony,irritate,irritate,container
106448,What may be spoilt by daisies and big rats?,supergrasses,supergrasses,double definition
81603,Unfeeling male absorbed in the nitty-gritty,numb,numb,container
52187,A number swindled - that's dishonest,crooked,crooked,assemblage
102172,Permit for sale of spirits and ale,poeticlicence,poetic licence,assemblage
73538,Smack around side of face: buzz off!,clearout,clear out,container
122511,"Part of play, playwright clutching opening to act - he covers the background in theatre",scenepainter,scene painter,assemblage
98251,Supreme international body,missworld,miss world,double definition
54350,Writer goes round stone consumer's place,bistro,bistro,container
81357,Maybe Franklin's backer switched poles,inventor,inventor,double definition
107398,Force occupants of central Venice to be displaced by macho types,vehemence,vehemence,container
68792,It's what Barry and Gary do,rhyme,rhyme,double definition
37578,Resembled a damaged knee-cap on the outside,likened,likened,anagram
34802,Weapon held up by a corporal?,lance,lance,double definition
101621,Sauna without a massage causing overheating,sunstroke,sunstroke,assemblage
112464,Composer's displaced river birds,bitterns,bitterns,anagram
46677,Screw going round prison in fear,panicky,panicky,container
1441,Margin of error in general practice,leeway,leeway,double definition
12533,Stagger time with swimmer,totter,totter,assemblage
88537,Reissued order to a fighter in the ring,toreador,toreador,anagram
71530,Difficult defendant finally up for it,thorny,thorny,assemblage
95005,The inclusion of three identical points produces a titter,teehee,tee hee,assemblage
115645,Sparkling drink gets fragrance after a little work,opalescent,opalescent,assemblage
25417,"Rover in boat, a dugout",gadabout,gadabout,assemblage
16962,"Most insignificant little bird circling European river, endlessly rising",tiniest,tiniest,container
62697,A drop of ice,icicle,icicle,double definition
20175,Old chap with passion for news reporting,coverage,coverage,assemblage
10817,River is close to oak tree,tamarisk,tamarisk,assemblage
105919,Fool sailor on a ship,jackass,jackass,assemblage
91974,Blades trio Arsenal bound,oars,oars,hidden word
77414,"Guns against water, not including storm",barrage,barrage,double definition
75583,He rings bell running through Essex to Norfolk,sexton,sexton,hidden word
88524,"Routine to study and speak when beheaded, so to speak",breadandbutter,bread and butter,assemblage
99491,Collage a scientist almost accepts quietly,pasteup,paste up,assemblage
76602,Flower festival finally in front and fashionable,lupin,lupin,assemblage
52011,Where the less important fishes learn?,secondaryschool,secondary school,double definition
99940,Many ignored extremely dumpy adolescent,umpteen,umpteen,assemblage
64612,From orphan to mother - that's the spirit!,phantom,phantom,assemblage
114480,E. John's backing out of Italian rock,oolite,oolite,anagram
5264,"A backward idiot, apart from all else",aloof,aloof,assemblage
86449,Superior aid distribution or rapid transport,airdrop,airdrop,assemblage
19289,"A Fowler, perhaps, spoiled Rene's date",eastender,eastender,anagram
2130,"Revive cannibal's victim, as Spooner might ’ave said",animate,animate,assemblage
54089,"Going round by word of mouth, part gets assimilated",orbital,orbital,container
50645,Tablet's coating causing harm in mouth,plaque,plaque,double definition
106770,Like a loo to be luxurious?,lavish,lavish,assemblage
74150,Saul's blowers?,bellows,bellows,double definition
95639,Cramped northern shaft,narrow,narrow,assemblage
1522,Inferior articles that don't last long,seconds,seconds,double definition
32283,Statesman swapping energy for a mystic symbol,mandala,mandala,assemblage
36590,Pasquale given less than full assent? That's mean!,meagre,meagre,assemblage
89600,"Greatness, sadly, sets one apart",estranges,estranges,anagram
56537,"Looking annoyed, wanting power trip",outing,outing,double definition
58154,Albatrosses both taking turn to incubate brood,obsess,obsess,hidden word
47658,Old city set up beside a stone,ruby,ruby,assemblage
87582,Unpleasantly satisfied when turning sticks,smug,smug,anagram
5047,Part of Roman villa block,anvil,anvil,hidden word
68576,Tails begin to stop wagging - how sad!,shadows,shadows,anagram
31138,Country where God has executed priest?,panama,panama,assemblage
129260,"Angstrom bewitched women ultimately, pick-ups being his forte",strongman,strong man,anagram
25427,In to complain: customer with bone,incus,incus,assemblage
22160,Purgative offered when Moggy car hit Rolls,cathartic,cathartic,assemblage
46171,Weather required for electric fires,elements,elements,double definition
92388,Mule makin' a mess of teatime food,muffin,muffin,assemblage
6351,Signary used in the plant,syringa,syringa,anagram
135103,"May has been one time I can be away (rest, I'm in plays)",cabinetminister,cabinet minister,assemblage
80295,Firm supporter of poisoner,cobra,cobra,assemblage
42197,Some porn he circulated could account for sexual arousal,pheromones,pheromones,anagram
1876,Deity some see as a tyrant,satyr,satyr,hidden word
33879,Club being given new temporary accommodation makes one unhappy,discontent,discontent,assemblage
111552,Quantity of drink fired soldier,litre,litre,assemblage
68930,A little seabird or marsh bird,bittern,bittern,assemblage
137344,Rubber rings held by campaigners next to motorway,condom,condom,assemblage
118729,Old man to settle on a tree,papaya,papaya,assemblage
107273,Kiss scholars in celebration,xmas,xmas,assemblage
117557,Deliveryman's ruse: upsetting hair product on journey,legspin,leg spin,assemblage
77888,Leading European state,maine,maine,assemblage
78935,Strikers here in union fight,matchbox,matchbox,assemblage
33413,Enthusiast for conservation? One adapts to the environment,ecotype,ecotype,assemblage
116756,Upending Brad in a barrel is courageous,valiant,valiant,container
130732,Presiding officers trading power for new shoes?,sneakers,sneakers,anagram
97441,Flower one sees periodically,annual,annual,double definition
106294,Prepare for conflict that's a back number,rearm,rearm,assemblage
141168,"Round openings with no actual fit, regularly",oculi,oculi,hidden word
35235,Things warm and mineral creating excitement,furore,furore,assemblage
121689,A king given independence in new surroundings is a bit odd,freakish,freakish,container
24565,Hear about a new type of pen without getting excited,tranquilly,tranquilly,container
140167,Raises false alarm as crow flies not straight,crieswolf,cries wolf,anagram
46226,Old soldier taking flight,archer,archer,double definition
136748,They provided new items here and original Christmas gifts,threewisemen,three wise men,anagram
103240,Fine light which signals spring,verywell,very well,assemblage
13684,Point on bird's back,stern,stern,assemblage
119271,Meat Hazard placed in trap,griskin,griskin,container
104891,Reminds one that it's time for church?,ringsabell,rings a bell,double definition
124062,"Shout and dance, say",bawl,bawl,double definition
109281,Drive around in carriage with zeal,fervidly,fervidly,container
31538,Not a mod chair,rocker,rocker,double definition
63155,"Perishes, without help, from illness",diabetes,diabetes,container
811,"Complain about a rule, we hear",arraign,arraign,double definition
57658,"Sign of something wrong with performance? See about that, just!",exactly,exactly,container
110458,Support with a brilliant ball,aidance,aidance,assemblage
135718,Reluctant lover's initial vow,loath,loath,assemblage
134760,Put your foot down as a plantsman,heelin,heel in,double definition
95415,A song about tourist information centre initially uncertain,agnostic,agnostic,anagram
16633,Cut a dash,drop,drop,double definition
16949,Underwear makes one tense,singlet,singlet,assemblage
87937,"Poor pre-election period, back with a change of heart",hardup,hard up,assemblage
30630,Make better pickle,cure,cure,double definition
109758,"Senior cleric, unfortunately never competent",venerable,venerable,anagram
3761,Symbol of sovereignty King Charles had to acknowledge,crown,crown,assemblage
4204,A child of necessity is given to falsehood,invention,invention,double definition
131808,Parent left to vacate Asian island for Asian city,mumbai,mumbai,assemblage
35354,Male finally beats children's game,stag,stag,assemblage
108503,Any hitch may be attributable to this bulb going out,hyacinth,hyacinth,anagram
75006,Bellow's last novel is Glass,crystal,crystal,assemblage
71686,Bladder and hearts lost in city street,cyst,cyst,assemblage
22728,"Checked in, in a rush",reined,reined,container
35474,"Paramount, say the majority",uttermost,uttermost,assemblage
141958,He demands a contribution from tenor and American guitarist,taxman,taxman,assemblage
87675,Subject's alter ego leads plot: the ultimate robbery,geography,geography,assemblage
103705,Sent money and relaxed,remitted,remitted,double definition
62952,Tie leaves back,strap,strap,anagram
68058,Ordered off before end of game,bade,bade,assemblage
73381,Dance company following society's conventions,moresco,moresco,assemblage
6095,Boundaries some defend successfully,ends,ends,hidden word
48333,Noel's tower of strength,reindeer,reindeer,double definition
74022,Term for each moon day,period,period,assemblage
6396,British nurses agree about study in local area,beergarden,beer garden,assemblage
2152,Accommodation with hot water in Yorkshire,house,house,double definition
96579,"King, getting Queen fine dish, so avoided commotion",kerfuffle,kerfuffle,assemblage
38440,Kids drink it,goatsmilk,goatsmilk,double definition
134993,Language of medic (a junior),cajun,cajun,hidden word
71147,Female muse suspicious about artist in class-conscious system,feudalism,feudalism,assemblage
70138,Jumbo pilot?,mahout,mahout,double definition
127164,Time in replicated environment provides excitement,stimulation,stimulation,container
38080,Car benefiting driver leaving river behind,ford,ford,double definition
71619,One caught by the actual crime,thievery,thievery,container
119431,Savage as Dracula,bloodthirsty,bloodthirsty,double definition
39556,State where the keys are,florida,florida,double definition
139118,"Make fewer pronouncements, being displaced",stateless,stateless,assemblage
11074,Inventor who dynamited half belongings?,nobel,nobel,double definition
2165,Key to the mess?,hash,hash,double definition
13974,It was created with latitude in the scriptures,world,world,container
52944,"On delivery of circular, be strict - tear it up!",obstetric,obstetric,assemblage
91726,Powerful politician before (say) Brown's time,prescott,prescott,assemblage
32595,Perform poem in that dreadful silence!,dotodeath,do to death,assemblage
122163,An old joke?,jest,jest,double definition
26538,He makes a choice at the earliest hour,william,william,assemblage
45912,Good start with a little water for cooking,grill,grill,assemblage
110655,Historian's report of Cumbrian city,carlyle,carlyle,double definition
105488,Announced fruit's value,gauge,gauge,double definition
28061,Empire-building queen and cabinet maker,premier,premier,double definition
53713,Sordid details,lowdown,lowdown,double definition
16209,Dangerous flower goes to Tannenbaum,redflag,red flag,assemblage
61074,Happen to see bird nesting as resident,occupier,occupier,container
95092,"Having ensnared male, sexy cuddles on the agenda",scheduled,scheduled,container
36471,Plant when season's not begun,inter,inter,hidden word
38420,A bit of rigging works in the end,topsail,topsail,assemblage
28990,"Broadcast ""Pluto"" by itself",disperse,disperse,assemblage
67636,"Like Old Marley, unproductive as a stud",deadasadoornail,dead as a doornail,double definition
63169,Attractive catch in illusionism,magnetic,magnetic,container
46189,Philosopher passing through American Customs,usages,usages,container
31042,Dialect that comes from the mouth,estuary,estuary,double definition
17583,Sturdy or else broken,robust,robust,assemblage
64537,"Teaches a number in English, perhaps",enlightens,enlightens,anagram
84221,"Bottle company prompt, coming about midday",courage,courage,container
44990,Related to one's origin in South Africa,natal,natal,double definition
120652,"Sell pint that's dodgy, getting wasted",illspent,ill spent,anagram
110473,"Silly talk by a so-called ""Dubya"" makes one laugh",guffaw,guffaw,assemblage
12330,Weed the bed,couch,couch,double definition
89970,Turning points in making purchases,fulcra,fulcra,double definition
112066,Revealing story of Swiss resistance?,telltale,telltale,assemblage
28167,It might help a serious smoker,inhaler,inhaler,double definition
135777,"Sailor's cry, abandoning a boat",hoy,hoy,assemblage
61787,Prove to be more than striking song,outnumber,outnumber,assemblage
81856,Poster plugging good show is boasting,bravado,bravado,container
126582,What could make florist pay for baker's item?,filopastry,filo pastry,anagram
5241,As curtains might be tied,drawn,drawn,double definition
34,A man comes back a stranger,alien,alien,assemblage
8256,A bird others turn to,skua,skua,anagram
126705,"Dismissed, then sure to be leaving",outbound,outbound,assemblage
101891,Folk hero's bonnet,hood,hood,double definition
70741,Monitoring leaves that don't start falling,eavesdropping,eavesdropping,assemblage
36093,On a plank,aboard,aboard,double definition
125333,Window leaves producer on the coast,bay,bay,double definition
36717,"Ring animal back, alright?",okay,okay,assemblage
122998,"View love, left wing",pinion,pinion,assemblage
48620,Essex men,basildon,basildon,assemblage
51820,Don went down with a cry of pain,fellow,fellow,assemblage
14424,Something suggestive of the rise of corporations,smut,smut,anagram
108346,Conran's first interior design standard,criterion,criterion,assemblage
90882,Unexpected gripe about live changes producing special benefit,privilege,privilege,anagram
91275,Tongue was strained greeting a couple from Lithuania,swahili,swahili,assemblage
11567,Fashion arbiter of Welsh taste,rarebit,rarebit,anagram
13637,Comprehensive kid gets a quid,total,total,assemblage
73950,Notorious actress and oddly bleary FBI agent,bergman,bergman,assemblage
135105,"Shaving, father receives phone call",paring,paring,assemblage
31522,Plant setter's getting for the time being,interim,interim,assemblage
111133,Fruit getting stuffed with date and walnut toppings for tellers of tales,oldwives,old wives,container
105684,"Having rowdy sex is to live, basically",roughit,rough it,assemblage
140075,Rump of venison possibly festers,stagnates,stagnates,assemblage
6382,Tropical plant's a mess when crushed by earth,sesame,sesame,anagram
50977,In favour of accepting a pound in coin,florin,florin,container
123823,Rejects chipped plate with pasty in it,disallows,disallows,container
40993,Marble article placed in front of entrance,agate,agate,assemblage
69641,A Merry Christmas is often likely,onthecards,on the cards,double definition
32576,"What could play music in particular key, hard stuff",althorn,althorn,assemblage
135914,Forsyte heroine puts off cutting out article for Iris,fleurdelys,fleur de lys,assemblage
76829,Stays if made content,satisfy,satisfy,container
22058,This fellow sounds serious,ernest,ernest,double definition
45412,After which one's in the majority,seventeen,seventeen,double definition
28291,"Turn into (maybe) lira, see?",realise,realise,anagram
57375,New deal for vote loser? Hardly,roosevelt,roosevelt,anagram
5641,"Winds about, missing the German ways",means,means,container
9351,Runner defeated in close race,loser,loser,assemblage
43609,How Keats wrote upside down,inverse,inverse,double definition
79305,C-cacophonous cautionary condition,cloud,cloud,assemblage
79354,"Female in a feeble way in sultan's place, in need",womanish,womanish,container
99012,"Was evasive, having received hot property",fenced,fenced,double definition
140239,Swears at area transport,abuses,abuses,assemblage
28278,Set for scan and playback?,ready,ready,assemblage
39962,He'll store brews for the landlord,hosteller,hosteller,anagram
121693,"Sound device in better film, after something corny?",eartrumpet,ear trumpet,assemblage
53063,Dress I put on about spring,origin,origin,assemblage
42501,"Artist, one writing plays for adults included",painter,painter,assemblage
29728,"Poem, say, inscribed in cathedral",elegy,elegy,container
100911,Refuse to go through all the cases,decline,decline,double definition
117222,Monsters out of hospital go to fatherland,wales,wales,container
135976,Measures the mast beams,yards,yards,double definition
39942,Handicap by turning right and heading back,trammel,trammel,anagram
6781,Refrains from upsetting sides on the way back,desists,desists,anagram
110525,Imagines being ordered into uniform,calledup,called up,double definition
54276,One doesn't want to do this at a bank,loseonesbalance,lose ones balance,double definition
57663,Go through childhood with small gang of people around,growup,grow up,container
100218,Order discovered in laboratory animal in feature which contains DNA,chromatin,chromatin,assemblage
110364,"Something online for minors, I say, drinking liquor",choochoo,choo choo,container
138105,Sick in Australia (see hospital below),chunder,chunder,assemblage
87387,Many? Not so long and thanks for fish,manta,manta,assemblage
53280,Warming drink that takes some beating,eggnog,eggnog,double definition
128339,Brown's work for England made sons rebel,angelsanddemons,angels and demons,anagram
113959,"Essay penned by school square, a killer",strychnine,strychnine,container
104392,"Vicious in a swarm, moreover",besides,besides,container
52548,One accepts student as dim,unlit,unlit,container
13073,The devil to come up to?,scratch,scratch,double definition
70965,Zoroastrian flower in opera,parsifal,parsifal,assemblage
122067,"Bring back some relic, if use relates to a Muslim",sufic,sufic,hidden word
133404,Cherish men forgoing male hour during function,enshrine,enshrine,container
71078,Nothing can interrupt drink and drug,aloe,aloe,container
116380,Perhaps some of those at the company meeting don't have their own cases?,shareholders,shareholders,double definition
87795,Tonic for yuppie flu found in truck,pickmeup,pick me up,container
67971,Male bodybuilder ostensibly starts to become a he-man,rambo,rambo,assemblage
25389,Clubs find out about a church blessing,clearance,clearance,assemblage
111429,"Upper-class bigot is to peer, roughly, as middle class to lower?",petitbourgeois,petit bourgeois,anagram
16759,Letter from Greece about favoured animals,rhino,rhino,container
8710,Saw road agent removing wings,adage,adage,hidden word
134887,Principle of not striking?,pacifism,pacifism,double definition
33075,Hot spot not initially available?,ingle,ingle,assemblage
2588,Mature Conservative entering State Department,agency,agency,assemblage
117372,Boy found embracing girl is beaten,lashed,lashed,anagram
46256,"Turns away from little green man, hair standing on end",alienates,alienates,assemblage
30481,"Replacing of ""ruth"" by ""quarter""",fourth,fourth,double definition
21894,"Car with Spanish identification, say",estate,estate,assemblage
37922,Educational centre?,middleschool,middle school,assemblage
18939,Labourer's time with tanker,toiler,toiler,assemblage
72186,"People being treated, say, with forbearance",patience,patience,double definition
80305,What can't be caught can be made bad in lieu,inaudible,inaudible,anagram
91559,Knock and Cork possibly have kinship,rapport,rapport,assemblage
29919,Effective make-up in jar,potent,potent,assemblage
66546,Rubbish government consumed by nastiness,bilge,bilge,container
113647,Put in charge? Quite the opposite,unload,unload,double definition
76343,Trees burning at military base,aldershot,aldershot,assemblage
134544,Current that's forced lower in blue rinse,downwash,downwash,assemblage
36390,"Travelling west, Slav spies Italian city",brescia,brescia,assemblage
89334,Caught amid whimsical manoeuvre,jockey,jockey,container
2941,Making it go round Eastern monarch,eking,eking,assemblage
118630,"Being naughty, entice with sex",existence,existence,anagram
88002,Steep climbing rocket an IRA man secured,marinate,marinate,assemblage
9956,"Cocky's got his own cover, it seems",selfassured,self assured,assemblage
14131,Suitable belief accepted by primate,apposite,apposite,container
12647,"Flatten headless, evil-tempered dwarf",roll,roll,assemblage
63517,"Coming from Greece, men at sea",emergence,emergence,anagram
47317,"Rigorous process, biting banker",acidtest,acidtest,assemblage
71680,Snobs? Rubbish!,cobblers,cobblers,double definition
97230,What's funny about stuff,stow,stow,anagram
17168,State positive European words maintained by Turner,louisiana,louisiana,anagram
23048,Dutch product manufactured to be sent North,edam,edam,anagram
99635,Unnatural is the hold-up,heist,heist,anagram
117300,After heaving coal the old man needs something stronger,alcopop,alcopop,assemblage
24515,"Almost declare, with runs at Oval briskly scored",allegro,allegro,assemblage
51757,No longer greeting completely frozen rain,allhail,all hail,double definition
131170,"Not precious stones, but possibly worn",pebbles,pebbles,double definition
120800,"Source of milk shake, not quiet",udder,udder,double definition
80163,"I'm la-di-da but, healthwise, not benign",affected,affected,double definition
21851,Pick boundaries for lake district environs,selection,selection,container
103444,Sean sent new order,neatness,neatness,anagram
21537,"Ran election chaotically, showing inability to endure possible consequence",intolerance,intolerance,anagram
30954,Get Tom's goat? That's the last thing one would do!,putoutthecat,put out the cat,double definition
120859,Tories put out after Liberal leader waits around,loiters,loiters,assemblage
85575,Landowner's hidey-hole for game at Land's End,laird,laird,assemblage
50002,Boating clothes in Durham?,riverwear,river wear,double definition
107523,Drums of one sailor used in another's backing,tablas,tablas,assemblage
138255,"Like English chaps in financial difficulty, in shame",debasement,debasement,container
98272,Eh? Ben's a confused old-timer,hasbeen,has been,anagram
47483,"Covering for a wheel covering, so to speak",attire,attire,assemblage
2401,Donkey and another old one,noodle,noodle,double definition
29841,Vicar takes tongue back,reverse,reverse,assemblage
126028,Look for the men of Smithfield,butchers,butchers,double definition
52453,Understand about opening heart in solemn procession,cortege,cortege,container
31596,A sentence to be penned?,custodial,custodial,double definition
111160,Among atheists he is pink,leftofcentre,left of centre,double definition
71966,"Drive first person boarding cleaner, low-level transport",pushchair,pushchair,container
36665,"Herein a peculiar tale, out of this world",ethereal,ethereal,anagram
108331,Money? A little bit require for a little bit of food,breadcrumb,breadcrumb,assemblage
21493,Johnny's ready?,cash,cash,double definition
10039,"Silence, please, for the game",whist,whist,double definition
63068,Cricketer yearns to face spinner,longstop,long stop,assemblage
123344,"Period in China, both useful and unpleasant",handynasty,han dynasty,assemblage
124419,Star puts curse on a music industry award: Boatman's lost,hexagram,hexagram,assemblage
30287,Two bills I stuck on a tree,acacia,acacia,assemblage
75628,Instrument is changing pitch,sitar,sitar,anagram
105523,Record jazz session - end in deadlock!,logjam,logjam,assemblage
126186,Comply with the last of compulsory orders in cell,lymphocyte,lymphocyte,anagram
34960,Guarantee securing a boy for a limited period,seasonal,seasonal,container
32226,Is youngster able to eat here?,canteen,canteen,assemblage
13216,Mince pie and kipper for bon vivant,epicure,epicure,anagram
12960,"It's found in an old Balkan country, this fuel",anthracite,anthracite,assemblage
35637,Antique pearls provide easy money,oldrope,old rope,assemblage
40470,What's meant by the end of Salem’s Lot?,mass,mass,double definition
8849,Stole hospital garb idiot sent round,tippet,tippet,assemblage
37176,Theologian no go at operatic work,iolanthe,iolanthe,assemblage
18779,Piece of music lisped by beater,thong,thong,anagram
115610,But they're not clerks of the course,turfaccountants,turf accountants,double definition
122254,Mad about daughter getting the sack over things never getting settled,baddebts,bad debts,assemblage
111389,Journalist capturing relative in colour drawing,penandink,pen and ink,assemblage
78710,Desperate character in Pentonville cut short by hanging,pendant,pendant,assemblage
20772,Passage from a booklet,extract,extract,double definition
28970,Slice of bread found on island - food that's attractively presented,bait,bait,assemblage
113164,Not having been given a good enough hiding?,visible,visible,double definition
134078,Real loss of work at showroom,salesfloor,sales floor,assemblage
71401,Turn oven up at cathedral? I wouldn't bet on it,unlikely,unlikely,assemblage
14663,Pleasant resort,nice,nice,double definition
140038,Bygone period about which monarch appears too keen,overeager,overeager,assemblage
20133,Fireside bower,nero,nero,double definition
85607,Cruise missing small film,coat,coat,assemblage
141849,Brew one's drunk with more sediment?,bittier,bittier,anagram
41627,Sign of island growth,capricorn,capricorn,assemblage
118295,Thinks the current recession splits friends,meditates,meditates,container
89810,Weep after a couple of cardinals drop off,snooze,snooze,assemblage
498,"Easily portable lamp, for example",light,light,double definition
86656,"Did the ""lumpen proletariat"" show signs of this plague?",bubonic,bubonic,double definition
57101,Watch dances in which one has pupils,eyeballs,eyeballs,assemblage
8924,A scene suited for necromancy?,seance,seance,anagram
59793,The legend of Arachne? That's a tall story!,myfoot,my foot,double definition
42247,Dined in college by the sound of it,eaten,eaten,double definition
65352,Aim to skirt centre of Manchester after all,intheend,in the end,container
88313,Model usually having points to teach class,trainset,train set,assemblage
106994,A foreign place found by woman and daughter not on schedule,unplanned,unplanned,assemblage
124012,Nasty tear on doll (snapped again?),retaken,retaken,anagram
107011,Take whatever's offered - it could make you party on!,anyportinastorm,any port in a storm,double definition
56942,"Front of member, back of back, front of member",forearm,forearm,assemblage
80619,Many stay around to provide support for member,armrest,armrest,assemblage
24167,Many pull out of Split,cleave,cleave,assemblage
81643,Will settlement,determination,determination,double definition
101378,Wrongdoing concealed by angry criminal where lawyers abound,graysinn,grays inn,container
37946,Right to have one released by Martian,lien,lien,assemblage
65154,Find flesh by the ear,meet,meet,double definition
92399,Support given to good girl by the Mirror,pierglass,pier glass,assemblage
21774,Number to facilitate and inspire truce,ceasefire,cease fire,double definition
41416,Current head of English is new examiner,scrutineer,scrutineer,assemblage
65607,Clamp down on workforce,oppress,oppress,assemblage
101447,Trousers designed for passing water,drainpipes,drainpipes,double definition
55921,Vile manager oppressing masses half-heartedly,execrable,execrable,assemblage
19957,Lavish more on tramp? Not right,extravagant,extravagant,assemblage
74120,A province with street harbouring cunning freedom fighter?,anarchist,anarchist,container
139585,Japanese game is uplifting when astride pig,shogi,shogi,container
88395,Have Grandpa tee off with the Old Man,agedparent,aged parent,assemblage
108181,"He won something sweet, far more than a can of coke!",charliebucket,charlie bucket,assemblage
123023,"Penny, dead dishy thing",plate,plate,assemblage
75534,"Run down gradient, tumbling close to barricade",denigrate,denigrate,anagram
16765,First half of the big game,rhino,rhino,double definition
78690,"Get increase extremely tidily, which is crackers",batty,batty,assemblage
137518,"In Spain, boy's clad in girl's hemp",marijuana,marijuana,assemblage
95557,Circuit with a current in front helps one pick up?,hearingaid,hearing aid,assemblage
7090,"Miserable miss, on reflection, breaking engagement",desolate,desolate,container
63262,Helpful having fluorine in the water,ofuse,of use,container
86536,Tory leader on board for English flower,trent,trent,assemblage
1550,"Writing after death, I go in to bury a revolutionary",obituary,obituary,anagram
120367,In church a rebellious choirboy makes a bloomer,harebell,harebell,assemblage
91090,Tirade with nursemaid about to become purple,amaranth,amaranth,assemblage
114995,"I must note effect of putting verbs at end of clauses, say",teutonism,teutonism,anagram
41251,Instrument for getting firm out of rotten mess,cornetto,cornetto,anagram
129641,"Fish channel, deep sounds with this",bassvoice,bass voice,assemblage
106667,German paintings with the Queen reflected in an upper chamber,garret,garret,assemblage
25450,"Rusbridger cycled in, worn down",eroded,eroded,hidden word
131583,Men found underground cathedrals? No way!,miners,miners,double definition
6610,Loathe how much some directors get paid?,execrate,execrate,assemblage
134975,Small crocodile hunter alarmed,shook,shook,assemblage
22198,Continue to play in London,acton,acton,assemblage
121600,Endlessly continue holding tool in dish,kedgeree,kedgeree,assemblage
78975,Ralph got to marry the captain's daughter and torture a cabinet minister,rackstraw,rackstraw,assemblage
81307,One sort of mansion that would stop you from going off,insomnia,insomnia,anagram
118518,Turns up a real oddity - it's uncanny,supernatural,supernatural,assemblage
13700,Where to get meat in set menu,estaminet,estaminet,hidden word
140872,They said I must leave supply outside empty store now,thesedays,these days,assemblage
36459,Twist one taken out of circuit,wring,wring,assemblage
32015,New soldier having little money,recent,recent,assemblage
51152,Evangelist with detachment is halfhearted,lukewarm,lukewarm,assemblage
28473,Take in regulations set up at base,swallow,swallow,assemblage
127305,Son in Brittany collects English records,files,files,assemblage
134039,"Agreed it's forged, detectives admitted",coincided,coincided,container
7060,"Shown the way in, as well, in Spain",toledo,toledo,container
963,Stop rowing on the street,easy,easy,double definition
128567,Something quite clear can easily become mysterious,arcane,arcane,hidden word
80418,Mates - the type to engage in fiddles,consorts,consorts,assemblage
65349,Chicken's cry that hurt,yellow,yellow,assemblage
141248,Order repeatedly issued by them for audio equipment?,speakers,speakers,double definition
81202,Waterway is able to dock everything,canal,canal,assemblage
82366,Danger: people shot in court,menace,menace,assemblage
139081,Fancied fish - considered not having starter,ideated,ideated,assemblage
64437,"A man with name as negotiator or snooper, for example",agentnoun,agent noun,assemblage
57195,Outlet for dispersing fuel,flue,flue,anagram
102928,Exhibitor at the Walker Gallery?,pavementartist,pavement artist,assemblage
103054,United Nations upholding a role for American statesman,utahan,utahan,container
99308,Tiny distance covered by which bird?,whinchat,whinchat,container
84969,Spanish and English troops heard cry by very large swimmer,spermwhale,sperm whale,assemblage
67401,Brunel seen as a diplomatic type?,bridgebuilder,bridge builder,double definition
133457,Instigating new action executing the picking of plums?,reengaging,re engaging,assemblage
32025,Speculator may get the gold first,theorist,theorist,assemblage
135048,Guts shown by couple turning and smothering last of fire,duodena,duodena,container
134575,Carl and Rita up for a romp - suspect initially these might get taken down,particulars,particulars,anagram
9887,The French index is not right,left,left,double definition
119901,One proving superior bringing about reprieval,prevailer,prevailer,anagram
40864,Holds one's own ceremonial robes,copes,copes,double definition
98851,Went without saying,absconded,absconded,double definition
92155,Retailer loses small ship,argo,argo,assemblage
7355,London university splitting noble gas particle,nucleon,nucleon,container
54750,Ray's students rejected support,sunbeam,sunbeam,assemblage
51582,Gosh! Cosy place is visible from coastal road,corniche,corniche,assemblage
61458,Instrument for changing oil into French wine,violin,violin,assemblage
6865,Blush when attacked in beastly fashion,gored,gored,assemblage
111112,Poe's ghost creeps shapelessly round the centre of Seattle,specter,specter,anagram
120974,"Bringing off crime, saint not I?",miscreant,miscreant,anagram
72712,More fiction ...,utopia,utopia,double definition
130338,Ring posh school for one working on a farm?,discharrow,disc harrow,assemblage
59410,Frenchman about to find riches,lucre,lucre,assemblage
139050,Not at home during quiet quarter,south,south,container
86297,What a traveller pays for a meal in a dining car?,trainfare,train fare,double definition
94310,Deleted it by mistake in an important document,titledeed,title deed,anagram
41082,It could result in deflation being on the way,puncture,puncture,double definition
25521,Letter arranging to return in first-class accommodation,iota,iota,anagram
110552,Burn peeled off in layers with no end of heartache,scald,scald,assemblage
103016,Not believing a lot can be changed,fatalistic,fatalistic,anagram
35323,Unusual police function,arresting,arresting,double definition
65051,Roast large mammal,ratel,ratel,assemblage
19373,Rifle worked with the bullet,ransack,ransack,assemblage
50399,Wait under a second with the eyes of an optimist,starry,starry,container
27707,Business statement,profession,profession,double definition
8750,Reason some complain ferociously,infer,infer,hidden word
112577,Mum keeps the sound of bells: I go here to find when I'll hear them,machmeter,machmeter,assemblage
82714,"Covered, so wings off for Cyclades",clad,clad,hidden word
34127,Reversal for vessel after you reported last in fleet,uturn,u turn,assemblage
89735,Protect offspring of hound by taking son inside,babysit,babysit,assemblage
16584,Aim for a high place in the church,aspire,aspire,assemblage
136100,Capital invested in model planes,mosquitos,mosquitos,double definition
95332,First class house room?,reception,reception,double definition
71001,"Out of danger, sailing past Holland",offthehook,off the hook,double definition
18446,Howler monkey shaking head,error,error,double definition
32993,Baffle in France no longer,nonplus,nonplus,assemblage
24840,Said to be family,related,related,double definition
50045,"Rounds with ham, more sandwiches",ammo,ammo,hidden word
94781,Was familiar with Kingsley's first novel,knew,knew,assemblage
111768,Ascertain unusual view of a philosopher,cartesian,cartesian,anagram
66633,A painful condition oppresses one rodent,agouti,agouti,container
32538,Be very heartless in company,bevy,bevy,assemblage
131238,"French way to back bad actor, a union player?",eurocrat,eurocrat,assemblage
110214,Somewhat ludicrous American composer lacking success completely somewhere in Wiltshire,ludgershall,ludgershall,assemblage
94167,Green alcoholic drink,lush,lush,double definition
69176,The bill offenders may have to face in court,beak,beak,double definition
35202,"Singer, collapsing, to bow out",resign,resign,anagram
31484,Settler perhaps restraining road rage,emigrant,emigrant,assemblage
85043,Untouchable Costa Ricans want one badly,sacrosanct,sacrosanct,anagram
57871,Get back to CV,resume,resume,double definition
89790,"Party a scream, with Mary Poppins on Ecstasy",hootenanny,hootenanny,assemblage
111444,"A mother wants to be in the fashion, without exception",toaman,to a man,assemblage
78479,Having a stud of a sort in a singular article of clothing,stockbreeding,stockbreeding,assemblage
118978,Resolve to have some exercise,workout,work out,double definition
34928,Open a ruler up,ajar,ajar,assemblage
16672,"One demanding much interest in university, more reliable",usurer,usurer,assemblage
2201,Able to pay for a form of abuse,solvent,solvent,double definition
43447,Point to a hundred in stock that's prolific,fecund,fecund,container
105404,"Needle, say, reversed to make lace",getat,get at,assemblage
7916,Ignore alarm bells echoing in error,sleepin,sleep in,container
18598,Sailor is withering about passenger,seafarer,seafarer,assemblage
74753,Italian town terrifying female novelist,gorgonzola,gorgonzola,assemblage
61682,American thug pinches Nintendo console for child,godson,godson,container
27839,As classical wool gatherers slaughter a runic goat,argonautic,argonautic,anagram
134100,"Snobbish type going off before Derby, perhaps",highhat,high hat,assemblage
8033,Plain tart takes in Romeo's look,prairie,prairie,container
75425,"Reached high to marry, taking in royalty",towered,towered,container
139869,A conceited specimen a woman may take in hand,vanitycase,vanity case,assemblage
41277,Rough sketch showing an officer?,generaloutline,general outline,assemblage
60732,Squeeze mineral in abundance,galore,galore,assemblage
132575,Scrap dealer keeps Ethel confused? Exactly!,totheletter,to the letter,anagram
33225,Baseball player's casual clothing combination,shortstop,shortstop,assemblage
7689,Twist a bit off the tree,olive,olive,double definition
11296,Remedy in no way odd,nostrum,nostrum,assemblage
62980,Host got up for this,elevation,elevation,double definition
129433,"Sloppy food? Get rid of it, we say",junket,junket,assemblage
101251,Flat charge being made much smaller brought a tear,groundrent,ground rent,assemblage
54837,"Doctor having admitted crime, it's curtains for him!",draper,draper,container
47537,Good booze responsible for a lot of wind?,gale,gale,assemblage
129430,"Hack wants initial hundred quid, maybe",chew,chew,assemblage
122355,Note on hospital discharge,doh,doh,assemblage
20807,Having taken on cargo at lake port...,laden,laden,assemblage
47966,Forget how to take charge,overlook,overlook,double definition
118547,Most costly sword picked up between two streets,steepest,steepest,assemblage
142043,Where Pedro gets drinks bill when work's over?,posada,posada,assemblage
62087,Animosity about responsibilities is concerning rogues,picaresque,picaresque,container
70878,Lorry driver on traffic island,truckman,truckman,assemblage
70348,Fairness of eyes only half-visible when about to depart,equity,equity,assemblage
85318,Crowds turning up for play about love,troops,troops,container
81545,Stirring march tune may be what weary walkers long for,armchair,armchair,anagram
104768,"It's painful to hear what drinks cost, though not poor",barb,barb,assemblage
67808,One with a peculiar attachment - perhaps she fits it,fetishist,fetishist,anagram
68128,Stay with baby almost to the end,lastminute,last minute,assemblage
114810,Relative beings from an edge of space bounded by locators,sisters,sisters,container
89331,Farm animals we hear in city,stockholm,stockholm,assemblage
90368,What they are is difficult to say,tonguetwisters,tongue twisters,double definition
128642,"Emits gas skyward, securing incomplete image of sports icon",steffigraf,steffi graf,container
12734,"Panic, being about a hundred short",scarce,scarce,container
24728,"On change of trade, factory offers tedious work",treadmill,treadmill,assemblage
31647,Entertained a thought,amused,amused,assemblage
69809,Teach development in the glen,enlighten,enlighten,container
101178,Almost the end of the match?,decreenisi,decree nisi,anagram
79037,Can active culture protect against disease?,vaccinate,vaccinate,container
101367,Gather it's petition time,pleat,pleat,assemblage
48463,Spooner an admirer of Sandy Wilson was he?,boyfriend,boyfriend,assemblage
53040,"Was not all there, as Greeks claim?",lostonesmarbles,lost ones marbles,double definition
108424,Get it and assume imprecise?,guesstimate,guesstimate,assemblage
133319,"Inexperienced male wildebeest conserving energy, trailing home",ingenu,ingenu,assemblage
87103,Convict surrounded by a stack of booty,pillage,pillage,container
120110,Extremely rude group advanced in years is presented in a new way,repackaged,repackaged,assemblage
103666,Lots of storage needed when Ms Roslin moves into French accommodation,gigabytes,gigabytes,container
104299,Start court proceedings,serve,serve,double definition
35404,"Put ""Out of Order"" notes on kitchen stove",derange,derange,assemblage
110447,I name this compound an irritant,histamine,histamine,anagram
99424,Not feeling pain in part of alimentary canal that is gas-generated,analgesia,analgesia,assemblage
10189,"Dye brown paper, cutting top and bottom",anil,anil,hidden word
63264,Practicable round safety device,ofuse,of use,assemblage
53036,Tory leader has pain in bum,tail,tail,assemblage
21701,Book in first-class accommodation for one in opposition,anti,anti,container
119086,"No tricks, that's a promise",misere,misere,double definition
27085,Very pretty is Peg when carrying little weight,twee,twee,container
57783,Probe away to capture revolting peasant? Not right!,stylet,stylet,assemblage
83711,"Mayo destination cancelled, as imitation",knockoff,knock off,assemblage
34040,Company doctor is amusing when in theatre,comedic,comedic,assemblage
130972,Stupid types fail ultimately - as shown in school records,schleps,schleps,assemblage
85963,Spore producers of flower needing a hand up,uredia,uredia,assemblage
71661,I'm off to celebrate a narrow football victory?,cheerio,cheerio,assemblage
122705,Unusual instances happening all the time,incessant,incessant,anagram
65514,"Drop suddenly, missing the first thrust",lunge,lunge,double definition
18967,It's used to catch small river fish,reel,reel,double definition
22962,The Castilian comes into part of the story,relation,relation,container
17796,One has got to go out in New Zealand,otago,otago,hidden word
110475,"Fantastic scenery: when sun comes out, see the old city",cyrene,cyrene,anagram
90522,Walk in nature's strange way,saunter,saunter,anagram
54432,Fifty-one scolded and set free,liberated,liberated,assemblage
111957,Torpedo carriers ordered to base,eboats,e boats,anagram
109395,It's hard to recall ingredients of country remedy,emery,emery,anagram
36007,Drink up in the Vatican? Go carefully,cognac,cognac,assemblage
11421,Involving one's stomach in following a strict diet,gastric,gastric,hidden word
74518,Soldiers authorised to appropriate a vehicle - and appropriate's the word for it!,relevant,relevant,container
84417,Sound of crew receiving nowt?,moan,moan,container
100066,Then hear dean get potty about old Bible and what's in it?,heavenandearth,heaven and earth,anagram
102988,Lots of entrances for Father Christmas,stacks,stacks,double definition
85266,Model is bashful grabbing a pee,copy,copy,container
29555,Alter formation? Not yet,later,later,anagram
87619,CNN hired a drunk with an impediment,hindrance,hindrance,anagram
123776,Steal work left during work period,shoplift,shoplift,container
131948,Office workers duck - article passes over,tealadies,tea ladies,assemblage
98889,Bristol sounds like a French port,breast,breast,double definition
48837,Section of church used by Paisley,aisle,aisle,hidden word
52914,Doormats where shadows fall on institutions,dogsbodies,dogsbodies,assemblage
87506,Head off tense argument,tiff,tiff,assemblage
949,A notion to be cast as the Merchant of Venice,antonio,antonio,anagram
57601,Animal makes nest in rubbish,rodent,rodent,container
61523,A bees' nest disturbed by non-attentive people?,absentees,absentees,anagram
54707,Cover for beast that eats cooked hams,yashmak,yashmak,container
29619,Disappointed officer covers Estonia's premier with feathers,letdown,let down,assemblage
27169,Make certain of result by capturing rook,ensure,ensure,container
127953,Cornered gnu dealt a blow,angulated,angulated,anagram
15902,Hard worker in the city sacked long ago,trojan,trojan,assemblage
115935,"Pasquale can have extreme anxiety, would you believe it?",ifever,if ever,assemblage
47449,Unknown girl raised god,zeus,zeus,assemblage
99040,Bind by inane church regulation?,enchain,enchain,anagram
18046,The chief has Jag - early model,archetype,archetype,assemblage
56956,"Leader having dropped right down, scrutinises excuses rather!",yesplease,yes please,assemblage
24183,One who didn't strike Shakespeare as a sword carrier,scabbard,scabbard,assemblage
53960,Temper heard by the side of the road,kerb,kerb,double definition
91518,Bridge player takes smack that's most pure,whitest,whitest,container
102724,Beef for the incomplete Dickensian,steerforth,steerforth,assemblage
116312,"Record holder wanting first prize, missing first, left with silver",oldlag,old lag,assemblage
108692,He's in no hurry to take over,slowbowler,slow bowler,assemblage
129849,Dessert created by small program with skill,appletart,apple tart,assemblage
29718,"Funeral lament in cathedral, for example",elegy,elegy,double definition
124547,Repeat usual rubbish,parrot,parrot,assemblage
76468,Means of raising a flag,jack,jack,double definition
32418,"In general, people possess nothing - royal speculation?",theory,theory,assemblage
7107,Researcher is a rogue to experimental mice,academic,academic,assemblage
99874,Rigid habit of old king caught in affair,armour,armour,assemblage
107403,Still lacking subject for debate,motionless,motionless,assemblage
105970,Games on a particular day could be footy,pedate,pedate,assemblage
59792,I can't believe it when my bottom shows!,myfoot,my foot,double definition
12868,Log mania destroyed arboreal specimen,magnolia,magnolia,anagram
30031,Mother of Paris seen in lake,mere,mere,double definition
31710,What's this? Oddly coloured?,clue,clue,hidden word
141648,Joke brings judge appalling disrepute,jeudesprit,jeu desprit,anagram
66442,"Justly won as Ashes eventually were, it's said",earned,earned,double definition
112618,Allen losing everything in Sin City,venice,venice,container
42518,"Apprentice isn't giving up time in plane, say",trainee,trainee,anagram
49845,"A humble fan to be moved, too deep for words",unfathomable,unfathomable,anagram
134077,Order for stone coffin someone from the West Midlands once executed,cistercian,cistercian,assemblage
99212,Cut joint - a quarter eaten,sheared,sheared,assemblage
120490,Barbara is the top person at crosswords,kingsolver,kingsolver,assemblage
117404,Bitter tears splashing - they are salty,tartrates,tartrates,assemblage
21343,Fruit from this on hand,palm,palm,double definition
55582,Diligent couple welcoming Lawrence to the States,duteous,duteous,container
6313,"She abandons playwright after a write-up, an all-time low",nadir,nadir,assemblage
110898,Command rowers to skirt agreed river,eyesright,eyes right,assemblage
14409,"Sell out, as it might?",shop,shop,double definition
46550,Champion releases arrow ending just outside the bull,inner,inner,double definition
36934,Case-law derives from a lot of combat with detectives and models,judgments,judgments,assemblage
87344,Bare one concealed by Catholic sash,baldric,baldric,assemblage
18086,"Regarding difficult clues, one is not inclined to be forthcoming",recluse,recluse,anagram
119154,Upright individual's state,onend,on end,assemblage
113724,Push blend of US pop and Lion King (short version),propulsion,propulsion,anagram
125796,Boringly traditional supporter's position,squareleg,square leg,assemblage
16666,Whip-round by group for driver?,golfclub,golf club,assemblage
131605,Nothing stops Mussolini turning up game for a bribe,douceur,douceur,assemblage
76166,Prejudice exists to break up a masterpiece,ageism,ageism,container
3304,"Be attracted by single people, caddish types, and run away",taketoonesheels,take to ones heels,assemblage
107459,Federation of German Industry's said they're watching you?,beadyeyes,beady eyes,assemblage
121731,Tempera is mixed at leisure,sparetime,spare time,anagram
125877,Royals are distraught in period of world revolution,solaryear,solar year,anagram
114177,Edna's kebab is mixed with cheap tinned food,bakedbeans,baked beans,anagram
129441,Welcome cry up North,greet,greet,double definition
130893,A jolly girl's joining the fighting ships,armadas,armadas,assemblage
96761,Dr Gershwin is a woman,moira,moira,assemblage
14804,A good supporter works hard,grafter,grafter,assemblage
65112,Death of parent touring Peru,reaper,reaper,container
27336,"Politically correct but pointless, OK?",righto,righto,assemblage
45889,Time to reach North American beach,daytona,daytona,assemblage
66792,A second little boy coming back as a shape-shifter,amoeba,amoeba,assemblage
13640,Wipe out a future gangster?,total,total,assemblage
73103,Newcomer makes engine turn ...,ingenue,ingenue,anagram
3491,Ocean's water departed on a rising tide?,deep,deep,double definition
41097,Useless exercise by pioneer oddly forgotten,inept,inept,assemblage
54852,Scientist in fear of a type of CD,angstrom,angstrom,assemblage
140362,Such as would suit you down to the ground? Only half,kneelength,knee length,double definition
73772,Third power block,cube,cube,double definition
35275,Left to cut blemishes shown up by quick survey,strawpoll,straw poll,assemblage
30418,Laws that can only be broken by an expert,code,code,double definition
28890,Where to find the remainder of the market?,bookstall,bookstall,assemblage
62200,"Blue pen written about West, if heading that way",steamy,steamy,assemblage
3787,Scottish battlefield's rumoured to have a ghost,wraith,wraith,double definition
40949,Shade round bottom of willow tree,rowan,rowan,container
106386,"Struggling to evacuate county town of Cornwall, briefly",costive,costive,assemblage
120945,Conflict taking month to heat up,warm,warm,container
133376,Neighbour to plough for us around mid-afternoon or after morning in,ursaminor,ursa minor,assemblage
17095,Place where no one tense is put up,situation,situation,container
81095,One-time premier rank,major,major,double definition
58532,Noted person about to be given honour - affected type,composer,composer,assemblage
39523,Stride about ship in trouble,distress,distress,anagram
43581,"Cry from wolf, perhaps, breaking gate",entreaty,entreaty,container
36765,Robin getting two ducks? Bad luck!,hoodoo,hoodoo,assemblage
5600,Apply to get English glam rock band backing,exert,exert,assemblage
85081,Surliness I shall moderate,illtemper,ill temper,assemblage
79474,"Carer is out at sunrise, perhaps",nurse,nurse,assemblage
104166,Hopes are renewed when soldiers ride in Western,horseopera,horse opera,anagram
65253,Fifty-fifty on first of dogs to take rabbit ’ome?,dutch,dutch,assemblage
26701,Improvement of action due to training,education,education,double definition
74669,Criticise achievement at cards,slam,slam,double definition
135519,Crafts based on fundamental duplicity,catamarans,catamarans,double definition
54201,Maori chief smuggled gun to IRA,rangatira,rangatira,assemblage
140722,"Sham! Sick country, one has to conclude",illusive,illusive,assemblage
7077,Kind to preside over slightly twisted board,charitable,charitable,anagram
32855,Rider favouring protection for face when cut,proviso,proviso,assemblage
91960,A natural aptitude is present,gift,gift,double definition
120040,I'm taken aback by Carter's legal follower's redundancy,rucksack,rucksack,assemblage
123624,Great Asian captain's claim to being eighth in line and not third,imrankhan,imran khan,assemblage
21358,It's dangerous to ruin her plans,shrapnel,shrapnel,anagram
106354,Discussed tower that's worth a look!,eyeful,eyeful,assemblage
34502,Tree providing shade,lilac,lilac,double definition
105213,"Injured sister OK? No? Nephews, except Gilbert, remain calm",keeponesshirton,keep ones shirt on,anagram
140557,Penalty on account of bad ref I oft rue,forfeiture,forfeiture,anagram
77750,Animal from bog taken to centre of staging area,quagga,quagga,assemblage
119274,Scots Amish splinter group getting pleasure from pain,masochists,masochists,anagram
9158,Too much land for an empire?,ottoman,ottoman,assemblage
83991,Some sang harmoniously in the Buddhist community,sangha,sangha,hidden word
64112,Piece of music unsuitable as voluntary?,obbligato,obbligato,double definition
85117,"One can't catch a fat, old safe-breaker on the box",butterfingers,butterfingers,assemblage
60435,This provides the main prospect,porthole,porthole,double definition
108587,"Exceptionally animated, sparkling stuff",diamante,diamante,anagram
117438,Popular vehicle activator say - as soldiers mostly are,inkhaki,in khaki,assemblage
89212,Fitted with a groove,slotted,slotted,double definition
134748,"Sun etc in before this, brightness ends",popularpress,popular press,double definition
104171,Poet's written about return of Irish hooligan,larrikin,larrikin,container
46146,Improve one's bust line?,uplift,uplift,double definition
34903,It's designed for handicapped drivers to do the rounds,golfcourse,golf course,double definition
70663,I wave - interrupting myself with skill - to show no chance of leaks,impermeability,impermeability,container
48413,They meet in the centre of the ring,radii,radii,double definition
105004,Trendy person of faith has rejected cathedral impressively,instyle,in style,assemblage
102106,Shy soldier getting worn out,retiring,retiring,double definition
39157,Joint endowment's a bit mean,intend,intend,assemblage
117563,Primate includes a bishop in blessing,baboon,baboon,container
114289,"University to take off unsigned forms, they conclude",endings,endings,assemblage
132564,"Gloom and doom with this blue mood, not married sadly",doubleo,double o,anagram
19581,Bob put forward an idea,float,float,double definition
124596,"Slackens off when the sun is out at quarter past eight, say",unscrews,unscrews,assemblage
33680,Agent without sleep is irritable,snappy,snappy,container
125738,Flying in Hackney's hair-raising?,airlifting,airlifting,double definition
123184,"Lumbar puncture for American applicants, annoyed when giving up cocaine",spinaltap,spinal tap,anagram
75473,Exclude being served by rude baristas,debar,debar,hidden word
57457,Ring bell on counter where travellers have to pay,tollbar,toll bar,assemblage
62377,"Fifty follows forty-nine? Well, no!",ill,ill,assemblage
57216,Telescoped signs mean big money,bullion,bullion,assemblage
50777,Bird found in or near Headingley,rhea,rhea,hidden word
35458,Endless Soviet labour camp fenced by stake with spikes,angulate,angulate,container
109949,Short dominatrix may have done this,strappedforcash,strapped for cash,double definition
16319,Islander gutted coastal town,briton,briton,container
70695,Potato that's turned to iron?,mashie,mashie,assemblage
81877,"Journos, gathering in loose ends, raise them in anger",hackles,hackles,container
100397,"Power outage, possible source of conflict",generationgap,generation gap,double definition
80229,"Having endless cunning, brings up children in debt",arrears,arrears,assemblage
13481,Abuse found in rapid dispensing of drugs,pharmacy,pharmacy,container
75820,Fire wood of the sort Erica gets,kindling,kindling,assemblage
77651,Company chap accepting first indications from the accountants - normal ratio,cotangent,cotangent,assemblage
74293,Antipathy from the gallery,allergy,allergy,anagram
118274,Cold curry nearly served up with order for spice,cardamom,cardamom,assemblage
9371,Mother's pet dog,mastiff,mastiff,assemblage
79087,Time to take in strange rite by the Red Sea,eritrea,eritrea,anagram
109944,Standard performance,routine,routine,double definition
21269,Some time since Julian Clary neared a disaster,calendaryear,calendar year,assemblage
78225,Something run by Playboy hostess missing New York - sweet thing,bathbun,bath bun,assemblage
70004,Composer of operas using percussion instrument in one,bellini,bellini,assemblage
119268,"Gloomy playing besets universal, faithfully reproduced Chopin study, maybe",musicology,musicology,anagram
121314,There's still plenty of time for audience to Lady Gaga - years!,earlydays,early days,assemblage
8409,The good journalist worked hard when up,boned,boned,assemblage
108474,Help one gets in this day and age,aid,aid,double definition
54341,Enthusiastic gunman gets call,raring,raring,assemblage
13035,Bound to put small amount in hat,limited,limited,container
45571,Laments about flowers for virtuous statues,plastersaints,plaster saints,container
135441,"Diamond, did you say? Prepare to propose!",kneel,kneel,double definition
100039,Rubbish food with chips?,cod,cod,double definition
50863,Said to be slowly cooked by Zeus's lover in the workroom?,studio,studio,assemblage
44359,Colour to leave alone,maroon,maroon,double definition
27652,Aged Cain treated by hospital department,ancient,ancient,assemblage
35803,Scandalous conclusion to entry,gate,gate,double definition
3200,A foot of water in the diocese,spondee,spondee,container
75438,Abbey Arts money collection,monastery,monastery,anagram
113698,Shark ultimately swallows one that worked with lines,keats,keats,assemblage
78749,Left-handed first to provide a banger,gavel,gavel,assemblage
82220,Data in notebook,facts,facts,double definition
131749,Big business street must be this for Scot,holdingcompany,holding company,double definition
117593,Somewhat equally? Exactly,fiftyfifty,fifty fifty,double definition
135596,Odd role rewritten by an idle scribbler,doodler,doodler,anagram
60472,Councillor that is protecting main character in Miami Vice,crime,crime,container
43411,Bookish types having some wine in Boston at lunchtime?,literati,literati,assemblage
59005,"Use it to pick up speed turning round, say",estatecar,estate car,assemblage
125553,"Argue with bishop and rector about the ""Son of God""?",bicker,bicker,assemblage
86945,Hopeless couple taken in by bad design,despairing,despairing,anagram
130512,Went climbing with Ben before journalist comes round,mountaineered,mountaineered,assemblage
130572,Scraps first flights with both sides lost,fistfights,fist fights,assemblage
121152,Permitted to crow about being eccentric,wacko,wacko,assemblage
95470,Divine drawing of lots of egrets smeared with oil,sortilege,sortilege,anagram
19055,Business expense on company's time,oncost,oncost,assemblage
91893,Notes by follower of Pope on measure to reveal source of power,solarcell,solar cell,assemblage
106104,Unwholesome bread found by dog in street,stagnant,stagnant,assemblage
17002,Sent round one religious and wise,sapient,sapient,assemblage
61034,It can be hell for criminals,underworld,underworld,double definition
12035,Cuba needs its dance not a bit,crumb,crumb,assemblage
117337,Transferring teacher to university tripled the best habits,hautecouture,haute couture,anagram
101443,Conservative backing the centre was sacked,troy,troy,anagram
37764,"Awful effort to comprehend Conservative measure (a bit leftish, say)",offcentre,off centre,assemblage
49189,Girl came in to study the weapon,cannon,cannon,container
88127,Dissolute academic - one barrier learner faces,profligate,profligate,assemblage
14044,"In that case, flights won't be covered",quiver,quiver,double definition
38068,Half a buck swells ordinary tax,tribute,tribute,assemblage
28490,Crossword setter dropped,shed,shed,double definition
140655,Passion finally erupts when Nutmeg's drunk spirits,wraiths,wraiths,assemblage
10888,Awful person with no end of affectation?,poser,poser,double definition
107291,Bill makes sons watch,sticker,sticker,assemblage
41913,In love with exotic demeanour,enamoured,enamoured,anagram
125457,Nitrogen does spread over tops of underground lumps - these?,nodules,nodules,assemblage
75975,Simultaneously make good and raise issue,atonetime,at one time,assemblage
31590,Biting trill is heard,mordant,mordant,double definition
130316,"""Clever"" ahead of ""stupid"" initially, with sucker",quicksand,quicksand,assemblage
21428,Work of Johnson the painter's at auctions that are coming up,rasselas,rasselas,assemblage
55307,Sadness in love in some ways,pathos,pathos,container
76484,Old coins providing conversation,exchange,exchange,double definition
86303,She went in outlandish make-up to get publicised,inthenews,in the news,anagram
67091,Flat heads of valves and plugs in dynamos,vapid,vapid,assemblage
54831,Answer to be found in chemistry lab,retort,retort,double definition
139570,"Surly git, ’e's playing at this time of year?",uglysister,ugly sister,anagram
69059,Fellow leaves dowdy women with woodcut,rumpsteak,rump steak,assemblage
127474,They reared up in classic race,thederby,the derby,anagram
70427,Fatherly friend swallows a tear,parental,parental,container
15239,It's carried on a sleigh (wherein is a joke),luggage,luggage,container
115297,Engineer cannily takes women's perspective,wangle,wangle,assemblage
66806,Very great friend so wounded for the last time?,fatally,fatally,assemblage
36216,Paul's respect,revere,revere,double definition
43621,Dismissed trip over river mouth,outfall,outfall,assemblage
116122,Grew frustrated with trial - very clear to see,writlarge,writ large,assemblage
108705,Attribute of one flying fortress,fastness,fastness,double definition
108890,"Of course, it's sweet",pudding,pudding,double definition
55196,Contents of menu put away without a serious effort,endeavour,endeavour,assemblage
17091,Upset about head of family one's butted?,rifle,rifle,container
92006,Company importing wine is manageable,plastic,plastic,container
38395,Pantomime character getting out of the habit?,demonking,demon king,assemblage
96904,"Hard life, or nothing could be more death-defying",foolhardier,foolhardier,anagram
80392,Current articles about marines written on laptop,thermal,thermal,assemblage
5752,"Most respected member, female poet entertaining you",doyenne,doyenne,container
109861,"Getting forks out to skewer books, those unpleasantly dry?",splitends,split ends,double definition
88938,Cure Rex after defeat,tanking,tanking,assemblage
46877,Composer's heart's bad when climbing,corelli,corelli,assemblage
90002,Motivation to share drink,rationale,rationale,assemblage
121236,"Small dog one fed with mint, say",labiate,labiate,assemblage
29772,I'm not one to weaken,impair,impair,assemblage
92572,Discharge some after second interval,semitone,semitone,assemblage
24263,Aggravates school head? That's not called for,needless,needless,assemblage
17268,Square on the high table,aboveboard,above board,assemblage
65442,It's pinned to hold in fabric,grenadine,grenadine,container
24370,"Around noon, top fighter pilots attempt descent",ancestry,ancestry,assemblage
20596,"Tap: tell me, what do you do if it's stuck?",faucet,faucet,double definition
8027,A French and a Western leader are in the dark,unaware,unaware,assemblage
141335,"Create difference, namely in refereeing scandal?",variegate,variegate,container
99008,Chay - name associated with mast?,yachtsman,yachtsman,anagram
90357,Theatre of war?,operationsroom,operations room,double definition
51688,"Leading director, keen and economical",davidlean,davidlean,assemblage
40845,"Act with elegance, say; it helps to get you in",turnstile,turnstile,assemblage
125836,Time to appear earlier in big dress: Oscar for actress,gretagarbo,greta garbo,assemblage
91039,Fish on film dropping a stick,wand,wand,assemblage
5879,Percussionist circles,ringo,ringo,double definition
43700,"Sailing vessel, clipper",cutter,cutter,double definition
89525,He wrote of the French missile backfiring,dumas,dumas,assemblage
110102,Employment in which workers were paid to unpick seams,coalmining,coalmining,double definition
117890,"Deionise compound, infusing two litres as plant extract",linseedoil,linseed oil,anagram
62654,Express approval when posted,assent,assent,assemblage
29376,"Ray, perhaps, uncovering rare find",infrared,infra red,anagram
69067,Go away to get in with no contest,shoo,shoo,double definition
31387,Watch over instructions,remit,remit,double definition
112640,Set about working in mine - hurry!,steponit,step on it,assemblage
10303,Firm plan,intent,intent,double definition
108782,"Peter with men in resort, having no match",preeminent,pre eminent,anagram
24800,Extend towards heaven as breakdown vehicle?,tower,tower,double definition
24035,Clothes worn back-to-front for game,brag,brag,anagram
12325,Does this imply sharecropping?,allotment,allotment,double definition
15470,Ropy stuff is offered in shop's special promotion for the most part,sisal,sisal,assemblage
112667,"For a start, it's essential",ignitionkey,ignition key,double definition
139094,"Rich man making appeal for help, having hoarded gold",soros,soros,container
107521,Support for performer in mass - solo is cut out,musicstool,music stool,assemblage
11293,North-east German's on the booze - it's supposedly medicinal,nostrum,nostrum,assemblage
112589,"Office workers sign in invisible ink, perhaps?",secretaries,secretaries,double definition
57065,UN quits panel sitting in judgment of a group,tribal,tribal,container
12537,Make allowances when catching the tube,catheter,catheter,container
71498,Ceremony appropriate for audience,rite,rite,double definition
30223,"Come another time, getting on before Chile's capital city",recur,recur,assemblage
58833,"In the stretch between wings, a sole player",thespian,thespian,container
98955,It's cooler to get on trumpet,fanfare,fanfare,assemblage
133920,Ban on the very people who frequent this dating venue?,singlesbar,singles bar,double definition
40889,Revolting individual given a step up,riser,riser,double definition
105075,Wrong one can upset clergyman,inaccurate,inaccurate,anagram
18704,Time for skip to be transported,spellbound,spellbound,assemblage
121204,"Universal fighter in imaginative work, Asia's missing pest controller",fumigant,fumigant,container
43067,Pea soup everyone sent back - another dish wanted,paella,paella,anagram
101750,Left from funerals shaken and more vulnerable,unsafer,unsafer,anagram
120172,Eventually choose home for badger ahead of Trotsky,settleon,settle on,assemblage
66255,Man buried under his female ancestor's town,evesham,evesham,assemblage
5651,"Part of a spur that's further down, left to right and vice versa",rowel,rowel,anagram
123599,"Paddle in doubt, struggling to find boat's motor",outboard,outboard,anagram
71902,Successfully managed a kidnapping?,carriedoff,carried off,double definition
134440,Female character of enduring quality?,manofiron,man of iron,double definition
112379,He leads speakers on march: an order goes out,anchorman,anchorman,double definition
135713,It's plain stupid for a mountaineer,alpinist,alpinist,double definition
33279,Captain is first into bed,pilot,pilot,container
9975,One falling for acrobat,tumbler,tumbler,double definition
69477,"A top oarsman named locally in ""Treasure Island""",benbow,benbow,assemblage
141237,Most elevated dizzy heights,highest,highest,double definition
135953,Daughter is busy frittering allowance,subsidy,subsidy,anagram
59898,Score runs in a series,arrange,arrange,double definition
90495,"They're here, being inexperienced in the ATS",attenders,attenders,container
71891,"Father in pain, but brave",apache,apache,container
102752,A desperate fellow coming back with nothing,nada,nada,anagram
110549,Display team seen at Old Trafford?,reddevils,red devils,assemblage
44521,"Cut inside out, including first chapter",incised,incised,container
81847,English return in clue for poem,eclogue,eclogue,assemblage
32817,Attractive girl that's following fashion,cutie,cutie,assemblage
22473,The thanks one gets from a Greek character,theta,theta,assemblage
90451,Big shock absorber,bumper,bumper,double definition
65301,Misfortune that TV repairman may bring?,setback,setback,double definition
16047,Refuse stopping short old king,offa,offa,double definition
82695,Where to find film not for public viewing,incamera,in camera,double definition
73122,"Follow the example of one Christian, say, about it",imitate,imitate,assemblage
60006,Deceptively conclusive state official,viceconsul,vice consul,anagram
46183,Break in shooting all bar one European,infringe,infringe,assemblage
67721,Pester a writer,nagasaki,nagasaki,assemblage
36897,"Removal van is coming to Istanbul, every capital in time",eviction,eviction,assemblage
19080,Character brewing tea with urn,nature,nature,anagram
122036,Don't interfere before time: let's go wandering,getlost,get lost,anagram
102495,Joining EU may be unsuitable,istanbul,istanbul,anagram
12896,Adult taken in by party game,snap,snap,container
60316,Produce to fill a lot - of ships?,flotilla,flotilla,anagram
32133,Mistakes made by deserter in time,errata,errata,assemblage
137827,No head on Nick's mop,wipe,wipe,double definition
83720,Dancer to see in uniform,salome,salome,container
91370,"Slab, board, list? It ends in a square",threetimestable,three times table,double definition
13482,Drug provider causing fast internal damage,pharmacy,pharmacy,container
38436,A trail possibly taken to rodeo by cowboy,lariat,lariat,anagram
118981,Mint coin of exceptional quality,pennyroyal,pennyroyal,assemblage
34947,Meal inside the German hotel,dinner,dinner,container
3354,English associate adopts an issue,emanate,emanate,container
107308,I misdo translation of particular expressions,idioms,idioms,anagram
8286,"One sings in cage, cautious, giving out initial warning",canary,canary,assemblage
89477,"Atop note amid new or old coin, one coined specially",nonceword,nonce word,assemblage
53773,Crater here buried in decadence,aden,aden,hidden word
111925,One closed American borders for cars,autos,autos,assemblage
133736,"Bible's out with day, month, year for David or Jonathan?",dimbleby,dimbleby,assemblage
10049,Mere mortals about to go wild for Norwegian spinner,maelstrom,maelstrom,anagram
106432,Everyone has to make up a radio programme,theworldatone,the world at one,assemblage
137986,Be inclined to keep work of the highest quality,topend,top end,container
117060,Lexicographer wearing underpants?,johnson,johnson,double definition
14238,Sketch of partial rail strike?,outline,outline,double definition
97323,His opera briefly involved fruit,rosehip,rosehip,assemblage
44652,Our stamina is restored here,sanatorium,sanatorium,anagram
133583,Tales about government united in red tape?,regulations,regulations,assemblage
137362,"Numbers game played with iPad, rules added",epidurals,epidurals,anagram
32788,Shoot as Gunners drop back,rapid,rapid,assemblage
85811,Give out overtime,emit,emit,anagram
125377,Imbecile finally promises end to continuous boom and bust,bosoms,bosoms,assemblage
120395,"Jockey rides top horse, ultimately, to place again",redeposit,redeposit,assemblage
27028,Taunt Linus about blanket at the end,insult,insult,anagram
106006,Public official can overlook alternative,mayor,mayor,assemblage
122935,Penny has licence to provide bromide,platitude,platitude,assemblage
102660,Politician with burst ulcer getting out of crush,crumple,crumple,container
20350,Space to include afterthought on one line over letter,epsilon,epsilon,container
90206,Percher from the nuthatch family by the sound of it,sitter,sitter,double definition
43203,British capital,sterling,sterling,double definition
10324,Not the best way to beat an opponent,worst,worst,double definition
21504,Check on boy returning in disgrace,scandal,scandal,assemblage
40381,"Gordon, followed by Frank, strangely, is set to find building land",brownfieldsites,brownfield sites,assemblage
137314,"Money problems, no capital",roubles,roubles,double definition
111130,Out only when facing the bowling,onstrike,on strike,assemblage
103019,Smirked before getting taken outside,leered,leered,container
50501,Remedy may be to change gear,redress,redress,double definition
85761,"Fashionable Sun coverage of KISS, the rock group",inxs,inxs,assemblage
139048,Desolate portrait painter holds on,lonely,lonely,container
89,"Hereditary earls can't, unfortunately",ancestral,ancestral,anagram
74443,Topless in bed - so what might be on?,pyjamatrousers,pyjama trousers,double definition
18777,Strap may follow report of some difference,thong,thong,double definition
43277,Discussion at board level,tabletalk,table talk,double definition
102889,Using winch as a cranky tool,chainsaw,chainsaw,assemblage
118673,"""Stupid boy"" - headless goon",pike,pike,assemblage
84907,Recall the study of religion with prayer,recollect,recollect,assemblage
45150,Close trap over Henry,nigh,nigh,assemblage
72208,Child wandered about and felt better,improved,improved,assemblage
5399,To snog in a boat is old-fashioned,canoodle,canoodle,assemblage
141966,Arrogant greeting good worker could eventually deny,highandmighty,high and mighty,assemblage
74818,Lizards that may be using a double disguise,iguanas,iguanas,double definition
140987,Underwear that's uncool for fashion leaders? It's not important,smallstuff,small stuff,assemblage
104877,It may be found in winter sportsmen's kit,ski,ski,hidden word
100987,"Joplin's odd beat music hit, a symbol of North American country and hard rock",mapleleafrag,maple leaf rag,assemblage
17247,Murdoch may be a knight on retirement,iris,iris,assemblage
29891,Field of European football team not banner-free?,realm,realm,assemblage
93315,"Bottomless bowl: covering the rim, a model magnolia",tuliptree,tulip tree,assemblage
97181,On friendly terms always? Fancy that!,wellinever,well i never,assemblage
57553,It's screamed by bird in pop group with raised colour,bluemurder,blue murder,assemblage
108989,"Swinging instrumentalist, a corrupt, hag-ridden Trojan",djangoreinhardt,django reinhardt,anagram
103790,Hal stopped with him,ted,ted,double definition
46126,Strap that goes on a bit,rein,rein,double definition
64171,"Losing wicket at the start, spoils period at the crease",innings,innings,assemblage
125103,Turn up repeatedly before noon? That's ridiculous,cockamamie,cockamamie,assemblage
141025,One unable to make a killing getting fired?,blankcartridge,blank cartridge,double definition
74414,Note a number of low points,minima,minima,assemblage
28596,Artist put on gas,radon,radon,assemblage
16432,Recommend against commander breaking an engagement,advocate,advocate,assemblage
124188,Lira - foreign currency in Guiana circulating as means of exchange,linguafranca,lingua franca,anagram
49208,One disparaged for working for a crust?,scab,scab,double definition
90098,Course of time with torture,track,track,assemblage
59639,Hardy lass has time to for a bit of artistic piecework,tessera,tessera,assemblage
82326,"Similarly restricted, ex-VP left formidable woman",gorgon,gorgon,assemblage
107058,Bad lad drew trailer,dawdler,dawdler,anagram
140509,Foxy Liberal secured for Strictly,slavishly,slavishly,container
137076,Turning over message not cast in stone?,revocable,revocable,assemblage
66429,"English city, spot where head of state dwells",elysee,elysee,assemblage
55999,Nobel Prize winner whose parents include one resident in US city twice,dalailama,dalai lama,assemblage
13506,Bear accepting stakes,tote,tote,double definition
135724,Knight with good heart in battle,gareth,gareth,assemblage
130948,Bone fused at least with arm,metatarsal,metatarsal,anagram
125201,Nearly led astray with erudition?,learnedly,learnedly,anagram
58898,"Failed to notice any females, in short …",sawnoff,sawn off,assemblage
37247,A turn in northern waters?,nausea,nausea,assemblage
67897,Lied about a king's garment,sarong,sarong,container
81315,Top primate gets the vote,apex,apex,assemblage
89347,"Publicise too much, having finished with ex-model",overexpose,overexpose,assemblage
80510,"Gin is upsetting to girl, becomes jelly!",isinglass,isinglass,assemblage
20441,Heater once used by people approaching retirement,bedwarmer,bedwarmer,double definition
118163,Mark down dramatist to speak,checkoff,check off,assemblage
33723,Shakespearean character left Italy with a …,portia,portia,assemblage
139458,"Being restrained, worker smacked",handcuffed,handcuffed,assemblage
20302,"Robin's partner, perhaps, to have a dip",bathe,bathe,assemblage
98621,Oriental flower shot in field where one works,industry,industry,assemblage
129385,"Constitution's supporter supplied ruler with an agenda, for example",federalist,federalist,assemblage
113359,"Tiny swimmers, with so little weight, turning up at openings",zoospores,zoospores,assemblage
133384,Stressed but having fewer wrinkles than you should?,underlined,underlined,double definition
119386,"Caspian, say, gets Annie's lad off",inlandsea,inland sea,anagram
92737,Becomes engaged in predicaments,plights,plights,double definition
124619,Psychiatrists? They're all savages,headshrinkers,headshrinkers,double definition
109040,"Conceals in hand, holding second book of verses",psalms,psalms,container
126436,Swindle made to pay - but jailed all the same,confined,confined,assemblage
78974,Rubber ball's so round,sorbo,sorbo,assemblage
102494,Built as arranged around northern capital at one time,istanbul,istanbul,anagram
109953,"Foot I test out, trapping two balls?",tootsie,tootsie,container
128571,"After crucial operation, politician's making the rounds",circulatory,circulatory,assemblage
22811,Times in a cathedral for carpeting,axminster,axminster,assemblage
42872,Day empty after born in want,needy,needy,assemblage
38356,Teen rave as a new form of worship,venerate,venerate,anagram
53843,Type of green,emerald,emerald,double definition
71874,Go out with someone you went out with one time,exit,exit,assemblage
125780,Dull as last character leaving cul-de-sac?,deaden,deaden,assemblage
76662,"Bob Marley, for example, could be a star",rasta,rasta,double definition
104740,"Order, mostly seen in this clue",comma,comma,double definition
97038,Persistent sensation of behind getting smack,aftertaste,aftertaste,assemblage
36657,Salary joiner gets to veneer parking sign?,payanddisplay,pay and display,assemblage
106757,Boxer and sucker: time for fresh start,tyson,tyson,assemblage
56679,Plant one roughly on cheek,brassica,brassica,assemblage
105521,Record and preserve an impasse,logjam,log jam,assemblage
138241,"""Almost clean"" Brexit arranged, that can be delivered",extricable,extricable,anagram
133352,Butterfly to emulate uroboros?,swallowtail,swallowtail,double definition
39098,Periodical that's about presenting an idol,image,image,assemblage
110582,Tie spoon on last,neckwear,neckwear,assemblage
82109,Came across a can containing nothing in the bottom,foundation,foundation,container
35073,Fabric made up in the form of a circular cylinder,lycra,lycra,anagram
92822,What are you doing here?,crossword,crossword,double definition
135112,Patsy's stolen surveyor's van - these should help with identification,mugshots,mugshots,assemblage
109800,Chief designer admitting resistance to shock treatment …,director,director,container
139155,Virtue good … then to relish a version of the Arabian Nights,sinbadthesailor,sinbad the sailor,assemblage
10766,"Cook's agent in Caribbean, two-thirds sozzled",bicarb,bicarb,assemblage
45824,Local store has shaved the fuzz for Spooner?,cornershop,corner shop,anagram
20546,She's not quite like other girls,norma,norma,assemblage
19030,Graduate left authoris-ation,passport,passport,assemblage
24994,About time to modify item in air display,altimeter,altimeter,assemblage
133934,Normal prices for stocks when re-ordering Super Lava,parvalues,par values,anagram
52493,Relentless girl hit newsman,unabated,unabated,assemblage
139952,No German follows you in France to find a station,tunein,tune in,assemblage
20278,"Cock-a-hoop, still following City",ecstatic,ecstatic,assemblage
56070,Two lots of Mary Jane's brewing equipment,teapot,teapot,assemblage
124475,Decisive defeat with terrorist group at first in poor spirits,rotgut,rotgut,container
14785,Article about soldier's figure,three,three,container
35910,Wonderful boss,super,super,double definition
50041,"""Bullets""",ammo,ammo,double definition
34634,Fly down with courage,bluebottle,bluebottle,assemblage
126806,"On grass, ace for McEnroe?",superbrat,superbrat,assemblage
47916,One sets off after Oxford University boat,outrigger,outrigger,assemblage
15258,Entertain exploitation after morning session,amuse,amuse,assemblage
78503,"People on drug, which is backed",racehorse,racehorse,assemblage
62666,The arms go round the cheeky little pet!,hamster,hamster,assemblage
119560,"Doctor with a French infection, person in charge of member with very hard task",mountaintoclimb,mountain to climb,assemblage
19298,"Boy, it's up and running in and out",tidal,tidal,assemblage
100107,Olympic champion raised kids in nearby house,ennis,ennis,hidden word
109035,"Old, not old - that's up to Wilfred",owen,owen,assemblage
77439,Gubbins the church brought in for limiting population,contraception,contraception,container
126552,Dried fruit shapes,prunes,prunes,double definition
125526,You'd feel better without them!,gloves,gloves,double definition
49501,Nerve broken? Not at all!,never,never,anagram
127751,What young man may do in spring or autumn with current novel's revision,fallinlove,fall in love,assemblage
40346,Loss of moisture - v.p.,seepage,seepage,assemblage
38988,Gun with catches set back,sten,sten,anagram
76641,Way to get through Fathers and Sons,pass,pass,double definition
45390,"Given sheikhdom's capital, Manchester City, say, demonstrating power",steam,steam,assemblage
82772,Explosive individual in explosive situation off the coast,thesolent,the solent,container
137586,Lad choosy about place of education,dayschool,day school,anagram
88077,"What queen has, sacrificing knight for rook",crow,crow,assemblage
8442,Lease administered by the church in London,chelsea,chelsea,anagram
95294,Shakespearean character removing capital from country,olivia,olivia,assemblage
95685,"Bill, leader up north",gateshead,gateshead,assemblage
69559,Once a public transport industry,diligence,diligence,double definition
26327,Wine reduction process is grating,portcullis,portcullis,assemblage
57951,Movement that's in time runs to a climax,trend,trend,assemblage
53278,Left back to stable horse - say Winter Warmer,eggnog,eggnog,assemblage
89861,Small town dropout,dorp,dorp,double definition
988,French master responsible for courses,chef,chef,double definition
5746,"Two things Charles is but Camilla isn't, in speech to deliver abroad?",airmail,airmail,assemblage
2945,"Well-spoken ""dirty rat"" with one copper behind",articulate,articulate,assemblage
126946,Demonstrated as cadet suggested?,actedout,acted out,assemblage
58426,Such tolerance may be a matter of degree,latitude,latitude,double definition
44030,Early English doctor went a distance in China for a bit of oyster,linacre,linacre,assemblage
4845,Piece of furniture in which to put a kind of shirt,settee,settee,assemblage
132827,Bill gets hair for players,actresses,actresses,assemblage
50518,Improving verse with song tutor,governess,governess,assemblage
99398,Co-operate with excavation feature,pitchin,pitch in,assemblage
7947,Break impact with article in the Guardian,hiatus,hiatus,assemblage
105334,Angry female's wrath in lively exchange,crossfire,crossfire,assemblage
16450,Destroyer's ruse at sea to protect stricken boat,saboteur,saboteur,anagram
125160,"Old newspaperman, having admitted wrong, made a racket?",extorted,extorted,assemblage
42374,Excited about nothing? That's a laugh!,hoot,hoot,container
123772,Female king? The Spanish are ready,shekel,shekel,assemblage
44670,Meeting of opponents in choice setting,plenum,plenum,container
37407,"Charge for rope trick, get back inside!",protege,protege,anagram
99603,Endorse Anglo-French compact,affirm,affirm,assemblage
3951,English region's acknowledgement to French,mercia,mercia,assemblage
130852,What overzealous Remainers do to expose support,outstay,outstay,assemblage
44073,Runny mud brings forth small citrus tree,slime,slime,assemblage
9245,Hot area to west - American islands?,hawaii,hawaii,assemblage
83279,It ensures you won't be spotted having Christmas dinner,serviette,serviette,assemblage
37658,A spaniel without one is more resilient,springier,springier,assemblage
49099,World of society in care of doctors,cosmos,cosmos,assemblage
122430,"Great work, primarily drama, ending in misery?",tragedy,tragedy,assemblage
25638,It may be put on disc,identity,identity,double definition
135458,It's OK to run away before I get married,legitimate,legitimate,assemblage
105529,"Come on, tell me what to do with unpalatable food!",spititout,spit it out,double definition
46934,Bound to sound like a current variation,tied,tied,anagram
3287,"It's OK, there's no one left",allright,all right,double definition
134198,Retired official tucks into entire assorted hamper,interfere,interfere,anagram
141196,"Like posh children occupying seats, every other one being taken",suchas,such as,assemblage
24581,Take home relative of castaway as christened,robinson,robinson,assemblage
98986,"Do without starter - entering, order ungarnished beef",complaint,complaint,assemblage
84847,Beekeeper looks very much like a pianist,apiarist,apiarist,anagram
72615,"Sipped, say, stew causing stomach upset",dyspepsia,dyspepsia,anagram
123111,Tailors are not entirely involved in such matters,sartorial,sartorial,hidden word
133502,Don't lose hope! Do I deserve any?,neversaydie,never say die,anagram
12004,Vote for all but wealthy to be charged,electric,electric,assemblage
5254,It's maybe left to staircase when it's not there,escalator,escalator,anagram
82599,Merseyside Blues become green in time,everton,everton,container
92561,Young pig served with decoration of the highest quality,giltedged,gilt edged,assemblage
13896,They have small parts in a big picture,insets,insets,double definition
134316,Neuro-doctor operated on Shakespeare's Globe?,rondure,rondure,anagram
139998,One's not self-sufficient creating work that's bound to be finished,coauthor,co author,assemblage
70626,Overfish in Essex?,ongar,ongar,assemblage
93994,There's poor Rodney,yonder,yonder,anagram
61990,Girl taken in by scholar's miraculous food,manna,manna,container
135178,Banks excluded from data legislation,act,act,hidden word
81269,"Cleaner faces ruin, hooked on dope and heroin",dishcloth,dishcloth,assemblage
13380,"""English trees"" provides solution",eyewash,eyewash,assemblage
86932,Wear judge is unsure about claiming?,ermine,ermine,assemblage
60225,Russian leader starts to ignore very able negotiator,ivan,ivan,assemblage
132352,Youngsters bound to get along with them,pogosticks,pogo sticks,double definition
81778,Undesirable movement practically contained,tic,tic,hidden word
42825,"Flattery works with neighbours, for example",soapopera,soap opera,assemblage
120088,Wicked woman caught using traps,witch,witch,double definition
136344,Degas evacuated and bathed before putting big picture in bog,swamplands,swamplands,assemblage
122645,Nordic person catches an extra fish,finnan,finnan,container
60856,Thatcher's a nonentity,society,society,double definition
28406,Figure that sounds like a ruin and a mess,rectangle,rectangle,assemblage
100178,Cricketer picks up retainer,fieldsman,fieldsman,assemblage
75149,Composer with chart entry devoid of skill - it's hot!,scorcher,scorcher,assemblage
6606,Curse managerial salary?,execrate,execrate,assemblage
94412,Failure turning blue with effort can be determined,resoluble,resoluble,assemblage
118143,Change from krone needed to join Hellish Biker Club,knobkerrie,knobkerrie,anagram
59447,"Presumably, I get a lift during this tour",egotrip,ego trip,assemblage
104266,Drunken pest with dope barred from the bar?,estopped,estopped,anagram
27953,African leader is number one in France,moi,moi,double definition
52752,It's binding on official intelligence,redtape,red tape,assemblage
64672,Triumvirate running the tundra?,troika,troika,double definition
115979,Prospector keeps sick retailer,milliner,milliner,container
44333,Restraint shown by worker on strike,handcuff,handcuff,assemblage
91322,"Adrift, mid ocean, without soft puzzle collections",compendia,compendia,anagram
71111,It's cunning to carry a weapon with a loud noise,stridently,stridently,container
84315,Service men who have a job to do,taskforce,task force,assemblage
18183,Downfall makes temper return,doom,doom,anagram
53302,"Where stout, diet?",local,local,double definition
85454,Main reason for horse being tired?,overriding,overriding,assemblage
32336,"Crime, given time, partner of rhyme",treason,treason,assemblage
18125,Underactive German worker is no longer needed,redundant,redundant,double definition
4328,Is Helen bound over to be free of obligation?,unbeholden,unbeholden,anagram
85540,Times edition for children,mites,mites,anagram
115746,More cross southern river to rest in old city,surlier,surlier,assemblage
69135,Operatic singer keen to make a comeback,diva,diva,anagram
113230,Graft in turning around company - advanced without union,inoculate,inoculate,assemblage
42363,Answer to this clue should be clearly stated,putacross,put across,double definition
21905,Vow by Liverpool's first pop star?,idol,idol,assemblage
91692,Performance killing act,execution,execution,double definition
76471,Flag lifting device,jack,jack,double definition
22018,Incontinent cows showing lack of power of voluntary motion,akinesia,akinesia,assemblage
47608,Informer keeps president absorbed,rapt,rapt,container
41044,Sound made by soldier entering hostelry,logical,logical,container
78383,Another setback as the result of stiff breeze?,freshblow,fresh blow,double definition
39386,Makes financial provision on getting bad news about party,endows,endows,container
111270,"Bow to wear, twisted",nod,nod,anagram
107952,Draw spirit miles up,raffle,raffle,anagram
21032,"Bird to sing, missing note",chat,chat,assemblage
27314,Top aid for sailor surviving,extant,extant,assemblage
40987,Stone provides a barrier,agate,agate,double definition
32773,Settled group covered in embarrassment,resided,resided,container
5824,Get up in a lift,raise,raise,double definition
2184,A lot of jealousy over one's final words,envoi,envoi,assemblage
40789,Scales line to intellectual storehouse,library,library,assemblage
15724,Principles embodying rights of one in the crumbling Civil Service,ethics,ethics,anagram
36556,"Edward, gent at heart, in paradise",eden,eden,assemblage
19265,Not carrying anything one shouldn't? Absolutely!,clean,clean,double definition
52696,Discover ruffian keeps right in front of the fire,hearthrug,hearthrug,container
29034,Opposes odd-looking sisters,resists,resists,anagram
56345,Fancy coping with bare adults dancing around?,balustrade,balustrade,anagram
61132,The brother from Rome with fellow medallist in Devon,ilfracombe,ilfracombe,assemblage
124328,Fire fellow following foolishness,gooff,go off,assemblage
85882,One-night stand with heartless girl points to something that may be catching,giggles,giggles,assemblage
103210,Firm currently in recession secured by industry,hardwon,hard won,assemblage
58680,Home established in primitive setting with determination,earnestly,earnestly,container
115984,"Communist council among, also, Vietnamese",soviet,soviet,assemblage
131887,Bump into noisy old birds making pub grub,meatpies,meat pies,assemblage
33607,Drawback in pudding produced later,afterwards,afterwards,assemblage
74614,Religious community slaughtered sheep,ashram,ashram,assemblage
19108,Submit a return,yield,yield,double definition
29588,"In clutches of sex god, model meets copper",basemetal,base metal,assemblage
52415,Crop to whip animal,bobcat,bobcat,assemblage
131404,Bit of a setback for brownie lovers,snaffle,snaffle,anagram
99538,"Prune - or another fruit, we hear",pare,pare,double definition
21036,"Deny turning, through time, into corrupt being",degenerate,degenerate,assemblage
4159,Bird (not strong) found on Scottish island,inch,inch,double definition
55455,Tame animal - it is eaten by wild one wanting food,appetite,appetite,container
36013,Lawyer getting thanks for information,data,data,assemblage
133539,Basic stripping of crude mimes and arty frolics,rudimentary,rudimentary,assemblage
37775,In theory he wants the best,idealist,idealist,double definition
87232,Token role for opposite number,counterpart,counterpart,assemblage
53045,Fish got cut,haddock,haddock,assemblage
86523,"Out of military uniform, free to ignore their leaders",mufti,mufti,assemblage
40866,Manages to provide clothing for priests,copes,copes,double definition
24542,"Flower, European, containing odd bits of blue receding",danube,danube,container
65277,Turning grey? Not us - nor him,youngster,youngster,anagram
115372,Obscene play - interrupt endlessly,prurient,prurient,container
1134,Worker accepted Lawrence before becoming a fan,adherent,adherent,container
42887,The usual ones are likely to be the first taken in,suspects,suspects,double definition
112702,"Under custody with fixed amount of food, eating cold porridge",incarceration,incarceration,assemblage
9447,Angry leader left one singing in Penzance,irate,irate,assemblage
72813,Butcher eating right seafood,krill,krill,container
137515,Scientist works here with harpoon and cage? Not he,oceanographer,oceanographer,anagram
95370,"A month back, penniless in old money",lira,lira,anagram
83495,One in the eye for an unwilling school creeper?,pupil,pupil,double definition
17252,Hibernian leader lost by goddess,iris,iris,assemblage
66417,Put down action restricting newspapers,depressed,depressed,container
96273,Medicines that vary in cost,tonics,tonics,anagram
59260,Fungal pattern,mould,mould,double definition
1956,Man to cheat on bird,rook,rook,double definition
57932,One in a row put in dries out,disputer,disputer,container
73349,Poet of the sweet spring has direction about tree,nashe,nashe,assemblage
14701,Range of particular faculty so heartbreaking?,earshot,earshot,assemblage
6976,Open to defeat,undo,undo,double definition
51436,Richard about to drop a brick from crane,derrick,derrick,container
136580,"Proceed unsteadily round bed, muffling soft sound",copperbottomed,copper bottomed,assemblage
97443,Flower book,annual,annual,double definition
135242,Many a servant wants to hold you back,lackeys,lackeys,container
124115,Doubled over and collapsed,foldedup,folded up,double definition
29991,Ace intro for sales pitch,star,star,double definition
45120,Spilt glue on loaf!,lounge,lounge,anagram
75551,"I'm going to a concert and put off, if unrehearsed",impromptu,impromptu,assemblage
713,Conspicuous poverty traps,overt,overt,hidden word
99841,Back-to-front child keeps Anglican journalist at home writing a record of what has gone on,proceedings,proceedings,assemblage
115225,Fuss about drink - situation causing disapproval?,arumdo,a rum do,container
91890,"A heartless lie, trouble for lover",aficionado,aficionado,assemblage
60492,Israel supports law enforcement agency's territory,possession,possession,assemblage
29762,Drip through steeple,perspire,perspire,assemblage
50506,Aunt Ryder switched to a cheaper fare,dayreturn,day return,anagram
49074,Thing transported by driver could be for an entertainer,nightclub,nightclub,assemblage
63152,Influence of the Guardian - or what keeps it down,paperweight,paperweight,assemblage
16426,Recommend a defender,advocate,advocate,double definition
65698,Murderer taking taxi home after disposing of bishop,cain,cain,assemblage
82222,On which to stick the sick brick,stretcher,stretcher,double definition
77887,State in Midwest,maine,maine,double definition
47980,"Go for a jog, taking wrong turn",trot,trot,anagram
12622,Strip joints on time,divest,divest,assemblage
58079,Jocularly feared? Jocularly killed's about right,dreaded,dreaded,container
19550,"Prune, I gathered, not ready to eat",unripe,unripe,anagram
115732,Large amount of power fast leading to end of liberty,plenty,plenty,assemblage
115110,Finger the back of a book,index,index,double definition
130032,Bean you are told to put in liqueur,curacao,curacao,container
105773,"Failed to improve and defeated at Stamford Bridge, say",lostground,lost ground,assemblage
108316,He removes his customers,taxidriver,taxi driver,double definition
26733,"Senior slip, perhaps, dropping two",elder,elder,double definition
116760,Whack pithy American in London,battersea,battersea,assemblage
80585,Mammoth prank after rock concert,gigantic,gigantic,assemblage
118835,"Presiding officer, a Marxist, driven round in car",moderator,moderator,container
138930,"Plucks out, at last, name amongst sporting partners",twangs,twangs,container
14651,"With two sovereigns to pay back, 'e's made Primate of the Rock",barbaryape,barbary ape,assemblage
137881,"European earned rent, having boosted self-image",egotripped,ego tripped,assemblage
102427,"Irritated seducer, not being alone",unescorted,unescorted,anagram
141624,Expert is left gambling on dollar with no gain,profitless,profitless,assemblage
114302,Country put in a word of thanks for foreign capital,tirana,tirana,container
31641,Made to smile by a thought?,amused,amused,double definition
100749,Roman leader's watching out for Roman poet,virgil,virgil,container
40650,Lord Mayor says detective gets battering in Freetown,dickwhittington,dick whittington,assemblage
18387,Means of defence gets hot with top off,arms,arms,assemblage
61652,Ring road goes round a kiln,oast,oast,container
39649,Mole takes snack next to river,pier,pier,assemblage
41438,Baptismal name(s) given to an invader,norman,norman,double definition
119320,Numbers among European aristocracy,counts,counts,double definition
83419,Absorbent soup or stew,porous,porous,anagram
133495,Ecstasy over Republican tirade going wrong,errant,errant,assemblage
100203,Additional area in shop for ceramics,stoneware,stoneware,assemblage
45035,Confused order in account associated with cooking?,coriander,coriander,anagram
125182,Be involved with a lot of time put into unfinished machine,engagein,engage in,container
58615,Admit in different order to bay,inlet,inlet,assemblage
804,Vicar has no head for crime,arson,arson,assemblage
44701,She showed some initiative in revolution,evita,evita,hidden word
73700,Witty reference to office accident? Point taken,apercu,apercu,assemblage
113017,Key exercise to cut pound?,opener,opener,assemblage
103977,Journalists in house taken up as recruits for the navy,impresses,impresses,container
132803,Sailors turn on way and head for folly,absurdness,absurdness,assemblage
98356,Army command prepare for war,orderarms,order arms,double definition
84499,Very amusing - unruly hairstyle covers Conservative,hysterical,hysterical,anagram
91870,"Liberty, perhaps, to keep free - we must go back to prison",bridewell,bridewell,assemblage
41517,Composer's important name changed a bit where the rubbish goes,bernstein,bernstein,anagram
53315,Trajectory of missile soldier shot high in air over area,parabola,parabola,assemblage
95274,Jailed Liberal group?,clan,clan,container
130210,"Small gimmicky articles - book matches, for example?",novelties,novelties,assemblage
34430,Identification mark of one from a set that's incomplete,badge,badge,assemblage
5601,Maintain penniless specialist,exert,exert,container
119649,Extra large fungus,morel,morel,assemblage
37055,An ass in the city,antwerp,antwerp,assemblage
108114,Complaint of composer about old letter E,backache,backache,assemblage
78495,Umra and hadj regularly supported by one Muslim leader,mahdi,mahdi,assemblage
95732,A toy used at tea time said to make one hoarse,throaty,throaty,anagram
129009,"Change of leader to blame, innit?",briticism,briticism,assemblage
111565,Critical point of eating a biscuit,crunch,crunch,double definition
79539,Weak-minded one's expression of annoyance going up to work,dotard,dotard,assemblage
84386,Al names Dickey in sign language,ameslan,ameslan,anagram
133055,Fisherman who does will be more pleased than the boatman,catchesacrab,catches a crab,double definition
115567,Waterproof items the woman's put on to travel round a lake,galoshes,galoshes,assemblage
82860,Resilient component of bridge close to motorway,rubbery,rubbery,assemblage
53263,Cut up about ear-related fancy goods,exotica,exotica,assemblage
129846,"Openings to dressers, offices or rooms, say",doors,doors,double definition
26988,"No point, darling",love,love,double definition
57330,Borrow from boyfriend to hear orchestral soloist,oboe,oboe,assemblage
73737,Setter withdraws; Berber remains,embers,embers,container
136278,Wet chamois tends to gather,moisten,moisten,hidden word
87552,Act evasively with royal donors in the gallery,tergiversate,tergiversate,assemblage
40899,He stops lying and touching gentleman up,riser,riser,assemblage
120101,Waterside bird going unsteadily around end of pond,reedling,reedling,container
105829,Can come to play with model construction set,meccano,meccano,anagram
126777,"Attracted by inconclusive result in game, not settled",drawnto,drawn to,assemblage
80712,Maniacs fit to bust - displaying this,fanaticism,fanaticism,anagram
83269,"One travelling late, a shade before Amber picked up yours truly",redeye,red eye,assemblage
53941,Director concerned with a certain type of film,renoir,renoir,assemblage
4157,Little distance from island,inch,inch,double definition
76036,Mail steamer,packet,packet,double definition
129653,Sit exam - holding it back is extremely silly,dottiest,dottiest,assemblage
62128,Saving firm beset by money trouble,economy,economy,container
83974,Duke leaving country in Greek liner might cross it,atlantic,atlantic,assemblage
63017,Unable to love choral music,canto,canto,assemblage
86099,Drinking song?,round,round,double definition
31617,Notice the opening coming,advent,advent,assemblage
2888,Indicator of some aggravation,needle,needle,double definition
43143,Sacking personnel extremely ready for operation?,plunder,plunder,assemblage
62988,Architect's plan for advancement,elevation,elevation,double definition
32660,Dance? Did I step on your foot?,excuseme,excuse me,double definition
113061,"Support liable to fold and, in former times, seized by intractable troubles",concertinatable,concertina table,assemblage
16446,Avaricious type like godhead coming in earlier after greedy principal,golddigger,gold digger,assemblage
127431,Are they responsible for many bad things?,devils,devils,double definition
131731,"Guardian's put through edited parody, being sorry?",ibegyourpardon,i beg your pardon,assemblage
28898,"Sounding catarrhal, perhaps, like Rubens?",flemish,flemish,assemblage
137279,Revered former editor pinching a large journalist's bottom,exalted,exalted,container
141016,"Refusing to change opinion of university, Wayne Slob, a mess, drops round",unswayable,unswayable,anagram
67126,Dowdy from beginning to end,frump,frump,assemblage
118620,Old roses oddly lacking in scent in New York,odorless,odorless,assemblage
117260,Yours only houses a porcupine,urson,urson,hidden word
75383,A man on board remains,ashes,ashes,assemblage
8601,Incident for which there's still time,event,event,assemblage
12859,Share in concern,interest,interest,double definition
111817,"Lady's disease, lacking exercise",hers,hers,double definition
103517,Shanty about popular salt?,seasoning,seasoning,container
121551,Rubbish put out? It rusted!,detritus,detritus,anagram
128,Complaint as regards public transport,eyestrain,eye strain,assemblage
111306,Ringtones are annoying,resonate,resonate,anagram
28408,Shape of playing field a mess,rectangle,rectangle,anagram
82626,Hot spot in Sheffield for those needing a break,crucible,crucible,double definition
91702,Many politicians wish they were so gorgeous,delectable,delectable,assemblage
4193,Book is in stock,reserve,reserve,double definition
20361,Even scores -- could it straighten out oneês hang-ups?,levelpegging,level pegging,double definition
12739,Having clear head in panic is unusual,scarce,scarce,container
86561,"Liberated, topless and hot, embraced by one who pulls hippie type",treehugger,tree hugger,container
27088,Precious little time ahead,twee,twee,assemblage
55141,Cruciverbalist's sidekick with some incredible wisdom,lewis,lewis,hidden word
48054,Fasten colour in ranks,tiered,tiered,assemblage
72647,Gem?,twin,twin,double definition
44224,Show picture of riddle,screen,screen,double definition
122685,Weep over a southeast river,cray,cray,assemblage
31963,Spray for special dress,sprig,sprig,assemblage
41402,"Once it's used, part remains",section,section,double definition
115660,Such food's origin can be suspicious,inorganic,inorganic,anagram
108483,Reserves have to practise during breaks,restraints,restraints,container
141252,"Clarets, perhaps, or their Premiership rivals?",reds,reds,double definition
121234,"Long dress, backless, seen in French capital",londres,londres,anagram
6077,Footholds in the financial world,stocks,stocks,double definition
103075,Relationship's come to an end and put off indefinitely,sinedie,sine die,assemblage
48220,England takes a long time to win,engage,engage,assemblage
112949,French university in German city's resentful about it,sorbonne,sorbonne,container
48107,"One who's missing a get-together for a spell, possibly outside broadcast?",absentee,absentee,assemblage
111748,One whose existence depends on dripping,stalactite,stalactite,double definition
110105,Oil producers under pressure have hearts of stone,olives,olives,double definition
109004,Police call for attention vigorously like this,billyo,billy o,assemblage
30914,Passage taken from book unless grabbing reader at the start,excerpt,excerpt,container
128191,Paul's wife in cutie snatched by virtually mad African,zimbabwean,zimbabwean,anagram
46879,String player not good person - or inspired musician,corelli,corelli,assemblage
5114,Little swimmer is away from the King and Queen,elver,elver,assemblage
12528,What makes Trent's last marine mammal stagger?,totter,totter,assemblage
45453,Priest almost always found to be right in book,recto,recto,assemblage
44920,Sneeze said to be in dispute?,atissue,at issue,double definition
82517,Winds up clock initially and then forgets,closes,closes,assemblage
62084,"Characteristic of a rogue, taking umbrage over responsibilities",picaresque,picaresque,assemblage
64526,"To get cheaper travel, he avoids paying",flybynight,fly by night,double definition
77018,Style displayed by a retired European senior army man,artdeco,art deco,assemblage
124151,Radical vehicle young man left outside Number Ten,carboxyl,carboxyl,assemblage
142116,Backward-looking philosophy to suit minister being nasty,restitutionism,restitutionism,anagram
50168,New seat given to sailors behind,astern,astern,anagram
92929,Elizabeth I's favourite beer in curtailed privilege,raleigh,raleigh,container
15267,Depraved noble doesn't begin to accept proposal for coastal walk,esplanade,esplanade,assemblage
33362,The Spanish calf's head is thus served up on a plate,ossicle,ossicle,assemblage
85326,Sadie's naughty whispers,asides,asides,anagram
95200,The greatest length spanned by trunk road,ali,ali,double definition
23310,Old address of Turkish civil service,effendi,effendi,double definition
141627,"The Boys in Blue, or Blur?",fuzz,fuzz,double definition
37565,Essential solution sees priest kiss taxmen once,elixir,elixir,assemblage
129592,What scientific theory may be established in columnar layout?,testable,testable,assemblage
137810,Shifty of you French to pinch Naomi's bottom,devious,devious,container
82540,Mark for every run,scarper,scarper,assemblage
79954,"Possibly found in bar seats, but they're not drinking",abstainers,abstainers,anagram
99131,House of lead: fear melting within,prefab,prefab,anagram
105061,Shelter shimmering in sunset gets hot inside,nissenhut,nissen hut,anagram
114351,"Miss, female, follows vessel into open space",mournfor,mourn for,assemblage
59779,Officer has association with us at work,colleague,colleague,assemblage
58991,"Lass, like this clue, n end f rpe?",noose,noose,anagram
8523,I keep a number of lawyers from Prohibition,embargo,embargo,container
54388,"Play's opening: in the lead, having knocked back drink, Herbert Tree starts",firstnight,first night,assemblage
38626,"Round, with brains in colour, not straight",oblique,oblique,container
59008,"Vehicle condition needs attention, back to front",estatecar,estate car,assemblage
93669,Congenital idiot starts taking note round the fleet,inborn,inborn,assemblage
125676,Appeared to be soundly joined,seemed,seemed,double definition
118501,A little pretence and no mistake,onepercent,one percent,anagram
51737,Britain is short of funds - there are problems here,blackspot,black spot,assemblage
104850,One Turin game that's free of charge,neutrino,neutrino,anagram
109288,Cultural inheritance of egotist's refrain?,meme,meme,double definition
186,Put off one with disease returning,repel,repel,anagram
28829,"Furthermore, lacks great enthusiasm for measure",therm,therm,hidden word
22668,Conceal an increase in the premium?,coverup,cover up,assemblage
126763,Part of train with kind of light meals provider,carvery,carvery,assemblage
141528,"Executive position, brewing cider - sort drunk with joint",directorship,directorship,anagram
107378,Yet he enjoys some standing at meetings,chairman,chairman,assemblage
78170,"Given time, perhaps, on Judgement Day",sentenced,sentenced,double definition
55613,Growth of Manchu students carrying little weight,fungus,fungus,assemblage
137674,Move bottom and dance where bars have swingers who score?,tablefootball,table football,assemblage
132454,"Fall in love, yet become discouraged",loseheart,lose heart,assemblage
128042,Sole scourers - cat without tail around its prey?,pumices,pumices,assemblage
56213,How this word goes in,downwards,downwards,double definition
104839,"Russian dish baked without filling, virtually inedible at first",blini,blini,assemblage
5448,"Run gas through emptiest empty space, backwards",aerate,aerate,assemblage
58320,Nader the stabiliser - so peril's averted,spoiler,spoiler,anagram
141763,Fashion worth wearing in the event,hammerthrow,hammer throw,assemblage
114511,Poet has single girl introduced to mountain climbing,rossetti,rossetti,assemblage
1644,It involves places and composition,landscape,landscape,assemblage
5428,Finished in a state between Scylla and Charybdis?,endangered,endangered,container
116945,"Nun, scratching head, pegs out smalls",undies,undies,assemblage
78155,Something fishy leads to warning about air trip,caviare,caviare,container
71179,Tom's cry of derision,catcall,catcall,assemblage
6135,"Blunder, if this worn in summer?",muff,muff,double definition
12187,Catch sight of clairvoyance unknown,espy,espy,assemblage
112584,Offered and was inclined to embrace soldier,tendered,tendered,container
105988,Unaware of nice mess in egg container,nescient,nescient,container
63885,Let priest go to cast out unwanted spirit,poltergeist,poltergeist,anagram
94332,"Wander over island, one in NZ",maori,maori,assemblage
134857,Jumps on fools,mugs,mugs,double definition
124311,Men taking the bait and ringing,orbiting,orbiting,container
131773,Turning in one's irritation increased,risen,risen,anagram
115079,"Wasted away as a left back at Hyde, say",atrophied,atrophied,assemblage
34039,Averts disaster fast!,starve,starve,anagram
128427,Society's outsiders moved quietly in a heartbeat,systole,systole,assemblage
886,"Being this, he is leaving the land",testate,testate,double definition
16117,Able to tune radio set at last,adroit,adroit,assemblage
43804,"It's a capital living, admits one leading jockey",beijing,beijing,container
117901,"In old English, revision of chapter left by Lords to Commons",otherplace,other place,anagram
77464,Boy is given time to leave off,desist,desist,assemblage
41693,Cats in the pound?,ounces,ounces,double definition
21431,Impressive record once in charge,epic,epic,assemblage
15666,"He hits you, you're smitten!",eros,eros,double definition
31789,A third of close relations requires just a little spin?,triplet,triplet,assemblage
28437,A case of silence stifling passion,sheath,sheath,container
6093,Stops goals,ends,ends,double definition
102824,Britten opera poster put up by posh churchman,billybudd,billy budd,assemblage
33636,Reason traditionally lost at Oxford,cause,cause,double definition
54416,Temperature taken by measurement with voided mercury ruler,ptolemy,ptolemy,assemblage
96141,A measure adopted by prince of the blood,haemal,haemal,container
19468,Contributor to the Listener committing a murder,eardrum,eardrum,assemblage
20409,Independence ultimately ain't so bad for the country,estonia,estonia,assemblage
78168,"Without preparation, extreme confusion surrounds Post Office",extempore,extempore,anagram
134193,Those going through life with US and Iraq in conflict,qualifiers,qualifiers,anagram
110644,"Ruffians on holiday, blubbing?",tearaways,tearaways,assemblage
7137,Computer program overturned current operations research,editor,editor,assemblage
71765,Belts from old clothes,clouts,clouts,double definition
59149,Give a signal and slow down,flag,flag,double definition
112064,Silly fashion upset head of textiles,daft,daft,assemblage
17799,Protagonists content here in New Zealand,otago,otago,hidden word
104855,"Squandered University award, we hear",blew,blew,double definition
32618,Picture not painted by Landseer?,seascape,seascape,double definition
122725,Very large animal initially kept in pen (hint: eel's wrong),elephantine,elephantine,anagram
55838,"Lift has yet to arrive, stuck on ninth in skyscraper",elate,elate,assemblage
84685,"George Orwell and Colette finally breaking even, which produces a high note",flageolet,flageolet,container
140446,African people go off into depot,barotse,barotse,container
44704,Trouble-making name in Webster's duchy on hill in springtime,inflammatory,inflammatory,assemblage
27647,"Showed respect for an old lady, but insulted a young one",stoodup,stood up,double definition
116881,Generous party member …,liberal,liberal,double definition
76327,American largely ignored by people showing judgement,acumen,acumen,assemblage
1430,Slug with tail squashed by French politician,gaullist,gaullist,assemblage
43192,German siren from tradition that is left over,lorelei,lorelei,assemblage
74584,Diva cries about article,callas,callas,container
10816,"Plant flower, heading off to record store",tamarisk,tamarisk,assemblage
29525,Fellows entering into a welcome correspondence,agreement,agreement,container
66793,In a trice English graduate gets a bug,amoeba,amoeba,assemblage
19135,Neat attendant,cowherd,cowherd,assemblage
129417,Natural dwarfishness?,undergrowth,undergrowth,double definition
44727,"Attic half overturned, brought to order",garter,garter,anagram
91722,Crew said it's likely to be passed at Chiswick,eyot,eyot,double definition
135527,Gardner is hugged by admirer in plant,favabean,fava bean,container
1717,Bread for man with central heating,chapati,chapati,assemblage
809,Charge call to account,arraign,arraign,double definition
4523,Soldiers' miserable time is up,troop,troop,assemblage
105691,Part of town public steers clear of,outskirts,outskirts,double definition
8931,Cliché of a hi-fi buff,stereotype,stereotype,double definition
44673,Programming language that's good at compression?,python,python,double definition
46248,Female subject of an old song cycle,daisy,daisy,double definition
115494,Bearing maintained by naughty nineties director,eisenstein,eisenstein,anagram
10880,Mother gets on for Mars,damages,damages,assemblage
59910,Two-part choral work has no place for heartless imp of a boy,anthony,anthony,assemblage
99632,Please let's have a non-CFC deodorant!,rollon,roll on,double definition
91985,Hornby novel abridged for electronic reproduction,hifi,hi fi,assemblage
128691,Again ask for employment to gain work,reapply,reapply,double definition
6084,Suspends only half of one's objectives,ends,ends,double definition
74701,A secret service once pursuing an American Church Father,anastasius,anastasius,assemblage
94492,Blush like a wanton unlikely to run,colourfast,colourfast,assemblage
0,Many see through collapse,crumble,crumble,assemblage
48140,"Disreputable, extremely short, wasn't standing up straight",louche,louche,double definition
112971,Rate of one cheeky bash at a classic cuckold,amphitryon,amphitryon,assemblage
102848,Compound at Calais is about to be reinstated,ester,ester,assemblage
16816,People in A&E returned to get liquid injected,enema,enema,assemblage
41487,Use the office keys?,type,type,double definition
45616,Second-best comic,scream,scream,assemblage
47654,To drill can be tedious,boring,boring,double definition
81411,Wine to show a bit of leg,hock,hock,double definition
19272,Broken lance not spotted,clean,clean,anagram
129908,Therapist of the nose? Pay attention to include wise report about that,psychoanalyst,psychoanalyst,container
134664,Person with fancy lace cuff,manacle,manacle,assemblage
129429,A brother we found devastated by conflict,theboerwar,the boer war,anagram
118419,"""Surveying for First Great Eastern lines,"" Yeats begins",geodesy,geodesy,assemblage
92516,Pass on:,colon,colon,double definition
52114,The French are after refreshing quiet drink,tequila,tequila,assemblage
37465,What's gloomy about me - I can't concentrate,dreamer,dreamer,container
11348,Auto brand succeeded with a change of direction,saturn,saturn,assemblage
13043,Winner has the courage to drink heavily,hitthebottle,hit the bottle,assemblage
28785,A way to mount opera in arenas,stadia,stadia,assemblage
79940,Where to see stars a short time before song on stage,planetaria,planetaria,assemblage
15272,"In the main, this calf is dangerous",iceberg,iceberg,double definition
62385,Complaint on farm that is behind a bit,scrapie,scrapie,assemblage
142244,Crow loses tail and several feathers around neck,boas,boas,assemblage
75980,"Once together on paper, briefly",atonetime,at one time,assemblage
135701,Leaked info set back work during disputes,tipoffs,tip offs,container
124472,"Bad drink and grub, oddly, it's wrong to send back",gutrot,gut rot,assemblage
17784,King's playable after one club,iron,iron,assemblage
117766,"Setter mistakenly missing turn, goes without nothing but throws up",disgorges,disgorges,anagram
8764,"Mad to reverse, try going forward",stab,stab,anagram
11318,Entrance of a victorious procession curtailed,atrium,atrium,assemblage
76814,British people giving support,brace,brace,assemblage
44251,"Bumpy, therefore odd?",uneven,uneven,double definition
55769,Information going to one boy is applicable to the whole class,generic,generic,assemblage
88280,Getting to the end of this exhausts one's patience,tether,tether,double definition
7693,Fruit starters for office lunch in vegetarian eatery,olive,olive,assemblage
115632,Uncommon feature of British society,royalty,royalty,double definition
130149,Compel family to cycle (should not go out during major sporting event),olympicflame,olympic flame,anagram
131794,Coolers designed to hold a small criminal?,minibars,minibars,double definition
45234,Draw sleek creature in lovely shell,lottery,lottery,container
29972,Big name appears nightly,star,star,double definition
73611,Matched and dispatched?,mated,mated,double definition
18542,"Boatman's cover is partial, unsurprisingly",tarpaulin,tarpaulin,anagram
80766,He'll tak ye tae the quarry,gillie,gillie,double definition
117057,Handles books don ordered about queen,doorknobs,doorknobs,anagram
60056,"A match for ""Thus Spake Zoroaster""",avesta,avesta,double definition
67070,"It''s grating to be a bore, but not new",grid,grid,assemblage
57862,Start again from the River Meuse,resume,resume,assemblage
128742,A radio personality in a hairstyle that's a mess,abadjob,a bad job,container
95882,Scotched her father's inspiration,freshheart,fresh heart,anagram
26632,"Bishop drinking whiskey with solver, unemotional",dryeyed,dry eyed,container
22563,Greek captured by wanton scoundrel,rogue,rogue,container
84729,Demolish Humpty-Dumpty's so convincing argument,knockdown,knock down,double definition
22992,Constant desire to cut old hag's head off,itch,itch,assemblage
64616,Spook horse in show with mike,phantom,phantom,assemblage
13542,Whip used to enforce this community service?,partyline,party line,double definition
31134,Land on one's head?,panama,panama,double definition
54349,Way out writer in French restaurant,bistro,bistro,container
117946,Long sleeper had to rent carrier with shellfish,ripvanwinkle,rip van winkle,assemblage
72395,"Sage, I'm sorry to say, comes back around six",salvia,salvia,container
127740,"Wind in vet, behind producing air",ventilate,ventilate,assemblage
6540,"Vivid in future, possibly",intense,intense,assemblage
109531,"Element producing revulsion, added to sulphur",sodium,sodium,assemblage
99858,Column of Dutch sheep?,newel,newel,container
134715,Insular Spaniard former PM is able to set right,majorcan,majorcan,assemblage
129584,Helping upset diva with heartless apology,advisory,advisory,assemblage
137952,Gracious Evita reportedly turned up to embrace workers,operatives,operatives,assemblage
35792,Target someone who is relatively friendly?,auntsally,aunt sally,double definition
94778,Stick with sweet lines about love and end of hostility,lolly,lolly,assemblage
34981,Architectural features of poor housing received by the lower classes,prostyles,prostyles,assemblage
67831,Reel drunkenly in game lacking spirit,cheerless,cheerless,container
10330,"Paradoxically, it could be best!",worst,worst,double definition
12387,"Bound by discretion, one is silent",tacit,tacit,double definition
9758,They're used to create curls and waves,rollers,rollers,double definition
79039,What might go woof soundly sat on by wild bird,stormypetrel,stormy petrel,assemblage
64733,"Lacking inspiration, he goes for a walk",pedestrian,pedestrian,double definition
24369,Experts attempt to incorporate new blood,ancestry,ancestry,container
84007,Refusal to include pollarded tree in mock sea battle,naumachy,naumachy,container
72899,"Look in the bin, to wit, to get one's own back",scavenge,scavenge,container
107516,"Church leader, passionate primate, good for providing snifter",chotapeg,chota peg,assemblage
508,Stage directors in groups,boards,boards,double definition
101660,Form of estate agent's brochure?,semicircular,semicircular,assemblage
1325,God's big flag,osiris,osiris,assemblage
4624,Roundhead boarding weary compiler's boat,trireme,trireme,container
105356,"Pitch-black object with backing left to sin, a naughty boy",tarbarrel,tar barrel,assemblage
68820,"Descartes seen outside clinic, half-shattered, needing rest",recline,recline,container
4537,"Fuzzy, not very fit",ague,ague,double definition
29112,The dashing criminal's source of poison?,nightshade,nightshade,assemblage
21741,"Male/female, evenly distributed",evelyn,evelyn,double definition
68296,Take encouragement in comfort,cheerup,cheer up,double definition
6216,Visionary childhood?,infancy,infancy,assemblage
28508,"It's this or nothing at breakfast, say",oatmeal,oatmeal,assemblage
80349,Soldier's gone for a meal,repast,repast,assemblage
137739,Lock worker's increase in scale,friseur,friseur,double definition
83739,Legislation that went against the grain,cornlaws,corn laws,double definition
21513,Hands out pen from a simple case,openandshut,open and shut,assemblage
27101,Pretty short message,twee,twee,double definition
114825,Be critical about an expert supposedly solving everything,panacean,panacean,assemblage
142353,Dodgy polaroids safe? Happiness short-lived,foolsparadise,fools paradise,anagram
16363,Obvious successor holds a broadcast,overtheair,over the air,assemblage
14967,Oxford banker,isis,isis,double definition
29936,Communist receives a caution over Socialist fortune-tellers,tarotcards,tarot cards,container
133402,Set one's sights higher and improve,lookup,look up,double definition
68940,"Army retreat, then change direction to do this",attack,attack,assemblage
57233,Communicating off the field,intouch,in touch,double definition
141337,Frustrated European loudly had sex,checkmated,checkmated,assemblage
110247,Not much to drink (much less than a full finger in fact),thimbleful,thimbleful,double definition
111010,Asian last to rattle adversary,assailant,assailant,anagram
17936,Re-used cover of previous issue?,handmedown,hand me down,double definition
5317,"Carriage axle bush, for instance",bearing,bearing,double definition
73739,Cavalryman turns back without thinking about us,hussar,hussar,container
125627,Alpine flower,glacier,glacier,double definition
41906,"Spoony, perhaps, with stirring demeanour",enamoured,enamoured,anagram
87658,Painter appeared first - this followed!,camera,camera,double definition
5991,Dog without lead finding some balls,over,over,double definition
28256,Badgers - burrowers needing way in,molests,molests,assemblage
25856,Small man backing boss on sacred lotus,nelumbo,nelumbo,assemblage
119570,Boatman's a little troubled in the head,salt,salt,double definition
127217,Fruits singularly not given by uncaring types,figs,figs,double definition
30843,"Paddy takes it, being small",petit,petit,container
102111,What gets to stick when one's terribly hot in it?,clothing,clothing,double definition
72407,Defective gun's all right inside,broken,broken,assemblage
110483,Blend includes art arranged in rectangular array,matrix,matrix,container
13732,Golfing connections,links,links,double definition
85032,Annexe's relieved state?,extension,extension,double definition
12436,Nervous performing at the Fringe?,onedge,on edge,double definition
117902,"Phone call by layabout (""I'm disgusted"") evokes profound amusement",bellylaugh,belly laugh,assemblage
85804,Derby date produced a favourite among three-year-olds,teddybear,teddy bear,anagram
98735,Pressurise as insurance against missing church,coerce,coerce,assemblage
132807,"Raises cost somehow, or gets cut off",ostracises,ostracises,anagram
60427,Bluff queen sent back liquor - about a litre,bamboozle,bamboozle,assemblage
18488,Literary props,bookends,book ends,double definition
73881,Country base that is without a castle,eire,eire,assemblage
26869,Bows and scrapes to obtain indications of approval,fiddlesticks,fiddlesticks,assemblage
7879,Temper the effects of sausage roll,assuage,assuage,anagram
99678,Desires half my wages,yearnings,yearnings,assemblage
81712,Bend put straight inside which to rule sheets,bedlinen,bed linen,assemblage
16610,"Prepare to take off tons, one by one",taxi,taxi,assemblage
58232,Turn evil during temperance drive by New Labour?,modernisation,modernisation,container
36689,Mysterious name from masonic tiles?,mosaic,mosaic,anagram
19315,Flight departure,retreat,retreat,double definition
65650,Plaster for minor injuries standing firm,stucco,stucco,assemblage
19277,"Change sides, which is a bad thing",defect,defect,double definition
132215,Old money is securing items of furniture - is one for an Italian friar?,francisofassisi,francis of assisi,assemblage
115311,"Divorced, eh? Good news for one in for the long term",freepardon,free pardon,double definition
106251,Way to be impressed by sunrise's form - or lack of it?,rustiness,rustiness,anagram
64158,"Voltaire, say - deep cynic lost at sea",encyclopedist,encyclopedist,anagram
38882,Asian city of fragrancy,agra,agra,hidden word
74020,Age span,period,period,double definition
78925,Naturally good leg-spinners,spiders,spiders,double definition
79285,Rex remains impulsive,rash,rash,assemblage
575,Fixed quantity in firm,constant,constant,double definition
94721,Ruth left Bedlam,babel,babel,double definition
31006,Board has positive answers from two Europeans,ouija,ouija,assemblage
55821,"Rodents party, beginning to munch through cereal",dormice,dormice,assemblage
64335,"Rope, look, tethering donkey",lasso,lasso,container
96379,Puffer with little weight of matter,grampus,grampus,assemblage
9137,Force hospital into consortium,thrust,thrust,container
85727,Hour in which ethnic group rises for fresh start,rebirth,rebirth,anagram
29337,Ventilation for the gallery,louvre,louvre,double definition
98413,Black rhyme for Greene's coloured boy,inky,inky,double definition
35599,Bird with no head for danger?,ostrich,ostrich,double definition
119364,Where top artists seek inclusion with nude?,intheraw,in the raw,container
24378,Past master in sari and hot pants,historian,historian,anagram
2518,Longs for young ladies,misses,misses,double definition
133690,What Newgate is for Dickens,oldnick,old nick,double definition
21240,"The rock of ""rock, paper, scissors"" keeps right on top",first,first,container
74304,See a clip supposed to be great,especial,especial,anagram
69968,Las Vegas employee with a worse lung problem?,croupier,croupier,assemblage
45126,"Sends Evelyn, as I'd rectified a number of faults",sevendeadlysins,seven deadly sins,anagram
7962,Where reels of film may be seen - or heard,cannes,cannes,double definition
37965,Top military support secret police,brass,brass,assemblage
142173,"It's Red Revolution, the worst",direst,direst,anagram
7319,Look at ways to get peers assembled,lords,lords,assemblage
137321,Commonwealth leader shot - very good one!,turnbull,turnbull,assemblage
121425,An imposing character - one of Kafka’s - producing type of missile,antitank,anti tank,assemblage
127498,"Jumper might go over this, missing tie",skippingrope,skipping rope,assemblage
113811,African gets the gist with Scotsman,nubian,nubian,assemblage
138409,"Shiny fabric worn in alluring style, ultimately",goldlame,gold lame,assemblage
79999,Insisted order must be a good order,tidiness,tidiness,anagram
137560,Line clippers?,clothespegs,clothes pegs,double definition
86848,Wizards are most active on Sunday,maestros,maestros,anagram
12824,Charlie leaves boat for shrine,oracle,oracle,container
135479,Forces people to take food here,messhall,mess hall,assemblage
83436,Translate name found in prettier version,interpret,interpret,anagram
74572,Artisan alters creation,slater,slater,anagram
33740,Man trained with choir for musical,harmonic,harmonic,anagram
87573,Unduly pleased with the south face,smug,smug,assemblage
118779,Have a go at bird,snipe,snipe,double definition
59224,Bear guest destroying plant,sugarbeet,sugar beet,anagram
39549,Antique chair that's broken must be taken into account,archaic,archaic,assemblage
6912,Most wealthy independent church to be still around,richest,richest,assemblage
78801,"Anyone's game, as Manx cat and cat back to back",tossup,toss up,assemblage
18626,Genius of story books,talent,talent,assemblage
35138,Building weapon unleashes anger,farm,farm,assemblage
64901,"One sumo wrestling in Finland, as locals would say",suomi,suomi,anagram
52450,Late train?,cortege,cortege,double definition
56767,Training vessel for aspiring officers?,cadetship,cadetship,double definition
38460,Tells these jokes,cracks,cracks,double definition
141896,Bar gets this for beggar that's like a frustrated bird,eggbound,egg bound,assemblage
98105,Learning about waterfall in part of France,lorraine,lorraine,assemblage
132566,Belittle liberal mad to enter fight over leadership in House,badmouth,bad mouth,assemblage
83812,Far-reaching reduction in military establishment,deepcut,deepcut,assemblage
39742,"Duck, plump and mouth-filling",orotund,orotund,assemblage
125128,"Rule out piece of Chopin, say, covering his head",preclude,preclude,assemblage
111096,Scientists here made flexible card envelopes,academe,academe,anagram
38681,"Fruit here, or vegetable",orchard,orchard,assemblage
44921,Sounds like what you might need,atissue,a tissue,double definition
59338,"Plover, nestling, swallows, eagle",erne,erne,hidden word
123744,"A round game, perhaps",cuptie,cup tie,assemblage
100214,Presley lives again!,elvis,elvis,anagram
75044,Sweet to laze around - I need a fizzy drink,lollipop,lollipop,assemblage
37294,Sad ears need music,serenade,serenade,anagram
51340,Sort of policy for the Lib-Dems?,thirdparty,third party,double definition
130173,Tiny creature avoiding northern frontier resort,rotifer,rotifer,anagram
39575,Soup with ices? Unusually plausible but wrong!,specious,specious,anagram
99995,"Rare rat, I suspect, in glass cages",terraria,terraria,anagram
75977,Make good porridge together,atonetime,at one time,assemblage
83180,Scratch is beginning to sting,startingpoint,starting point,assemblage
35625,Girl Adler treated in church,cathedral,cathedral,assemblage
5173,Stalag ground is filled with hostility,aggro,aggro,hidden word
78001,Mission in a real amount of difficulty,alamo,alamo,hidden word
45719,Picadors are involved here and there,sporadic,sporadic,anagram
103996,Guffaw if her goulash is awful,horselaugh,horse laugh,anagram
4215,She requires daily refreshment,lydia,lydia,anagram
16990,A certain success is not affected …,natural,natural,double definition
3727,Dickensian dance,twist,twist,double definition
51563,Column almost collapsing? I'll fill the gap,locum,locum,anagram
21115,"Mature, or mature to a point",ripen,ripen,double definition
80854,Prince with more cats and dogs?,rainier,rainier,double definition
122095,"Solicitor nabs service people, securing title in contest",tournament,tournament,container
129495,"Look up fish at university in France, a mythical creature",loupgarou,loup garou,assemblage
125864,"Novel that's hilarious, one getting thanks",lolita,lolita,assemblage
140039,What snooker player does when past his best?,goestopot,goes to pot,double definition
140315,"Not much attire, going topless",abit,a bit,double definition
53729,Instructions once written on tablets?,tencommandments,ten commandments,double definition
1219,Juliet's town is not on for her,vera,vera,container
47705,"Quiet seaman gets by, looking scruffy",shabby,shabby,assemblage
94685,"Tom, on date, sought sexual contact in public",cruised,cruised,double definition
122653,X-ray of man or egg - or net product,roentgenogram,roentgenogram,anagram
67502,"Covering bottom of utensil, often slippery - is it?",teflon,teflon,double definition
114238,Resting places used by Francis of Assisi,sofas,sofas,hidden word
5851,We're told to record a metre as aid to calculation,logarithm,logarithm,assemblage
109445,Vegetable raised in some confusion at Goodwood events,motorraces,motor races,assemblage
32747,Missionary agents live abroad,evangelist,evangelist,anagram
56807,"Not this piece for piano, therefore",another,another,assemblage
86413,Lump?,plumduff,plum duff,assemblage
16878,"Covert socialist, extremely rich, in want of a wife",stealthy,stealthy,assemblage
126386,"Tokay, heated mistakenly, following pages? Don't go to work!",takethedayoff,take the day off,anagram
4272,Girl with little money - and that obsolete,anna,anna,double definition
21003,Insect burrowing into straight banana,plantain,plantain,container
71731,Hunter occasionally bagged fantastic bird,roc,roc,hidden word
99115,It is appealingly drawn on the lid,eyeliner,eyeliner,assemblage
70810,Skill of the Ettrick Shepherd? His literacy had its uses,hoggart,hoggart,assemblage
98353,He teaches people to revere leader,mentor,mentor,assemblage
126182,Villain that might create problem in camp,badguy,bad guy,assemblage
60671,"Where noise is unsettling, in general",eisenhower,eisenhower,anagram
21507,Playschool subject? It's an outrage!,scandal,scandal,assemblage
16420,"A look-alike, sometimes dead",ringer,ringer,double definition
114865,Where a Londoner hates damp spreading,hampstead,hampstead,anagram
127260,"Vessels, any number, in bay for time of celebration",burnsnight,burns night,assemblage
76210,Meet price as arranged for tour de force,masterpiece,masterpiece,anagram
35067,A paid informer,teacher,teacher,double definition
81023,A little wind makes your head swollen,puffy,puffy,assemblage
50994,Snug place for young foxes?,cubbyhole,cubbyhole,assemblage
136945,"Bishop, say, tries fruit",mangoes,mangoes,assemblage
70420,Swimmer looking miserable,bleak,bleak,double definition
20182,Skin disease going around English riding school,manege,manege,container
28322,Most unlikely model to endure weight,last,last,double definition
9485,It's an effort to go round Waterloo with it,trendy,trendy,container
39870,Rude to squander,blue,blue,double definition
117150,"Starting over, the ophthalmic surgeons manage to get the wrong instrument!",otoscope,otoscope,anagram
11010,Be a gymnast and take drugs,dope,dope,assemblage
107837,Jumper for Nellie the Elephant - or where she performed?,bigtop,big top,assemblage
96325,Swirling mist hides the way forward,immodest,immodest,container
93475,Smirks about power of social outcasts,lepers,lepers,container
44616,Sleeveless jacket won't do for this family identification?,coatofarms,coat of arms,assemblage
64958,"A letter P's compound, potassium compound",saltpetre,saltpetre,assemblage
81691,Test we hear? A river,aural,aural,double definition
29275,Famous Greek plot - a disaster,plato,plato,anagram
56166,Guard gives a warning,lookout,look out,double definition
33115,No heart of stone,diamond,diamond,double definition
16414,Nasty skin complaint through sprawling outside,bitchy,bitchy,container
58690,Keen to have one foot in the grave?,dying,dying,double definition
131396,Competing boxer's seconds question almighty setback?,showdog,show dog,assemblage
80011,American friend seen around university most of the time,usually,usually,assemblage
73202,Falsely accused by FBI man about crash,framed,framed,container
78071,Maybe his place is rented out,resident,resident,anagram
76385,"Rent hotel or school in south-east Clydesdale, for one",shirehorse,shire horse,assemblage
82896,"English team having drawn, no one left",exited,exited,assemblage
116563,Mammoth starter unfortunately brought up is sausages,salamis,salamis,assemblage
103534,Oxygen carrier left next to prison,redcell,red cell,assemblage
82295,I'm heading for exit after old bag becomes ex,onetime,one time,assemblage
115234,Excessive praise about Edward at university starting course for mature students,adulteducation,adult education,container
90955,Trumpeters appearing in county after Brazilian player's brought back,elephants,elephants,assemblage
137912,Conservative strongly backing demand,callfor,call for,assemblage
73802,Preceding to enter by gate at the front,going,going,assemblage
104625,Boy from the West in Scottish burgh,edwin,edwin,container
87982,Not expecting the girl to have the goods,unawares,unawares,assemblage
76048,Test space craft with no tail,challenge,challenge,assemblage
103377,Composer appearing after end of last movement,travel,travel,assemblage
123401,Spicy stuff to read outside pub before lunch,cinnamon,cinnamon,container
41418,Sartre's letters giving rise to apprehension,arrest,arrest,anagram
77546,Vegetable served after a special introduction to Alan Sugar backfired,asparagus,asparagus,assemblage
43593,Like beauty of a sort with ooze about it,skindeep,skin deep,container
107689,"Politician, during progressive period, is acquiring intelligence",reconnaissance,reconnaissance,container
98788,Writer flipped over opening to last part of play,tolstoy,tolstoy,assemblage
99954,"Ballot fixers in attractive colours, not our problem",tacticalvoters,tactical voters,anagram
62462,Lands on the sheltered side,leeshores,lee shores,double definition
119171,Start putting fresh lead on carpet,kickoff,kick off,assemblage
3381,Up-to-date cultivation of the soil?,tillage,tillage,assemblage
10596,It's found in church building patterns,transept,transept,anagram
24068,Thickening painful growths put end to gout on part of foot,cornstarch,cornstarch,assemblage
15881,Once the highest position for an Afghan was a space station,amir,amir,double definition
37564,Miracle drug for backside in trouble,elixir,elixir,container
23223,Order shop sent to stock cover of Elton's Rocket Man,stephenson,stephenson,anagram
41480,"Given backing, heavyweight behind strong bid",notrump,no trump,assemblage
87869,Not a scrap of bias,fairfight,fair fight,double definition
102483,French fighter's motorway madness,mirage,mirage,assemblage
72524,Clean citizens here?,bath,bath,double definition
97769,Hesitation about having booze served at front of gallery buildings,realestate,real estate,assemblage
20415,An attractive item that has nothing of interest to a motorist,magneto,magneto,assemblage
40137,Animal refuge that is about right for a certain group,coterie,coterie,assemblage
7968,"A powerful man, the ambassador makes a pronouncement about cold",hercules,hercules,container
102624,"Assured novel, but wilder movie",sunsetboulevard,sunset boulevard,anagram
65680,Belief about view endlessly increasing,crescendo,crescendo,container
87912,"Short jacket for male in fake fur, worn by comic",bumfreezer,bumfreezer,assemblage
38417,"Refuse to ride horse, using whip",thrash,thrash,container
115744,Insect on animal's a source of annoyance,bugbear,bugbear,assemblage
26867,Olympic ultimatum has weight in China,picul,picul,hidden word
46446,Contractor's footnote on tick,triceps,triceps,assemblage
19903,Desiring change in location close to fighting,ringside,ringside,assemblage
25763,Thinner is better,finer,finer,double definition
88814,He wrote Cleopatra's reported reply to Antony's asking if she was still faithful?,omarkhayyam,omar khayyam,assemblage
5533,Flavouring and cooking man's tripe,spearmint,spearmint,anagram
30385,Frame Dave's mate - relatively finished!,chassis,chassis,assemblage
30495,Offer rented accommodation,tender,tender,double definition
52467,Catch ten fresh fish,entangle,entangle,anagram
41890,Incite prison in revolt,stirup,stir up,assemblage
88056,Fabric occupied a building,satin,satin,assemblage
46609,"A Nepalese, say, is earnest about monarch",easterner,easterner,assemblage
122557,There's no good in Mayday melodies,songs,songs,double definition
128690,Gather work is put to use again,reapply,reapply,assemblage
102956,Individual giant houses for Renaissance man,titian,titian,container
12925,Seer turning coy on investigation,research,research,assemblage
39033,Old artist mostly upset,aged,aged,anagram
31876,Preserve grim sincerity,candour,candour,assemblage
985,"Cook red beef, not an insect",chef,chef,assemblage
85602,French mediator's argy-bargy,fracas,fracas,assemblage
9206,"Continent, not island, shortly to be put in geography book",atlantis,atlantis,container
138347,"Ravel, go away",getknotted,get knotted,double definition
4790,Beefy type crosses state to find gem,onyx,onyx,container
14889,Home provided for a pound for quiet creature about to be so!,almshouse,almshouse,assemblage
124445,Began to wriggle around in truck,loganberry,loganberry,container
99172,"Singer with no regrets, if paid the rent?",edithpiaf,edith piaf,anagram
93629,Went for the green finish on household range,drove,drove,assemblage
126215,Hot glow of anger in experience with BA?,firelight,firelight,container
85131,Altogether Ben fails to set up pass,enbloc,en bloc,assemblage
84857,Immature aloofness almost leads to beauty,childish,childish,assemblage
115659,In love and caring fantastically - it's a sort of chemistry,inorganic,inorganic,anagram
52860,The heart of a German city church,essence,essence,assemblage
1538,"Girl who makes you nearly glow, then look back",gloria,gloria,assemblage
119218,"Get dad drunk, say, involving a couple of parties",bipartite,bipartite,assemblage
94357,Reproducer of Trojan holding note at a pub,hectograph,hectograph,assemblage
91889,Fan finds trouble follows a heartless lie,aficionado,aficionado,assemblage
6738,"Sky thus clearer, as university sportsman runs",bluer,bluer,assemblage
40719,Secretary in the States is a sap,upas,upas,container
67884,Smell fine reserve,book,book,double definition
76746,One book on birds for advanced students in America,internes,internes,assemblage
41823,Tree could be so creamy,sycamore,sycamore,anagram
87504,Choir with its quavers breaking new ground,historic,historic,anagram
76062,Processed heroin available at a price,onhire,on hire,anagram
127336,"Musical system that can be revised for solo, in fact",tonicsolfa,tonic sol fa,anagram
24151,Wellington's section showing how soldiers should march,instep,instep,double definition
70011,Vulgar American four entertained by their President no longer,abusive,abusive,container
76100,University in conservative soap opera setting,cambridge,cambridge,assemblage
52612,Disputed frontier,borderline,borderline,double definition
91254,Colour purplish brown won't begin to be cut,reduce,reduce,assemblage
110946,Non-illuminated bend up front leads to the opposite,sunlit,sunlit,assemblage
42138,What that enemy harbours?,hate,hate,hidden word
45410,A number observed outside happening,seventeen,seventeen,container
57257,Labour to keep arbitrator in clover,trefoil,trefoil,container
951,He owed a pound of flesh? A strange notion,antonio,antonio,anagram
43854,"Hastened, say, to climb Alps?",range,range,assemblage
5677,Barge carrying less cargo?,lighter,lighter,double definition
65071,Boyfriend getting girl doctor to change rota,inamorato,inamorato,assemblage
114210,Criticises card game's return,pans,pans,anagram
13585,Irene may appear when he's around,ernie,ernie,anagram
80682,Left in peace at a square in Madrid,plaza,plaza,container
53004,Disagree with long pronouncement in paper,takeissue,take issue,assemblage
76938,Thwart the unknown in confused times,stymie,stymie,anagram
97786,Ridicule the regional tableware,teaset,tea set,assemblage
137651,Vehicle manoeuvre - real comedy act?,rightturn,right turn,assemblage
19437,"Our Wednesday, or a godlike ""duck noise"" joke",odin,odin,assemblage
107566,"Rich, turning up, is on cue",pecunious,pecunious,anagram
50078,Where to find Lorelei in her distress,rhine,rhine,anagram
12632,It shows pressure or bias is developing,isobar,isobar,anagram
99592,Male facing stress when leaving US city,memphis,memphis,assemblage
27800,"Abroad, confused between left and right",labrador,labrador,assemblage
138977,"Executing rogue, sorrowful earl replaces head of axe",implementing,implementing,anagram
129634,Maintain the same policy?,reinsure,reinsure,double definition
7984,"Neat shot, though not centred with precision",nicety,nicety,assemblage
72062,"Hardwood - pine, say - pleasant when toasted",teacake,teacake,assemblage
125309,Boy born on top of stretcher?,brick,brick,assemblage
118913,Vehicle on notable run aiming to be eco-friendly,carbonneutral,carbon neutral,assemblage
55872,Code for the thick-headed,ethic,ethic,hidden word
136300,"People of power head south, drinking old red wine",potentates,potentates,assemblage
135834,Is linked by time? That's extremely premature,hastiest,hastiest,assemblage
131353,Bar Venice? Split the drink between the three of them,adriaticsea,adriatic sea,assemblage
15394,"Tell one all we arranged and, if it ain't broke, don't fix it",letwellalone,let well alone,anagram
60885,Plan to secure new role is adequate,tolerable,tolerable,container
29453,They clip specific items studio requires after vacation,scissors,scissors,hidden word
29065,Mad behaviour of people on the way,roadrage,road rage,assemblage
41194,Goddess makes man survive,hebe,hebe,assemblage
9392,Initiate Israeli leader,begin,begin,double definition
122333,Sweet things in book collection most delightful,nicest,nicest,container
72432,Old magistrate about the day before,reeve,reeve,assemblage
24494,Cooked eel with crackers is basic,elemental,elemental,assemblage
12474,Responsible for what's inside fuse,behind,behind,container
52564,Character against drink,chianti,chianti,assemblage
115385,Put up with nothing short of Asian island,borne,borne,assemblage
52202,"Brought up changes to delete, outlining state",elevated,elevated,container
108427,One's crisis forced annulment,rescission,rescission,anagram
31862,Famous item in entrants' pockets,eminent,eminent,hidden word
61366,Flinch from having bell in church,cringe,cringe,container
52677,"Gates, maybe, soft before time",pearly,pearly,assemblage
1970,"Primate swallows vegetables to satisfy hunger, perhaps",appease,appease,container
132221,Smart clothes are endlessly turning up for French politician,chirac,chirac,anagram
21040,Quality of King and Queen recognised in very many quarters,sereneness,sereneness,assemblage
110329,"Fish eggs, fruit of the deep",seagrapes,sea grapes,double definition
64847,Posing like deposed ruler,king,king,double definition
60364,Put on weight and looked older,staged,staged,assemblage
61310,Just buying and selling,fairtrade,fair trade,assemblage
43886,Luxembourg possesses a capital,lhasa,lhasa,assemblage
787,A pound of sultanas?,harem,harem,double definition
126424,Determined a doubter will convert,obdurate,obdurate,anagram
72983,Good man consumed by power,state,state,assemblage
107993,Key to weakness revealed outside our scene of action,courtoflaw,court of law,assemblage
2724,Frail insect eating a single document,flimsy,flimsy,container
68791,Convert her with my short poem!,rhyme,rhyme,anagram
67992,"Deliberately crash into vehicle, knocking piece off front",ram,ram,assemblage
87497,Motley beast or bad boy once,assorted,assorted,assemblage
134298,Director backing Britain? Jolly good fellow!,kubrick,kubrick,assemblage
69540,Innocent abroad?,naif,naif,double definition
68900,Gets messing about in boats,obtains,obtains,anagram
139240,Fail badly with a Japanese verse,tanka,tanka,assemblage
70032,Left sheet listing one's financial assets,portfolio,portfolio,assemblage
85826,Grass home for d-devil housing an explosive,indianhemp,indian hemp,container
106085,Members unite having right to work for this?,reimbursement,reimbursement,anagram
48518,"Snooping, a small number make notes",nosing,nosing,assemblage
2505,Couple stop as way to end a game of tennis,tiebreak,tiebreak,assemblage
110950,Got back to front,regainedthelead,regained the lead,assemblage
81286,So not about to be given sequence of notes to follow?,tonedeaf,tone deaf,assemblage
96151,Lower speeds ordered on both sides of the river,depress,depress,anagram
31800,Upending tin over most of spicy Mexican food,nacho,nacho,assemblage
108770,"Firm slice finds corner, say",setpiece,set piece,assemblage
11786,Wrongly push to a conclusion,upshot,upshot,anagram
127548,Detachment of soldiers holding clubs in card game,picquet,picquet,double definition
32540,Some ladies drink,bevy,bevy,double definition
41014,Complex to explain,elaborate,elaborate,double definition
466,This gauges resources and signifies a river,meanstest,means test,assemblage
33122,"Comedian met fame awkwardly, finally destroyed",mademincemeatof,made mincemeat of,anagram
45774,Fliers distributed; sheet contains mockery,persiflage,persiflage,container
117667,"Moan, if drink's drunk hot",whine,whine,container
113542,New pair go off to win election,gainpower,gain power,anagram
65918,Biscuit produced in a mass,wafer,wafer,double definition
45657,Artist twice entering dock,cubist,cubist,container
83510,Blocking promotion,plugging,plugging,double definition
94556,Shop closing early before mass attack,storm,storm,assemblage
63029,Meets train as ordered where it stops,terminates,terminates,anagram
131162,"Digit's good, dividing number reportedly better",forefinger,forefinger,container
97388,Nameless tyrant can become irritable,ratty,ratty,anagram
116658,Is card between pair of diamonds swell?,distend,distend,container
8739,Gather there no getting out of hell,infer,infer,container
39731,"Rocker, say, meeting conductor",chair,chair,double definition
49880,Irishman in charge of Scottish club,celtic,celtic,assemblage
46282,One to pour out wine for starters,antipasti,antipasti,assemblage
35604,This orc running is one that can't fly,ostrich,ostrich,anagram
42159,Go it to date - not so fast!,steady,steady,double definition
141937,Place vessels around large plot,layplans,lay plans,container
42638,Drinker of rum and winter warmers will get liver damage,longjohnsilver,long john silver,assemblage
125622,Cautious bids ordered - it was dangerous for old sailors,charybdis,charybdis,assemblage
10312,Determined where nomads live?,intent,intent,double definition
115869,"Earth not even, pulled up tuber",eddo,eddo,assemblage
107597,"They grip food, both hands stuffed inside edges",pliers,pliers,container
88587,"Hercule II, revolutionary French churchman",richelieu,richelieu,anagram
19516,Service provider,priest,priest,double definition
4635,Avenge upset in Switzerland,geneva,geneva,anagram
29916,General passages written up inspired by Indian city?,agricola,agricola,assemblage
27519,Weapon standard rising? That's right!,rapier,rapier,assemblage
25066,"See, say, unidentified writer's catalogue of principles",canon,canon,assemblage
20332,Shocked query about new cars is unhinged,isnothingsacred,is nothing sacred,anagram
127180,Plots involving high-speed races,machinations,machinations,assemblage
96398,"From afar, about to get accommodation close to Derby",remotely,remotely,assemblage
48694,Chimney first built in the past brings back trouble,lumbago,lumbago,assemblage
100258,Help idiot start to improve posture,assistance,assistance,assemblage
38758,"Relatively speaking, one's kept under wraps",mummy,mummy,double definition
87522,Instigate storing flower in kind of cup,stirrup,stirrup,assemblage
142221,"Having coat on boat, catching river fish",mackerel,mackerel,container
141187,A king boarding plane that's less reliable,flakier,flakier,container
40560,But does the chattering class come to the point here?,focusgroup,focus group,assemblage
7682,Stake fixed by partners in French city,nantes,nantes,container
138627,"Calls offspring ""round the bend""!",ringsup,rings up,assemblage
64452,"So ""Tripe"" is silly retort",riposte,riposte,anagram
24572,Animal a wigeon's caught in the country,malawi,malawi,hidden word
117600,Rock group's third,tertiary,tertiary,double definition
138876,Like some exercise? I carried back some French wine bottles,aerobic,aerobic,assemblage
121781,"Oratory fought fight, beat beast, missing bus at random",thegiftofthegab,the gift of the gab,anagram
84399,"One saving another animal, implanting organ",deliverer,deliverer,container
142069,"Big deal, right? Won't work - like government's contact-tracing app",worldbeating,world beating,assemblage
20821,"Midge swallowed by medic, an artist",durer,durer,container
87715,Doctor maintained by benefit gets an easy ride,doddle,doddle,container
85975,"Generators died, rotating such a lot",dynamos,dynamos,assemblage
4568,Order article from Gulf State,oman,oman,assemblage
82430,Topless Antipodeans going to Thailand make Greek tense,aorist,aorist,assemblage
115034,Plumpness? Point to retiring aristocrat and me,embonpoint,embonpoint,assemblage
79361,Tenor's heart evident in doleful lament,monody,monody,container
64601,In charge of opening up the polar regions?,icecaps,icecaps,assemblage
63482,Provide at last half what's due,endow,endow,assemblage
51240,Give up supporting Japanese game,forgo,forgo,assemblage
17835,Complete section of boxing match cancelled,roundoff,round off,assemblage
28362,Comment about student's achievement?,remark,remark,assemblage
135482,Indicated empty lavatory in a very obvious way,pointedly,pointedly,assemblage
22918,Club in which the password is courage,disco,disco,hidden word
140742,"A comic ran about like 'Michelle, ma belle ... ’",macaronic,macaronic,anagram
105460,Dean captures heart of chorister,inge,inge,hidden word
40625,Deal with entertainment paid for by another,treat,treat,double definition
139591,Straight instruction in this flat: coffee should be stirred,thefactsoflife,the facts of life,anagram
58343,Spanish leaders present in province,sphere,sphere,assemblage
68454,Bit good to split seed with first of tools,segment,segment,container
84318,Bias isn't commonly seen in cosmetic treatment,warpaint,war paint,assemblage
55385,"Surprise article, something you may get lost in ?",amaze,amaze,double definition
64611,Performed by singers restraining novice with a sedative,chloral,chloral,container
106115,"Put on reversion, having bounced twice?",notup,not up,anagram
23594,Substitute tears round chicane?,ersatz,ersatz,anagram
91258,Fruitcake's quality was keeping cows in gas,wackiness,wackiness,container
102879,Pitch closed after popular race,intonation,intonation,assemblage
132031,Dubious legal reason area's lacking cell units,organelles,organelles,anagram
25794,Killjoy has loot left,spoilsport,spoilsport,assemblage
70201,Sell one before hotel gets turned over,flog,flog,anagram
139161,"What you might need, when at first you spot wasp in apartment",flyswat,flyswat,container
57790,Argues over part of the make-up of crosswords,rows,rows,double definition
109106,Foreign copper gets doctor free,mountie,mountie,assemblage
111482,Source of milk for army medic in capital?,moscow,moscow,assemblage
122642,Let Jack be seen to supply a military presence,showtheflag,show the flag,double definition
31814,Coward takes in catch coming back in the Med,lebanon,lebanon,container
63445,Family member that's wearing glasses,species,species,container
56084,Crafty move before close of play,shifty,shifty,assemblage
64306,Curve produced by exceptional strain - internal fix needed,intrados,intrados,anagram
48057,Silver in heavenly ornament,astragal,astragal,container
76016,"After struggling free, bird makes secure place in the sails",reefknot,reef knot,assemblage
96987,Prophet avoiding pride through divine intervention,daniel,daniel,anagram
92363,"Second that is to say ""shut up""",stowit,stow it,assemblage
137221,Row over golf: good golfer admits they don't have balls,geldings,geldings,assemblage
50596,Green fabric bags I almost go crazy about,ecological,ecological,container
25646,Main course for travellers,seapassage,sea passage,assemblage
99922,Turn defeat into a stroke of luck,windfall,windfall,assemblage
83068,Mince pies to include a number of drugs,opiates,opiates,anagram
65414,Make repairs to stillage: that is the law's obligations,legalities,legalities,assemblage
85528,Priest holding bird's bone,femur,femur,container
17724,Steer and nag unexpectedly break off friendship,estrange,estrange,anagram
139478,Horseman and I went off to the north,dettori,dettori,assemblage
47473,Argentinian girl has a row with Araucaria,galtieri,galtieri,assemblage
31150,Hitch horse to pole,snag,snag,assemblage
53208,Singular way to ramble,strange,strange,assemblage
139761,In favour of US president sacking Democrat,for,for,container
80541,Where witches venture,coventry,coventry,assemblage
142146,Tendentious bid may be put forward after no end of hesitation,doubled,doubled,assemblage
39287,Shocking treatment in part upset old prince,elector,elector,anagram
90398,Patron with a legal right in court,client,client,assemblage
93136,A little bit of geography needs to get a dog,tad,tad,assemblage
56610,Close to urban area without good informal dress,nightgown,nightgown,assemblage
85029,Wing's no longer taking the strain,extension,extension,assemblage
123859,They serve older boys cigarettes,fags,fags,double definition
19406,Proverbially hard on one's toes?,nails,nails,double definition
129069,"Combination of sex, love and desire for player",violist,violist,assemblage
5003,Prevail in pronounced bad weather,reign,reign,double definition
28203,Law maker sent round a round robin initially,senator,senator,anagram
75784,A good one is important to one bowling from end to end,length,length,double definition
40339,Defamatory address to America on line with one phone call,libellous,libellous,assemblage
131110,"""Matron, I developed stomach pains""",tormina,tormina,anagram
9904,Think tooth - it chewed,cogitate,cogitate,assemblage
3742,What the chef uses in a tense situation?,knifeedge,knife edge,double definition
141359,Commonly about to hear one who's had it,gonna,gonna,double definition
107844,Condemned equal rights dispute,quarrel,quarrel,double definition
107321,Dip? You might need such a heater,immersion,immersion,double definition
58777,Uncontaminated drug extract,puree,puree,assemblage
39302,Sense of state corruption,taste,taste,anagram
14019,Playing at Euros: result in sudden-death shoot-out?,russianroulette,russian roulette,anagram
89109,The astronomer is such a dreamy individual!,stargazer,stargazer,double definition
28739,Personal impressions that are very individual,fingerprints,fingerprints,double definition
44192,Grave words from some decrepit aphorist,epitaph,epitaph,hidden word
46301,Swimmer's given beer? Rubbish,codswallop,codswallop,assemblage
137628,Catch the sheep?,dolly,dolly,double definition
21120,Mature scripture writer,ripen,ripen,assemblage
84584,Duck reported on mount,ida,ida,double definition
75424,Spell a word,term,term,double definition
21542,"Author of ""Tom Jones"" is not in",fielding,fielding,double definition
113491,Started touring after struggling to entertain very much,begreatfun,be great fun,assemblage
110954,Maiden featured in special birthday poem,dithyramb,dithyramb,anagram
18657,Stoned intern put drug in solvent,turpentine,turpentine,anagram
16370,Enthusiast is after trunk of tree,chestnut,chestnut,assemblage
67614,Ale fitted with cork once went to dandy''s head,earlock,earlock,anagram
67491,"Old god not entirely into dance, a wasted evening?",boozeup,booze up,container
67845,About a thousand units involved in main disturbance,tsunami,tsunami,anagram
88170,Small bicycle accessory - I dropped a tool,spanner,spanner,assemblage
87076,Train from Bath East,tube,tube,assemblage
119706,Indian princess from Poona chats animatedly,pocahontas,pocahontas,anagram
82521,Inform the enemy when most are watching,primetime,prime time,assemblage
102334,Splendid adage for one not working against the grain,rippingsaw,ripping saw,assemblage
67161,"It's not, they say, something of mine",gordian,gordian,double definition
46336,A camp whisper,aside,aside,double definition
114950,Large area runs round European court,hectares,hectares,container
124670,One seeking or finding nasty old minger,goldminer,gold miner,anagram
94219,Utter ability for conducting public affairs,statecraft,statecraft,assemblage
38563,Peter and Paul upset Andrew? It can't be done,perpetualmotion,perpetual motion,anagram
117244,Type of element that is unstable mostly and molten,nonmetal,non metal,anagram
87378,A little colour for one idiot pirouetting,tinge,tinge,assemblage
103670,Words of action from the Baker Street enthusiasts?,irregularverbs,irregular verbs,assemblage
1300,Soldier left off train gets late transport . . .,hearse,hearse,assemblage
128748,"In file, part of script to Pixar film (director's cut)",linedup,lined up,assemblage
79205,Unfinished second drink,latte,latte,assemblage
22342,Girl waits for its performance,carol,carol,double definition
135913,Story with a poor beginning but a capital ending,ragstoriches,rags to riches,assemblage
109046,"Copper pot endlessly cooked nice meal, lacking energy",policeman,policeman,assemblage
110970,Short column with smooth outline,profile,profile,assemblage
96867,Fish etc with return of a point in the ground,seafood,seafood,assemblage
25665,Girl libels AA organisation,isabella,isabella,anagram
83950,Break in street with work finished,stopover,stopover,assemblage
22899,Support the boards - but behind the scenes,backstage,backstage,assemblage
117317,Fellow in RAF wrote about what he took part in?,wareffort,war effort,anagram
130336,Mostly Jim Henson animating chaps,johnnies,johnnies,anagram
9557,Flirting gets Penny a relationship,dalliance,dalliance,assemblage
52829,Hats off to county and central Asian city,tashkent,tashkent,assemblage
139973,"What solicitor did, brought in to defend international group",importuned,importuned,container
47247,Duck keeps quiet: mother acquires top layer of skin,epidermal,epidermal,assemblage
97755,Girl's call about fruit,cherry,cherry,container
59599,Casual worker has time to make emulsion,tempera,tempera,assemblage
70594,"Finish, though not Finnish?",polish,polish,double definition
70751,Sausage that's very soft embraced by cooking pioneer,pepperoni,pepperoni,assemblage
137111,"Abomination of a clue, Paul's first to get the boot!",laceup,lace up,assemblage
137796,"Happy, if Steve gets changed",festive,festive,anagram
136216,"Native American at the Alamo, say, quietly getting overinvolved?",missioncreep,mission creep,assemblage
16520,Song in which black sheep gets shorn,aria,aria,hidden word
101619,See what should be on plate by agreement,locarno,locarno,assemblage
27614,We probably can put up with his plans,architect,architect,double definition
140011,"Resistant to change, try ignoring case of piles",stabile,stabile,assemblage
113354,Drop sign having changed hands,cancel,cancel,assemblage
7628,Finally witnessing US vice leads to Edward Snowden making judgement,guess,guess,assemblage
126347,Eminently suitable to be excluded,cutout,cut out,double definition
89985,Avoid bog in river crossing,forfend,forfend,container
98134,"Fish to go off course, one no good getting caught",stingray,stingray,container
92770,"Bush's offensive, unsightly prospect receiving no backing - a mistake",waronterror,war on terror,assemblage
118135,Agreed to go round Australia with a back-up instrument,kazoo,kazoo,assemblage
8449,"Kind of bun, besides, being dunked?",chelsea,chelsea,container
132132,"Protests, One Direction finally failing to secure top spots",speaksout,speaks out,assemblage
75003,Weep over last broken glass,crystal,crystal,assemblage
37373,Cultivation site used by pickpocket?,flowerpot,flowerpot,assemblage
90758,Time in ugly retreats,hideouts,hideouts,container
63393,Lane found in court by queen's secluded area,cloister,cloister,assemblage
133312,Firm moves into sort of market with no room left,brimfull,brim full,assemblage
67841,Cause of devastation leader in Times newspaper: is Guardian man in pursuit?,tsunami,tsunami,assemblage
65784,"Bowled out, possibly leg it for boundary",limit,limit,double definition
135894,Once more committed a boring and endless reformation,bornagain,born again,anagram
88211,One having minor responsibilities in a law journal,legalguardian,legal guardian,assemblage
127408,This angry expression by fox,crosswordpuzzle,crossword puzzle,assemblage
14343,It's sung a second before New Year in Vietnam,motet,motet,assemblage
53347,Period of trouble keeping control of image,april,april,container
10654,Prime murder victim's name left off,abel,abel,assemblage
141671,Perhaps chrome is made primarily into very fine material,micromesh,micromesh,anagram
62669,Company relationships in public transport,business,business,double definition
45524,It's wicked in the dark,nightlight,night light,assemblage
1375,Stranger calling for a big glass,rummer,rummer,assemblage
97921,A nymph like this may be seen in the neighbourhood,arethusa,arethusa,assemblage
81707,Journalist taken aback by news of the country,sweden,sweden,anagram
119938,"In succession to throne, oddly, viscount's last",onthetrot,on the trot,assemblage
51289,A brave chap gutted about old Greek commander,agamemnon,agamemnon,assemblage
44951,"Boots, perhaps, given red film",chemist,chemist,double definition
72094,The crux of recent research,centre,centre,hidden word
35602,"This roc, fantastic bird!",ostrich,ostrich,anagram
118007,Fight with fairy for camera,boxbrownie,box brownie,assemblage
132622,Doc embraces member backing eastern chum,comrade,comrade,container
39450,Lady's maid found showing off in the kitchen,dresser,dresser,double definition
72297,Get hairy before court appearance?,bewig,bewig,double definition
53996,Running away to join up?,elopement,elopement,double definition
125425,"Collection of six American states and glen, clued cryptically?",newengland,new england,anagram
22543,Engineers admitting everyone in China destined never to meet,parallel,parallel,anagram
27008,Concluding remark in central body,corpse,corpse,assemblage
93999,Guns by hill going off in confusion,blushingly,blushingly,anagram
84184,Cheerer stopped getting excited - no words coming directly,reportedspeech,reported speech,anagram
72393,Sarah takes the Roman road to find this plant,salvia,salvia,assemblage
134258,"Horse so sick, tamed and patted on the back",brokenwinded,broken winded,assemblage
93423,"Skint revolutionary about to knock off, I see",boracic,boracic,assemblage
20037,Fish on a fat-free diet,sprat,sprat,double definition
125566,Upset Poet Laureate during illness,displease,displease,container
133870,Make fast? On the contrary (one local runner),unbolt,unbolt,assemblage
126746,"Inspecting, unannounced, what teenagers get up to in bathroom?",spotchecking,spot checking,double definition
10673,Unconscious moments of Spooner's toad-like informers,fortywinks,forty winks,assemblage
44283,Growing row over a speaker,moustache,moustache,double definition
106169,One who refused to accept tyranny to work as a bank clerk,tell,tell,double definition
63500,The bill is here,copshop,cop shop,double definition
60409,Seductress's lacy pants with edging of pearls round,calypso,calypso,anagram
110875,Loan sharks supply drug addicts around the city,usurers,usurers,container
26860,"About to drop off original Monets, number left inside",somnolent,somnolent,assemblage
91355,"The smart money, not much of it in the county, isn't taking the risk",chickensout,chickens out,assemblage
60291,Officer returned to cocktail bar,lock,lock,double definition
59828,Bone from the centre?,radius,radius,double definition
46985,Survival is regarded with reverence,relic,relic,double definition
29595,Never once arranged to meet again,reconvene,reconvene,anagram
137332,Lout in black jumper turned up,boor,boor,assemblage
88235,Tom Jones's coiffeuse?,delilah,delilah,double definition
77923,A doctor full of filth - potential abuser of patient?,admirer,admirer,container
136808,Odds favouring bishop's competence,probability,probability,assemblage
132656,Half-square key with a movement in need of oiling,squeaky,squeaky,assemblage
90544,Support restaurant in which one has been raised,brassiere,brassiere,double definition
22005,Old poser showing bit of leg accepting money for kiss,sphinx,sphinx,container
89894,Presents for volunteers,offers,offers,double definition
7467,Pin prick finally punctures needlewoman,skewer,skewer,container
26276,"One given bird, gripped by desire for string of offences",crimewave,crime wave,container
113485,"Has turned around a variation's start with a new note, it's plain",savannah,savannah,assemblage
50779,"Bird to catch, tail first",rhea,rhea,anagram
17364,Where Shirley Valentine worked for the Greek state in a National Trust building,taverna,taverna,assemblage
139610,Welcomer has installed superior musical device for visitor,houseguest,house guest,assemblage
51725,It may be recommended as a sun resort,nassau,nassau,anagram
130765,Suitable work for a lay reader?,songbook,songbook,double definition
27459,Find oneself nothing French to eat cooked outside,orientate,orientate,assemblage
27920,Some odds never to back?,evens,evens,hidden word
141220,"In general, sedimentary material with nasty smell and coarse",marlborough,marlborough,assemblage
52308,What's distressing volunteers protecting room full of gold?,trauma,trauma,container
76542,Oil giant wrecked artwork,intaglio,intaglio,anagram
60769,Where lawyers drink with a major player?,barbara,barbara,assemblage
4851,Understanding Norman?,wisdom,wisdom,double definition
81375,In Scotland they say 'Thicko! Stupid!',dunsinane,dunsinane,assemblage
82723,Confusion that doesn't have one's head in a whirl,tailspin,tailspin,assemblage
80710,Cooler Athenian expression heard to display irrational enthusiasm,fanaticism,fanaticism,assemblage
34779,Expand section of integral network retrospectively,enlarge,enlarge,hidden word
13858,Note covered in pieces of rice cake,eclair,eclair,assemblage
2903,Piece of round matter,opus,opus,assemblage
127846,Dance work substituted for last element of festival,galop,galop,assemblage
66526,Improperly press one for an answer,response,response,anagram
8032,"Couple have right to seperate, that's plain",prairie,prairie,container
122833,To dissect a very little matter is easy at first,anatomise,anatomise,assemblage
3057,Nominates reform for US state,minnesota,minnesota,anagram
31569,Type of paper placed face up,laid,laid,double definition
30670,Crawler gives thanks with natural disposition,tarantula,tarantula,assemblage
47414,Hut of iron is sent for,nissen,nissen,hidden word
134994,Louisianan prison guards just reduced by half,cajun,cajun,container
50289,Detailed short note seen in time,minute,minute,double definition
131513,Some contradict umpire's ruling,dictum,dictum,hidden word
40757,Tipsy girlies drinking new wine,riesling,riesling,anagram
100423,IOU for time between rivers,debenture,debenture,assemblage
75944,Use endless charity when performing church service,eucharist,eucharist,anagram
95671,"Close to this, flogging belatedly?",sellbydate,sell by date,assemblage
15837,Trump's unacceptable act,outdo,outdo,assemblage
85037,"Reveal Caledonian's very, very short",uncover,uncover,assemblage
140110,Newspaperman about to participate in challenge,dacre,dacre,container
140044,"Move back in June - decor terrible, on reflection",retrocede,retrocede,anagram
84863,FBI agent holding rule to be unsound,flawed,flawed,container
120958,Apt phrase describes party wear?,paperhats,paper hats,anagram
55091,Trainee as part of a performing act in the auditorium,intern,intern,hidden word
113442,Inadequate hatless uncle,lender,lender,hidden word
91018,German statesman's doctrine dividing king and nipper after uprising,bismarck,bismarck,assemblage
45658,Fleece that is very new,rookie,rookie,assemblage
13951,The same set-up applied to company doctor,medico,medico,assemblage
65188,Declared a number was incorrect,averred,averred,assemblage
23573,"Feeling guilty, has made reparations",ashamed,ashamed,anagram
13462,Stop and shoot,stem,stem,double definition
9358,On reflection one's not quite resolute enough,loser,loser,anagram
75009,Wallenstein his s-spine-tingler,schiller,schiller,assemblage
86620,Man donates freely for memorial,headstone,headstone,assemblage
9067,Research done initially during study in China,dresden,dresden,assemblage
74773,Scientist is sick in basket,boffin,boffin,container
39230,"More colourful, though less experienced",greener,greener,double definition
112266,Dizzy rascal has quantity for mathematicians,scalar,scalar,anagram
89411,"Not the cost of living, apparently",deathrate,death rate,assemblage
5211,Crack very visible in bottom of shoe,solve,solve,container
9663,To tackle the problem yet again called for fortitude,resolve,resolve,assemblage
21722,"Feed a pet sugar, perhaps",pasturage,pasturage,anagram
118552,"Bloody woman holding heads of people and lowering beneath river, perfect",exemplary,exemplary,container
67783,"King and queen, perhaps, reversed course of action",tack,tack,assemblage
20318,Movement of man in hazard,andante,andante,container
118122,Police dogs are trained to detect this number tag,hashsign,hash sign,assemblage
36682,Delicate embroidery originally attached to leather pants,ethereal,ethereal,anagram
49448,Pattern formerly sufficient,example,example,assemblage
10993,Left in France? That's rather awkward,gauche,gauche,double definition
92371,"Note bum note, including note right now",atonce,at once,container
71552,China and Cuba on stony ground,crockery,crockery,assemblage
75363,"Melodious piece of English used in Peterborough, formerly",songlike,songlike,container
96043,A schoolboy howler?,crybaby,crybaby,double definition
10238,Fixed stake over volcano,etna,etna,anagram
24852,Calling for speed,career,career,double definition
139963,Promoted team's benefit,upside,upside,assemblage
57111,Narrow escape after cutting it fine?,closeshave,close shave,double definition
121002,Brilliant combination of the Hebrew and the Spanish,jewel,jewel,assemblage
105836,"Nincompoops, many losing face",asses,asses,double definition
105802,Element's mass men doubly misrepresented,molybdenum,molybdenum,anagram
116294,What the finicky cleaning lady did: something in the groundsman's shed,sawdust,sawdust,double definition
138740,Time to arrest every person racing cars here,daytonabeach,daytona beach,assemblage
35123,"King, one to act crazy!",knut,knut,assemblage
84759,Finish off the job?,execute,execute,double definition
27761,Principal feature of a leading Roman church,arch,arch,assemblage
103454,Arab channel now received in smart part of London,wadi,wadi,container
3099,Mineral disturbed antelopes,pleonaste,pleonaste,anagram
124471,"Crude alcohol, good with pickled trout",gutrot,gutrot,assemblage
92169,Very small head teacher stalking McFly?,midget,midget,assemblage
61664,Key duet composition,etude,etude,assemblage
69567,What the poor man has and the rich man wants,nothing,nothing,double definition
72863,Old king kept a hold on the state,agrippa,agrippa,assemblage
1934,Descriptive words no good for teeth pig's lost,epithets,epithets,anagram
6756,Tears by poor head's supporters,adherents,adherents,anagram
123079,Capital overly protecting the state,tokyo,tokyo,container
66400,Player put on top of the charts,north,north,assemblage
4727,Terrier worrying a minimalist going south,militiaman,militiaman,anagram
24111,Clever Dick's alter ego?,smartalec,smart alec,assemblage
34972,"Suffer with a bitter feeling, not one that will afflict you for ever",incurable,incurable,assemblage
87093,"Heavily used when preparing to play the pantomime villain, eastern boy Prince Lew, maybe?",eyebrowpencil,eyebrow pencil,anagram
69084,River comes to a halt in the sound,styx,styx,double definition
28112,"Weak sort of dispirin, saving horse's heart",insipid,insipid,anagram
41874,Charge again to see large duck in show,reload,reload,container
116951,Warning that's right about which man's after my own heart?,augury,augury,assemblage
29631,"Girl, given Chinese food, wanting more",avarice,avarice,assemblage
127990,"Engineer, did you say? Please repeat!",what,what,double definition
70444,Preserve weapon a boy found in Eastern state,marmalade,marmalade,container
35832,A meeting of Continental heads,teteatete,tete a tete,double definition
20408,"Country star in Hollywood, not hot single American",estonia,estonia,assemblage
34190,Is one's engagement a head-turner?,reversegear,reverse gear,double definition
16210,"Standard of the Socialist Worker escaped the Daily Mail, according to Spooner",redflag,red flag,assemblage
40788,Impressive time of year,august,august,double definition
118536,New student's missing father somewhere in Surrey,esher,esher,container
15226,"Canal worker, one doomed to carry fallen idol?",gondolier,gondolier,container
111037,One can blame corrupt bias,imbalance,imbalance,anagram
28802,Thread attaching fringes of lungi and shawl to back of cape,lisle,lisle,assemblage
136896,Line lost in presenting account to posh colleague with forked tongue?,bilingually,bilingually,assemblage
63714,Meditation here from Massenet: ie wasting time once!,thais,thais,assemblage
97097,Encouragement to perform for very little money once,doit,doit,double definition
126962,"Ditch soldiers, at first, to make savings",retrench,retrench,assemblage
52026,Secure top of foresail in rough sea,safe,safe,anagram
81570,Cut when rewritten,hewn,hewn,anagram
54103,Girl putting screen round painting,grisaille,grisaille,container
67522,Contract put away during evaluation,treaty,treaty,container
82715,See a lot of woman getting dressed,clad,clad,assemblage
96989,Book up a little table in a diner,daniel,daniel,hidden word
101874,"After turbulent stretches of water, express disappointment with cutter",ripsaw,ripsaw,assemblage
71904,No Greek character is socially unacceptable,nonu,non u,assemblage
106569,"Society girl embraces friend, a noted fellow",schumann,schumann,container
106457,In which one may see mad gal posing naughtily?,ladmag,lad mag,anagram
119239,Standard lines of rebuff,parry,parry,assemblage
57639,Traveller's ear turns up with internal organ,gulliver,gulliver,assemblage
74250,One of the nouveau riche from Peru in van crash,parvenu,parvenu,anagram
72680,Very important to make everybody sing about a mad man,worldshattering,world shattering,container
125940,Shabby dog's two orders?,downatheel,down at heel,assemblage
32410,People accepting alternative hypothesis,theory,theory,container
124889,Ring in copper polished and protected,cushioned,cushioned,container
60880,"Possibly asleep, certainly inactive",dormant,dormant,double definition
121794,Manny R's friend gets stuck into some opposition,antonymy,antonymy,assemblage
20573,Repeated point about excerpts leading to obscurity,eclipse,eclipse,assemblage
44218,Hide or show,screen,screen,double definition
67362,"Goddess, after film, cried uncontrollably - this is no juvenile trauma!",midlifecrisis,midlife crisis,assemblage
80200,Refuse to go back - that's a first,brandnew,brand new,assemblage
28366,Comment on old currency,remark,remark,assemblage
20034,Orthodox geometrical adjective describing a cardinal point,canonical,canonical,container
71100,"Pet's to devastate, going on to fiddle?",catgut,catgut,assemblage
115928,Begins to show such order,alphabetical,alphabetical,double definition
105063,Temporary structure in the Sun's building,nissenhut,nissen hut,double definition
86860,Sick to a great degree?,aegrotat,aegrotat,double definition
82236,Inept lads lack involvement in hanky-panky,slapandtickle,slap and tickle,assemblage
112873,Eighty-eight flaws to date? I will have to make some changes!,twofatladies,two fat ladies,double definition
34498,I ring back about the shrub,lilac,lilac,assemblage
108618,Terminate in small place,slay,slay,assemblage
124294,Nothing wrong in displays - things just seeming to be wrong?,paradoxes,paradoxes,container
125973,Shoot a north European,german,german,assemblage
136729,Spotted leader of batty pressure group,blobby,blobby,assemblage
92815,Antithesis of flare as source of light,taper,taper,double definition
104170,Mistake is nonsense - rub out,bish,bish,hidden word
12257,Portion of object found in article,tithe,tithe,container
26200,Make free to follow a relative,auntie,auntie,assemblage
127270,"Mostly take ferry, say, near northwestern town",crosby,crosby,assemblage
32377,"What's in your head, if not entirely wide awake",idea,idea,hidden word
95817,"OK, reach a mike an' play this automatic backing device",karaokemachine,karaoke machine,anagram
116598,Visitor set out to interrupt audibly exasperated type?,sightseer,sightseer,assemblage
118398,To install firmly fix in a ring,ingrain,ingrain,assemblage
31595,Set a clue in Western Australia,eucla,eucla,anagram
33810,Fix a direction indicator,assign,assign,assemblage
53412,Pleasing as a lollipop that's calorie-free,likable,likable,double definition
117657,Irish poet Russell considered effervescent,aerated,aerated,assemblage
124064,The favourite that's in form,teacherspet,teachers pet,double definition
57030,Preserve predicament,pickle,pickle,double definition
133411,Safe container for tungsten alloy,pewter,pewter,container
94323,A number get away with swindle,delude,delude,assemblage
108767,"Dramatic and inspiring performances, specially with arm broken",miracleplays,miracle plays,anagram
87148,He may counsel the sexual offender,therapist,therapist,double definition
12895,Go to pieces in card game,snap,snap,double definition
77134,"Country reflected in outskirts of Brasilia, South American capital",bogota,bogota,container
96505,Be in full control of big bag on deck,holdallthecards,hold all the cards,assemblage
112907,Stoker and railway both turned to stone,marble,marble,assemblage
25758,British PM ultimately wanting fight,battle,battle,assemblage
49601,A sportsman spinning the tale,athlete,athlete,anagram
68414,"Cut of meat, free bait",sparerib,spare rib,assemblage
112953,"Rebel MP has reformed, so he swears!",blasphemer,blasphemer,anagram
41419,"Stop and have a breather, do you hear?",arrest,arrest,assemblage
21260,"""Singin' a song ____"", in concert",sidebyside,side by side,double definition
137135,"Note minister provided, written up",fiver,fiver,assemblage
10628,Solitary individual caught between opposing sides,loner,loner,container
22685,"Girl in passageway stopping short, looking back",ella,ella,hidden word
87863,Associates pass old measures,colleagues,colleagues,assemblage
84374,Belgium is in need of Dickensian wrong 'un,blacksheep,black sheep,assemblage
37802,"The top pub in the place, perhaps",pinnacle,pinnacle,container
124871,Steps taken in yards or metres,measures,measures,double definition
61931,Manipulate lines in German with the appropriate article,gerrymander,gerrymander,assemblage
106449,Six against a fast bowler of old in a test,vivavoce,viva voce,assemblage
106250,Cry o' battle to shift large plant,yellowarchangel,yellow archangel,assemblage
20427,Last minute gathering to one side,laterally,laterally,assemblage
47662,It's a drawback having yen for precious stone,ruby,ruby,assemblage
122407,Red colouring of Minnelli caught in unexpected rain,alizarin,alizarin,container
3896,Where there's often a gap in character formation,stencil,stencil,double definition
108637,The Italian regular struggling to become irregular,guerrilla,guerrilla,assemblage
38706,Helen & Co refurbished station,echelon,echelon,anagram
81149,"Held down slates, we hear, being concealed",keptunderwraps,kept under wraps,assemblage
105154,"European seen in London club, a place that attracts many",mecca,mecca,container
137921,Hill discovered the right glands,highland,highland,assemblage
44074,"French boy's looking up meaning of ""gunk""",slime,slime,anagram
51077,Officer getting vessel to change direction,subaltern,subaltern,assemblage
6454,Lob with spin to go over the same ground and cause destruction,obliterate,obliterate,assemblage
79559,Firm's idea incomplete unfortunately: it's gone wrong,misfired,misfired,anagram
25961,"A bid, perhaps, to get ""loo"" regulated as a game",diabolo,diabolo,anagram
113547,"Value force, from what we hear",prize,prize,double definition
20266,"Large paper plane, the folding",elephant,elephant,anagram
10389,Small part of military detachment,detail,detail,double definition
36107,A poet penning nothing on a ship,aboard,aboard,container
24784,Saying something clever before telephone operator starts,motto,motto,assemblage
122261,"Girl to go, about to go to boy",gwendolen,gwendolen,assemblage
115207,Labels fellow a good shot,marksman,marksman,assemblage
75470,Prevent Alan forsaking star,debar,debar,container
27724,A spider possibly saved Bruce from it,despair,despair,anagram
97615,Bloody beautiful woman secures ring,venous,venous,container
4335,Cleric rejecting company of cleric,dean,dean,container
29950,A return game between two sides in the country,rural,rural,assemblage
28320,Model's bottom,last,last,double definition
100607,Scrap over dramatist,orton,orton,assemblage
133430,"Like warning signs Alan Turing devised, changing number for radius",triangular,triangular,anagram
38543,Height of land round ancient city,stature,stature,container
110190,"After church, stranger's in better spirits",cheerier,cheerier,assemblage
114884,Modern flanged arrangement is not what one's used to,newfangled,newfangled,assemblage
93380,"It's paradise, newly created without Eden's first plant",aspidistra,aspidistra,anagram
4270,"Having spoken with vision, is accorded a position",sited,sited,double definition
16162,Young lady put away discussion,debate,debate,assemblage
73733,Twice jump a little way for a man on board,bishop,bishop,assemblage
67351,Girl in Band A,sasha,sasha,assemblage
127470,Chain Hitler's men required to restrain old comedian,starbucks,starbucks,container
104285,Light grey French perfume ingredient,ambergris,ambergris,assemblage
117918,A way for Steps to cover material lacking copyright,path,path,double definition
50725,Advertiser gives his cat a cuckoo,saatchi,saatchi,anagram
44799,"Tanks in army's front, as bearing westwards",aquaria,aquaria,anagram
8667,Reveals former attitudes,exposes,exposes,assemblage
43958,Assign a key part,award,award,assemblage
129294,"Funny man provides wine, holding party in Africa",hancock,hancock,container
17136,Check power of support,reinforce,reinforce,assemblage
120109,What deters wandering Saudis? Promised land?,dissuasion,dissuasion,anagram
23879,"Foreman's right missed, proving a mistake",gaffe,gaffe,assemblage
48262,"Now Epiphany, as if any were needed",newyear,new year,double definition
46863,Democrat leaves MP to sum up,recap,recap,assemblage
59575,"One lacking love and pain, sitting in a home",nesting,nesting,container
95313,"Head, not heart, missing - it's obvious",patent,patent,assemblage
103826,"Put one's foot down, as a matter of duty",stamp,stamp,double definition
9177,Compass cover,spread,spread,double definition
83306,Heavy machinery stacked by runner,piledriver,piledriver,assemblage
102580,Admitted switching title on,letinto,let into,assemblage
78224,"A cake, but not of soap",bathbun,bath bun,assemblage
74513,Arab question and answer about one desert,qatari,qatari,assemblage
136689,Turns angry - it's trouble over nothing,gyrations,gyrations,anagram
76787,Expert change to steam railway,masterly,masterly,anagram
1054,He will take if the possibility is available,thief,thief,assemblage
80542,City witches on trial,coventry,coventry,assemblage
52619,This month worker's dependent on tick,instant,instant,assemblage
26677,Dressed or turned over on the bed,robed,robed,assemblage
47627,It's sweltering without a watering place down under,hobart,hobart,anagram
83614,Bloke has to leave vegetables,mangetout,mangetout,assemblage
6299,"Partly train a director to cope with bottom of recession, perhaps",nadir,nadir,hidden word
122882,Plenty of mucus around,tons,tons,anagram
136705,Moved paper getting thrown around,shifted,shifted,anagram
9659,Conviction that can be reversed?,tenet,tenet,double definition
123098,"It's said capacious hanky's needed, if you're like this",rheumy,rheumy,double definition
82270,"So, prime suspect is to swear oath?",promise,promise,assemblage
139851,"Old Inuit set adrift, weakening",dilution,dilution,anagram
28159,Note uprising ropes in crude strength,brawn,brawn,assemblage
113166,A succession was first raised with Norfolk in Sussex,arundel,arundel,assemblage
128049,"Mistakes turning up - cold, horrible Geri splitting band",spicegirls,spice girls,container
40543,Unplaced Texan horse out of the melee almost,homeless,homeless,assemblage
133288,Even in peacetime its members are prepared to fight,regulararmy,regular army,assemblage
34978,Advance warning about the foreign taste,predilection,predilection,container
94477,Sam Weller's face doesn't appear with a message,thames,thames,hidden word
12581,Not against healthy yield,profit,profit,assemblage
53555,"A cooler turkey, perhaps, is one in the coop?",jailbird,jailbird,assemblage
70861,Bully driving animal under carriageway,roadhog,road hog,assemblage
45553,They are taken slowly at the Proms,adagios,adagios,double definition
51282,English lad gathers new wood,ebony,ebony,container
118397,"Yield small volume you aim, ultimately, to store in reserve",succumb,succumb,assemblage
118599,Enlightenment for the masses?,slimming,slimming,double definition
34097,Indulge in conspicuous consumption?,eatlikeahorse,eat like a horse,double definition
89495,Let everyone outstanding be audibly spoken,allowed,allowed,double definition
114961,"Finding commerce so sadly devoid of ecstasy, I ferry the kids",soccermom,soccer mom,anagram
5737,Sailor bitten by little rays,starlight,starlight,container
104335,Graves possibly enveloped by endless lament in Washington or Berlin,irving,irving,container
32874,Sailor entertains son for emperor,tsar,tsar,container
85552,Reader in church always involving ancient Shakespearean,epistoler,epistoler,assemblage
2348,Successful deal maker is caught by failure,closer,closer,assemblage
11057,Shocked Attorney General takes time,aghast,aghast,assemblage
30997,Board has positive answers from two European states,ouija,ouija,assemblage
109120,"Barnard, say, prepares expat for growing tea, say, when I leave",transplanter,transplanter,assemblage
140409,Wave away solicitor deciding procedure,shootout,shoot out,assemblage
16670,A shark is certain to be found in the city,usurer,usurer,container
85466,"With respect, Ebenezer Scrooge initially has to pay up",esteem,esteem,assemblage
38473,Token of love interrupting part of service: touching!,coupon,coupon,assemblage
108259,Resist having to get up,withstand,withstand,assemblage
105125,Sweet Baby Love's ultimate rock,icecube,ice cube,assemblage
24387,There is nothing amiss in such speculations,theories,theories,anagram
85601,"Stole after breaking in, a recurrent disturbance",fracas,fracas,assemblage
26681,Consequence of a dad almost without limit,aftermath,aftermath,assemblage
34007,Stampede over the long grass,onrush,onrush,assemblage
102086,Second retreat?,back,back,double definition
10456,Fears loss of opener to slips,errors,errors,assemblage
130657,Therapist calling for sparkling water?,physio,physio,assemblage
690,Holiday bay,recess,recess,double definition
116270,Pee on the throne with child,pregnant,pregnant,assemblage
82892,Old lady of Turin turns up with car after arrival of the Messiah,annodomini,anno domini,assemblage
20689,"As an older person, poor Ronnie's disheartened",senior,senior,anagram
131187,Scotch queen protected from displaying facial hair,whiskery,whiskery,container
52156,Spring collection firmly established,wellset,well set,assemblage
128168,Private doctor comes in this month,inmost,inmost,container
73926,Spoil King Edward's verse,erode,erode,assemblage
55226,Give consent in Gretna Green,agree,agree,hidden word
115857,Bone throbbing certain to return,humerus,humerus,assemblage
5061,Secure backing to break left hand somewhere in Scotland,leith,leith,assemblage
118763,Clooney talk?,chatter,chatter,double definition
80049,Present and organise race,donation,donation,assemblage
60166,You can read this document whichever way you like,deed,deed,double definition
24540,Blue flower?,danube,danube,double definition
20479,Worker right to be bitter sometimes,beer,beer,assemblage
93815,Delicious nipper takes part,toothsome,toothsome,assemblage
7703,Duck has to be green,olive,olive,assemblage
108952,Rose drove quickly round the rabble,sprouted,sprouted,container
35871,Measure vehicle over a period of time,yardage,yardage,assemblage
88036,"Utter scoundrels in the ascendant, second-raters excepted",allstar,all star,assemblage
95344,"Cringe to be in debt, going into credit",cower,cower,container
85932,Retired churl wept buckets,blubbered,blubbered,assemblage
65204,"Preserved them clipped, without hair, without tips of moustache",embalmed,embalmed,assemblage
105539,Be in tears over Italian bird,peewit,peewit,assemblage
69631,Accountant finds many assorted islands as a tax haven,cayman,cayman,anagram
127121,Want to pen new book to reminisce,lookback,look back,double definition
12978,Garden design,plot,plot,double definition
106256,"Trusted friend's name appearing in end of Act I, possibly",confidante,confidante,container
108069,A number return into stronghold in the van,foremost,foremost,container
47195,"Extra large predicament, when hat's lost by Austen's girl",trilemma,trilemma,assemblage
29176,Prepared obstacles to hold back river,oder,oder,anagram
6334,Gore has valid application,vidal,vidal,anagram
7524,Couple stealing gold from home helper,pair,pair,double definition
50253,Ghost in sunglasses?,shades,shades,double definition
140727,Provided for Ellie splashing out - why one's very easily led,lifeofriley,life of riley,double definition
42939,Direction of type of desktop display system jig?,guidance,guidance,assemblage
14900,Refined individual in Holland cleared out,honed,honed,container
64979,Midpoint of Romeo and Juliet on radio,november,november,assemblage
129882,One quick to advance caress?,softtouch,soft touch,double definition
50630,Rapid rise in high spirits - blackleg almost taken in,escalation,escalation,container
97798,Cuddle close to Cookie Monster,huge,huge,assemblage
10151,Stupid wombats periodically take stuff,obtuse,obtuse,assemblage
24938,Encourage to use ears for special understanding,insight,insight,double definition
105777,What infidels do beside evil rebels,disbelieve,disbelieve,anagram
68871,Interjection of surprise about a right rude sign - made by him?,harvey,harvey,assemblage
80502,Socratic path could be disastrous,catastrophic,catastrophic,anagram
1150,He will be embraced by wildly ardent disciple,adherent,adherent,container
78940,Might cod be assaulted?,battered,battered,double definition
51326,The bloke's embracing crossword setters' voluptuous women,houris,houris,container
30635,The appropriate jug for punch?,toby,toby,double definition
83346,"Gunner has job, it turns out, in South Africa",johannesburg,johannesburg,anagram
77158,"Partisans on hand, or soldiers on foot",phalanx,phalanx,double definition
112091,Father has favourite term of endearment,poppet,poppet,assemblage
133270,Silent hiding place for pipe,musette,musette,container
47810,Artists apply to notorious preacher,rasputin,rasputin,assemblage
55454,"Just taking starters, André Previn has little desire for food",appetite,appetite,assemblage
64845,"Head of family, note",king,king,double definition
25271,Pass for a mere youngster,chit,chit,double definition
107821,Dress for Dumbo? What's up?,clothe,clothe,double definition
129967,Kit appears in show with animals - he's no friend of Othello,roderigo,roderigo,container
98157,She runs the meeting I join in daily,chairwoman,chairwoman,assemblage
123330,Huge numbers in India holding rupees in central parts,crores,crores,hidden word
108841,Everyone stops at point made by president and writer,allende,allende,assemblage
48839,Beer is consumed in passageway,aisle,aisle,container
22350,Inventor whose produce may be diverse,deviser,deviser,anagram
124737,Press to give new line about bird taking in the Head of News,returnkey,return key,assemblage
117641,"Production of Cats, say, editor covered haphazardly",littered,littered,assemblage
38772,Kind of Western food that's long in the cooking,spaghetti,spaghetti,double definition
94904,Able to see where it's said to be placed,sighted,sighted,double definition
131944,They combine in angry speeches about energy legislation,reactants,reactants,container
46616,Time-worn coin,mite,mite,anagram
82583,"Start from birds in general, one in particular",owl,owl,hidden word
110593,Soldier lacking papers? Very suspicious!,paranoid,paranoid,assemblage
67805,Wisdom in town with elderly tourists?,sagacity,sagacity,assemblage
69462,Dreadful lies about Ham being outcast son of Abraham,ishmael,ishmael,anagram
26764,Present or past president,grant,grant,double definition
107388,City needs to give permission to carry document,omsk,omsk,container
21656,Again interprets what's right before needing notices,rereads,rereads,assemblage
108151,Study in selective education by ...,coningsby,coningsby,hidden word
85668,Pool giving pleasure to many,fund,fund,assemblage
95242,Home - half of it with furniture - that can't be got down,indomitable,indomitable,assemblage
64356,Lying bum flogged modern houses,recumbent,recumbent,container
89768,The minority? Yes indeed,nothalf,not half,double definition
12186,See key goes to the agent,espy,espy,assemblage
134621,Nuclear industry waste product messed up laundered item,depleteduranium,depleted uranium,anagram
118597,One called up for floater in river,draftee,draftee,container
118993,Prepare for take-off?,unbutton,unbutton,double definition
24436,"Mean fool, one hears, but well organised",tightknit,tight knit,assemblage
53835,Engineers rejected lad's shattered stone,emerald,emerald,assemblage
124589,Opening amber fluid OK,embrasure,embrasure,anagram
127831,Drink time - get the carriage,porterage,porterage,assemblage
80862,Bone from tail of flightless bird? I'm not sure,sternum,sternum,assemblage
107826,"Tip into newspaper, kippers",perk,perk,assemblage
73003,James's valet joining alien group,quintet,quintet,assemblage
80810,Wheeled carriage beginning to move when this is provided?,ramp,ramp,double definition
2298,Oriental plant festival,easter,easter,assemblage
131687,Stupid selfie taken by stupid linesman,masefield,masefield,assemblage
33544,"A rugby player turns up, so accepted as fit",apropos,apropos,assemblage
38091,Writer and architect clad in decorative fabric,lawrence,lawrence,container
103462,Leaving open,outgoing,outgoing,double definition
102597,"Disease caught by pair, lots scattered in terror",spoiltbrat,spoilt brat,assemblage
51841,Exhausted colleague's year off taking everything together,allinall,all in all,assemblage
92649,"Fix case of ulcer, as chemist",pasteur,pasteur,assemblage
96499,Work rare on which date? The fifth of the eighth,catherinehoward,catherine howard,assemblage
25224,"Something needed by horse or mule, perhaps",shoe,shoe,double definition
120094,Time up for mountaineer disheartened by call,hilaryterm,hilary term,assemblage
124510,Note worried Sikhs in problem with scales,fishskin,fishskin,assemblage
76617,It's seen running round tree by one on the spot,eyewitness,eyewitness,assemblage
39108,"Initially promising, like some ground in the story of the sower?",parable,parable,assemblage
112942,They monitor recreational activity for Americans,checkers,checkers,double definition
101502,Feature of cartographers in Northumberland,nose,nose,double definition
64078,It's unimaginative of ants to take heart from gulag,formulaic,formulaic,assemblage
79759,Finally reduced map collection,atlas,atlas,anagram
47745,Weak and ineffective insect swallowed a pair of bees,flabby,flabby,container
61203,View of one of those known to be fully knowledgeable holding good,opinion,opinion,assemblage
88964,Bird left on far side of river,ousel,ousel,assemblage
82743,"Hacks no more, say",express,express,double definition
98032,"Place to hang small greasy spoon, antique",scaffold,scaffold,assemblage
113016,Utensil for cook with less guile?,opener,opener,assemblage
57129,Close relative of the walrus,seal,seal,double definition
128298,Vouch about Southey's first rhyme,versify,versify,container
114083,"Paul came clean: ""I'm to blame!""",meaculpa,meaculpa,anagram
93050,A guard contracts sickness in profusion,affluence,affluence,container
103724,Saint Benny?,goodman,goodman,double definition
29586,Distance Tory leader goes into pond,metre,metre,container
71682,"""A pathological sac"", said Sister, with no hesitation",cyst,cyst,hidden word
85868,Budget sweetener?,brownsugar,brown sugar,double definition
141794,Fruit found by animal in the edges of cultivated wood,chipboard,chipboard,assemblage
93997,Earth on limb in part that makes footballers go down,relegation,relegation,container
118722,Tale of mystery to undo with difficulty,whodunit,whodunit,double definition
56672,"Ebbing, a tide keeping down in California city",pasadena,pasadena,anagram
120297,"Small mammal with horn, active at sea",chevrotain,chevrotain,double definition
59897,Order a s-stove,arrange,arrange,assemblage
129692,Stale when married? That's about right,tired,tired,container
122082,Actor who carried on stuffing faces with food,sidjames,sid james,assemblage
51918,Religious leader from Australia raised on a hot day,zoroaster,zoroaster,assemblage
56287,"Close to Sidney, half-disguised in a meeting",beside,beside,container
141975,Keeping any driver from parking bum in ringside seat,pedestrianising,pedestrianising,container
15978,When to see the moon near the end of August,night,night,double definition
125649,"Breathe in, when gone to sleep in winter",hibernate,hibernate,double definition
137004,Sloped writing support aid,backhand,backhand,assemblage
29158,Call for something to confirm marriage,ring,ring,double definition
95819,"Slow-moving pair of tramps, each admitting cheeky love",bumpertobumper,bumper to bumper,assemblage
80040,Official statement concerning volte-face,return,return,double definition
116346,"Old boy's now out of bed, maybe, in darkness?",obscured,obscured,assemblage
76605,"Clearing borders of blue, spiny plant",lupin,lupin,assemblage
68330,March associated with detective stories set in Goa,ngaio,ngaio,anagram
36009,"Drink, when cold, can go the wrong way",cognac,cognac,anagram
51600,Identify the precise location,spot,spot,double definition
23132,Manage officer's exercises,cope,cope,assemblage
102202,"Here censors censor sex, as it turns out",sixteenacross,sixteen across,anagram
31729,They're widely grown for eating,broadbeans,broad beans,assemblage
132692,Union publication sent round - a series of notes,gamut,gamut,assemblage
73403,"Sport of Kings without one, possibly",skiing,skiing,anagram
20865,"Bird, the satirist",swift,swift,double definition
35724,"One of five, one may feel",sense,sense,double definition
114729,"Adjusting, freeing, or gathering sails",reefing,reefing,anagram
55990,Creature in river?,hippo,hippo,container
82937,Take planned European seaside trip and find it deadly,seenaplesanddie,see naples and die,assemblage
19183,Backward area provided much fibrous material,raffia,raffia,assemblage
56157,"Screw is attached, then not - one assessing the cost to secure it?",prisonofficer,prison officer,double definition
30698,"Dressed in a suit, country-style",tunisia,tunisia,anagram
108021,Plucky player gets support following veto,banjoist,banjoist,assemblage
132919,African city tot is given a yeast cake,addisababa,addis ababa,assemblage
110841,Starting point for Trans-Caspian trip?,saintpancras,saint pancras,anagram
41278,Unsuccessful editor's complaint?,badcirculation,bad circulation,double definition
18000,Pull leg of battleaxe,dragon,dragon,assemblage
32211,Carried on organising coup d'état but having to drop out,actedup,acted up,anagram
13938,Middle-aged English travel writer,chaucer,chaucer,double definition
39536,The buzz from the pub?,localcall,local call,assemblage
95300,"Figure another code out, thought not entirely",octahedron,octahedron,anagram
14461,Charles is upset when son leaves for girl,rachel,rachel,anagram
17706,Little man supporting the Spanish woman,ellen,ellen,assemblage
26778,Be a star performing in the picture,abreast,abreast,anagram
115780,Packed bus finally pulled away,stowed,stowed,assemblage
120839,"A boxer normally has one, even if not hungry",secondhelping,second helping,assemblage
25481,"Jack Ketch's security device, perhaps",bower,bower,double definition
23337,Officer is eating meat of antelope,chamois,chamois,container
77738,Manic ITV production about cure for scurvy,vitaminc,vitamin c,anagram
52251,Colour I associate with wrongdoing,indigo,indigo,assemblage
102221,Try to elicit information on dough that is put on something to eat,fishpaste,fish paste,assemblage
21957,"State old lady regretted, on reflection",grandeur,grandeur,assemblage
53666,Brother returned short letter to someone from Brest?,breton,breton,assemblage
80508,Radiation always sits around,sieverts,sieverts,anagram
123331,"Supposedly lucky types, fair people who never speak well of one another (Johnson)",theirish,the irish,double definition
46757,Flying alien contrives to secure a spell in the army?,nationalservice,national service,anagram
88653,"Wild, wild raves and gigs on Ecstasy",aggressive,aggressive,anagram
105678,It's not really intended to be read on the surface in a lounge environment,coffeetablebook,coffee table book,double definition
75931,Discharge from the Royal Artillery,salvo,salvo,double definition
35223,Aimlessly draw benefit after swallowing overdose,doodle,doodle,container
121664,"A number, for example, press for some form of restraint",legiron,leg iron,assemblage
75272,I shouldn't have said that nothing works,oops,oops,assemblage
140911,Mead brewed with American and European bean,edamame,edamame,anagram
64639,Inferior theme,subject,subject,double definition
118899,Mock the northern city's affectation,synthetic,synthetic,assemblage
73776,Metal in cable carries live power,cube,cube,assemblage
36352,Employed in house design,used,used,hidden word
69777,Marry around end of July - it's damp,dewy,dewy,anagram
80628,"Having to live with hump, a whale",beluga,beluga,assemblage
117288,"Female, one of the Bee Gees, by forest where special plants grow",herbgarden,herb garden,assemblage
122143,Snack done perfectly that is providing sandwich for son,toastie,toastie,container
66154,Highland birds reportedly became victims,fellfoul,fell foul,assemblage
48023,Hunt with no time to be modest,chase,chase,assemblage
34736,"One advised to look, first rejecting a rejected person",leper,leper,assemblage
83626,Big film in which Spooner makes antelope utter vain boasts,blockbuster,blockbuster,assemblage
114913,"No longer one scolds, but rather frees from blame",exonerates,exonerates,assemblage
55953,Buyers' representatives refuse to go into this hut,cabin,cabin,assemblage
139,Scottish king able to make a law as well as English king,alexander,alexander,assemblage
140068,Flipping sniffer dog slips lead but doesn't give up,goeson,goes on,assemblage
19280,Desert fault,defect,defect,double definition
139725,"Increasingly nervous, one pierces top",jumpier,jumpier,container
135096,"Haunts of the addicted, heartless men Oedipus ruined",opiumdens,opium dens,anagram
139880,"Unable to proceed in recession, king offloaded shares",cuts,cuts,double definition
64972,Swift sentence?,bird,bird,double definition
11761,Colour known as point-blank?,orange,orange,assemblage
84805,Soldier enters top twenty in France,chartres,chartres,container
20514,Instructive tale about academic not beyond forgiveness,pardonable,pardonable,container
98065,Not those from the area around Dover,these,these,hidden word
55098,Sue set fire to institute entrance,litigate,litigate,assemblage
112742,Signed agreement is overturned in Middle East city,sidon,sidon,assemblage
90344,A chorister's not involved in these arrangements,orchestrations,orchestrations,anagram
16785,Small foreign instrument,piccolo,piccolo,double definition
105019,Duck last couple of punches thrown by champ,eschew,eschew,assemblage
34327,"If cold in the country, use this fur",chinchilla,chinchilla,container
35835,"End of August, then a year in Provence? About time for a chat",teteatete,tete a tete,assemblage
39571,Understands fares,makesout,makes out,double definition
115302,"Beneath top of mainmast, cast-iron case for the quarterdeck, perhaps?",minorsuit,minor suit,assemblage
307,Berliner's odd bits of cheese,brie,brie,hidden word
17992,Blend or brew or fictional small family member?,borrower,borrower,hidden word
59564,Opponent wins over philosopher,gainsayer,gainsayer,assemblage
71730,Blimey! Is taken aback by fabulous bird,roc,roc,anagram
103343,He needs religious ecstasy to fuel his whirling,dervish,dervish,anagram
96786,Top contestants' top shots,aces,aces,double definition
110255,"It's never this cat getting run over, when looking both ways before beginning to walk",tomorrow,tomorrow,assemblage
62663,"First of mice and rats he experimented with, creating relative",hamster,hamster,assemblage
32810,Long feathers blow over,diedown,die down,assemblage
113719,Property like flats,assets,assets,double definition
135609,"Overturning rule ""vulgar to indulge immoderately""",wallow,wallow,assemblage
94011,Delivered half a dozen balls - knocked for six,bowledover,bowled over,assemblage
86317,Waste which takes a battering?,fritter,fritter,double definition
76692,Padre takes tea without any milk or sugar?,chaplain,chaplain,assemblage
121519,Party leads to chaos after boozy antics listed,cabal,cabal,hidden word
141317,Theban king about to rip off trousers,creon,creon,assemblage
24205,Songs the Führer sang?,lieder,lieder,double definition
36732,To look one's years requires nobility,peerage,peerage,assemblage
92590,"Misbehave at the ""King's Head"" and disappear",sink,sink,assemblage
26146,Hurry! Don't start to get nun-like,haste,haste,assemblage
49124,Tiny thing bagged for a nicker?,tealeaf,tea leaf,double definition
68377,Wooden handle,deal,deal,double definition
85730,Personnel including family groupings back in the Renaissance,rebirth,rebirth,container
106304,His or her model beneficiary,their,their,double definition
104982,Loud bar for Sibelius?,finn,finn,assemblage
135123,"In Texas Union, does fashion mean suits?",tuxedos,tuxedos,anagram
87655,Brownie once approached artist,camera,camera,assemblage
68931,Sharp tail of garden bird,bittern,bittern,assemblage
9317,Demand to be precise,exact,exact,double definition
44986,Name a chess champion from around Pietermaritzburg,natal,natal,assemblage
78153,Chairman tried to convert Greek ecclesiastic,archimandrite,archimandrite,anagram
125848,Beetle causing a depression in church,cadelle,cadelle,assemblage
20019,"""Young _____ is come out of the West"" (Scott). See! See! In China, right?",lochinvar,lochinvar,assemblage
44061,Money gets chopped terrine always for a dog,goldenretriever,golden retriever,anagram
95036,Glorious Revolution's backers back cult. It revolted,kitcatclub,kit cat club,anagram
112797,Help on the way (cases yet to be resolved),catseyes,catseyes,anagram
137378,Holy Communion finally secure,pin,pin,assemblage
36075,Swine has large following in capital,belfast,belfast,container
50455,Declare most substantial capital squandered,attest,attest,assemblage
96671,Acceptance of taking our time over choice,adoption,adoption,assemblage
31508,Catch Fitzgerald's disease,rubella,rubella,double definition
139063,Chief relaxes car safety features,headrests,headrests,assemblage
10056,Every bill coming in he sent back,each,each,container
72521,Box camera originally taken by volunteer,coffer,coffer,assemblage
47339,Bowler getting out,oldhat,old hat,double definition
126583,Injured fliers returned to base,stabbed,stabbed,assemblage
42857,Pitched battle over container holding record,turntable,turntable,assemblage
6059,Many have soft feathers,down,down,double definition
32339,Senator organised act of betrayal,treason,treason,anagram
98454,Primitive scourge is polished,urbane,urbane,assemblage
87380,Highball on a slope?,skier,skier,double definition
20109,It is stirred into barbiturate in parts,sectional,sectional,anagram
116840,They pick up article by current media workers,antidepressants,antidepressants,assemblage
119478,To belittle a musical note is ultimately futile,minimise,minimise,assemblage
61016,It's inferior to the bean stew,beneath,beneath,anagram
35905,Penny-pinching meal's great,super,super,container
60045,Ruined but not executed,undone,undone,double definition
62351,Flower crower? Piffle!,poppycock,poppycock,assemblage
74284,Contracting is an awful strain on a fellow,astringent,astringent,anagram
2996,Wise man conceals women's article in Dorset,swanage,swanage,container
142313,Quail flock found in tight plastic binding,shrinkpack,shrinkpack,assemblage
89222,Caesar's forty said to perform well,excel,excel,double definition
96925,Fabric with pattern to read in church?,faconne,faconne,assemblage
7765,Hit lofted catches without strain,stricken,stricken,anagram
2694,"Marked and marked, keeping one constant",noticed,noticed,container
140978,Turning out to be the online type,eversion,eversion,assemblage
98010,The magpies left after Tay disaster: extraordinary!,atypical,atypical,assemblage
135330,Fancy dealings with church look anything but straightforward?,sideglance,side glance,anagram
84799,Peterhouse represented at Westminster?,safeseat,safe seat,double definition
74899,"Showing lack of judgement, so do not try so many!",tasteless,tasteless,assemblage
22281,Beam of light ran somewhere within,transom,transom,assemblage
95978,Set record unknown to medical science,radiology,radiology,assemblage
49083,Lays blame over …,parsnip,parsnip,assemblage
29180,Turning up with competence on island,elba,elba,anagram
70432,Row with leader appears in the press,headline,headline,assemblage
34108,Old uncle embraces Anglican compere,emcee,emcee,container
14327,Advanced on American girl walking the streets,abroad,abroad,assemblage
5154,Anteater buried nose initially inside one climbing,echidna,echidna,container
76311,"Issue of pensions, for instance, needing intelligence",greymatter,grey matter,assemblage
60541,Many dress with ill intent,malign,malign,assemblage
24011,"Tommy's upset about piano, which must mean something",symptom,symptom,anagram
124649,Cockscombs getting time off in civil service,crests,crests,container
138735,Punk is beaten up by fifty associates,linksup,links up,anagram
5066,Goalkeeper's bung,stopper,stopper,double definition
111969,Little creature goes in to road engineer,telford,telford,container
138385,"Produced positives and negatives when treated as a celebrity, going topless?",ionised,ionised,container
125594,Relation bitten by wild dog - almost frightening!,daunting,daunting,container
15841,"You're hated, without love, tormented? Look back with regret",ruetheday,rue the day,anagram
115274,A VIP sells assorted toiletries,lipsalves,lipsalves,anagram
45086,Disturb a Parisian on a seat,unsettle,unsettle,assemblage
10132,Quoted about an instance in vain,conceited,conceited,assemblage
69054,Supremos in the MCC?,overlords,overlords,assemblage
92458,Best part of smelly pimple,highspot,high spot,assemblage
11779,Like an Oompa-Loompa's house,orange,orange,double definition
53588,"Day, perhaps, for primate to acquire new top",doris,doris,assemblage
101282,They end up winning against the odds,bookmakers,bookmakers,double definition
30708,Politician protected by first-class defence,alibi,alibi,container
92716,Standard weapon in conversation,parlance,parlance,assemblage
122458,What makes cowards ill?,yellowfever,yellow fever,assemblage
57763,To send for change is a Continental resort,ostend,ostend,anagram
94931,It's OK to keep single and flourish,prosper,prosper,assemblage
27726,Literary giant in the cave of Trophonius,despair,despair,container
72700,A particular form of dislike,aversion,aversion,assemblage
90319,Left in charge but run away,flee,flee,container
61139,Muffler quietly placed between auditory orifices,earplug,earplug,container
110662,The hunter hunted for work over a long time,actaeon,actaeon,assemblage
19653,Aaron Copland's first composition involves one instrument,ocarina,ocarina,anagram
14339,Witticism alien to church music?,motet,motet,assemblage
114438,Wicked relative meanly cutting me off,uncleanly,uncleanly,assemblage
32452,"Initially, cupboard love affair causes uproar",clamour,clamour,assemblage
54272,One has butcher's shop assistant? First job not started,observer,observer,assemblage
112107,They inform people when fire dies out,edifiers,edifiers,anagram
108140,Worms found by girls crossing lake,annelida,annelida,assemblage
21049,Dress you and I are shortening,wear,wear,assemblage
116766,"University state, fifth in Ireland, good and straightforward",unswerving,unswerving,assemblage
40600,Florida resort without a role for a soprano,mimi,mimi,container
125101,She returns in an instant,nina,nina,hidden word
22691,"Be unlucky in raffle, but lucky at Russian roulette",drawablank,draw a blank,double definition
8401,Badly translated old manual so eccentric,anomalous,anomalous,anagram
8932,See pottery made by conventional character,stereotype,stereotype,assemblage
14843,Settler right behind City institution,boer,boer,assemblage
50365,Ban writer earning money?,proscribe,proscribe,assemblage
6411,An inclination to use jargon,cant,cant,double definition
54782,"Best time in two years, given head surgery",heyday,heyday,anagram
102862,EU's regret over drug,europium,europium,assemblage
67348,Backtrack with Poles moving in …,sponsor,sponsor,container
97200,Classical runner first seen in US city,atalanta,atalanta,assemblage
138709,Mound of food's ending with drink? Nothing turned up,drumlin,drumlin,assemblage
46036,Excessive hesitation of fish-eater,otter,otter,assemblage
75132,French city or town Austrian leader captured,orleans,orleans,container
16695,Friar Tuck runs into trouble,brother,brother,container
15311,Fruit served in the harem,sultana,sultana,double definition
585,Blunt point,direct,direct,double definition
112425,Luminary in performance is euphoric,delighted,delighted,assemblage
80250,Got better sax part; make new version in the middle?,recovered,recovered,assemblage
70279,"Drink and drink, missing a round - pass one",cocacola,coca cola,assemblage
67284,Express derision at meal,scoff,scoff,double definition
78956,"""Delicate"" - meaning it's with intravenous injection",sensitive,sensitive,assemblage
32986,Shakespearean promoter of love first transferred into plant,valentine,valentine,double definition
64750,Two African countries I must leave to avoid labour,malinger,malinger,assemblage
88083,"Speedy bird travelled, say, over river?",roadrunner,roadrunner,assemblage
110925,Jet flier?,blackbird,blackbird,assemblage
18539,Common sailor boy in train crash,tarpaulin,tarpaulin,assemblage
96508,Set of teeth chatter uncontrollably,ratchet,ratchet,double definition
69796,Guide on the ranch?,steer,steer,double definition
119505,Sea god suppressing yen to attempt seduction,tryiton,try it on,container
130773,"Director having sex, second pair of smalls discarded",exec,exec,assemblage
117649,It's bloody hard to spell!,haemorrhage,haemorrhage,double definition
37789,Not subject to protest,object,object,double definition
5567,Injured hip not long ago in a pursuit,philately,philately,assemblage
19078,Kind disposition,nature,nature,double definition
30633,French priest sought in Lourdes,cure,cure,double definition
15501,Some cauliflower from cholesterol-free lunch left over,floret,floret,hidden word
14777,Mentally without help - it's about making one generous,munificent,munificent,assemblage
111452,Knight risked capturing Stuart queen,banneret,banneret,container
63349,Worthies revealing why schoolchildren are innumerate?,notables,notables,double definition
40892,A rebel one got out of bed,riser,riser,double definition
3615,Halt contest,game,game,double definition
35506,"Speeches are permitted, as spoken",aloud,aloud,double definition
39014,Elderly artist not quite making a comeback,aged,aged,anagram
32335,State crime and motive after opening of trial,treason,treason,assemblage
12966,"Server's trouble, unfortunately forgetting round",butler,butler,anagram
73936,A terrible mess follows a meal,dogsdinner,dogs dinner,double definition
111149,Dick painting fiddler misses nothing - he's not alone,copartner,copartner,assemblage
3617,Plucky people may have to pluck this,game,game,double definition
47008,Pig's head in cream - recipe sent back by member of class,reptile,reptile,container
20587,"Falsify personal documents, though anything but bent",rigid,rigid,assemblage
94539,Pull vehicle over in a race,attract,attract,assemblage
15393,Don't tamper with spring,letwellalone,let well alone,assemblage
56534,Sally's exposure,outing,outing,double definition
81320,Top copy with illiterate's signature,apex,apex,assemblage
55792,"Fancy rim is deep, which is not skin-deep",epidermis,epidermis,anagram
98988,Trouble in bed? Politician's nail breaks,complaint,complaint,container
36926,Animal died after dash,eland,eland,assemblage
51219,Make cat sit still,static,static,anagram
2034,Regularly check computer screen,monitor,monitor,double definition
98397,"Legal documents, reportedly, for Swiss hotelier",ritz,ritz,double definition
37316,Second mate who raises the issue?,stepmother,stepmother,double definition
35970,Funding a musical that may be fascinating?,aida,aida,assemblage
94114,Secure report of a congregation that's little more than gross?,clinch,clinch,double definition
140435,Aren't diesel trains made to last?,eternalised,eternalised,anagram
80554,We hear a recluse takes mineral,ankerite,ankerite,assemblage
44762,"Returning instrument, which was acquired illegally",loot,loot,anagram
31555,"Trudge past Ireland, land not visible in a storm",traipse,traipse,container
109957,"Grouse shooting imminent, so surrender!",thegamesup,the games up,double definition
6152,Plug falling out and floating,adrift,adrift,assemblage
70918,"Work of a forger, bent but possibly lucky",horseshoe,horseshoe,double definition
127133,"Shy old copper, if well outside sanctum",diffident,diffident,assemblage
10706,Time to dress in worthless stuff?,garbage,garbage,assemblage
91002,A rook nested in smaller species' overcrowded area,warren,warren,container
39930,"Broadly similar, gold cups",largo,largo,double definition
34344,Rip off clothing item,fleece,fleece,double definition
52322,Understand girl gets made up,digest,digest,assemblage
114861,Isolation: it could be found in an old apple orchard,quarantine,quarantine,double definition
73388,Fashionable folk with affected gait carrying offspring,glitterati,glitterati,assemblage
107783,Having a choice makes them cross,electors,electors,double definition
37943,"Followed girl, within reason",ensued,ensued,container
127737,Vehicle wound round a bird,salooncar,saloon car,container
103756,Mounted on the side of Viva!,upwith,up with,assemblage
16522,Melody featured in Enigma Variations?,aria,aria,hidden word
90489,Skilled amateur in union creating scene,tableau,tableau,container
92187,See former pupil do his duty,observe,observe,assemblage
69264,Something to serve as intelligence about the sovereign,writ,writ,container
100011,"Where water speed records were set - not sonic, however",coniston,coniston,anagram
51462,Vanessa's involved with married lad,redadmiral,red admiral,anagram
103723,Miniature bears puff and creep,toady,toady,assemblage
47945,Artful avoidance of girl is no use,evasion,evasion,assemblage
25447,"Retiring say, after Republican papers fold",ridge,ridge,assemblage
109915,Go without a garment in parody,travesty,travesty,container
34158,Network Rail's plum post in London?,victoriastation,victoria station,assemblage
86865,"Siren's signal right, altered wrongly",redalert,red alert,assemblage
48930,Ere's the police college - finally touching ?,endon,end on,assemblage
42513,Learner encountered bad weather in driving area,trainee,trainee,container
42906,"Copyright it, provided it's served before Christmas dinner, for example",aperitif,aperitif,assemblage
99620,Lab re-created a heart for a fish,albacore,albacore,anagram
102157,New Year tends to make us inactive,sedentary,sedentary,anagram
121338,Smart lawyer allowed dog to have lead removed,legaleagle,legal eagle,assemblage
25042,Individual's underweight: seaside atmosphere needed,ozone,ozone,assemblage
28621,The leg properly positioned to receive ball?,onside,onside,double definition
118218,Expression used to attract attention,look,look,double definition
132478,How much of the main substance is present? It's madness to include lithium,salinity,salinity,container
50860,A Broadcasting House workshop?,studio,studio,double definition
10898,"Manager is cool, having sun protection",supervisor,supervisor,assemblage
56069,"Brewer uses potatoes, filtering out oxygen and sulphur",teapot,teapot,anagram
51535,Manager is mean to worker,intendant,intendant,assemblage
33507,"Daft sheep, a rising bloomer",amaryllis,amaryllis,assemblage
112297,Youth leader ’appily listens a long time,years,years,assemblage
119723,After start of play lady embraces man in the gods,pantheon,pantheon,container
54562,My French girl must turn up and that's a sign,monogram,monogram,assemblage
98614,Big brother?,abbot,abbot,double definition
126731,Seafront is for crew forced to abandon leader,promenade,promenade,assemblage
52524,Redolent of a half-hearted sentimentalist,aromatic,aromatic,assemblage
82401,Crush tribal leaders with large following,trample,trample,assemblage
14515,Cope with death on the river,endure,endure,assemblage
25867,"Look, chaps - round, juicy fruit!",melon,melon,container
83438,Former philosopher has daughter brought to light,exhumed,exhumed,assemblage
91083,"Thespian, probably old, as male monarch",stager,stager,assemblage
12371,Hoop of iron - not the orthodox form,fringe,fringe,container
62897,More mature half-hearted serial killer,riper,riper,assemblage
75661,"Is dismissed, but doesn't go",playson,plays on,double definition
127,Knackered retina? Yes.,eyestrain,eyestrain,assemblage
8447,"A man short, stuffed by other team",chelsea,chelsea,assemblage
40518,Water-carrier died in a never-ending line at court,aqueduct,aqueduct,assemblage
132274,Fan of Spice Girl's biscuit?,gingernut,ginger nut,assemblage
32434,"Member of the police force, if qualified",officer,officer,double definition
71379,Character lacking tolerance from great books,bigot,bigot,assemblage
29626,Furniture with seats?,cabinet,cabinet,double definition
98446,The way builder's helper joins police,method,method,assemblage
12819,Old people entertaining Latin soothsayer,oracle,oracle,container
100780,Time for students to collect together,ragweek,rag week,assemblage
44267,Bottom employing this spacecraft?,shuttle,shuttle,double definition
102322,Equal distribution with grand court,quadrangle,quadrangle,assemblage
40895,"""Get up, Knight! The Queen!"" - and he does",riser,riser,anagram
82848,"Pour drink, leaving a bit of sediment in the top part",descant,descant,container
89104,A setback - very sad to get upset about it,adversity,adversity,anagram
4039,"Flower eaten by flea, unusual jumper",fairisle,fair isle,anagram
96466,"Employed around head office, not contracted out",inhouse,in house,assemblage
82692,Gunners entered privately,incamera,in camera,assemblage
53567,Newspaper editor forced out,expressed,expressed,assemblage
76236,Soldier tucked into old crone's dish,haggis,haggis,container
133614,Drunkard scoffs extremely luscious desserts in biannual events,solstices,solstices,container
114071,Periods Edward rubbed out,erased,erased,assemblage
139994,Lifts paper he's holding,hefts,hefts,container
117458,Articles on a menu arranged by club,athenaeum,athenaeum,anagram
265,Crusoe collapsed after run here,racecourse,racecourse,assemblage
93345,Mass of lymphatic tissue giving don ideas,adenoids,adenoids,anagram
128173,Writer badly mauled (but not dead) getting signal to enter burrow,samuelbeckett,samuel beckett,assemblage
82735,Paper train,express,express,double definition
41998,Uproar about one's bill,noise,noise,container
63515,Coming out for measures restricting work unit on church,emergence,emergence,assemblage
139358,"A blast from the past, old sanctions supporting Dutch in Australia",odzooks,odzooks,assemblage
120079,Scottish brewer sprayed one guy with last of beer,younger,younger,anagram
83261,Soft fall?,rainwater,rainwater,assemblage
101622,Stars smoke cannabis around queen in feverish condition,sunstroke,sunstroke,assemblage
20518,"Yawn at the end of King Kong, for instance",gape,gape,assemblage
8619,Will is offensive about male organ,testament,testament,assemblage
74882,In old money nearly always there's a queen ...,guinevere,guinevere,assemblage
59841,Holidaymaker going after sun getting help to remove coat,stripper,stripper,assemblage
46013,"Corporation boss revealed as radio neglecter, potentially bringing in revenue, primarily?",directorgeneral,director general,anagram
56706,Forgo one's turn - I am frequently appearing,passim,passim,assemblage
73359,Catty remark about a party in a field,meadow,meadow,container
64047,One felt interest in violin,amati,amati,assemblage
55445,"Jails, as opposed to non-custodial penalties",confines,confines,assemblage
121309,Leading division is hot? Clear off!,vanish,vanish,assemblage
13215,English beauty losing heart to person of taste,epicure,epicure,assemblage
103633,Row of houses,domestic,domestic,double definition
5210,Crack small fruit I pinched,solve,solve,assemblage
48310,Hold a show trial,rehearse,rehearse,double definition
139512,"Young producer, calculating type",multiplier,multiplier,double definition
56855,"Report suggesting ""allow notes A-F""?",bang,bang,assemblage
140548,Jaw about everyone before nine in the morning,maxilla,maxilla,assemblage
94692,Bush's networking set-up to beat Osama finally,lantana,lantana,assemblage
37197,"Something of use after ""black dog""",basset,basset,assemblage
110643,Leave reluctantly before society roughnecks appear,tearaways,tearaways,assemblage
108607,Harry Potter,niggle,niggle,double definition
2344,US pastor's conclusion about religious instruction starts to come apart,american,american,assemblage
89296,Arrests sailor starting scraps,aborts,aborts,assemblage
41125,"Unfortunately, Iris faced having skin punctured",scarified,scarified,anagram
96991,Lion-tamer is an idle outcast,daniel,daniel,anagram
111979,Love affair with office work? Not I,fling,fling,assemblage
33505,"Girl, Lily, drunk in a familiar bar",amaryllis,amaryllis,assemblage
127450,Twenty joining club maybe - a record at a sports ground,scorecard,scorecard,assemblage
101749,The Queen installing a swimming pool in a sacred spot,halidom,halidom,container
71225,Trouble with rent that could be destructive,tornado,tornado,assemblage
85467,"Prize for close of ""Close Encounters"" sent back",esteem,esteem,assemblage
56715,Advance needing to be paid? Keep quiet,subdue,subdue,assemblage
92425,Follow scholar around at teachings,dogmata,dogmata,assemblage
89204,"Sark boatless, Jersey or Guernsey getting boat",scow,scow,assemblage
134171,They leave their coats on the wall,plasterers,plasterers,double definition
91507,Flat rate?,rent,rent,double definition
73808,"Reciprocally, race home after river races for another option ...",pointtopoint,point to point,assemblage
135483,Plant some after a hot spell,feverfew,feverfew,assemblage
48774,A Liberal in prison,caliban,caliban,container
74956,"Third of colony, a thousand sat together",composed,composed,assemblage
90421,"Mean to look dangerous, given room",parlour,parlour,assemblage
71069,One with woad maybe heard applied to straits,dyer,dyer,double definition
38497,Here answer's having no name,anon,anon,assemblage
126938,Throw a tantrum when baby eats plant,playup,play up,assemblage
98182,"Contracting, hurried back with work for crew",narrowing,narrowing,assemblage
62109,Such a one may need concerted pain treatment,accidentprone,accident prone,double definition
29137,I start to cry and implore piteously,compiler,compiler,assemblage
12677,Simpleton is disorderly or amusing,ignoramus,ignoramus,assemblage
90013,Lord's rebelled over money,rosenoble,rose noble,assemblage
73482,Performing in opera outdoors,openair,open air,assemblage
16343,"Lizard, one climbing in South American region",iguana,iguana,assemblage
87511,One with a box in the nursery?,arboriculturist,arboriculturist,double definition
88012,"Following orders, excellent to get up during illness",compliant,compliant,anagram
102000,"Mad worker was TUC problem, a difficult one to deal with",awkwardcustomer,awkward customer,assemblage
22946,Country with superior border!,canada,canada,assemblage
92257,North American flower that's disgusting being worn,yukon,yukon,assemblage
119028,Where to find a paid informer?,classroom,classroom,double definition
39026,Old retired painter abandons society,aged,aged,assemblage
14831,Criminal alert amid court battle,waterloo,waterloo,assemblage
45674,Peruvian stock too hot to handle,incandescent,incandescent,assemblage
99223,What you encounter in nuclear theory is dull,earthbound,earthbound,hidden word
53845,"An isle - Greenland, perhaps",emerald,emerald,double definition
97506,"About ninety, one exercising, one having done a stretch?",excon,ex con,assemblage
10936,Mix porridge here,stir,stir,double definition
64665,"To socialise, tramp hugs knight and bishop",hobnob,hobnob,assemblage
47214,Rotten theologian in crooked deal,addled,addled,container
81507,Chuck set about old clergyman? That's badly done!,shoddy,shoddy,container
1275,"We're young people, so let's dance madly",adolescents,adolescents,anagram
105355,An amount of rye from the nursery?,pocketful,pocketful,double definition
81086,"Jolly good support and very little opposition, initially",bravo,bravo,assemblage
36341,One dressed in black: flipping stoned mourner?,niobe,niobe,container
79097,Dispose of foolish nonsense in contrasting volumes,polishoff,polish off,double definition
60329,Having lately joined a certain choir? Absolutely,dead,dead,double definition
132495,Doctor begs nurse for classes,subgenres,subgenres,anagram
15842,County clique after return of corporal punishment,dorset,dorset,assemblage
117765,Will find postal order in one's wallet,purpose,purpose,container
132313,Order people filling in survey to start again,recommence,recommence,assemblage
140492,Stupidly goes by bad parts of round,bogeys,bogeys,anagram
118612,Upholders of glass ceiling are on board,sexists,sexists,container
93575,Is Harpo Marx starting to make a witty sally,aphorism,aphorism,anagram
68726,Results are usually laughable when this missile is launched,custardpie,custard pie,double definition
96885,"Thanks to book, Delia's strangely tormented",tantalised,tantalised,assemblage
65477,Rod's to continue the innings,baton,baton,assemblage
111308,Consider acquiring inverted nose ring,resonate,resonate,assemblage
126653,"Fish and fruit, right to the end",gaper,gaper,assemblage
123820,Doctor regains gun primarily for applying lubricant,greasing,greasing,anagram
118402,The Dogs of War?,terriers,terriers,double definition
134267,"Pen novel for reclining dictator, some light material",styrofoam,styrofoam,assemblage
119590,Solidly built bunch of idiots?,thickset,thickset,double definition
60001,Right page found by cowboy?,proper,proper,assemblage
5519,River guide to straighten out fool's garment,coxcomb,coxcomb,assemblage
135970,"It's deceitful - ""hat"", if clued cryptically?",badfaith,bad faith,double definition
1183,Wretch in peasant garb removing top,louse,louse,hidden word
30356,A sound people have time for making up,atonement,atonement,assemblage
36129,Good god!,okra,okra,assemblage
114038,Stops on this red with no gear changes,reedorgan,reed organ,anagram
26911,The ABC of literature?,letters,letters,double definition
75971,One used to avoid getting the ticket,parkingmeter,parking meter,double definition
124009,Male's setback,tup,tup,anagram
56872,Gloomy dean's head and backside,drear,drear,assemblage
135737,Love sex from behind hugging old singer's wife,yokoono,yoko ono,container
85018,Dismiss one on the register,cashier,cashier,double definition
64851,"Religious leader, follower of Martin Luther",king,king,double definition
100616,Leader has worked hard,shah,shah,assemblage
132004,Bun in oven initially jarred when entering state of matrimony,connubial,connubial,assemblage
126657,Member employed to split the opposition?,swordarm,sword arm,double definition
10870,"Alluring, full of Eastern sparkle",gleam,gleam,container
69789,"Of course, part is in apple-pie order",straight,straight,double definition
101068,Addict vetoed dodgy ecstasy,devotee,devotee,anagram
73789,"Called into action, when out to lunch",deranged,deranged,assemblage
141480,"Chekhov, say, heading off from part of Switzerland",anton,anton,assemblage
132387,This comedian has got into fiddles,funnybusiness,funny business,assemblage
58245,Widely shown film of American disaster,cinerama,cinerama,assemblage
65806,A revolutionary wall painting that sounds a warning note,alarum,alarum,assemblage
111083,Obtained round number in combination,together,together,assemblage
77308,A cricket captain may do so and confess,declare,declare,double definition
8236,Birds presented with bill for geranium,cranes,cranes,double definition
94004,A hindrance to marketing of water,adamsale,adams ale,assemblage
82468,Rookie wearing militia's diving gear,scuba,scuba,container
6452,"Fellow who can spell: after he's died, remove all traces",obliterate,obliterate,assemblage
125003,Domestic problem having to tell mother to cut rent,risingdamp,rising damp,assemblage
74593,"Comprehensive description of ""The Three Blind Mice""?",detailed,detailed,double definition
120427,First lady wears clothes of satin - they were magnificent in the film,seven,seven,container
7251,Spirit captures wild gnu in swamp,engulf,engulf,container
141675,More difficult in larger form,gnarlier,gnarlier,anagram
73956,Screen reservists assuming outcome for bloody dispute,vendetta,vendetta,assemblage
87894,"Gifted holy converts, many times over",eightyfold,eightyfold,anagram
75268,Advantage securing a judge in contact with ground level,barefoot,barefoot,container
93660,A writer Kipling never expected to meet,twain,twain,double definition
73296,Old emperor in overlapping desert expedition,rastafari,ras tafari,assemblage
33995,Record appearance of full moon,disc,disc,double definition
74709,Stockings getting runs in clothes drier,horse,horse,double definition
59918,One's in bed with female from another planet?,sheet,sheet,assemblage
105963,Fruit seeds produced by Spiro Agnew (the last to be dropped for President),orangepips,orange pips,anagram
65983,Some American depositors backed this inventor,otis,otis,hidden word
128604,Party elected to kill,doin,do in,assemblage
19849,Resident in area luckily unaffected,real,real,hidden word
121917,Corrupt umpire is immoral,impure,impure,anagram
53297,Meat - reports of lamb - around in islands,bahamas,bahamas,assemblage
52667,"High jumper to run, it's announced",flea,flea,double definition
129122,"Bolt in trouble, turned up nursing broken toes at end of race",gotoseed,go to seed,anagram
119353,Quick steps taken up by old English soldier,gijoe,g i joe,assemblage
57910,"A word like ""logo-mines"", perhaps?",neologism,neologism,anagram
74411,Refusal of agreement to keep Irish province,denial,denial,container
118034,Expression of approval the Spanish love to come up with,ole,ole,assemblage
107907,Aliens go mad for fuel,gasoline,gasoline,anagram
45755,"Definitely short and sweet, perhaps",course,course,double definition
127485,Repeated annual check gets the bird,motmot,motmot,assemblage
14479,Boring makers of laws,awls,awls,anagram
102462,Complete extrovert,unreserved,unreserved,double definition
36154,Bail is arranged for those with proofs of innocence,alibis,alibis,anagram
64717,Flag email from criminal,oriflamme,oriflamme,anagram
127608,Early birds found here at Cheshire mill,hatcheries,hatcheries,anagram
86669,Slim and winning but losing one's hair,thinontop,thin on top,assemblage
71709,"Relative, the aforementioned proposition",thesis,thesis,assemblage
26650,Count about eleven ends with South American,census,census,assemblage
125372,"Major cut to obsolete weapon, with political co-operation",bipartisan,bipartisan,assemblage
25024,"Pick up fish, placing first two at the rear",glean,glean,assemblage
71415,Mountain dweller coming in without more ado,oread,oread,hidden word
131311,Soprano begs for flower arrangements,sprays,sprays,assemblage
63547,Out to the opening ball from a spin bowler,offbreak,off break,assemblage
67604,Writing crosswords is getting hard,setting,setting,double definition
6347,Regret head having little time in the centre,bemoan,bemoan,assemblage
140284,Scavenging insect disturbed deer and shortly bolted,dorbeetle,dor beetle,assemblage
109304,Is he in the middle of nowhere at odds with creation?,anchorite,anchorite,anagram
30234,Perhaps flies home etc recklessly within seconds,insects,insects,assemblage
113413,Work ethic following a payment matey's pocketed (thus?),parenthetically,parenthetically,assemblage
19308,Go back to pay for another round,retreat,retreat,double definition
15815,Naval officer and author having destiny on island,loti,loti,assemblage
35345,Weapons turned on quarry,stag,stag,anagram
128936,"Some bits pong, especially bums",sponges,sponges,hidden word
122794,Single-minded alumni scattering seeds,obsessed,obsessed,assemblage
96097,Loose body bits next to science room E?,flab,flab,assemblage
51565,Way out insect with many a substitute,locum,locum,assemblage
127676,Facial feature's pleasantly warm,genial,genial,assemblage
58709,Pacifier to go on trial,dummyrun,dummy run,assemblage
28998,"What Jersey did, presumably, banning English humour",mood,mood,assemblage
117231,"Armstrong and Miller, say, take a quick nap with setter in Jordan's arms",jazzmen,jazzmen,assemblage
54712,Close a make-up case,compact,compact,double definition
73651,They troubled Macmillan and Steven,events,events,anagram
85241,"Divine cowgirl, we hear, passed the salt",iodide,iodide,assemblage
9915,"Retriever, for example, raised with intelligence to bring bird",godwit,godwit,assemblage
39311,Relish country's leader moving to the right,taste,taste,anagram
134354,Finished digging? My congratulations!,welldone,well done,double definition
41288,Secretly maintain hotel's leafy area,harbour,harbour,assemblage
82868,Spooner to cuddle vagrant? Nonsense!,humbug,humbug,anagram
35145,One short meal allocation - and what Oliver would have liked!,iteration,iteration,assemblage
29637,Publication showing current changes,tidetable,tide table,double definition
126466,Live outside right the same as live outside left? Not likely to last,breakable,breakable,assemblage
69160,"Money once pocketed by runner sent back, it's learned",educated,educated,container
77353,Kid rings sister with unusual problem,conundrum,conundrum,assemblage
10679,"Skirt backing, say, removed from sign",mini,mini,assemblage
128659,Keeps breaking down in tears,retains,retains,anagram
96427,What could indicate a limited number being really excited,turnedon,turned on,double definition
32981,Accomplished poet loses heart,done,done,assemblage
98325,"Meet with disaster, provoking demon on cue",comeundone,come undone,anagram
33104,Former African area in the southwest,exmoor,exmoor,assemblage
67305,Bring in organ before Beethoven's Ninth,earn,earn,assemblage
131226,"Wife escaping winding of twister, as bricks falling?",tetris,tetris,anagram
137397,He wrote about brothers in party changing votes - heavens!,dostoevsky,dostoevsky,assemblage
6184,Foreign city that can't quite offer enough for sect member,essen,essen,assemblage
42244,School report taken in,eaten,eaten,assemblage
105145,Submissive prodigal son comes first,slavish,slavish,assemblage
37646,They are wound and screwy,wingnuts,wing nuts,double definition
35683,Sound smack around whelp's head,twang,twang,container
89845,Almost too soon after noon,nearly,nearly,assemblage
123167,Tough pre-development of sixties' bestseller,thegroup,the group,assemblage
84220,Beer bottle for Brecht's mother,courage,courage,double definition
53746,Chic lost as turning to bluestocking?,scholastic,scholastic,anagram
44873,Offer to acquire new tie,bind,bind,assemblage
18185,One composer chosen for new orchestration ahead of another,schoenberg,schoenberg,assemblage
61131,Censor a headline,banner,banner,assemblage
77376,Intelligence services see note that's taken from a dupe,mickey,mickey,assemblage
138361,"Smearing teacher, having deployed a bug outside home",bedaubing,bedaubing,assemblage
137385,"Visiting Bergen? That's not right, not at all!",innoway,in no way,assemblage
91211,Top worn by a barbarian,beast,beast,container
26528,Here to make an introduction,present,present,double definition
11096,Shed a little off the perpendicular?,leanto,lean to,double definition
104767,Fish served by second pub on list?,barb,barb,assemblage
86902,See a man struggling with a tentacled marine creature,seaanemone,sea anemone,anagram
2739,Drop - it's the doctor's turn to take it,omit,omit,assemblage
129129,A villain finally turning up on the fifth dimension's fourth hub,nave,nave,assemblage
131114,Goes a long way with veg and soya mince,voyages,voyages,anagram
52867,Old ascetic drinks cold spirits,essence,essence,container
59362,Bob's actress,sleigh,sleigh,double definition
139304,Reporting for work,journalism,journalism,double definition
73548,Demonstration of spiritual strength,proof,proof,double definition
81634,Zorba in Toledo?,elgreco,el greco,assemblage
44539,American coach keeps bill for calculator,abacus,abacus,container
100277,Old tape in use to maintain clear reproduction,incle,incle,hidden word
47161,A beast in distress lowers,abates,abates,anagram
117208,Addition to passport not altogether advisable,visa,visa,hidden word
53813,Do see to Mr Nasty's hard skin,osteoderm,osteoderm,anagram
112047,Dated and removed,tookout,took out,double definition
66316,Need link to supply light,enkindle,enkindle,anagram
7714,Fighter for crown in Punic or Napoleonic wars,unicorn,unicorn,hidden word
18522,"No parking in front of club, say",utter,utter,container
90113,Local tour going back up crest of Cheviots breaks into a fight,pubcrawl,pub crawl,assemblage
9700,Poor diet''s effects on banker,depositor,depositor,anagram
44071,"Rendered a tune, setting up a Spanish drink",sangria,sangria,assemblage
72214,Material found by model in bathroom,toilet,toilet,assemblage
35443,Running water for hire - that's about right,torrent,torrent,assemblage
91367,Model I stick up? No way,notabit,not a bit,assemblage
33601,Specialist in stocktaking?,rustler,rustler,double definition
74328,Pervade conundrum,riddle,riddle,double definition
54961,"Concerned with check holding trial up, heading for gaol",regarding,regarding,assemblage
29758,Judge an instrument,recorder,recorder,double definition
30849,Criminal career kept failing after ceding power,racketeer,racketeer,anagram
62588,Insignificant fellow spattered panda with dirt,dandiprat,dandiprat,anagram
124098,"Having got in, I've turned to get food - that's certain",inevitable,inevitable,assemblage
36703,"Not late, but nearly lost a point",early,early,container
141505,"Noble statesman pursuing grouse for his dinner, perhaps",beefwellington,beef wellington,assemblage
127562,Old houses terribly dry east of Edinburgh's outskirts - so dry,dehydrated,dehydrated,container
42087,In which one should certainly hear a pin drop,bowlingalleys,bowling alleys,double definition
23072,Go off with retired policeman at conclusion of case,explode,explode,assemblage
49100,A pointless contest for the loser,lovegame,love game,assemblage
70317,"Engagement ring ripped from rampant toad, marriage's ending?",date,date,assemblage
85874,Buffalo Bill is performing - not bad,bison,bison,assemblage
36860,Serving men and women operate from behind it,baseline,baseline,assemblage
11980,Start to bet when Bella's playing a game,baseball,baseball,anagram
88637,He won't get out quickly with one iron in both hands,lifer,lifer,container
43999,Smash hit enthralling an island republic,haiti,haiti,container
68899,The old man's wife's born a Native American,pawnee,pawnee,assemblage
127850,Plant that a woman passes on to another?,ladysmantle,ladys mantle,assemblage
44248,A French flat - that's odd!,uneven,uneven,assemblage
4107,Declare support,maintain,maintain,double definition
22374,Revealing dead princess's emotional resolution,disclosure,disclosure,assemblage
140786,Nature's forecasters use brains to obtain current research and development,rainbirds,rainbirds,anagram
118829,Observer Magazine,spectator,spectator,double definition
100130,"Polish close borders, more or less",emend,emend,assemblage
37813,Source of Columbus's sail,genoa,genoa,double definition
4232,Prisoner found in wretched cluster of houses,village,village,assemblage
85286,Introduce trendy source of booze - only one left,instil,instil,assemblage
103368,Start undesirable group,outset,outset,assemblage
34023,Capital investment in brothels in Kiev,helsinki,helsinki,hidden word
131083,They were once responsible for the mail,armourers,armourers,double definition
38053,"Once in the red, the Guardian's going out",exodus,exodus,assemblage
47680,Fights that dogs enjoy,scraps,scraps,double definition
119985,"Stroke little cherub, showing no love",putt,putt,assemblage
12753,Greens worked to protect last of pristine deserts,reneges,reneges,anagram
108514,Changes of mind that could get bats run out,aboutturns,about turns,anagram
68661,Ways to be heard on an island,rhodes,rhodes,double definition
35129,The archdeacon always put on outward show,veneer,veneer,assemblage
76928,Clothes one changes in the car,gear,gear,double definition
33072,Idiot put on weight - it's the whale diet!,plankton,plankton,assemblage
15885,A little peck is seen here,kiss,kiss,double definition
129442,Hail or drops of water in Scotland,greet,greet,double definition
4422,Flower about to be eaten by goat on a mountain?,buttercup,buttercup,assemblage
19766,German city circulating a list of necessities,essentials,essentials,container
107084,Description of wine: half of it must be swallowed by a topsy-turvy sailor,portrait,portrait,assemblage
48282,"Don gets silver, note, in Olympic event",dressage,dressage,assemblage
101044,"Like Shelley's poetic spirit, it's mostly babble",blithe,blithe,assemblage
136233,"Trailer, so entertaining TV show gets support",adherence,adherence,assemblage
28827,Break into the Iberian nosh-up,burgle,burgle,anagram
15127,The last book to bring joy to the cleric,revelation,revelation,assemblage
3600,Make a fuss about the centre of Dartmouth - a Devonshire speciality,creamtea,cream tea,container
2071,Novice appears in the Seraglio in New York,harlem,harlem,container
65127,Transport unfortunately isn't arriving ...,virgintrains,virgin trains,anagram
141104,Go from first to second to suspend energy on entering knockout competition?,changeup,change up,assemblage
126791,Pedagogues' league sample heartless crackers,nutty,nutty,assemblage
61054,"Green track over in west, east of motorway going west",immature,immature,assemblage
71443,Defeat makes no difference to mum or dad,reversal,reversal,double definition
69079,"Mendel, perhaps, was the first French writer here in French street",geneticist,geneticist,assemblage
15304,"Centrepiece Peregrine ordered, but not the right one",epergne,epergne,anagram
17029,Drawing instrument found amongst dividers?,ruler,ruler,double definition
110283,Tense American hits clumps of grass,tussocks,tussocks,assemblage
84083,Never coming to a vital conclusion,undying,undying,assemblage
70931,"Hoisting this, the builder strained a ventricle",cantilever,cantilever,anagram
39617,Like it knocked back?,asti,asti,anagram
17375,Scribe has last word about a new university attended by relative,amanuensis,amanuensis,container
40350,Evidence of a leak? Contact the attendant,seepage,seepage,assemblage
69940,His forecast originally was wrong,fish,fish,assemblage
118167,Plans to move aside,ideas,ideas,anagram
3557,Europe set against taking in former currency,peseta,peseta,hidden word
2029,Don't travel through Armenia topless and drunk,remain,remain,anagram
28814,Stroke to the pole that long shots require,telephoto,telephoto,assemblage
89370,Very small river flowing through New York,teensy,teensy,assemblage
31162,On land with a wild horse,ashore,ashore,anagram
66702,Snake's partner - large snake,ladder,ladder,assemblage
89966,"West going north trapped by minor crush, easily sickened",squeamish,squeamish,container
90493,Picture my heart at bottom of list,tableau,tableau,assemblage
13723,Stay to eat and drink,supporter,supporter,assemblage
105955,Swimmer giving bottom a good licking,seatrout,sea trout,assemblage
80651,Horses paid out scores,rhapsodies,rhapsodies,anagram
21448,Parking by the verge is proper,prim,prim,assemblage
121287,It's kept in banks but also found in circulation,blood,blood,double definition
98129,They may turn some into a ferment,emotions,emotions,anagram
46177,How the weather can heat kettles,elements,elements,double definition
56893,Arab chief's tremor when speaking,sheikh,sheikh,double definition
83667,Variety of yellow crackers? Not quite,banana,banana,double definition
101162,Open a Bible with love when getting hitched,avowed,avowed,assemblage
64602,"Cold peaks, flipping ___ cold one",icecaps,icecaps,assemblage
24443,"Triumphant cry, eclipsing old record top mark",alpha,alpha,container
41440,Point to unusual Roman invader of Britain,norman,norman,anagram
38117,Copper to upbraid churchman,curate,curate,assemblage
5178,"""Nul points"" in the Brazil-Chile match",zilch,zilch,hidden word
52101,Father is holding learners responsible for unnecessary embellishments,frills,frills,assemblage
11043,Perhaps Labour blunder turns into potential embarrassment ...,boobytrap,boob ytrap,assemblage
114424,It costs nothing to give it a try,freesample,free sample,assemblage
106302,Controversially his (or her) IT crashed,their,their,anagram
45672,Liar hangs out in idyllic location,shangrila,shangri la,anagram
138902,"I punch counter, grabbing hot veggie snack",bhaji,bhaji,container
117515,"Mate sheepishly, with hurt expression, getting caught - perfect!",touchup,touch up,assemblage
141479,No citrus flavour before with balsam? Leave well alone!,nolimetangere,noli me tangere,assemblage
49196,Show appreciation of service (official),tipstaff,tipstaff,assemblage
136411,Bosses putting hand under jumper?,topbananas,top bananas,assemblage
26306,"Wine, less than half its content given up for soak",claret,claret,assemblage
60847,Floating vote again spoiled,evagation,evagation,anagram
80688,Giving back the remains: I'm out of place in teaching,restitution,restitution,assemblage
141173,"Derby's filly, kicking out every second, is a lure",dryfly,dry fly,assemblage
97189,Sailor you once left for a poet,pope,pope,assemblage
77522,"Head off old car, producing road rage, for example",anger,anger,assemblage
140504,Recurrent award shows approval of eco-friendly publishing,ebooks,e books,assemblage
76640,Decline to respond to come-on,pass,pass,double definition
38472,Mug against accepting love token,coupon,coupon,container
40500,High-fliers broadcast on station (not English),aircrew,aircrew,assemblage
76712,"Box, for instance",case,case,double definition
73395,"It's needed by diplomat, actually",tact,tact,hidden word
7876,Quiet after Rhine trips? It's the wine!,rhenish,rhenish,anagram
41843,Blue rooms out east,morose,morose,anagram
12702,This is a distinguishing feature of a hurtful type,sadist,sadist,hidden word
103474,The point of a quarrel?,arrowhead,arrowhead,double definition
134802,"With ultimate skill, collecting finished vehicle",hovercraft,hovercraft,assemblage
46657,Growth for production?,plant,plant,double definition
67449,Priest taking musical toy round city in Michigan,kalamazoo,kalamazoo,container
73827,Examining some money in great detail,eying,eying,hidden word
47344,Then he should get a good degree,lisbon,lisbon,assemblage
15031,"Married to eleven men, perhaps?",united,united,double definition
78454,Walk unsteadily at different times,stagger,stagger,double definition
109637,City as wild as Jones,sanjose,san jose,anagram
120218,"Passing oxygen repeatedly in circulation, this more harmful?",poisongas,poison gas,anagram
17814,Remove protective covering from vessel (wood),dishelm,dishelm,assemblage
11883,Stuffed with chopped dates,sated,sated,anagram
102165,"Scotland starts criticising English fellow, inter alia",caledonia,caledonia,assemblage
12804,Moralist girl entertained by joke,puritan,puritan,container
39944,Transport Gibson in hamper,trammel,trammel,assemblage
91356,Is unable to face the situation with free-range poultry?,chickensout,chickens out,double definition
18294,Cut in the Second XI ...,silverside,silverside,assemblage
54805,Perhaps only seconds away from Arkansas capital,ankara,ankara,anagram
118436,Fido's legs struggling to get round old part of London,isleofdogs,isle of dogs,anagram
61812,Lord of a Belgian town,liege,liege,double definition
71508,"Wonder about first engagement, if forced to make a second bequest",reendow,re endow,anagram
73048,The first notes of a French artist,dore,dore,double definition
65706,New student in resort finds means of getting up to date,refreshercourse,refresher course,assemblage
301,Old big-chested guys' backstreet scraps,oddments,oddments,assemblage
6792,"Restore what sounds like rule, say",reinstate,reinstate,assemblage
95487,"Drill on ship I failed, say. A no-hoper?",pessimist,pessimist,assemblage
92830,Eat chips in a way that's not original,pastiche,pastiche,anagram
138907,Shorten journey to and from work,commute,commute,double definition
2605,Right to include one in cultural curio,rarity,rarity,container
44962,Ineffective exhortation to inveterate consumer,useless,useless,double definition
22017,First couple from Scotland seen on border with English map,scheme,scheme,assemblage
72165,"A red giant explodes, becoming a dark star, perhaps?",tragedian,tragedian,anagram
52695,Warmer support for cricket in the Dickens canon?,hearthrug,hearth rug,assemblage
138371,Political supporter's note secured in advance,commie,commie,container
101534,Cheat produced excuse,condone,condone,assemblage
31794,Tricky place to put sexy bottom,hotseat,hot seat,assemblage
125476,BBC programme's award for meditation technique,qigong,qigong,assemblage
21606,Like the Swiss between shifts,neutral,neutral,double definition
121493,Painter only worked in colours,reynolds,reynolds,anagram
80246,"Imagines one goes out with potential partners, trapping a quarter",ideates,ideates,container
21714,Averse to one praying to cast off M&S clothing,anti,anti,anagram
122113,Mythical birds fly at first inside with study of automation,robotics,robotics,assemblage
111926,Variation in phone call - it's not uniform,plainclothes,plain clothes,anagram
20225,"Select smart response, finally putting nothing in",choice,choice,assemblage
1362,"Say there's point to everything, for example",allege,allege,assemblage
35997,Wickedness? What's boring about wickedness?,devilry,devilry,container
18329,Oscar winner with very brief acceptance speech grabbing award,tomhanks,tom hanks,assemblage
14685,"Drunk left in the end, cut short",blotto,blotto,container
34222,Damn dogs chase Charles away,curse,curse,assemblage
15477,One filly in two hundred backed such a hob,ceramic,ceramic,assemblage
55148,"Ragged-trousered unknown exposed right away, which is skilful",dexterous,dexterous,assemblage
39516,"Stream let out, rising again",resurgent,resurgent,container
13631,Infant with hood - that''s the bottom line,total,total,assemblage
78446,Huge prophet passes slowly through a barrier,osmoses,osmoses,assemblage
34122,He brought about a row - old cricketer,larwood,larwood,anagram
109386,Naked stills exploited to sell a sordid story,kissandtell,kiss and tell,assemblage
106264,Number of political leaders won't admit embracing Conservative inclination,tendency,tendency,container
32193,One's getting in support to carry on the fight,resist,resist,container
1107,Machine operator gives up merrymaking,lever,lever,anagram
62132,Restraint that's surprising after company stops one retiring,economy,economy,container
14137,Settled in a resolute way,determined,determined,double definition
96260,Union supporter's backing declared effective to a certain degree,federal,federal,assemblage
68341,The best workmen,optimal,optimal,double definition
75126,"Brave, old and wise",osage,osage,assemblage
2129,I meant a change to liven things up,animate,animate,anagram
82461,Quiet inside with sergeant major outside,stumm,stumm,container
48999,"Indication of intelligence in, for example, this coterie",clique,clique,container
98270,Larva found some distance west on the Golden Mile,inchworm,inchworm,assemblage
75887,Shrub is in teapot that's cracked,poinsettia,poinsettia,anagram
19609,Republican American is turning to one like Putin?,russian,russian,assemblage
120763,Lots of celebrations outside Japanese school,dozens,dozens,container
60609,Information on everyone's origin,gene,gene,assemblage
75995,Old English district sounds wet,soke,soke,double definition
57082,Piped music is groovy,fluted,fluted,double definition
84339,Lots of sheets pull somewhere in Cornwall,padstow,padstow,assemblage
44965,Economise in vain,useless,useless,double definition
103814,Campaign around country building to rage,barnstorm,barnstorm,assemblage
129620,Not knowing how to mend a fuse?,inthedark,in the dark,double definition
63999,Second thoughts about offensive jokes played today,pranks,pranks,assemblage
141808,"Suffering from cold, maybe curator has shivers",catarrhous,catarrhous,anagram
139461,Ruler to damn building that's avant-garde,ultramodern,ultramodern,anagram
75981,Make amends with item reordered previously,atonetime,at one time,assemblage
59549,Mark of magic when small watch doesn't start,sigil,sigil,assemblage
68217,"Slump in the intermission, with no one rising",recession,recession,assemblage
53011,Walk furtively in square with nothing to do,sidle,sidle,assemblage
37074,Taste before consuming popular fruit,tangerine,tangerine,container
41177,False information by great German chemist,liebig,liebig,assemblage
7473,Person serving king's son has maturity,page,page,assemblage
79554,The spinner's even of the greatest importance,toplevel,top level,assemblage
45947,Pearl possibly a shade of white?,paler,paler,anagram
122549,Cheese with parent's fish - sole,mascarpone,mascarpone,assemblage
67906,"I am given place at Cambridge finally, gaining credit",impute,impute,assemblage
4656,Runners organised in some schools,streams,streams,double definition
54996,"Educated and beautiful, finally made some money",learned,learned,assemblage
71513,Scottish beginners furl old manuscript,scroll,scroll,assemblage
46488,Game constructed by snooker player?,bridge,bridge,double definition
18104,Row about missing love letters from financial adviser,tipster,tipster,assemblage
101615,Let fire rip to be creative,fertile,fertile,anagram
128640,Marketing method making unhaloed heads roll,hardsell,hard sell,anagram
133948,Relocated abroad and no longer in England,bangalored,bangalored,anagram
22255,"Took on old English, swapping parts",engaged,engaged,assemblage
101036,Flourishes as spring comes in,abounds,abounds,container
35694,Outline a new house title,silhouette,silhouette,assemblage
97022,"Done with magic, converted and marrying within the tribe",endogamic,endogamic,anagram
99857,"Hair colour like Henry James, perhaps, cut by Latin?",ashblond,ash blond,assemblage
8130,Join forces?,enlist,enlist,double definition
55758,Eggs used for a change?,clutch,clutch,double definition
113281,Nurse keeps rare dog for arbiter of taste,trendsetter,trendsetter,assemblage
45844,Joke about money results in student's punishment,gating,gating,container
21697,Relation may be related on the other side,anti,anti,double definition
78090,Await trouble on North Pacific island,taiwan,taiwan,assemblage
63087,Medication of pills taken with tea,pastille,pastille,anagram
113161,Order to freeze work on fortifications,keepstill,keep still,double definition
57699,Corruption in Portugal? A German life depends on it!,protein,protein,assemblage
56629,Loud Mel B raging over a light drink,flambe,flambe,assemblage
101271,One wanders round hospital for waste containers,ashtrays,ashtrays,container
57627,Bird just right for old Michaelmas market,goosefair,goose fair,assemblage
41350,Beethoven's fifth penguin?,emperor,emperor,double definition
38285,Playtime in January,twelfthnight,twelfth night,double definition
69217,Horse's rump given whip around third part of course,croup,croup,container
89124,"Port wine's last to partake of, about right by lake",lehavre,le havre,assemblage
66687,Record answer given by councillor entering race,transcribe,transcribe,container
18749,"Cool, hot below",neath,neath,assemblage
84298,Former model makes a revelation,expose,expose,assemblage
43049,A measure of port,acre,acre,double definition
92884,"Francis, the writer, a man about town? On the contrary",wheen,wheen,assemblage
59334,Bird of the wilderness,erne,erne,hidden word
114912,Long to run into class that's coming up? Do they?,teachers,teachers,assemblage
75086,Row after a youngster appears in panto,aladdin,aladdin,assemblage
57188,Sources of water selfish protester cut before one,nimbi,nimbi,assemblage
64060,Feet all clumsy? Look at this ad!,leaflet,leaflet,anagram
6924,Expensive honey,dear,dear,double definition
1922,"It controls drift when Rosie's apathetic, they say",leeboard,leeboard,assemblage
32127,When across the street it may need to be wet,whistle,whistle,double definition
58197,"Go together, but back in five minutes: 'Won't _____'",belong,belong,assemblage
30810,Innocent one in church body,naive,naive,container
81042,Last Stuart detailed first victim; Ms Lee?,annabel,annabel,assemblage
22461,Volunteers' angular symbol?,theta,theta,assemblage
130663,Group including copper and bishop run down hill backwards,basemetals,base metals,assemblage
39725,President may be found here daily about one,chair,chair,assemblage
25318,Castles in the air?,rooks,rooks,double definition
130848,Latest society model in media reports,newscast,newscast,assemblage
7381,Asked about what might be required when leader's gone,queried,queried,anagram
58430,Prevent young servant having something deducted from pay,stoppage,stoppage,assemblage
133686,Good person is stopping fallen woman to give a sermon,evangelise,evangelise,assemblage
121268,Space traveller - about which I do more to unravel,meteoroid,meteoroid,anagram
68246,Eastern s-states in the papers,essays,essays,assemblage
45768,Not so busy class enthralled by Beatles songs,lesson,lesson,hidden word
100060,Fish - consider it in sound,mullet,mullet,assemblage
107383,"Live freely under canvas, which is antisocial",evilintent,evil intent,assemblage
22570,Drunk comes to a state of incapacity,comatose,comatose,anagram
35959,Lady-killer cautious about destiny with detective or prosecutor,charlottecorday,charlotte corday,assemblage
97385,Set to leave drink and start driving,congealed,congealed,assemblage
90243,"Sneer makes you stop short, last thing Pasquale wants",jibe,jibe,assemblage
120255,US port's wind-powered structures,mobiles,mobiles,double definition
22171,Unblinking female lacking features on the head?,fearless,fearless,assemblage
100099,Improbable? No fear!,notlikely,not likely,double definition
23274,We're told sea bird shows a bit of a habit,cowl,cowl,double definition
23893,Anger - a feature of high church ritual,incense,incense,double definition
36966,Fight in a Somerset town,setto,set to,hidden word
54247,Help gambler to choose the odds,abet,abet,assemblage
103849,Deadly connection,terminal,terminal,double definition
2504,Struggle in which the services prove decisive,tiebreak,tie break,double definition
32998,Puzzle not having a positive value?,nonplus,nonplus,assemblage
33789,Fairy getting some Yorkshire pudding to rise,peri,peri,hidden word
89948,Figure in time line,trope,trope,assemblage
91358,Writer named Christopher Robin's home after one,isherwood,isherwood,assemblage
37754,Fan of overlapping Thespians,extractor,extractor,assemblage
84802,Bishop of a foreign cathedral,chartres,chartres,double definition
98400,Air marshal - on his belly?,ventrally,ventrally,assemblage
130629,Rely on capital from Asia to produce growth in Australia,banksia,banksia,assemblage
137757,Browned dish - stuff with posh filling,saute,saute,container
55199,Try an overdue reform,endeavour,endeavour,anagram
125181,One who struggles with pages in larger novel,grappler,grappler,container
80670,Octave's arranged for bird,avocet,avocet,anagram
10395,Remove rump of Respect?,detail,detail,assemblage
10195,Prize artist lifted,reward,reward,assemblage
35703,"Food, hot beef sandwiches",chow,chow,container
56781,Wrongly surmise one's made a poor application,misuser,misuser,anagram
67930,Dot - ultimate character in EastEnders taking a regular drink,stipple,stipple,assemblage
128794,"Our lingo is rustic, like Gray's mute Milton",inglorious,inglorious,anagram
139193,"Happy getting rich, transferred from a central bank?",uploaded,uploaded,assemblage
79230,Scorn for amorous behaviour causing trouble with the judge,contemptofcourt,contempt of court,double definition
46457,"Find guilty on six counts, initially, in court",convict,convict,assemblage
128939,Under-the-table activity is said to be a financial indicator,ftse,ftse,double definition
34565,Frustrate check on tax,scotch,scotch,double definition
25459,Famine departs this world,dearth,dearth,hidden word
128158,Oswald's unlucky formulation,sodslaw,sods law,anagram
117829,Which is unlikely means of capturing a crowd scene on film?,longshot,long shot,double definition
133666,Inform sailor about dance,ballet,ballet,anagram
98025,Group is for capital punishment,scaffold,scaffold,double definition
89953,"Except for its head, river is brown",umber,umber,double definition
116880,Politician's bill abandoned - about time!,liberal,liberal,anagram
16353,"Scrap tasteless name dropping, Fish!",affray,affray,assemblage
19458,Manx bird's style,chic,chic,hidden word
83467,"Old lover, informal clothes, topless, far from erotic",asexual,asexual,container
135078,Migrants are found in boat,tuareg,tuareg,container
121496,Boy interrupted by horrible woman was nervous,twitched,twitched,container
49344,Sailor a short distance nearer the stern,abaft,abaft,assemblage
9035,Show time in the butler's room,pageantry,pageantry,container
18122,Surplus to requirements and turned off,redundant,redundant,double definition
88292,Unfold next compilation when editor's out,extend,extend,anagram
26581,Revive wren horribly pecked by eagle's beak,renew,renew,anagram
98666,"Mythical flier, wacky with vulture and raven wings",wyvern,wyvern,assemblage
19792,Piece of paper for erratum,slip,slip,double definition
126895,Checks pitch at pavement's edge,curbstone,curbstone,assemblage
74579,Hosiery primarily confiscated by officer in dissolute cabinet,chiffonier,chiffonier,assemblage
15838,Better be enough - dismissed previously,outdo,outdo,assemblage
109644,"Coppers, obsolete money?",oldbill,old bill,double definition
53056,County evacuated after historic forest fire,ardency,ardency,assemblage
67543,"With reorganisation of station, be firm",obstinate,obstinate,anagram
69375,Record single does rock event,episode,episode,assemblage
62234,"Roman, for example. with kind expression",typeface,typeface,assemblage
63665,Pure woman? I need to think about that!,sheer,sheer,assemblage
23693,Hip (the fruit) taken by European in American book,huckleberryfinn,huckleberry finn,assemblage
23330,Order given to ignore boner under newspaper - a dreadful rule!,reignofterror,reign of terror,assemblage
134541,Ogle diva regularly? I see plays here,oldvic,old vic,hidden word
76494,Supplier is the plaintiff,issuer,issuer,double definition
137186,Part of grant is ring-fenced for some weeks,tisri,tisri,hidden word
62622,Which comes as no shock to those who have it,alopecia,alopecia,double definition
101522,The best party over in Saudi Arabia provides drink,creamsoda,cream soda,assemblage
102223,Secure hold on a tree,cinchona,cinchona,assemblage
107691,April wish - throw bone at dog with Lenin,otobeinengland,o to be in england,assemblage
17033,Liberal dons feel sorry for king … and queen?,ruler,ruler,assemblage
29479,Coach to cut short corner,tutor,tutor,double definition
24237,"Criticise cast not taking sides, essentially",asperse,asperse,anagram
72081,Second person to rule gets a large amount of plastic surgery,skingraft,skin graft,assemblage
134637,"Figure taking off in The Doctor, then want sci-fi film",meninblack,men in black,assemblage
61223,Sea mail at sea with no exceptions,anomalies,anomalies,anagram
106907,Brave staff to measure Latin Quarter,totempole,totem pole,assemblage
112430,Leading currency upset economist,keynes,keynes,assemblage
104611,"Brief report, in every way ostentatious",newsflash,newsflash,assemblage
10576,Strange oriental lake,eerie,eerie,assemblage
125157,Abandoned UK province rejected Luther's Reformed Church,inthelurch,in the lurch,assemblage
54976,Are you Ben? Apparently not,arthur,arthur,double definition
15766,Boorish attempt to influence the mighty with society leader,slobby,slobby,assemblage
114962,"Loveless marriages - good, dangerous, or boring?",uninspired,uninspired,assemblage
4007,Potato sound in the orchestra,tuba,tuba,double definition
72172,Nice expensive copy inside - not so expensive,cheaper,cheaper,container
21324,Tory spin doctor's aim: a quarter of the revolution,rightangle,right angle,assemblage
53163,So he and I form a strong attachment,adhesion,adhesion,assemblage
10570,Eastern republic's flipping weird,eerie,eerie,assemblage
102631,When women's dress is lifted in divine residence?,asgard,asgard,assemblage
114953,"Better half's home cooking required flour, say",starofbethlehem,star of bethlehem,anagram
2540,"Attend at university, initially optimistic",upbeat,upbeat,assemblage
23188,Having space between articles like this is a bloomer,agapanthus,agapanthus,assemblage
130838,Man confused brunette unendingly,bunter,bunter,anagram
141928,Cricket side in match with a certain pitch,tonally,tonally,assemblage
47739,Lower in a mathematical scale,abase,abase,double definition
38980,"They hurl brickbats at the Prince of Wales, perhaps",critics,critics,double definition
75635,Plays records and is greatly affected,putsonairs,puts on airs,double definition
111229,Former paying guest partly retained by headless parson to bowdlerise,expurgate,expurgate,assemblage
19382,Unique shellfish sailor discarded,alone,alone,container
5952,Hunting call originally sets off hounds' onslaught,soho,soho,assemblage
135053,Drum one doctor found in short story,timbal,timbal,container
65404,"Refused it anyway, having had more than enough",surfeited,surfeited,anagram
71389,Begin a Zola novel? That's sweet,zabaglione,zabaglione,anagram
120876,Travelling through time back to Jonah in poor whale,leviathan,leviathan,anagram
40410,"Land about right, a farmer needing it cultivated",terrafirma,terra firma,assemblage
20513,Bible story about fellow deserving forgiveness,pardonable,pardonable,container
51587,Holy man keeps Jerry in place,spot,spot,assemblage
28840,Raise help with a long organised line,diagonal,diagonal,assemblage
25227,"Saying ""scat!"", you put your foot in it",shoe,shoe,double definition
57436,Possibly last drink is more than brackish,saltwater,salt water,assemblage
50769,One decants mucky liquid,condensate,condensate,anagram
124245,Joined item in bedroom - it won't happen again!,onenightstand,one night stand,assemblage
86577,Men left work on deck,orlop,orlop,assemblage
48193,All the same initial odds: below fifty-fifty,evenso,even so,assemblage
82703,"The Spanish, say, take time out to find a deputy",delegate,delegate,container
134545,"Lower position defining party, a dinosaur",diplodocus,diplodocus,container
52038,Begin as he was under leadership of Danish PM,disraeli,disraeli,assemblage
121007,Youngster from Australia secures place for Ashes tour,journey,journey,container
55804,Most newspapers mostly back a poem,iliad,iliad,assemblage
102784,Put on the rack to extract information?,drawoneout,draw one out,double definition
81871,Made mistake in discussion before everything's gone belly up - pantomime!,cinderella,cinderella,assemblage
123909,One showing appreciation of tongue,clapper,clapper,double definition
98728,Airport complex round back of Dodge City,pretoria,pretoria,anagram
74929,The family's failure makes a wretched story,poorrelation,poor relation,double definition
87568,Tattoos on Mark's legs,drumsticks,drumsticks,double definition
87650,Talk about spinachlover's love for cooking ingredient!,oliveoil,olive oil,assemblage
43363,"For punishment, keep in and cane, perhaps",penance,penance,assemblage
31399,Sharp decline in air traffic,nosedive,nosedive,double definition
44609,Able to figure nature out without me,numerate,numerate,anagram
124101,"What writer seeks, only in small quantity",motjuste,mot juste,assemblage
52099,Stall society occupying recent feature of arena?,newsstand,newsstand,assemblage
38825,It's a traditional English pursuit,trade,trade,double definition
41605,Unnecessary fuss about weather conditions in vessel,astorminateacup,a storm in a teacup,assemblage
55996,Exiled leader overturned by advanced African country and American son,dalailama,dalai lama,assemblage
82885,Old car in a pile-up,heap,heap,double definition
129816,Art of sewer decoration?,embroidery,embroidery,double definition
53122,"Perform in pantomime horse, perhaps? That creates interest",behalf,behalf,assemblage
53755,Condescend to include second arrangement of lines or shapes,design,design,container
97450,Obsessive about character in Greek book,annual,annual,assemblage
63892,Lesbia's translation lets herself down,abseils,abseils,anagram
76727,"Teacher mounting trapeze, swinging both ways",rabbi,rabbi,double definition
42700,What it means to a barman,italian,italian,double definition
98527,"In love, the man here, sad with love going wrong",headoverheels,head over heels,anagram
134607,Ambassadors for the French tycoon,legates,legates,assemblage
93746,"Pull back, having eaten badly out here?",teagarden,tea garden,anagram
92827,"Relating to the elements, reaching exciting conclusions once carbon's extracted",climatic,climatic,container
6974,United Nations party is free,undo,undo,assemblage
98809,Sheep quartet's organ sounds bliss!,euphoria,euphoria,assemblage
65868,This book is bound to last,hardback,hardback,double definition
85522,Expression of surprise about a project for an airport,heathrow,heathrow,assemblage
31597,Caught us to face this sort of sentence,custodial,custodial,assemblage
31652,"When it leaks, it's hard to stop",brakefluid,brake fluid,double definition
71110,Productive element in electric heater,rich,rich,hidden word
84835,The goddess of hairstyle heard to have a quirky diet,aphrodite,aphrodite,assemblage
11088,Bird discovered by dramatist outside Los Angeles,ortolan,ortolan,container
39219,"Study in group including, leading politician",inspect,inspect,container
94329,Antipodean's choice between parent and setter?,maori,maori,assemblage
72294,Manage to get a game of golf by artful deception,runaround,runaround,assemblage
52395,"Merciless sun, perhaps, leading to peeling",unsparing,unsparing,double definition
27427,Safe company?,firm,firm,double definition
28978,A sport informally allowing change of centre pairing for series of games,rubber,rubber,assemblage
18832,Neighbour has an objection,abut,abut,double definition
33811,A singular error masks good attribute,assign,assign,container
28308,Write in special symbols number on gallery,notate,notate,assemblage
13941,How much for a horse?,amount,amount,assemblage
104184,Henry's bouquet wrapped up small flower,hyssop,hyssop,assemblage
59249,Mark creates endless panic,scar,scar,assemblage
41268,Animal - one going between well and bottomless pit,okapi,okapi,assemblage
7513,Soft music for a duet,pair,pair,assemblage
115281,Sticky end in half a ton of essential fluid?,lymph,lymph,assemblage
81425,Marine received and understood on skeleton staff?,jollyroger,jolly roger,assemblage
66954,Old woman tickled to death?,trout,trout,double definition
96084,Country retreat to house a senior churchman,ruraldean,rural dean,container
1472,The advantage of keenness,edge,edge,double definition
92555,Where list is meddled with once,erstwhile,erstwhile,anagram
94341,Concerning learner - changed gear too much,overlarge,overlarge,assemblage
58969,Spanish men's accent,tilde,tilde,double definition
5827,Rebel without a cause,raise,raise,double definition
64607,Group of stars in earthy drama,hydra,hydra,hidden word
86948,"""Tea For Two"" as dance music",chacha,cha cha,assemblage
74209,"World leader, so-called",bush,bush,double definition
37360,"After climbing, broadcaster screens running for ages",yonks,yonks,container
76163,State call includes study of cultivation,gardening,gardening,assemblage
85102,Coach working on American lines,railcar,rail car,assemblage
86432,Money is said to breed sorrows,dolours,dolours,assemblage
130615,"Maybe skinny dip English rejected, crime when swimming",epidermic,epidermic,anagram
91261,"Bedroom feature, artists' bust?",chestofdrawers,chest of drawers,assemblage
135829,Where royal profile is exactly right,onthemoney,on the money,double definition
44091,On the lookout for six pounds invested in big one,vigilant,vigilant,container
44081,Second-hand cylinder could be repaired with it,indirectly,indirectly,anagram
16655,Spotted horse that's white - not black,skewbald,skewbald,double definition
32115,This sort of request legal? It might not be,solicit,solicit,double definition
30492,Sympathetic proposition,tender,tender,double definition
68443,Desired study reversed after a long time,yearned,yearned,assemblage
16624,Creditor possesses coins,crowns,crowns,double definition
69250,"Depressed and, swallowing hard stuff, expired",dispirited,dispirited,container
105877,South African doctor brought in by military aircraft,bomber,bomber,container
70211,One's words may lead to action,slanderer,slanderer,double definition
141862,"One beam, say, brought back to son's old property",agedness,agedness,assemblage
24173,Chop stick? Start to chop up sticks,cleave,cleave,assemblage
138003,Crowd security?,safetyinnumbers,safety in numbers,double definition
16574,Sadly there's not enough,alack,alack,double definition
118741,Prophets of doom fabricated star's mail,alarmists,alarmists,anagram
7418,Language from overseas,erse,erse,hidden word
105189,Vehicle runs into parrot,lorry,lorry,container
73692,"Topless match, with players from one side in shades",greens,greens,assemblage
120796,Dirty saucepan top in its own capacity,squalid,squalid,assemblage
117553,A French maid,joanofarc,joan of arc,double definition
10036,Bank stopping competition to make big profits,cleanup,clean up,container
31495,Composition on sure thing in firm,concerto,concerto,assemblage
68671,An individual consumer,cannibal,cannibal,double definition
12172,Catch sight of tail of large mole,espy,espy,assemblage
67056,Ratty and Mole holding up a pick-up truck,petulant,petulant,container
115441,Shocker! Had another go at paper when upset,taser,taser,anagram
79446,Emperor's function to keep rule in India,trajan,trajan,container
60476,A singer can use the arrangement,chanteuse,chanteuse,anagram
38647,Restrain third man outside hospital,chain,chain,container
67511,Silly ass turned in by another,nitwit,nitwit,assemblage
134977,Big farmer typically got a move on and caught the girl,rancher,rancher,assemblage
68435,Number two crosses line - game up!,polo,polo,assemblage
70654,Echo support six-footer cultivated,elegant,elegant,assemblage
43849,"Mountains called ""Earth""",range,range,double definition
22544,Best food is fancy,caprice,caprice,assemblage
60417,Offers surplus one pound to be doled out - amazing!,fullofsurprises,full of surprises,anagram
51695,What's on TV? Nothing showing is to prove very compelling,dragoon,dragoon,assemblage
35926,Fish a politician found in cabin,halibut,halibut,container
128627,Pour artist small drinks included at beach party by the gallon,raincatsanddogs,rain cats and dogs,assemblage
33213,Temporary home for cheeky kids without boundaries,camp,camp,container
108010,It's argon? Neon? Neither taking on being reactive,inertgas,inert gas,anagram
49895,"Pipe blown in cold loo, time to go finally",clarinet,clarinet,anagram
16510,"Callas losing head in ""Your tiny hand is frozen""?",aria,aria,container
1799,Royal corpse is resurrected by Brown,sienna,sienna,anagram
38330,"Records to order, of course",epsom,epsom,assemblage
19663,Danish legend translated without assistance,singlehanded,single handed,anagram
116020,Spirited Dutch painter?,hooch,hooch,double definition
65977,I left command to the artillery,ordnance,ordnance,assemblage
40712,"Showing wilfulness, the gods ran amok",headstrong,headstrong,anagram
64793,Sauce not right with a prophet,elisha,elisha,assemblage
60680,A lot of pain keeping a chair for an unwanted guest,tapeworm,tapeworm,container
115226,"Making more extensive disorder in gaol, note",elongation,elongation,anagram
66615,Madonna with Child in stonework,masonry,masonry,container
92932,Cut kills fish,topside,topside,assemblage
12168,Anglican keeps rodent in chest,crate,crate,container
75394,Scrambled eggs endorsed and used in an emergency by the army,greengoddess,green goddess,anagram
111433,"Ease pain, beginning to pump the contents of my stomach?",palliate,palliate,assemblage
27667,Bless me! A strange get-together,assemble,assemble,anagram
22204,Change a place in West London,acton,acton,assemblage
61306,"Late news, crush on street",stoppress,stop press,assemblage
130446,Instrument you fake for listeners? I'm not sure,euphonium,euphonium,assemblage
27570,Unusually stern Goths dropping round with gifts,strengths,strengths,anagram
71672,Begins hunting like a sea wolf,aspirate,aspirate,assemblage
138201,Articulate couple foot bill for replacement locks,toupee,toupee,assemblage
10240,"Italian hothead upsetting Italian creator of inferno, blowing top",etna,etna,anagram
76679,Call for energy in mountain climb,plea,plea,container
83751,Merchant ship from Greek city coming to journey's end,argosy,argosy,assemblage
37209,Defence in question supporting leaders in remorseless empire,redoubt,redoubt,assemblage
80346,Engineers meeting over a meal,repast,repast,assemblage
70489,Swiss food man's consumed right before,gruyere,gruyere,container
43993,Old tales by posh boy keen to depart for Spain,decameron,decameron,assemblage
73901,"Like certain writing from Italy, prose that's fancy",epistolary,epistolary,anagram
8688,Useful kind of tool in film classification,universal,universal,double definition
20915,Diver finding short answer in business combine,merganser,merganser,container
103797,Encouraging indication of support gifted,favourable,favourable,assemblage
32435,Substandard rice pudding served in the wardroom?,officer,officer,assemblage
13312,Person in support of leader,pioneer,pioneer,container
124486,British in contest felt atmosphere,vibe,vibe,container
106961,"Witch making scholar bleat about inverted ""invert""",babayaga,baba yaga,assemblage
51729,Swap parts of steam baths in island capital,nassau,nassau,anagram
64834,French dresser Tom Cruise ordered,costumier,costumier,anagram
22955,One may be paid for taking your life,biographer,biographer,double definition
71027,Government adopts trade union legislation,statute,statute,container
51037,What surgeons do with stunted growths,scrub,scrub,double definition
33092,"Star turn embarrassed at taking a part, say",sunder,sunder,assemblage
79775,Caledonian author and his characters,scottish,scottish,assemblage
98964,Most supermarket food is supplied by agent carrying a gun around,prepacked,prepacked,assemblage
106033,They listen to Chequers …,auditors,auditors,double definition
101924,Flower - love it to bits,violet,violet,anagram
4947,First thing that sparks interest,principal,principal,double definition
49090,Cry of joy when husband meets great girl!,hosanna,hosanna,assemblage
102307,"Generous whisky bar? Journalist added ""very flexible""",doublejointed,double jointed,assemblage
109475,"Showing some Picasso on a screen, once",assoonas,as soon as,hidden word
25007,"Thorpe's boundaries risked losing all, even being abrupt",terse,terse,assemblage
129277,"Bachelor, defended by two friends with energy, is possibly touched",palpable,palpable,assemblage
38668,Gas worried a very young person,neonate,neonate,assemblage
93734,"Small group covering article in soil, turned over",triad,triad,container
93252,Couples playing golf? Female left,fred,fred,assemblage
31118,Recovered gambler,better,better,double definition
79667,"Man swimming in river, son reveals",unmasks,unmasks,anagram
41597,Splendid gathering in festivity with two unknowns,galaxy,galaxy,assemblage
67451,I've got a gal here in Michigan,kalamazoo,kalamazoo,assemblage
33604,Thief who can be heard going through papers,rustler,rustler,double definition
51364,Nash cut out to be faithful,staunch,staunch,double definition
83863,"Painful muscle contraction - runner's problem, primarily",cramp,cramp,assemblage
121131,Silly men,infielders,infielders,double definition
135397,How future date might be announced? Never!,thatllbetheday,thatll be the day,double definition
24812,Tiny POW? May be observed in a cave,stalagmite,stalagmite,assemblage
123869,"Infamous, rather theatrical, start of assault on Everest?",basecamp,base camp,assemblage
60152,Possibly fly in group,insect,insect,assemblage
45512,Forecast for fish,orfe,orfe,hidden word
3903,Nicest forms with right angle for design template,stencil,stencil,anagram
127567,Guard against splashes from two hurricanes in a storm,showercurtain,shower curtain,assemblage
129869,Health programme on satellite station?,spacemedicine,space medicine,assemblage
26423,Fire single sniper shot,inspire,inspire,anagram
100844,Slough about a month for chef's assistant,fanoven,fan oven,assemblage
18511,"Golf club lacks parking, say",utter,utter,container
131331,Lincoln's habit of putting everything into the other thing?,tallhat,tall hat,container
85110,"Girl, a brat, chewing up the rock",gibraltar,gibraltar,anagram
117682,Prance around - the last way to treat a ball?,tittup,tittup,assemblage
130807,"Seeing Troy destroyed by donating a gift, for example",generosity,generosity,anagram
115506,Private secretary revises books,psalters,psalters,assemblage
105144,Grovelling son's effusive,slavish,slavish,assemblage
121589,Nut roast as cooked for high fliers,astronauts,astronauts,anagram
44876,How bounders are caught unawares?,onthehop,on the hop,double definition
2852,Love English flower,nile,nile,assemblage
116617,Meatballs acquired among Embassy's wares,faggots,faggots,assemblage
27607,About to go home by midnight - is coming back,returning,returning,assemblage
2280,"A pair of aces, possibly, held model in Wales, you may say",cetacea,cetacea,assemblage
7128,You need to ride craftily to manage a title,editor,editor,anagram
89808,"In confines of space, weightless? Drift off",snooze,snooze,container
36505,Penny goes into market for a while,spell,spell,container
13933,Ambassador renegotiating trade's capital backing,headrest,headrest,anagram
4818,Relative English written in French resort,niece,niece,container
89555,"Bend under water, perhaps, to judge right deed",refract,refract,assemblage
37715,Light displayed in fort or chapel,torch,torch,assemblage
130054,"Tragically, one does get shot in bed",gonetoseed,gone to seed,anagram
78999,Ridicules a politician with nothing on amid libidinous extremes,lampoons,lampoons,assemblage
87033,"Some tinted spectacles have acrylic rims, only they must be red",crimson,crimson,hidden word
141400,"Record playing in calm, calm water",millpond,millpond,assemblage
43762,No action required about coach reservation,restraint,restraint,assemblage
45831,One noting details finds shilling on Ken Dodd?,stickler,stickler,assemblage
113186,What fell off a lorry with a direct hit?,goodshot,good shot,double definition
10064,Distanced by a date-line blunder,alienated,alienated,anagram
97861,"Leaving university, coming out with this?",debt,debt,container
82967,Blushing landlady is remarkable,redletter,red letter,assemblage
116523,Much abbreviated service offered by some councils to motorists' family group,pride,pride,assemblage
58080,Terrifying regular visitors to Dorset and Leeds,dreaded,dreaded,hidden word
55684,"As I am presented here, but my last is an in mere?",riddlemeree,riddle me ree,assemblage
21748,Record-keeper extremely lovely in uniform,evelyn,evelyn,assemblage
8089,Old South American driving endlessly?,inca,inca,hidden word
46485,Traverse black spine,bridge,bridge,assemblage
101326,"Rock pop, Eve: it's old hat",stovepipe,stovepipe,assemblage
31922,Programme expressing the broad view,panorama,panorama,double definition
29454,Means of severing wrestler's hold,scissors,scissors,double definition
53259,Put on important hat for the races,donkeyderby,donkey derby,assemblage
98500,"To play, I set up soccer for those who dislike union",eurosceptics,eurosceptics,anagram
76115,"Suppose the answer isn't ""a positive Hell""?",inferno,inferno,assemblage
122359,College getting family groups eviscerated,kings,kings,assemblage
29952,Country sport really regularly cancelled,rural,rural,assemblage
142061,"After comic opera, villager embraces hot bird",mikadopheasant,mikado pheasant,assemblage
4415,Fall out of love and languish,droop,droop,double definition
10399,Say there's nothing in immorality,voice,voice,container
90038,"Audible, quiet man",piece,piece,double definition
70708,"Starbuck's first found here, healthier and with topping",whaler,whaler,assemblage
48158,Almost regretting destruction,ruin,ruin,double definition
76889,False hat?,porkpie,pork pie,double definition
10723,"To one Pope, it spelt danger",alittlelearning,a little learning,assemblage
81621,Anglo-Italian port? Sounds foul!,leghorn,leghorn,double definition
93984,Enduring wish to retain support,longstanding,longstanding,assemblage
84248,Clay died in Nigerian port,hardcourt,hard court,double definition
11750,Put sailors in vessel - they secure wheels on shafts,setscrews,setscrews,assemblage
27445,Accommodation bit into end of prayer time,apartment,apartment,assemblage
69657,"Set of rules? Something bad, reportedly a burden",syntax,syntax,assemblage
56935,Examine church plant,vetch,vetch,assemblage
65606,Treat cruelly journalists at work,oppress,oppress,assemblage
57757,A delay upset the celebration,gala,gala,anagram
111614,I accept order mistakenly and went to and fro,reciprocated,reciprocated,anagram
114272,A short jacket is dazzling,ablaze,ablaze,assemblage
99905,Plenty in favour of nuclear energy generation,profusion,profusion,assemblage
66528,Angrily press one for an answer,response,response,anagram
142194,One who's desperate kicks the bucket and swells,dandies,dandies,assemblage
45004,Energy input to something growing in the earth?,planet,planet,container
85518,"Old Tory contention, where migrants may be entering Britain",heathrow,heathrow,assemblage
90494,They'll be there returning thanks over offers made,attenders,attenders,assemblage
127633,Frequently short of soft paper in gents,squires,squires,assemblage
130793,Everything seized by Asiatic invader thrown over ravine,nullah,nullah,container
98391,"This may be put on legal documents, we hear",ritz,ritz,double definition
30162,Experiment on patients may set precedents,testcases,test cases,double definition
63006,"Nouveau roman of wretched Levantine, going East for love",antinovel,antinovel,anagram
133151,Arabs live all over the place - their values may change,variables,variables,anagram
106731,St Wenceslas's feast day?,stephen,stephen,double definition
86651,"Expand highway to be inside bend, nearly",broaden,broaden,container
55519,How you may live if single-minded?,ononesown,on ones own,assemblage
30594,Blue-eyed boys back-tracking a short distance,step,step,anagram
75220,Banks can stop advances,earthworks,earthworks,double definition
61298,High-rise central block,massif,massif,double definition
136968,Lie about Irish town and county,leitrim,leitrim,assemblage
14004,Judge's hooter and saggy jawline,jowl,jowl,assemblage
97979,Drank to the reporter's completion of duty?,deadline,deadline,assemblage
4143,"Land in the Minch, perhaps",inch,inch,hidden word
15182,"Bring about change in green energy, in short",engineer,engineer,anagram
135233,"People like Nero in Rome, always heading back after gold",emperors,emperors,assemblage
44426,Don't have a place for rubbish outside the station,abstain,abstain,container
2788,Wine and cheese: uplifting with a little Gershwin,madeira,madeira,assemblage
135833,Undoing of woman last month involving the opposite sex,annulment,annulment,assemblage
124256,"Ultimate in rejection that hurts, partners claimed something unique",nonsuch,nonsuch,container
124971,A painter is very dry outside,tissot,tissot,assemblage
55250,"Man holding, as it may be, a dog",alsatian,alsatian,assemblage
123041,"Puzzle is Boatman's tale: love lost, embracing life at last",mystery,mystery,container
136089,Accounts written across blackboards,tables,tables,double definition
93934,Some say pigs crop up to finish cake,police,police,assemblage
38266,Cuts little bits of enamel article into flower,teethes,teethes,container
52048,Love child,baby,baby,double definition
42093,Batty Ms Flint announcing her resignation?,heighho,heigh ho,double definition
112860,Starts to tell agriculturalists that King Edward is a local spud,tater,tater,assemblage
74075,Foreign money found in scrap by chance,atrandom,at random,container
18342,"Camels go out here? Hot, missing covers",ashtray,ashtray,assemblage
97901,Monster that is spotted south of headland,nessie,nessie,assemblage
20818,Painter/drawer taking in river,durer,durer,double definition
85462,Good reputation to consider,esteem,esteem,double definition
78230,A great liking for disorder,affection,affection,double definition
87556,Hustle curious enquirer,sleuth,sleuth,anagram
139798,Calm down and don't put too much money on that horse!,keepyourshirton,keep your shirt on,double definition
93791,Virgin Queen's gone in to communicate,interact,interact,assemblage
95309,Missile's explosion leads to wild anger,boomerang,boomerang,assemblage
72484,We object - A&E's good in practice,usage,usage,container
5438,Spoilt little brat put on display,impaired,impaired,assemblage
17520,"One of crowd in old, upturned craft",extra,extra,assemblage
31824,Previously more of a noble character?,earlier,earlier,assemblage
90652,A shameful retreat?,denofvice,den of vice,assemblage
19203,"Sacked, no doubt",inthebag,in the bag,double definition
66419,Letters on keyboard can be low,depressed,depressed,double definition
47294,Earnestly ask what's inside nest in tree,beseech,beseech,container
42487,Gold goes up when two firms are after it for decoration,rococo,rococo,assemblage
132640,Returned rotten fish,dab,dab,anagram
124520,"Riding on rocks, kept in shape by pressure only",nonrigid,non rigid,anagram
111697,Possibly take work in state capital,topeka,topeka,anagram
88375,Good landlord serves spirit,ghost,ghost,assemblage
89159,Way to cook potatoes required game inside,duchesse,duchesse,container
63005,"Terrible type leading advance, left to court celebrity",ivanlendl,ivan lendl,assemblage
47436,Ideal stage for Pinafore?,apron,apron,double definition
137206,They try to get opinions among TV audiences,interviewers,interviewers,assemblage
30546,Expression of surprise in Britain with Brit abroad,blimey,blimey,assemblage
7260,"Brown tin-opener, one intrinsic flaw",taint,taint,assemblage
99484,Imagine old favourite catching cold,expect,expect,container
95917,Farm animal in support bandage looking bad-tempered,scowling,scowling,container
32370,Adviser's first to finish plan,idea,idea,assemblage
11129,Hairy rebellious Irish broadcaster,risky,risky,assemblage
112693,On for facsimile,repro,repro,assemblage
7266,Contamination isn't common,taint,taint,assemblage
34772,"Expand ancient site, removing top and installing home guard",enlarge,enlarge,assemblage
32702,"After removing hat and Eros's coat, Greek hero gets cold",chill,chill,assemblage
33343,They mark boundaries down,hahas,ha has,double definition
110872,Old-time prospector has gone off with the money,sourdough,sourdough,assemblage
65732,Look after little girl in squalid place - get a medal for it?,decathlon,decathlon,assemblage
120880,First entry in old book of songs about fish behind ship's stern mid-ocean!,psalmone,psalm one,assemblage
117823,Quiet girl holds record,repose,repose,container
116248,"Support it over debts, being well disposed",propitious,propitious,assemblage
3166,Elevated books exist as a source of inspiration,erato,erato,assemblage
92496,Entrance money that was sign of quality,hallmark,hallmark,assemblage
35045,Basket maker that's old raised cash in Brazil once,osier,osier,assemblage
132075,"Boxer, a former heavyweight on the left?",benn,benn,double definition
25023,Pick up article in valley,glean,glean,container
130126,Leisure period gets cancelled,timeoff,time off,double definition
29412,"V-shaped locks opening, not new, say",widowspeak,widows peak,assemblage
109253,Queen collected books and Queen was an actress,ellenterry,ellen terry,assemblage
138375,"Clean tackles, Premier League headers by blue and red United",purple,purple,assemblage
77638,Contests organised by general in one of his towns?,tourneys,tourneys,anagram
34431,Hector has no right to the insignia,badge,badge,assemblage
33030,Small carnivore shortened portico,stoa,stoa,assemblage
51657,Return of fabled bird vexed Scottish pirate,corsair,corsair,assemblage
123321,Takeover bid made by the committed buyer,firmoffer,firm offer,assemblage
73335,A poem can be something positive,anode,anode,double definition
25173,"Hang around, girl!', we say, in period of inactivity",stasis,stasis,assemblage
135850,Profane girl lacking seriousness,dishallow,dishallow,assemblage
66350,Poet turns to take semi-fierce part,divorce,divorce,assemblage
22095,Footwear worn by English stars,bootes,bootes,container
128977,Girl losing her head about allowance a nonsense,irrational,irrational,assemblage
117155,Duty of extra esteem getting volunteers cross,valueaddedtax,value added tax,assemblage
61443,Whoever wrote this dog's dinner must be round the bend!,paul,paul,anagram
113572,Amount he regularly gives mum,mute,mute,hidden word
85433,Catch Penny breaking down - love is torture,strappado,strappado,assemblage
84852,What's in a vacuum? It's unimportant,nomatter,no matter,double definition
108062,Blair's stint said to have progressively deteriorated,decade,decade,double definition
69698,Unknown taken in by eccentric man that can be taught to speak,myna,myna,container
34410,"Little taste of cheddar cheese, not for game",croquet,croquet,assemblage
44960,To be frugal is futile,useless,useless,double definition
44114,"Distinguishing feature of beauty contest winner: ostentatious walk, one yard short",sash,sash,assemblage
43765,Strain of a grave commitment?,dirge,dirge,double definition
115906,"Dog and horse amongst this odd collection of animals, reportedly",shihtzu,shih tzu,assemblage
29788,Look both ways,peep,peep,double definition
89355,Like sick child keen to hug provider of books,croupy,croupy,container
26871,Tinker tolerates tripe,fiddlesticks,fiddlesticks,assemblage
86433,Dent made by sniper does damage,depression,depression,double definition
128024,Plants model on joint poles,treeferns,tree ferns,assemblage
20921,Gets rid of bad habits and schemes,devices,devices,double definition
55915,River and seafood the French found atrocious,execrable,execrable,assemblage
21820,Situation where no race is fixed,scenario,scenario,anagram
96072,"Boy carries small change for a Euro, which is odd",eccentric,eccentric,container
134451,Solitary man guarding front of goal going into extra time,longer,longer,container
142348,"Senseless getting Serco, you said - maybe give someone else the job",outsource,outsource,assemblage
58628,"In Shiraz, Edwin got knocked down",razed,razed,hidden word
18906,Christmas morning? Quietly do a runner,decamp,decamp,assemblage
123107,Light-headed lady?,platinumblonde,platinum blonde,double definition
139866,Native warriors quiet and mischievous,impish,impish,assemblage
114263,"Jolly good to punch Hitler, hated terribly",lighthearted,light hearted,anagram
66369,"Slow starter and touchy, I'm easily knocked down",skittle,skittle,assemblage
129842,First among characters hailed in each fiefdom,chief,chief,assemblage
81444,"""Sir"", as he is British originally",sahib,sahib,assemblage
67352,Russian girl is ashamed to part,sasha,sasha,hidden word
39376,Exciting excursion for a fellow in women's clothing,safari,safari,container
87827,It need not give rise to punishment,detention,detention,double definition
44095,Type of window where it gets quiet!,sash,sash,double definition
110465,Swede gives you wind? Then take a very little!,gustav,gustav,assemblage
136192,Party with two runners?,carouse,carouse,assemblage
46507,"Male peon, say?",hymn,hymn,double definition
90616,Menswear or ladieswear bedecking Anglicans,braces,braces,double definition
97315,Main animal that replaced agricultural labourers,thresher,thresher,double definition
84140,Polls about to close with awful fear around,referenda,referenda,assemblage
95601,Agricultural equipment's loose ends in pub,baler,baler,container
30868,Rebel leader in isolated uprising is put on record,enrol,enrol,assemblage
56047,"Beat vicar and ring up, getting firm with me",overcome,overcome,assemblage
141469,"In yet another way, describing queen the greatest example of this?",inequality,inequality,assemblage
42620,Smack with Ecstasy kept under the hatches,below,below,container
91720,Sees fruit cooked instead?,dates,dates,double definition
35038,Sporting event in which one has to fire on the run,sackrace,sack race,assemblage
99873,Protection for a king in love,armour,armour,container
57576,Mug had with tart,turnover,turnover,double definition
69510,Child to accept sign of disapproval as well,toboot,to boot,container
65005,Larks of Arcadia?,amusements,amusements,assemblage
5215,Preparation of ricin isn't essential,intrinsic,intrinsic,anagram
123423,So long coat is actually outselling tops?,ciao,ciao,assemblage
110918,"Stays, as of old, for a drink",stiffener,stiffener,double definition
141712,Unexpected twist in US version of Pound: king taking knight,kicker,kicker,assemblage
92553,Welsh rite performed once upon a time,erstwhile,erstwhile,anagram
79593,"Female in woods is crazy, showing no feelings for male",dryad,dryad,assemblage
129972,Small gardens here a little bit out of place,skewwhiff,skew whiff,assemblage
33774,"Having drunk tots, miscue and produce strain",settomusic,set to music,anagram
17719,Alienate sergeant in mess,estrange,estrange,anagram
51683,Season to study ten-cent books,condiment,condiment,assemblage
25995,In the dark about knight wearing regimentals,uninformed,uninformed,container
126008,Sound measure,fathom,fathom,double definition
132932,Suspect it's injected to prepare for a reaction,sensitise,sensitise,container
81138,Cautiously progressing petition about the end of hunting,tiptoeing,tiptoeing,anagram
36325,Novel by incomer in its early stages,embryonic,embryonic,anagram
65061,Letter sent to a remote station?,outpost,outpost,assemblage
81044,"Authoritarian, dehumanising and oppressive: like Blair?",orwellian,orwellian,double definition
86327,Islands associated with bicentenarian celebration at a lot of temples,galapagos,galapagos,assemblage
105531,Check if son is off school again,retrain,retrain,assemblage
108436,Put sparkle into receding Fenland river around some villages,enliven,enliven,container
134510,"Parachutist maybe in battle region, not the first or last",lander,lander,hidden word
31762,It's the vicar's place to sound like an ass ...,bray,bray,double definition
86360,"Forceful strain, including Thatcher first and last",strong,strong,container
69933,Shed covering mess of debris - nothing in it,disrobe,disrobe,anagram
128198,Dowdiest sort of paper like this,twosided,two sided,anagram
2685,It's built as an ocean container,groyne,groyne,double definition
114997,"Coin ""river horse"", perhaps, for this large beast?",rhinoceros,rhinoceros,assemblage
133706,Disease: could it be linked to thrush?,birdflu,bird flu,double definition
139092,Cleaning mess - what's humiliating about that?,shampooing,shampooing,assemblage
27002,Very much like duck,love,love,double definition
109750,Lower classes intended mutiny,defiance,defiance,assemblage
138552,Set up celebrity with young man from the fifties,started,started,assemblage
98041,"Outdo ""Vote for Clegg"" on the radio",picnic,picnic,assemblage
29387,Does vanity put right unpleasant picture?,videonasty,video nasty,anagram
37240,Dog brought up beer,airedale,airedale,assemblage
133041,Unlikely rich setter will be giving more,stretchier,stretchier,anagram
37125,"Guided by instinct, did nothing",idled,idled,assemblage
130102,A cur ill-disposed to get into festivity - more so than usual,particularly,particularly,container
15291,Excessive gushing from paramours wanting large contraceptive,overspill,overspill,assemblage
60913,Scottish city will shortly report finished business,donedeal,done deal,assemblage
69860,Composer cutting out four characters in opera,tosca,tosca,container
2721,Weird when retiring perfectly fit fighters,samurai,samurai,assemblage
135561,Finished by topping aristocrats,uppercrust,upper crust,assemblage
134671,"Small range, one in city state",slovenia,slovenia,assemblage
81626,Tailless predator that flies round America goes to European city,lausanne,lausanne,container
48118,Stake zero in space rockets,paling,paling,assemblage
23605,Substitute bankers at Zurich centre,ersatz,ersatz,hidden word
71470,Dress container found in car,gearbox,gearbox,assemblage
95401,"Very busy, being occupied with personal viewers",uptooneseyes,up to ones eyes,assemblage
36795,Creative traits make one?,artist,artist,anagram
21212,Moon rocket gets ahead on oxygen,apollo,apollo,assemblage
10767,Ugly finish in untidy set is an eyesore,stye,stye,anagram
125871,"They expose limbs, given sweets - is drink included?",miniskirts,miniskirts,container
84415,Old bird sitting on pole is grouse,moan,moan,assemblage
422,Posh jerks welcoming qualified person's advance,upgrade,upgrade,assemblage
803,Topless vicar? That's flaming wrong!,arson,arson,assemblage
3676,Helping to make Gaia the New Age goddess,athene,athene,anagram
31014,One barely appreciates the outdoors,naturist,naturist,double definition
113172,Uranium stored in a folding plastic like a mould,fungoidal,fungoidal,anagram
58106,"Country house like this cut rent, previously",lesotho,lesotho,assemblage
100954,Check old song picked up in music halls,auditoria,auditoria,assemblage
106971,"Stand by, I'm near plastic vessel",submarine,submarine,assemblage
36962,Diana could be a nymph,naiad,naiad,anagram
34900,Knowing all to be in most nice order,omniscient,omniscient,anagram
137445,Article on women's muscle,thew,thew,assemblage
14617,American saying proper farewell,adieu,adieu,assemblage
132963,Something pour le weekend in this?,franglais,franglais,assemblage
99736,He finds fault in fancy nicknames,cynic,cynic,hidden word
21800,A representative is admitted back in the old country,persia,persia,assemblage
19858,A northern port somewhere in Hampshire,andover,andover,assemblage
36474,"West's out of season, getting put into a hole",inter,inter,container
67530,Wrong application is filed by brood,misuse,misuse,assemblage
118872,Risk involved with a novice heard playing the bagpipes,skirl,skirl,assemblage
127663,"Double letter with double letters spelled out as ""fraud""",wouldbe,would be,assemblage
106554,Island unknown for being comfortable,cosy,cosy,assemblage
88124,Writer's love movie,ovid,ovid,assemblage
27851,Reassurance expressed; but not here,there,there,double definition
96506,"Two deceivers, the second lacking a device with teeth",ratchet,ratchet,assemblage
121383,Perhaps Horace is aware of pronounced facial feature?,romannose,roman nose,assemblage
132374,"Unconscious chap in parent, wally",dunderhead,dunderhead,assemblage
87247,Assurance from a doctor about pallor in odd places,aplomb,aplomb,container
85816,Practises and secures top spin,prosecutes,prosecutes,assemblage
139611,"Acting, but troubled inside and lacking confidence",doubting,doubting,container
121249,"One's bald head at first appearing stupid, very pale on top",ashblonde,ash blonde,assemblage
6104,Start consuming a meal,launch,launch,container
97716,Period of maritime decline,lowwater,low water,double definition
51343,Sort of policy that threatens both government and opposition?,thirdparty,third party,double definition
54684,Mark climbing positions beset by bad omens,semicolon,semicolon,container
64466,"Standard loom attached to knitted fabric, briefly",tricolour,tricolour,assemblage
24611,"Mother, perhaps first of women in family environment",wife,wife,assemblage
9732,Right for which Muhammad Ali often fought,title,title,double definition
30542,Jaws about first Egyptian pyramid builder,cheops,cheops,container
63536,"Defector's case dismissed - exercise privilege, ultimately",escapee,escapee,assemblage
10869,Brilliance of a single amethyst,gleam,gleam,hidden word
49694,Butter up quartermistress,smarm,smarm,assemblage
43340,"Hard or firm, call commercial breaks shrewd business",horsetrading,horse trading,assemblage
99713,Former dictator's unhappy parent,saddam,saddam,assemblage
48134,A Labour leader takes many shares out,allots,allots,assemblage
43078,Torture's not even legitimate,TRUE,TRUE,hidden word
30044,Entire sprinters' centre led great comeback,integral,integral,assemblage
22605,Growth is said to follow popular demand,insist,insist,assemblage
2556,Tedious drill?,bore,bore,double definition
125334,Always chasing black horse,bay,bay,assemblage
94110,"After ten years, North Carolina has the first bit of evidence of corruption",decadence,decadence,assemblage
128852,Improvement in how sappers are deployed?,reformation,reformation,assemblage
140516,Produce an abridged version of Chaucer - current volume retained,giveoff,give off,anagram
97822,In their own fields the French are unbeatable,champs,champs,double definition
2189,False impression from Conservative: give him time,chimera,chimera,assemblage
102142,"""Victory"" - focus of flagship vessel to find a measure of knots, say?",wingspan,wingspan,assemblage
44795,Study bill for dispatch,consign,consign,assemblage
119160,To drop all value of French artist is English,demonetise,demonetise,assemblage
122370,"Yields to Julian Clary and Lily Savage, perhaps?",outturns,outturns,assemblage
47597,Student of the sun absorbing extremes of temperature,scholar,scholar,container
134152,An option as he fell ill?,selfheal,self heal,anagram
36578,Communication from landlord,letter,letter,double definition
37561,Team in Ireland jogged and avoided special preparation,elixir,elixir,container
31078,Augustus who painted an evangelist,john,john,double definition
134315,Perfume for female Indian of rank holding an animal back,frangipani,frangipani,assemblage
118228,Finally decide,conclude,conclude,double definition
130284,"Dogs consuming bit of fruit - beginning to eat, they expel gas in America",tailpipes,tailpipes,container
117467,Noise as a geek secures the cross-channel server,dinnerlady,dinner lady,container
35425,Order thesaurus in online form?,edict,edict,assemblage
124489,Ginger beer tip: goes off when infiltrated by rain?,rogers,rogers,anagram
124387,"Elected foreign leader, repeatedly",putin,putin,double definition
23389,Broad English chronicler,trollope,trollope,assemblage
99095,"A long time, but Christmas is almost over",eon,eon,anagram
9338,Stuff with metal core at bottom of river,taffeta,taffeta,assemblage
55522,"Roots of any really admirable, unusual clue and reliably intriguing answer produce a puzzling growth",araucaria,araucaria,assemblage
36796,Munch: perhaps I start to crunch,artist,artist,assemblage
72106,Sleuth on heroin has no record at the Yard; this shows how it's done,technology,technology,assemblage
32529,Downhearted little brother kept away,brownedoff,browned off,assemblage
72471,"Appliance for the unsound? If dead, a mistake",deafaid,deaf aid,double definition
137346,Numbers following inverse of a binary number,laudanum,laudanum,assemblage
101169,Grievances concerning nice jobs to swap,objections,objections,anagram
128511,Colleague's role facing loveless persecutor,partner,partner,assemblage
70872,Knowledge about a hot place in Pakistan,lahore,lahore,container
18198,Old jerk in time for peep show?,erotica,erotica,container
74691,Turn up the gas ring to cook it,sago,sago,anagram
59212,Series of notes for musician to travel around new islands,glissando,glissando,assemblage
89603,"Wild lion scared no-one, certainly not him",androcles,androcles,anagram
92977,Colin goes out East to see her,nicole,nicole,anagram
81484,Smiley's pleader a suspect? I'm not at liberty to say,mylipsaresealed,my lips are sealed,anagram
44010,Left-wing enthusiastic journalists turning up in the grasp of a lord are captive survivors,peredavidsdeer,pere davids deer,assemblage
52423,Supports about to be cut,snip,snip,anagram
49786,Ballerinas missing a dance somewhere in Snowdonia,llanberis,llanberis,anagram
39166,Hollywood actress's short dress,garb,garb,assemblage
45220,August: put gold back,royal,royal,double definition
45260,What an MP has to beat in a car?,seatbelt,seat belt,double definition
77765,Expecting to be like Incey Wincey Spider,upthespout,up the spout,double definition
124126,"Beset by stormy sea, go to bed dark and brooding",saturnine,saturnine,anagram
10474,Scored quickly with pressure before interval at Oval,presto,presto,assemblage
112656,Hail lovely ground,volley,volley,double definition
132716,"Barber's work, Adagio for Strings, by all conclusions suits Christmas concert initially, when jazzed up",scissorcut,scissor cut,anagram
69565,"Without warning, calls ""Don't be proud!""",dropsin,drops in,assemblage
23211,Soul mate of Eros,psyche,psyche,double definition
9989,"Minimum piece, simple as that",least,least,double definition
129825,Is a route across the Channel going north of a huge land mass?,eurasia,eurasia,anagram
13921,Perpetual child's play,peterpan,peter pan,double definition
32761,Strange letter about to be removed from altered design,delta,delta,anagram
36883,Leave behind away kit,outstrip,outstrip,assemblage
99743,Thinking about the nature of narcissistic love?,reflective,reflective,double definition
8215,Girl I complain about,naomi,naomi,anagram
48836,A bridal path?,aisle,aisle,double definition
53809,Wrangler does without club,debater,debater,assemblage
100137,What dictionaries do about it is quite clear,definite,definite,assemblage
137797,Unknown Tory in baffling exposé,exclusive,exclusive,assemblage
47209,Many inherit from one retiring,hermit,hermit,hidden word
91953,Key words?,opensesame,open sesame,double definition
79869,Wool used more in knitting,merino,merino,anagram
99466,"Return once more in dance, pirouetting etc",reelect,re elect,assemblage
121107,Viagra not working for pilot,navigator,navigator,anagram
123147,"He helps priest change, we hear, by holding ring",altarboy,altar boy,assemblage
53925,One way of underlining a decision,ruling,ruling,double definition
82647,Being short of one million on card game,impatience,impatience,assemblage
29701,Poem makes one fairly rich? Not entirely,lyric,lyric,hidden word
141659,Moralising work of Corbyn is trashed with gusto,scoutingforboys,scouting for boys,anagram
135298,Worker wants small animal with temper as a variety act prop,handpuppet,hand puppet,assemblage
117764,Aim to find money bag outside post office,purpose,purpose,container
126634,Player on the wings fit and well when the Reds struggled in Europe,praguespring,prague spring,assemblage
63990,Tea's ready in mess for movable feast,easterday,easter day,anagram
32163,Biased team and what may be done about it,onesided,one sided,assemblage
63142,Animal finding snake in the grass,weasel,weasel,double definition
19916,Vessel - showing its nationality?,flagon,flagon,assemblage
7255,Unlocked and shared out moonshine,balderdash,balderdash,assemblage
89383,"Fixity of purpose is needed by fast bowler, as before",willis,willis,assemblage
106495,Particularly the highest,aboveall,above all,double definition
4813,"Relative beginners to needlework, in each case expecting",niece,niece,assemblage
92710,Moving point wounded nag internally,poignant,poignant,anagram
32883,"Tears flow, missing English ruler",tsar,tsar,anagram
140738,Elaborate situation created by streaker?,fleshout,flesh out,double definition
15818,Eclipse brings alfresco party?,outdo,outdo,assemblage
78307,Amaryllis dresses badly without trendy husband,shepherdess,shepherdess,anagram
59406,Hercules? He's off to raise the dough,lucre,lucre,anagram
92106,Finished with employment involving excessive toil,overwork,overwork,assemblage
32004,Dear little rodent coming back into place of rest,beloved,beloved,container
84848,A free spirit and active friend to the workers,apiarist,apiarist,anagram
59120,Distinctive smell of seaweed,tang,tang,double definition
70575,Lice in the back room? Don't worry!,nevermind,never mind,double definition
58205,"Cold, cold belly",craw,craw,assemblage
27897,Looked hard about m-me as I did so?,stammered,stammered,container
106261,Write up on the greatest Asian,nepali,nepali,assemblage
102430,Flying female monkey call,tinkerbell,tinker bell,assemblage
109043,Relief on return of special book,psalms,psalms,assemblage
12000,Talk flirtatiously to Tom in Paris at university,chatup,chat up,assemblage
62948,Thong gets privates in a twist,strap,strap,anagram
98030,A spot of capital punishment,scaffold,scaffold,double definition
61845,Fearful player in a scrum,awestruck,awestruck,assemblage
70403,"How oral evidence is presented, apparently",itissaid,it is said,double definition
106412,Snoops around for sign of Zorro's treasures,prizes,prizes,container
24403,"Middle of the road, like Britain?",island,island,double definition
135906,Worry about Tory leader joining large organisation restricting free trade,cartel,cartel,container
52525,A nameless sentimentalist - like Basil?,aromatic,aromatic,assemblage
85700,The sound of the bullring,torus,torus,double definition
39728,Charlie gets a shock from this - fatally so,chair,chair,assemblage
57460,"I'd return, say, to ring James in Spain",diego,diego,assemblage
94054,Poet Virgil's last letter to head,lear,lear,assemblage
136454,Extra papers in the Guardian,wide,wide,container
105601,Philosopher finds our complex about American waters,rousseau,rousseau,anagram
61565,"Though in favour of an offer, say no",forbid,forbid,assemblage
29869,"Soldier involved with girl, which is painful",angina,angina,container
47854,Measure record found in sack,depose,depose,assemblage
75736,Riding apace,astride,astride,double definition
127649,"Hard looking after number one, when fellow out back is a renowned labourer",heracles,heracles,assemblage
94674,Port (Shanghai) fabricates houses,haifa,haifa,hidden word
14217,Lad in a whirl,eddy,eddy,double definition
132391,College oddly calm with undergraduate finally in cell,corpuscle,corpuscle,assemblage
90465,Deprived of feather (initially) in cap,bereft,bereft,container
86547,"Predator's call reported, that is to say, to court",tuwhittuwhoo,tu whit tu whoo,assemblage
88809,Western baddie circle,wheel,wheel,assemblage
55218,Gear change takes energy: go along with that,agree,agree,anagram
129446,Intermittent rain penetrating blind not a trickle,drizzle,drizzle,double definition
67265,Actors playing the old leader,castro,castro,anagram
26821,Dress with the end let out,raiment,raiment,assemblage
52782,Flower of the Bronx,ebro,ebro,hidden word
3406,He gains nothing from his activities,amateur,amateur,double definition
106859,"Deck chair on the Titanic, as they say",recliner,recliner,double definition
69747,Capital investment for father?,biretta,biretta,double definition
84473,Gives access to passages round mountain top,admits,admits,container
55772,Comprehensive kid after information,generic,generic,assemblage
20051,In my absence a member is seen in a cautious light,amber,amber,hidden word
100830,Indeed upset when refused,denied,denied,anagram
125583,Checking people of fashion in English resort,bridlington,bridlington,assemblage
123651,"They are heard in the garden, or seen on the phone",tweets,tweets,double definition
54242,Condone taking a gamble,abet,abet,double definition
89065,"Ethelred evidently reveals it, despite his reputation",rede,rede,hidden word
141064,Extra appointment for teacher? This could delay notification,secondclasspost,second class post,assemblage
114001,"From within deer, a female deer",hind,hind,hidden word
35735,Gallant companion to girl right out of fairy tale,chevalier,chevalier,assemblage
29630,"Greed is a weakness, a redhead admitted",avarice,avarice,container
90359,They nick money,coppers,coppers,double definition
71285,Former cargo ship docked by Russian river outside city walls,extramural,extramural,assemblage
126431,Back plan's no good - upsetting and painful,agonised,agonised,assemblage
78204,A winter in France going topless? A joke everywhere,universally,universally,assemblage
115011,Lines in support of love by female author,ohenry,o henry,assemblage
60372,Bolster arranged on the bed at sea,lobster,lobster,anagram
126522,Descent of Democrat excluded from transfer of power,evolution,evolution,container
81074,More or less impartial before a contest,justabout,just about,assemblage
65715,Recipient of national bus pass?,newagetraveller,new age traveller,double definition
19625,Last to finish with majority,endmost,endmost,assemblage
5874,Many a girl in the city,chester,chester,assemblage
39143,Rubber plant found by the shore,sanderling,sanderling,assemblage
139267,Gutless gangster mugs shoppers,grasses,grasses,hidden word
68958,"Routed, beat a retreat",abate,abate,anagram
114909,Articulate way of speaking is a plus in post,expressdelivery,express delivery,assemblage
118326,Decorating it with pregnant bats,patterning,patterning,anagram
137517,Old boy dances with wife during Black Sabbath hits,bodyblows,body blows,assemblage
61092,Domestic flights,staircases,staircases,double definition
15407,Have a mind to have a party,entertain,entertain,double definition
3912,Drink from the basin,absinthe,absinthe,anagram
118232,Rushed a hideout,hied,hied,hidden word
26343,It may be of untold value,secret,secret,double definition
134226,"Coalition supplied balance, ultimately helping?",federation,federation,assemblage
18054,Waif shows vital energy when boarding vessel,urchin,urchin,container
56694,Did Sue and Dot dash off?,usedto,used to,anagram
60575,I'm surprised Kay's on fiddle,cook,cook,double definition
20306,Creature of air (male) to take to water,bathe,bathe,assemblage
69849,Expression of surprise about a publication in Ulster,omagh,omagh,container
93470,Reciprocal element reflected in typical autumn fashion,mutual,mutual,hidden word
72732,Snake and dog in crafty contest,boatrace,boat race,assemblage
21437,In my sleep I composed a long poem,epic,epic,hidden word
90347,Account that's due showing effect of inflation,billowing,billowing,assemblage
55129,Test requirement that's set too high?,overrate,overrate,double definition
15780,Sign of too much discipline,bull,bull,double definition
40432,Study that is occupied by archdeacon with New Testament handy,convenient,convenient,container
43356,Enthusiastic jazz singer behind London theatre,lyrical,lyrical,assemblage
64861,A lot of money that's forced into the ground,pile,pile,double definition
96613,Good worker tackling tip of iceberg in Titanic,giant,giant,assemblage
13075,Withdraw with a slight injury,scratch,scratch,double definition
96705,"US shooter backing renegade, rogue nation",tarantino,tarantino,assemblage
54768,Girl returned on time with ace - of diamonds?,eustace,eustace,assemblage
110556,"Well woman visits teacher, missing a university",gusher,gusher,container
28225,Old Irish characters around Omagh,ogham,ogham,anagram
87671,Shot decent score in golf? Caddie regularly records ranking,hitparade,hit parade,assemblage
3115,Trainee lyricist secures a large job,learner,learner,assemblage
26830,Object when wearing torn clothing,raiment,raiment,container
38987,Hawk lifts royal sheep above the tops of elm trees,market,market,assemblage
56328,"With, for example, outside influence",sway,sway,container
97843,"Joined up, but went on a military campaign without one",soldered,soldered,double definition
35408,"Drive mad queen into jeopardy, almost",derange,derange,container
56256,Suspicious bag unopened,iffy,iffy,assemblage
25421,Grassy meadow provided pasture,leafed,leafed,assemblage
41676,Circus performer - a heretic or revolutionary,charioteer,charioteer,anagram
13210,Ways artist's lifted up magazine,arsenal,arsenal,assemblage
116490,"Without help at first, is unable to sing",chant,chant,container
4493,Grim looking under fly in soup,unfriendly,unfriendly,assemblage
88031,Medal distribution halted,lamed,lamed,anagram
66292,One of the Beach Boys?,lifeguard,lifeguard,double definition
113918,"Small present wife returns, about to end in acrimonious, bitter blows",snowstorms,snowstorms,assemblage
135739,"Me, by vodka shot (having skipped introductions), put on floor",kayoed,kayoed,assemblage
83013,He's engaged in outdoor pursuits,hunter,hunter,double definition
53293,"Robbed a craftsman, holding up a series of shops",arcade,arcade,container
98017,Here dragons floor the war department band,komodo,komodo,assemblage
31737,What gunrunners take part in?,armsrace,arms race,double definition
63963,Affected type from the Paris model agency?,poseur,poseur,double definition
102164,"Luke sees Mary, perhaps, as one seldom given due welcome",asylumseeker,asylum seeker,anagram
133865,Building under a site is more rickety,unsteadier,unsteadier,anagram
73050,Soccer bosses left in dark opening,fanlight,fanlight,assemblage
85597,Father takes on arbitrators in quarrel,fracas,fracas,assemblage
61117,Speech to put off by replacing silver with a bit of it,discourse,discourse,assemblage
102006,Birds avoiding the last half of mighty storms,migrants,migrants,assemblage
69349,God in charge? There's no peace here,panic,panic,assemblage
69232,Some found Eton a terrific blast!,detonate,detonate,hidden word
79362,"One quarter into gloomy, mournful song by soloist",monody,monody,container
118008,"One working with Morse, radio operator in part of London",lewisham,lewisham,assemblage
31918,Go on without PR for scary female,ogress,ogress,assemblage
40370,Last possible holiday destination?,resort,resort,double definition
3289,There's nothing left? That's hunky-dory!,allright,all right,double definition
128975,I am shortly to be taking part in a council election - what an idiot!,imbecile,imbecile,assemblage
97968,Canvassed views,landscapes,landscapes,double definition
82514,"Heartless love, something superficial and hard about it",callous,callous,container
96165,Pluck model instrument,spinet,spinet,assemblage
77944,Engineer's responsibility taken by the navigator,bearings,bearings,double definition
108341,What's triple-layered? The answer's somewhat coincidental,threeply,three ply,assemblage
8050,"Taline, a kinky girl",natalie,natalie,anagram
10439,Give birth to animal,bear,bear,double definition
11490,Show progress? Don't exaggerate!,comeon,come on,double definition
27477,Players' last practice session covered up,dressrehearsal,dress rehearsal,assemblage
16521,Song with a retrospective melody,aria,aria,assemblage
81907,Bread gets left inside jar,clash,clash,container
77274,"""John holds me"" - this leads to correction or clarification",imean,i mean,container
21349,China's money tree,palm,palm,double definition
133497,Make new home right above East Yorkshire town,resettle,resettle,assemblage
39074,Some regularly flee rising pollution,smog,smog,assemblage
117727,"Mountain climbing and sailing not hard, so unconvincing performance",playacting,play acting,assemblage
17590,Sturdy old banger's bonnet covered in iron oxide,robust,robust,container
69417,"Norse collection needed, say, regularly",edda,edda,hidden word
91859,"Scorer of double hat trick, entertaining pinnacle of Elland Road",verdi,verdi,container
31400,"Even so, I'd resolved to take the plunge",nosedive,nose dive,anagram
35015,"Brought up without the social graces, I maintained harmony",union,union,hidden word
878,Quote cut during actual performance,recital,recital,container
91453,Transitive heel and foot,trotter,trotter,double definition
114905,Gear case?,kitbag,kitbag,double definition
134644,It should be impossible to pick husband largely on chum's tip,chubb,chubb,assemblage
5343,"Shaking rear in defiance, poisoner with toxic tail aggravated, as stinger",scorpion,scorpion,anagram
43180,Joke with a lady?,gaga,gaga,assemblage
93781,Land makes outlaw happy and he's reformed,bangladesh,bangladesh,assemblage
50020,Stops at a nice part? How wicked!,satanic,satanic,assemblage
35100,Chaos could be regarded as fun,snafu,snafu,hidden word
117892,"Sell iodine, perhaps, as a substance in paint",linseedoil,linseed oil,anagram
36238,Having to guess when Enigmatist gets out of order!,estimating,estimating,anagram
104711,Firm with policies making home safer?,insurer,insurer,assemblage
129008,"Atmosphere Longfellow captures in no time, poetically",erelong,erelong,assemblage
122942,Islander initially shot a grouse,samoan,samoan,assemblage
18442,The Queen right or wrong?,error,error,assemblage
8551,Sort of nerve through which spirit?,optic,optic,double definition
95543,"Take action against Twycross, perhaps, after loss of larynx",sue,sue,double definition
78808,Local death of Ericsson broadcast,necrosis,necrosis,anagram
109077,"Slowly shift PC and get Apple, good but oddly deficient",plod,plod,assemblage
24863,"Worry? I'm thinking: ""Job""",career,career,double definition
90377,Journalist's one man that could be a leader,editorial,editorial,assemblage
12678,Not-so-wise guy stupidly smug on air,ignoramus,ignoramus,anagram
74985,Greek island with hot club,cosh,cosh,assemblage
3288,Nothing left is safe,allright,all right,double definition
83069,Old robbers ignoring opening for recreational drugs,opiates,opiates,assemblage
62470,First bit of chapped skin? Tear off a strip,chide,chide,assemblage
121596,Great place for thieves cased by bent police officer,superintendent,superintendent,assemblage
85732,Size up a house plant?,repot,repot,double definition
79313,"Poet certified Prisoner of Zenda, up or out",ezrapound,ezra pound,hidden word
14514,"Last runner through Yorkshire, last",endure,endure,assemblage
42584,Group to get off when torched?,setalight,set alight,assemblage
84765,Flower given to darling creates effect,execute,execute,assemblage
96588,Drug joint's menu item?,potroast,pot roast,assemblage
48594,It's hard to understand a goody getting right into evil behaviour,abstruse,abstruse,container
15635,Oval jugs made by a former foreign hand,jugoslav,jugoslav,assemblage
70617,"Explain complicated clue, a right puzzler initially!",clearup,clear up,anagram
7383,There's little shelter from drink - one needs the poison,portico,portico,assemblage
75638,Boy attending a musical performance,sonata,sonata,assemblage
131487,Philosopher's theory pagan slammed,pythagorean,pythagorean,anagram
122146,A lone crab scuttles round by the sea in Spain,barcelona,barcelona,anagram
98433,"Once called the universal doner, reportedly a mistake",typo,typo,double definition
110062,City presenting huge temptation for gardener,bigapple,big apple,assemblage
20370,He endeavours to sit astride horse and set off,trigger,trigger,container
134355,Spending two days gardening with inside knowledge,weekending,weekending,container
29751,Cardboard saint upset in Kent?,whitstable,whitstable,assemblage
109808,Chimp loath to get hit about the eye,ophthalmic,ophthalmic,anagram
57830,Arctic rocks unmoved,icecold,ice cold,assemblage
35190,Dine out on candy? A potential killer!,cyanide,cyanide,anagram
119094,Hint that simply pointless,imply,imply,hidden word
59751,Shrub from which bee pursues mum,madrone,madrone,assemblage
52416,Wild animal best caged initially when on board,bobcat,bobcat,container
85781,I'm not sure young scientist should be in cast - it's torture,thumbscrew,thumbscrew,assemblage
41595,Delays and keeps at a distance,holdsoff,holds off,double definition
46230,Protester topped bowman,archer,archer,double definition
14029,Fine-tune vehicle,goodstrain,goods train,assemblage
116431,Alternative stock market's not so unpredictable,aimless,aimless,assemblage
105732,Votes could be wrong ones,noes,noes,anagram
49043,Planes manufactured in Italy,naples,naples,anagram
67865,Readiness to lose belief without very good deed,defeatism,defeatism,assemblage
98897,In where they tend to get you out,hospitalised,hospitalised,double definition
127081,"Where, in London, dozens of tradesmen are generous?",bakerstreet,baker street,assemblage
128981,"They have no choice, poor chaps",beggars,beggars,double definition
29064,Transport of fury (or vice versa),roadrage,road rage,assemblage
138175,Like a tree? Dog may have,barked,barked,double definition
130578,Week remains Doris's cleaning time?,washday,washday,assemblage
28331,Something causing wound? Material initially sent up includes absorbent fabric,splinter,splinter,container
114917,Nationalist in touch with affection's tumult,patriot,patriot,assemblage
88322,Defer changing Sam's boss's name,frederick,frederick,anagram
49551,Check straps of underwear,scanties,scanties,assemblage
114467,Records including your old string players,lyrists,lyrists,container
2258,Hinted setter's bed contains a lot of bugs,implicit,implicit,container
47584,Fruit producer on a poultry-farm?,eggplant,eggplant,assemblage
50043,A male doctor's rounds,ammo,ammo,assemblage
111192,Honestly devoid of cant?,onthelevel,on the level,double definition
120808,"Preacher, or reciter of poetry?",layreader,lay reader,double definition
70240,Supposed origin of president's diary in taxi at home,logcabin,log cabin,assemblage
100901,The joys of shifting super ales,pleasures,pleasures,anagram
52162,Report of a couple of fruits producing disease,beriberi,beriberi,assemblage
51174,"Once gay characters reform, there's reasonable treatment for women",gynaecological,gynaecological,anagram
29634,A right in a wrong is still a wrong,avarice,avarice,container
62221,"Plain menu appearing all fancy, finally",ugly,ugly,assemblage
15486,A lake fed by a river (more like the Dead Sea?),aral,aral,assemblage
69390,Some peculiar denizens of the forest,arden,arden,hidden word
137989,Male with a zip cut old wooden bowl,mazer,mazer,assemblage
107223,Plan for land corps?,rotationofcrops,rotation of crops,double definition
16264,Key to the London dogs' home,isle,isle,double definition
118093,Sea air won't upset poor community,shantytown,shanty town,anagram
25868,People about to see fruit,melon,melon,container
97024,"Left in after this time, so upset clovers",ladinos,ladinos,assemblage
4940,Consternation at sweet potatoes I'd brought up,dismay,dismay,assemblage
65503,Critic sounds full of disgust at the bloodshed,slaughter,slaughter,container
8395,Expedition set off,trip,trip,double definition
64728,Place for eating dog's dinner,mess,mess,double definition
107421,Rewriting Roald Dahl's final piece for money,dollar,dollar,anagram
102763,One with obsessive interest about fish,tuna,tuna,assemblage
9918,"Carriages to inflict damage on joints, we hear",hackneys,hackneys,assemblage
40661,The craft of dressing?,sauceboat,sauceboat,assemblage
69303,Discriminatory fifth-rankers catching seventh note,elitist,elitist,container
36991,Infection around spot needs cream applied regularly,cholera,cholera,assemblage
135031,"You, on boat's capsizing, may give something less than three cheers",yesbut,yes but,assemblage
9526,Imagine Dr West coming back!,dream,dream,hidden word
95537,Pin-up of uncovered tart,cheesecake,cheesecake,double definition
62770,Supply RNA to supplement form of bluish cleaner,nailbrush,nailbrush,anagram
55225,Accept a proposal in Gretna Green,agree,agree,double definition
37134,Pick holes in garment with a run in it,carp,carp,assemblage
59280,Wise duke upset top drawer,degas,degas,assemblage
42610,There's sustenance when I turn into bananas,nutrition,nutrition,anagram
35533,Run and puff - clergyman required,administer,administer,assemblage
49497,Rocco is troubled by wind,sirocco,sirocco,anagram
18901,Run off with a politician after last month,decamp,decamp,assemblage
59202,"Governed by air, its function is to give resilience under foot",underlay,underlay,assemblage
83356,A suitable sucker?,tailorsdummy,tailors dummy,assemblage
66563,"Swiss banker consumes carved roast, being a man of taste",gastronome,gastronome,container
47816,Politicians get the point first in these jokes,stories,stories,assemblage
21827,"Outline result, if arsenic mixed with oxygen",scenario,scenario,assemblage
83852,Material point to occupation,linen,linen,assemblage
106205,Sick records written up by week,spew,spew,assemblage
81649,He wrote about Eliza Mole,emilezola,emile zola,anagram
104388,"New proof is put to ninety-nine, half-asleep",soporific,soporific,assemblage
38839,Those last shall be first - that's moral significance,ethos,ethos,anagram
6561,Would you see railwaymen as a result of taking this approach?,runup,run up,assemblage
61685,Shows great confidence with props and one's material,strutsonesstuff,struts ones stuff,assemblage
58030,"He may play a part in panto, great in size",ogre,ogre,double definition
86950,Wake up at the back?,slipstream,slipstream,double definition
33402,Correctly ascertaining one's railway connections?,ontherighttrack,on the right track,double definition
44433,Prognostications provided by women's magazine,omens,omens,hidden word
112392,Spot representative in stately home,pimple,pimple,container
115277,School actors downloaded recording,podcast,podcast,assemblage
88418,Servitude when the majority take everything,thrall,thrall,assemblage
32709,Bird cooked around noon for correspondent,penfriend,penfriend,assemblage
141586,"Breaking hand, return to a bit of carpentry",mitrejoint,mitre joint,assemblage
108015,Those in society on form,workingclass,working class,double definition
104822,"Second double entendre, perhaps, suggests going for a slash?",swordplay,swordplay,assemblage
112089,Play area feature? Not exactly,roundabout,roundabout,double definition
651,Love in its present form is a bit green,oasis,oasis,container
16678,"Union leader is more confident, having taken much interest",usurer,usurer,assemblage
17571,Too much of pals to finish off with round of golf,also,also,assemblage
99753,Agent is fine performer,factor,factor,assemblage
72061,"Teach a king English, with an hour off for a bite?",teacake,teacake,assemblage
90619,Partly dishonest one remains a potential executioner,stoner,stoner,hidden word
79580,Wait for time in bathroom,bidet,bidet,assemblage
46373,Writer wrote timeless moving lines,orwell,orwell,anagram
46726,"Enigmatic, keen and in charge, set about exercising",cryptic,cryptic,assemblage
134722,"They hang from the neck of special friend, married on the rebound",dewlaps,dewlaps,assemblage
45152,"Darkness is short, but not far away",nigh,nigh,assemblage
80480,En voyage without information and refusing accommodation,intransigent,intransigent,assemblage
64227,USA twice interfered with Libyan leader: nothing new there,asusual,as usual,anagram
8748,Conclude there's no getting out of hell,infer,infer,assemblage
20503,Girl cuts end off trousers,jean,jean,assemblage
108803,Dud and Pete's initial prominence,bump,bump,assemblage
128545,Longfellow's poem this girl won't conceal,evangeline,evangeline,double definition
83786,Indians ain't much moved by old chief with muted war cry,iainduncansmith,iain duncan smith,anagram
140189,Something funny in setting of gelatin,tagline,tag line,anagram
54907,Head grasps the point: make it stick,paste,paste,container
84311,Time to request church to provide a working party,taskforce,task force,assemblage
88152,"Breakdown in relations for tabloid, which is charged having pursued princess",disunion,disunion,assemblage
77398,Better order meal before I make a speech,ameliorate,ameliorate,assemblage
20658,"It's an indication for drivers, by the way",roadsign,road sign,double definition
92117,What an indulgence!,pardon,pardon,double definition
20651,Back massage by Norse causes skin injury,burn,burn,assemblage
102897,"""Song of Songs"" initially associated with religious ceremonies",spiritual,spiritual,double definition
136942,Most recent points,newest,newest,double definition
88936,Sweet that's lavish in nuts,bananafritters,banana fritters,assemblage
104906,"First man on planet keeps side, which is to the left",marxism,marxism,container
49809,Ah Harpo! Possibly one of the greats of yesteryear,pharaoh,pharaoh,anagram
76353,Return note with grass blade,knife,knife,assemblage
108183,She has promised to give a hand,fiancee,fiancee,double definition
16581,Long snake put down with anger,aspire,aspire,assemblage
138683,"Constantly reproducing, much like anti-abortionists, I see",prolific,prolific,assemblage
35,Article involving misrepresentation of foreigner,alien,alien,container
131219,"Worker often seen wearing blue, red, green and russet, I suspect",registerednurse,registered nurse,anagram
125406,Dispose of at a higher price,sellup,sell up,assemblage
32906,A mild imprecation - here's an example,dash,dash,double definition
36700,Bill's after that woman from EastEnders,poster,poster,double definition
110389,"Nobleman to bail out in a metropolis, having to carry can",accountability,accountability,assemblage
65952,Expert locks up old books without delay,pronto,pronto,assemblage
87935,Poor ascent is difficult,hardup,hard up,assemblage
4172,Secret soldier,private,private,double definition
4338,Take advantage of a bold stroke,exploit,exploit,double definition
117596,Air that way maintains right height for bird,songthrush,song thrush,container
135756,Intended to put one's name in a legal document,designed,designed,container
138291,Up to date on focus again,recentre,recentre,assemblage
60488,"US polar explorer - and aviator, by the way",byrd,byrd,assemblage
15866,Colour that could be fancy but not loud,cyan,cyan,anagram
80487,Hate journalist over investigation,detest,detest,assemblage
62078,Guided minister of German blood to devour poor Kent,blunkett,blunkett,assemblage
26882,The French fellow at match gets space to manoeuvre,legroom,legroom,assemblage
27407,Scumbag in wingless car?,heel,heel,container
82444,New song about knight in realm of fantasy,narnia,narnia,container
78612,Place in a mess with habit of every character,alphabetic,alphabetic,assemblage
92952,Is crack badly affected by movement of traffic?,carsick,car sick,anagram
88852,Back seat,posterior,posterior,double definition
36461,Keep away from a vacuum,avoid,avoid,double definition
57293,Balance regarded as fit by French banker,equipoise,equipoise,assemblage
126639,Stimulating postcard?,sparking,sparking,double definition
138922,Nectar: it's spread around top of pork crackling,crepitant,crepitant,container
125901,Marble passageway,alley,alley,double definition
78783,A sign of emotional entanglement,loveknot,love knot,assemblage
106316,Work of Da Vinci remains superior,lastsupper,last supper,assemblage
78687,Cook cabbage - it's said to be a scientific principle,boyleslaw,boyles law,assemblage
9203,Swimmer cut grass round hotel,minnow,minnow,container
105839,Island puts down pets,cossets,cossets,assemblage
78023,Road surface touched a river from behind,macadam,macadam,assemblage
68533,"Capped for Ulster, are they?",knees,knees,double definition
51357,Reliable way to limit bloodshed,staunch,staunch,double definition
80127,"Thought highly of, but always dipping into wine",revered,revered,container
54591,Japanese growth threatening our country?,knotweed,knotweed,double definition
42854,Go overboard for a record,turntable,turntable,double definition
34848,First man to be a mother,adam,adam,assemblage
24738,Sort of entertainment seen as turning weary,satire,satire,assemblage
12162,"Original ""back to nature"" author?",thoreau,thoreau,double definition
44993,Cheeky? Section of arena talking,natal,natal,hidden word
26618,"Stone me! Belonged to you a long time ago, in a way",amethyst,amethyst,assemblage
77803,Description of Els's scores,lines,lines,double definition
114871,What is written in the first half of November?,shortstory,short story,assemblage
73619,Germany in with broadness of beam,width,width,container
33356,Arrangement of Israeli composer,salieri,salieri,anagram
73991,A five-nil reverse that may be scrambled,ova,ova,anagram
86972,"Crack cocaine's heading into US city, providing financial stability",solvency,solvency,assemblage
17818,Providing back-up when company is a failure,fiasco,fiasco,assemblage
20824,Contradict Yankee after study,deny,deny,assemblage
105167,Frontiersman finds the front line at regular intervals,bowie,bowie,hidden word
133143,"Insult the sovereign, say, when changing sides at the front like a traitor",disloyal,disloyal,assemblage
64019,"Cook's vessel, one seen in rain, beam obscured",bainmarie,bain marie,anagram
52426,Bob's legs turned over,snip,snip,anagram
98700,Primate and friar,capuchin,capuchin,double definition
26103,Such a thumb to stick out?,sore,sore,double definition
31506,"It makes pepper pot mine, anyhow",pimento,pimento,anagram
38740,Old Shakespearean wino denied victory - this to add flavour?,oregano,oregano,assemblage
63733,Low sound and soft to carry with difficulty,hump,hump,assemblage
82230,Perhaps men say he's a sycophant,yesman,yes man,anagram
92426,Where noodles may end up?,inthesoup,in the soup,double definition
115065,Ordinal in West to show bottom face up?,maninthemoon,man in the moon,anagram
15562,"Bored, it's suggested? Take down Waterloo",defeat,defeat,double definition
101932,Winter trip?,fallover,fall over,assemblage
56752,Drinks lacking body?,spirits,spirits,double definition
89522,Desolation of writer coming to a head,wilderness,wilderness,assemblage
42856,Battle erupting around vessel's deck,turntable,turntable,anagram
53290,Consumer zone sounding like Biblical charity gig?,arcade,arcade,assemblage
114429,Strike supported by a devout Buddhist,lama,lama,assemblage
75025,Went round green filling in two holes in order,overtook,overtook,assemblage
86844,Note carrier soaked and all in,wallet,wallet,container
73213,American bar with players - tense meeting at the end,abutment,abutment,assemblage
54849,"Win over Germany is a romp, oddly",disarm,disarm,assemblage
42188,"A medic attending university student, six-footer not confined to bed",ambulant,ambulant,assemblage
8506,Mixed aromas embellish love for full-bodied Spanish female,amorosa,amorosa,anagram
38934,"Tho' semi is falling apart, it's most cosy",homiest,homiest,anagram
64123,Man of the cloth always involved in split,reverend,reverend,container
108615,Perhaps banks lending capital make a killing,slay,slay,assemblage
88001,"Inflict a soaking, though partner keeps rain off",marinate,marinate,container
105325,Cold tops in container for ice or snow,cocaine,cocaine,assemblage
90781,Bread's an inflationary force on US money,pumpernickel,pumpernickel,assemblage
87586,Rocks found in prospectors' sieves,cradles,cradles,double definition
50869,Bookish American must leave - that's flat!,studio,studio,assemblage
48873,He wrote about a large weight,zola,zola,anagram
12184,Spot in Hautes-Pyrénées,espy,espy,hidden word
19438,Top sculptor's god?,odin,odin,assemblage
82087,One may retire in this close match,nightie,nightie,assemblage
31677,Tabitha Twitchit to find home,habitat,habitat,anagram
30830,"The end of the month, perhaps, so spread it thither",thirtieth,thirtieth,anagram
31527,Community programme involves university lecture about electrical resistance,outreach,outreach,assemblage
79338,Declare numbskull never stopped eating,asseverate,asseverate,assemblage
78111,"Test place for Benaud, say, evokes free style compositions",capricci,capricci,assemblage
115850,"Take part, bagging large total",complete,complete,container
78139,Isolates wavy lines between quarters,enisles,enisles,container
121595,Is a solicitor involved in resumption?,importunes,importunes,assemblage
62215,Plain sailing finally during month without leadership,ugly,ugly,container
100512,Frightened editor has a wound that's healed,scared,scared,assemblage
91383,To understand nearly all of Italy is a drug,digitalis,digitalis,assemblage
30164,Young ladies at Lord's?,maidens,maidens,double definition
20173,A hundred too old to get press write-up?,coverage,coverage,assemblage
85116,He doesn't catch it. But will he later?,butterfingers,butterfingers,double definition
79730,"Noted man being taken to court, this the result?",verdict,verdict,assemblage
30662,"Cosily small, given space eventually",intime,in time,assemblage
87976,Swallowed piece of pineapple complete outside pub,wateringhole,watering hole,container
89173,"Tooting, formerly, also housed branch of husbandry",beekeeping,beekeeping,assemblage
136200,Tastelessness of cod Iceland found in Arctic,indelicacy,indelicacy,assemblage
90455,Big part of car,bumper,bumper,double definition
109846,Decisive blow with a bit of a strike for money,kopeck,kopeck,assemblage
21538,Enthusiastic about the French and their country - female lacking bigotry,intolerance,intolerance,assemblage
98383,"Confirm a try, if converted properly",ratify,ratify,anagram
122042,Spooner's alarm for a tart?,bakewell,bakewell,anagram
121802,Better qualified as someone to provide a welcome,meeter,meeter,double definition
28441,See Moor's scabbard,sheath,sheath,assemblage
78760,Tea ladies initially interrupted by exercises in place of worship,chapel,chapel,container
53970,Diabolical ally is dropping King Henry the First,fiendish,fiendish,assemblage
51463,Good-looking six-footer foolishly married short lady,redadmiral,red admiral,anagram
92988,"Gad about, dashing round eastern half of Kyiv",gallivant,gallivant,container
54988,See lambs going round in flocks together,assembles,assembles,anagram
23928,Issue half of them before a race,emanation,emanation,assemblage
22176,Strip shown in scene and suspicious motive involved,dennisthemenace,dennis the menace,anagram
139601,Pam ceded building and made off,decamped,decamped,anagram
116019,Certainly no malt house get away up North,hooch,hooch,assemblage
127915,They make cold scalp hot in a blizzard,clothcaps,cloth caps,anagram
37925,He killed a couple of fools in the end,assassin,assassin,assemblage
96552,Bays of victory,laurels,laurels,double definition
2964,Jug can clink,prison,prison,double definition
108965,Home with police turning up to get rebellious youth charged,indicted,indicted,assemblage
49667,Provoke audible discord,rouse,rouse,double definition
11177,Hollow bishop with a thing to be confessed?,basin,basin,assemblage
33548,A support thus returned is appropriate,apropos,apropos,assemblage
66014,Tackle English bird,kite,kite,double definition
52805,Clue found in a drawer,lead,lead,double definition
34746,Apologising for oriental thingumajig in competent dish,eatinghumblepie,eating humble pie,assemblage
97656,I find reformed smoker irritating,irksome,irksome,anagram
101881,Might girl's back be her best attribute?,mainasset,main asset,assemblage
16441,Put cap on after knocking back drink of Pale,pallid,pallid,assemblage
35471,What's Espagnol to one Russian composer is Italien to another,capriccio,capriccio,double definition
137212,Wherewithal to cut music man's topknot,knives,knives,assemblage
83519,A campanologist is late - or something very like it,deadringer,dead ringer,assemblage
132350,Start again and again in the event,triplejump,triple jump,assemblage
21678,Gamble heavily in dive,plunge,plunge,double definition
102721,"Happily, one can look down from here",oncloudnine,on cloud nine,double definition
61735,Picture effort,shot,shot,double definition
30494,One who cares to make an offer,tender,tender,double definition
59112,It's an offence to go to a part of Putin's Russia,crimea,crimea,assemblage
61024,Operatic prince to leave in unending anger,igor,igor,assemblage
36407,"Belt designed by teacher without a wife, so it's said",surcingle,surcingle,assemblage
100650,Little copy from single credit in second class,microform,microform,assemblage
95429,Hedge featured in abstract painting style,hardedge,hard edge,double definition
124575,"Grating cheese at first, add tins or nuts",discordant,discordant,anagram
96770,Old craft displayed by great striker keeping City up,arkroyal,ark royal,assemblage
116589,Just keeps going when credit's no longer available,ticksover,ticks over,assemblage
55314,Drunk given prison sentence none too soon,hightime,high time,assemblage
16340,Lizard again becoming animated around mid-January,iguana,iguana,anagram
19949,Nippers reported other nippers,pinchers,pinchers,double definition
122500,Maximum awareness required when the H. Grail is exposed,highalert,high alert,anagram
72992,Group for the clever chaps observed losing weight,mensa,mensa,assemblage
48036,Case of Julia ignoring odd parts after film,etui,etui,assemblage
104137,"It's cheek to require money first, even for an essential part of Christmas dinner",breadsauce,bread sauce,assemblage
6873,Ripped up one chapter with a steamy line,erotic,erotic,assemblage
12711,Where more than one rider is seen in A & E,tandem,tandem,hidden word
23635,Lobby for charm,entrance,entrance,double definition
110746,Marine upset a lunatic,nautical,nautical,anagram
104732,Campaigning for a straight delivery?,onthestump,on the stump,double definition
138450,First two of irritating Pogues' wayward followers,groupies,groupies,anagram
7584,Here's hoping I spring a surprise,aspiring,aspiring,anagram
50529,Exhibit plastered and completely sealed,airtight,airtight,assemblage
33967,Piece of branch with shoot on it,firearm,firearm,assemblage
103855,"Edge under top of boater, perhaps?",brim,brim,double definition
106980,"Extremes of terror in air - with weapons, treats violently",strongarms,strong arms,container
26191,Promoter and mentor keeping Egyptian leader right,advertiser,advertiser,container
22634,Poet almost keeping America in a state of excitement,suspense,suspense,container
50384,Fool gets all Yorkshire to make hard cases,nitridings,nitridings,assemblage
119520,Drop feathers in trash,teardown,tear down,assemblage
96046,Relative to help people out - a social worker around university,maidenaunt,maiden aunt,assemblage
100352,"It's possible, without hesitation, to produce puzzles",posers,posers,assemblage
47682,Fights waste,scraps,scraps,double definition
112485,Gallery in the Pantheon?,gods,gods,double definition
128120,Two English animals on the loose in Pacific region,melanesia,melanesia,anagram
4381,It can ruin a good deal,dryrot,dry rot,double definition
91024,Suggestion for objective in union amalgamation,innuendo,innuendo,assemblage
130283,Forced to admit routine is rehearsed,practised,practised,container
70321,See fruit,date,date,double definition
56851,"Having scratched bottom, chance to embrace scent around rear of khazi, causing inflammation of nose",rhinitis,rhinitis,container
120097,Popular cops in Paris secure square deals,inflicts,inflicts,assemblage
4906,Number for five-a-side? Any number is required for game,tennis,tennis,assemblage
49068,"Picture gives an image, ultimately distorted",envisage,envisage,anagram
61728,Bullet snapped,shot,shot,double definition
112065,Theatres where they now indulge in games of bingo,playhouses,playhouses,assemblage
97821,Later organisation of workers' guild,artel,artel,anagram
106969,At sea as number one in warship,submarine,submarine,assemblage
91456,Swine on time for part of pig,trotter,trotter,assemblage
119209,Probably time to tuck into sausage pie,ataguess,at a guess,anagram
100450,Little old lady close to Russian revolutionary,minuteman,minuteman,assemblage
75576,"Heart of the metropolis, is it?",citycentre,city centre,assemblage
49462,Skipper goes round southern island missing bit of ship's apparatus,capstan,capstan,container
84439,Submission of guard protecting royalty,deference,deference,container
81555,Leg bound to be broken by heavy stick,bludgeon,bludgeon,assemblage
118955,Officer and ordinary soldiers locked in toilet,commodore,commodore,container
88140,"King acted madly in theatre, executed patron",george,george,anagram
113399,Fast food preserver contracts nasty disease,tvdinner,tv dinner,container
118879,Ways to convert weapons,turnpikes,turnpikes,assemblage
60419,Spooner's allowed bird to escape,getloose,get loose,anagram
77667,Sugary affair heard to come back after being booed?,meringue,meringue,anagram
107746,Hitting the monarch with a turned-up nose,knocking,knocking,assemblage
128496,One that's played with Pelé and Lukaku recalled a King Power outing,ukulele,ukulele,assemblage
39611,Drink supplied in plastic container,asti,asti,hidden word
35307,This will locate drama school correctly,radar,radar,anagram
37800,Top student is in a small boat,pinnacle,pinnacle,container
56756,Gets the impression my return passage started yesterday - pity!,feelsympathy,feel sympathy,assemblage
127189,Pickled cucumber not hot in food sent back - here?,burgerking,burger king,assemblage
64725,Dirty canteen,mess,mess,double definition
38161,Predator about to move freely,flow,flow,anagram
47334,Small amounts put on horses,bits,bits,double definition
15832,Obsolete function is better,outdo,outdo,assemblage
75368,Divine seen in windows etc,dowse,dowse,hidden word
90383,"Column leader, for example",editorial,editorial,double definition
115918,Treetop bats round lake practise thought transference?,teleport,teleport,assemblage
65935,Issue about drug that's exactly right,spoton,spot on,assemblage
133738,She oversaw agriculture before entering civil service,ceres,ceres,assemblage
85957,All the way down to hell and flung away when love's lost,fulllength,full length,double definition
117609,Is East in time for puzzle?,disorientate,disorientate,container
70273,A centre for research into breadfruit,calabash,calabash,container
67712,Vehicle reversed into animal,cracow,cracow,container
44126,Flirt offering a kiss after thirty seconds?,minx,minx,assemblage
60669,Last drink of the day with a bird,nightjar,nightjar,assemblage
15200,Is a name recollectable? Not with this,amnesia,amnesia,anagram
114637,Your health is of least importance? Drink!,bottomsup,bottoms up,double definition
96527,Slack dandy stealing Helen's heart with heartless ploy,floppy,floppy,assemblage
122050,"Title for chap guarding queen, in a way",manner,manner,container
37771,Romantic details I made up,idealist,idealist,anagram
106780,Badger runs through mown grass,harry,harry,double definition
111711,Its builders caused a stir,prisonhouse,prison house,double definition
123103,It's about a pound in English money,decusettutamen,decus et tutamen,assemblage
5625,Winger starred with flankers in blue pants,redbreast,redbreast,double definition
88173,Ingenious sting,smart,smart,double definition
20685,"Sure about supporting football club during no-score draw? Yes, sure",ofcourse,of course,double definition
130106,"Flower arrangement of Eliza Doolittle's second to be interrupted by school, twice",eschscholzia,eschscholzia,assemblage
48995,Level of wit in this group,clique,clique,double definition
125102,"Lady, not totally square, wanting bit of adventure",nina,nina,double definition
16638,Fight for way to reign over horse,struggle,struggle,assemblage
104378,Bird changes head from what could be its doom …,partridge,partridge,anagram
60751,"Where barcarolle may be heard by ""The King and I"" singer?",rialto,rialto,assemblage
96465,Heinous confusion within a company,inhouse,in house,anagram
19737,Various trees but no great variety,bonsai,bonsai,double definition
17680,Take a double role in part of play,acttwo,act two,assemblage
138323,Commends review of nurses taking temperature twice,entrusts,entrusts,anagram
110707,Some letters describe how to cook this dish,omelette,omelette,anagram
23163,"Suave Bond - middle of sea, Craig's stripped off",debonair,debonair,anagram
140989,"Expressed regret for euro, say",roo,roo,assemblage
100528,A catch in the neighbourhood,around,around,assemblage
141023,"Grouse stew a strong, rancid dish",beefstroganoff,beef stroganoff,assemblage
12321,Share everything the writer put into book collections,allotment,allotment,assemblage
36518,Note milk-curdler is overturned,tenner,tenner,anagram
90905,"Various emails, no clues",miscellaneous,miscellaneous,anagram
123890,"Runner with some excellence, or one just as good",coequal,coequal,assemblage
43754,Read of sloppy hat,fedora,fedora,anagram
122715,One-time royal command variety show performer,jester,jester,assemblage
60625,"For starters, naturally I'm nimble - Japanese assassin?",ninja,ninja,assemblage
73680,Informer who framed his mother?,whistler,whistler,double definition
97781,Knucklehead and blockhead join together,knit,knit,assemblage
40498,Company of high-fliers,aircrew,aircrew,assemblage
96826,"Setter's at work, doubled up, backing onto cool, filthy beasts",hippopotami,hippopotami,assemblage
13619,"Page in ""Paradise Lost"" may go missing",disappear,disappear,anagram
51505,"Stole cattle, but made little noise",rustled,rustled,double definition
126729,Graduate as a footballer?,halfback,halfback,assemblage
108074,Scared badly by Lebanese features,cedars,cedars,anagram
6804,English spirit? Little left in a Scottish place,elgin,elgin,assemblage
56863,Suppress government's initial report,bang,bang,assemblage
38625,Punk playing loud interrupts household no end,hoodlum,hoodlum,assemblage
76104,Surrounded by a dwarf endlessly somersaulting,among,among,assemblage
118543,Sheep enclosure collie emptied for a little bread,tuppence,tuppence,assemblage
104578,"Again, but for the last time?",oncemore,once more,double definition
121885,European river labelled American?,tagus,tagus,assemblage
21290,Preparation against the offensive,deodorant,deodorant,double definition
49324,Intricately veined salad plant,endive,endive,anagram
46807,Space at front of border for plant,embed,embed,assemblage
69164,"Principles of writing, including what is said",morals,morals,container
65408,"Head down south, be away - it's painful!",achy,achy,assemblage
80545,Extreme cunning restraining bore,arrant,arrant,container
59634,Get shot of Sun model after turning over papers,dispose,dispose,assemblage
20728,"Using detailed examination, I can't allay worries",analytical,analytical,anagram
111329,Basis of sweet course in times past: a lot of ale,sconce,sconce,assemblage
120352,Stand by Jack in some evacuated capital,skopje,skopje,container
56988,"Popular, like Jersey-Ibiza return?",demotic,demotic,assemblage
50316,Drag prince round university,haul,haul,container
136488,"""It's stifling in Post Office"", newspaperman snapped",photoed,photoed,container
9521,This ticket is ideal for elections,dream,dream,double definition
80574,Part of the UK restricted by offensive discipline,punish,punish,container
23292,Wooden smile?,beam,beam,double definition
57023,Reduce to silence when imprisoned,shutup,shut up,double definition
109173,Pop's spiked with most of whiskey spirits,dryads,dryads,container
104193,Western in which sharp or flat blood group's altered,occidental,occidental,assemblage
10463,Wagner's Ring? No - not all hell let loose,lohengrin,lohengrin,anagram
79850,"Under counter, old drunken farts won sham argument",manofstraw,man of straw,anagram
88468,Stock support,hoof,hoof,double definition
90760,Leave it houseroom for the doctor's hearing aid?,stethoscope,stethoscope,assemblage
18720,"Between partners at the table, knock back 'umongous drink",negus,negus,container
39439,Its report should stimulate athletic progress,startingpistol,starting pistol,double definition
136024,Stop fighting egghead in glasses!,stemware,stemware,assemblage
13109,"A Ford ""T"" car is renovated, showing motorist's skill",roadcraft,roadcraft,anagram
109496,Choke or accelerator?,throttle,throttle,double definition
110881,Mini taken by environmentalist crew (imagined threat to our planet?),littlegreenmen,little green men,assemblage
89797,That's how not to be hidden,show,show,hidden word
133434,"What a sidekick plays, using spare racket",secondfiddle,second fiddle,assemblage
50149,Little woman and officer get a shock,1o1t,1o1t,assemblage
30023,RAF man sitting inside only console,solace,solace,container
68130,"Frantic having to survive, far from great",lastminute,last minute,assemblage
135011,"Bush, as graduate, really confused about university",baylaurel,bay laurel,assemblage
23637,Delight in appearance,entrance,entrance,double definition
90591,Odysseus's ambit? That is a case for over one solution,ioniansea,ionian sea,assemblage
119709,"American fliers not happy on jumbo jets, initially",bluejays,blue jays,assemblage
65031,Make about a thousand burn,cremate,cremate,container
112444,Final disaster for some furnishings displayed in window,netcurtains,net curtains,assemblage
21822,Situation as nice or nasty,scenario,scenario,anagram
15742,Eye a fresh flower,aperture,aperture,anagram
61043,Energetic sort has Monday off,dynamo,dynamo,anagram
13480,Quick to contain injury in dispensary,pharmacy,pharmacy,container
63487,Fund new loony Borders party,endow,endow,anagram
83888,Man closely wrapped up in himself,knight,knight,assemblage
113982,"A lot of explosive, too unstable in the oven",kiloton,kiloton,container
60571,"University applauded, so lifted",upraised,upraised,assemblage
94588,Serbia sedulously protecting partisan,biased,biased,hidden word
5352,Place on the border needing a sign of security,pledge,pledge,assemblage
104142,"Dozen chairs, one removed, dancing with playfulness",scherzando,scherzando,anagram
76362,National President meets king,hollander,hollander,assemblage
114264,Unusually lithe daughter leaving university in good spirits,lighthearted,light hearted,anagram
29776,Spoil a little rascal with a bit of music,impair,impair,assemblage
33391,"For all to see (about time, too)",overtly,overtly,assemblage
94656,"Labour would be after this on stage - it's ""New""!",gestation,gestation,anagram
31049,Does the dismissed athlete take it running?,jump,jump,assemblage
18346,Intelligence in Egyptian town centre obliterated by booze,liquor,liquor,container
49613,Soldier sitting on favourite wall,parapet,parapet,assemblage
136265,Drink claiming Australian with large belly,paunch,paunch,container
135424,Regularly scrubbing toughened moulding,ogee,ogee,hidden word
75436,Order retreat,monastery,monastery,double definition
26438,Procrastinate when it's time to get up,temporise,temporise,assemblage
123309,"Compound, maybe nitrous, you say: I say different, it's a flower",oxeyedaisy,ox eye daisy,assemblage
43646,"Christian code about being artificial, but seeming otherwise",android,android,anagram
140591,"Covering up claim, wins contests",gainsays,gainsays,assemblage
79385,Attempt to appear PC - it's OK men getting shafted!,tokenism,tokenism,assemblage
93189,Exploit on last routine flight,milkrun,milk run,assemblage
46910,Turned radio on electrician's last order,ordain,ordain,anagram
8825,Bottom? Then second to bottom's exceptional,rare,rare,anagram
141132,"Ten fools, cavorting with glee, lose all inhibitions",letoneselfgo,let oneself go,anagram
27665,Collect up jumble in efficient fashion,assemble,assemble,anagram
108717,Bring back capital punishment?,rehang,rehang,assemblage
25830,Player with piece of wood gets up to holding a French one,oboist,oboist,assemblage
34020,He has broken links with one foreign capital,helsinki,helsinki,anagram
82317,Wolf in the valley?,gorge,gorge,double definition
127525,Revered ring for ace is sunken,hollowed,hollowed,container
18314,star@alien set back by infectious disease,tetanus,tetanus,anagram
140073,"Business people, a number getting to grips with shattered dreams",tradesmen,tradesmen,container
94223,"For a break, urge ride round University, as required by custom",derigueur,de rigueur,anagram
47375,Naughty ladies men dream of,ideals,ideals,anagram
114702,Escort lady and gentleman,squire,squire,double definition
45062,Rising bog round ground,oval,oval,anagram
43561,Vulgar words recur with naval orders,vernacular,vernacular,anagram
18588,Space for timber on course,entree,entree,assemblage
43119,Flowers wilt when left in the centre,corsage,corsage,assemblage
68873,A physicist and his Nobel work on source of radiation,nielsbohr,niels bohr,assemblage
81921,Right-handed key,trebleclef,treble clef,assemblage
92936,Male musician's first appearance on radio,mike,mike,double definition
120054,"Group of islands off, mainly, New York perhaps ...",orkney,orkney,hidden word
76866,Ought children tuck into cheese and bread?,brioche,brioche,assemblage
46423,Toper's first into liquor-producing plant - liquor's an immuniser,antiserum,antiserum,assemblage
105434,Ally has no right to be an evil one,fiend,fiend,container
128656,No friendly blaze to give soldiers a warm welcome,enemyfire,enemy fire,assemblage
91398,"Horribly vain and aloof, but not successful",ofnoavail,of no avail,anagram
33389,Hit with something contentious in part of foundation,whalebone,whalebone,assemblage
105549,Maclean's turn to show restraint,manacles,manacles,anagram
66071,Farceur fails to close a Scottish theatre,travers,travers,assemblage
9801,Greek island associated with a savoury snack,samosa,samosa,assemblage
11861,Work with fingers said to be requirement,need,need,double definition
96616,Where scientists applied to leave their cars?,technologypark,technology park,assemblage
120289,"My preferred transport conveys head, being efficient",businesslike,businesslike,assemblage
88369,Plot in mainly undesirable environment,seedbed,seedbed,assemblage
56498,State day centre,average,average,assemblage
23865,Hesitantly stated colour of Santa's hat and was wrong,erred,erred,assemblage
54328,Opening a shop?,outlet,outlet,double definition
43257,Bird parts with a pound for a nut,pecan,pecan,assemblage
138852,Very good trip is taken round outskirts of Llanelli,saintlike,saintlike,assemblage
101629,Arab money raised by part of factory,toolroom,toolroom,assemblage
98334,"Artist rejecting ""name of the game""",hockey,hockey,assemblage
44033,Thomas puts dried grass over road,hardy,hardy,assemblage
76108,"Sectarians from Ithaca, right? Wrong!",cathari,cathari,anagram
56737,"Removing jacket, runs in tights in summer",adder,adder,double definition
93712,It's seen in gardening girl's hat,annelid,annelid,assemblage
24036,Game bird's third almost assured of success?,brag,brag,assemblage
23947,Vision may be jolly,sight,sight,double definition
60307,Couple hire out jewellery,bracelet,bracelet,assemblage
10550,Theatrical term for one leaving harvester at a party,repertory,repertory,assemblage
14792,Decisive blow to a party audience native to Australia,koalabear,koala bear,assemblage
21928,Softer sort of wood,forest,forest,anagram
105936,"Bloodsucker politician: ""I bare swindle in tax""",vampirebat,vampire bat,assemblage
71905,A sceptic shortly on holy mountain,athos,athos,assemblage
81522,"In a slurred fashion, regret the passing of a cult US TV series and variety",mishmash,mishmash,assemblage
3952,One-time domain of French drink agents,mercia,mercia,assemblage
32507,Huge islet over in old Roman port,ostia,ostia,assemblage
62003,Primitive church's backcloth,ecru,ecru,assemblage
77055,Sound delightful? You utter poser!,euphony,euphony,assemblage
66665,Artist right about bird,corot,corot,container
64296,Shorter time for teaching? That's not on,less,less,assemblage
80180,"Dear Sir, These could be what you've always wanted",heartsdesire,hearts desire,anagram
5707,Listener bruised and put aside,earmarked,earmarked,assemblage
119494,They may lead to quick ducks for any batsmen,bouncers,bouncers,double definition
64029,"Impudence, sacking good-for-nothing? On the contrary",all,all,assemblage
92963,Leave note in it for mum,quiet,quiet,container
54065,TV company ran poster in Georgia,granada,granada,anagram
85119,Table used by moneychangers?,readyreckoner,ready reckoner,double definition
43833,Angry young man briefly accompanied returning book,rebecca,rebecca,assemblage
134054,"Lunatic put away - having admitted mistake, I succeeded",madeagoofit,made a go of it,container
48976,Drunk? Turf out of employment!,soused,soused,container
112741,"Old city, about what's as good as a wink",sidon,sidon,assemblage
130885,Flyer rejected assignment in space during project,jumbojet,jumbo jet,assemblage
77921,Maiden ensnared by a more desperate stalker?,admirer,admirer,container
114505,"It was Tio Pepe, nothing less, poured out here",wastepipe,waste pipe,anagram
87430,Dishonest mason?,chiseller,chiseller,double definition
95069,He may be looking for the catch in further insurance,extracover,extra cover,double definition
129508,"Principal thing for a poser to say: ""It's all brawn in LA""",headcheese,headcheese,assemblage
108849,"Initially inferior count: sceptical, sadly, about making a baby?",conceptualistic,conceptualistic,anagram
71170,Moses' or John's works seen here?,picturegallery,picture gallery,assemblage
55638,May initially stimulate when swallowing your old mix with alcohol,methylate,methylate,assemblage
86085,Bad part of summer at its height in American city,naughty,naughty,container
57526,"Typically working, say, a long time",onaverage,on average,assemblage
9902,Think of building one cottage,cogitate,cogitate,assemblage
124818,One by one is full of blubber without exception,sweepingly,sweepingly,container
129047,Old photographs and toys prefer recycling,ferrotypes,ferrotypes,anagram
8811,This may bore lawman caught up in affray,bradawl,bradawl,container
6075,Investor's holdings in punishment,stocks,stocks,double definition
129011,Polish lawman's advanced listening device,earphone,earphone,assemblage
66676,Began by being made a member,initiated,initiated,double definition
79078,"Model put on a slipper, displaying charm",amulet,amulet,assemblage
26584,"Little women, never disheartened, about to begin again",renew,renew,assemblage
34182,He wrote about a tree,camus,camus,anagram
4059,Remove poster found in Morecambe by end of June,eradicate,eradicate,assemblage
114125,One in post bearing stamp of credibility,official,official,double definition
48257,Meet in French bar,encounter,encounter,assemblage
116890,One stops for the advertisement,plug,plug,double definition
89592,"Stretched up, standing and unfolding",narrating,narrating,anagram
85813,Throw out - time's up,emit,emit,anagram
131618,Daub number plates (not first three letters) to confuse followers,beplaster,beplaster,anagram
88396,Fellow arranged ordinals around a balancing aid at sea,dorsalfin,dorsal fin,anagram
61433,"Big sport, nothing to add?",sumo,sumo,assemblage
36031,Earth healing heart?,clay,clay,double definition
110851,"I pitch a tent abroad without assent, initially causing bad blood",antipathetic,antipathetic,anagram
50395,"Poet, one who is recklessly wasteful",spender,spender,double definition
128284,Chopin piece of sole piano variation,polonaise,polonaise,anagram
45142,One takes so long making pictures,images,images,anagram
106847,Quarters that are a bishop's responsibility,see,see,double definition
10032,"It's key to adult having fun around Hull or Grimsby, say",seaport,seaport,container
80142,Painful separation of church architect and church?,wrench,wrench,assemblage
103835,"Instruments to put ""p"" into pastries",pipes,pipes,container
101871,Sixties' scooter rider claiming one dropped trousers,mooned,mooned,container
36400,"A French precipitation, they say, is hardly the thing",undue,undue,assemblage
8092,Wordplay of a Socratic kind,acrostic,acrostic,anagram
100988,"Appeal for a partner issued by vociferous, triumphant chess player?",matingcall,mating call,assemblage
6491,Dutch painting is flash,dart,dart,assemblage
141791,Unusually daring type of dressing,indrag,in drag,anagram
123260,"Offended, in France, very old-fashioned duke",trespassed,trespassed,assemblage
135555,Street swamped with drugs in extensive area of Manhattan,westside,west side,container
33080,Petroleum producer offers inducements well,oilshale,oil shale,assemblage
108861,"Protected by a climber, one was in contention",ivied,ivied,assemblage
126413,"Before ruler, fathers and sons have to meet the standard",passmuster,pass muster,assemblage
83529,What may be in this sauce? May a duck's egg,mayo,mayo,assemblage
46655,Design end product using machines,plant,plant,double definition
29385,State the classical way to imbibe Irish drink,virginia,virginia,assemblage
100284,"Lawyer to call, wanting old plant",daphne,daphne,assemblage
81143,Rose made arrangements to name date,emanated,emanated,anagram
92336,Classified status protects English constitution,topsecret,top secret,assemblage
28882,Subject of the Middle East ...,theme,theme,hidden word
12742,Start with carbon sequestration - it's lacking,scarce,scarce,assemblage
70962,Bill's good at singing,invoice,invoice,double definition
71298,One who wrote odes in a church or a cemetery,horace,horace,hidden word
101868,Planet invaded by second alien simian,marmoset,marmoset,container
115902,Function of arsenic that's criminal,arcsine,arc sine,anagram
35177,He could be interested in the bar and a glass,weatherman,weatherman,assemblage
11078,Explosive chap who must retire for the good of France,nobel,nobel,anagram
7259,Smear of snot (minus apostrophes),taint,taint,assemblage
113063,It sometimes makes the day a little longer to have a recess in French class before bed at last,leapsecond,leap second,assemblage
47485,Wear is a result of puncture in America but not Florida,attire,attire,assemblage
68143,"In Montmartre, a joint seldom found",uncommon,uncommon,assemblage
92086,City doctor and writer,lamb,lamb,assemblage
71993,Highway inducing nervous disorder in the beloved,mistress,mistress,assemblage
20201,Middle part of classic family film,skin,skin,assemblage
42755,Sights for sore eyes?,spectacles,spectacles,double definition
89517,Being behind crime in wood,losing,losing,container
69347,"Parking, I can set alarm",panic,panic,anagram
64953,Swimmer's hi-vis jacket?,goldfishbowl,goldfish bowl,assemblage
62531,Empty sheep range,roam,roam,container
8880,Gentleman Bottom raised the remains of a wreck,debris,debris,anagram
82296,"Former love, born female, male on the inside",onetime,one time,container
137669,Terrible Sun lie/fib can't be run together,infusible,infusible,anagram
93908,Insolent manner of singer Smith knocking off piano duet badly,attitude,attitude,assemblage
46127,"Control what causes flooding, we say",rein,rein,double definition
42538,Protagonist taking drugs,heroine,heroine,double definition
140388,Liberal and left wings to allow end to onerous property legislation?,landlaws,land laws,assemblage
45803,Queen tucks into fish and lamb,cherub,cherub,container
1315,Wine store is a short distance in vehicle,cellar,cellar,container
71935,Weakness turned centrist into God,debility,debility,container
41826,Pale start for sodium flares,lights,lights,assemblage
56870,Gloomy otologist?,drear,drear,container
109412,An acceptable phrase for one making a purchase?,illbuythat,ill buy that,double definition
80108,African flower lasts without endless resin for one,zambezi,zambezi,assemblage
111363,Is ground-breaking TV pilot I missed returning?,rotavates,rotavates,assemblage
125248,Spread to excite gourmet and pal,promulgate,promulgate,anagram
124833,Unpredictable podgy Eastern pariah,pyedog,pye dog,anagram
116299,Gore losing head in journey needs visual aid,floodlight,floodlight,container
65996,Cold bird caught by young people,children,children,assemblage
36173,Appetite overwhelms commander that will eat everything,locust,locust,container
201,The last of the home games,omega,omega,double definition
44229,Blind test?,screen,screen,double definition
83304,Climber said to be a legal term,hilary,hilary,assemblage
72167,"Player, a giant with red dicky",tragedian,tragedian,anagram
117251,Rents due to be rendered without relief,unrested,unrested,anagram
91794,Loved wandering round city stadium,velodrome,velodrome,assemblage
114128,"Coarse content of shoals, in more ways than one",oafish,oafish,anagram
5232,State of a student gaining a couple of degrees,alabama,alabama,assemblage
59848,Cumbrian town like the Fatherland?,aspatria,aspatria,assemblage
35009,A league match,union,union,double definition
139229,Shelter acceptable for some Rwandans,hutu,hutu,assemblage
127122,Critical business discussion in house of ill repute,knockingshop,knocking shop,assemblage
48314,"Currency? Ex officio, the City is included",euro,euro,container
40076,LDO cocktail?,oldfashioned,old fashioned,double definition
114355,"Grim, beset by considerable smells",odours,odours,container
23355,"Vengeance of Greeks in mess, introduction of euro having failed",nemesis,nemesis,anagram
78098,"In power, a restitution is most unusual",rarest,rarest,assemblage
102545,Ridges of gravel need new rakes and spades,eskars,eskars,anagram
91781,Invest a loss from agreeable dealing after superior intervenes,beleaguer,beleaguer,anagram
24481,This devil will shatter the simple hopes,mephistopheles,mephistopheles,anagram
114654,Worn after rowing?,pullover,pullover,double definition
130989,No writer got into a row for a utensil,tinopener,tin opener,container
130515,"Calculating at this rate, say, fear to fail",teraflop,teraflop,assemblage
7969,Labourer with an old bicycle,hercules,hercules,double definition
126861,Admire a speaking dog from Russia,laika,laika,assemblage
91350,Sentimental time for bird sound,tweet,tweet,double definition
53146,Played trick?,fiddle,fiddle,double definition
24393,Charge for digs to split with a student,rental,rental,assemblage
123771,Female monarch given the Spanish monetary unit,shekel,shekel,assemblage
54184,Gymnastic equipment sees work flipping between rails,trampoline,trampoline,assemblage
109773,"Novelist gets near, bent on ...",annebronte,anne bronte,anagram
56497,Typical woman in decline,average,average,assemblage
115069,"End of a canal destroyed ’em, they say",rectum,rectum,assemblage
117284,Small flier legate distributed,eaglet,eaglet,anagram
12078,High lighting is torment for top players,starshell,star shell,assemblage
110962,He had to get American group restricted and managed thriftily,husbanded,husbanded,assemblage
58925,"Not up yet, extremely lazy at home with drink",lyingin,lying in,assemblage
81191,Parent taking long and lyrical measure,modicum,modicum,container
36878,Top Portugal's tourist potential,outstrip,outstrip,anagram
57555,"Risk breaking leg, needing to call in a doctor",gamble,gamble,anagram
115842,Forecast to prince: Di is unstable,prediction,prediction,anagram
22538,Line from Pearl Jam covers the lot,parallel,parallel,container
3241,Soldier returns to scene of mutiny and neglect,ignore,ignore,assemblage
107790,Virtuous student?,novice,novice,double definition
44979,More than one shot in shoulder after commencement of battle,broadside,broadside,assemblage
20097,Travel for miles the wrong way in US city,fargo,fargo,assemblage
88160,Stock up with helpers in break,replenish,replenish,container
37838,Fool at hostelry getting round for poet,sappho,sappho,assemblage
21519,"First of drugs put in place: ecstasy, then dope",sedate,sedate,container
44720,Supplies spin round seller in US,provender,provender,assemblage
138659,Book about killer not yet ready,tocome,to come,container
96162,Old instrument and piano at home in collection,spinet,spinet,container
4118,In class it's hard to be virtuous,chaste,chaste,assemblage
58444,For now I hate myself?,meantime,meantime,assemblage
107706,Such people are extremely clever when exchanging points,smastset,smast set,anagram
134139,Inhales aroma permeating smalls,sniffs,sniffs,container
83700,Slough keeps articles enclosed,sheathed,sheathed,container
23512,Mark's tense opening letter from Crete,stigma,stigma,assemblage
121477,Royal sultanate has nothing against royal family,romanov,romanov,assemblage
121193,Siberian nation outspoken?,chilly,chilly,double definition
2086,State accord is a disaster,calamity,calamity,assemblage
33212,Comeuppance for Theresa May and a Conservative party,camp,camp,assemblage
140164,Flash unfashionable attire - reduced!,flare,flare,double definition
30625,Discover a canister at sea,ascertain,ascertain,anagram
98199,"Powerful family with old soap, extremely dirty and unpleasant",dynasty,dynasty,assemblage
14050,Criticism directed at military aircraft?,flak,flak,double definition
18275,"Architectural style acquired spasms, not trophies",gothic,gothic,assemblage
127544,Deals with crowds holding pacifist back,processes,processes,container
68986,Paltry meals made with bread in Japan,measly,measly,anagram
66070,Playwright is very nearly cross,travers,travers,double definition
66602,Sales publicity for poet?,promotion,promotion,assemblage
64405,Check on car time,audit,audit,assemblage
111940,"Necking drinks, pursue patter",salestalk,sales talk,container
3377,Agriculture only possible for younger people?,tillage,tillage,double definition
81175,Love things to be settled right away,onsight,on sight,assemblage
37155,Oil is obtained from this Italian city by the ton,bergamot,bergamot,assemblage
129391,Order one still refuses to obey,keepmoving,keep moving,double definition
67430,Heavenly choir's first seen after DIY mishap leads to bad back,idyllic,idyllic,assemblage
43596,"Superficial variety in Bath and Wells, say, and first of all in Portishead",skindeep,skin deep,assemblage
128293,Brown hesitant about growth,swarthy,swarthy,container
55927,A thrice-cooked kind of biscuit?,richtea,rich tea,double definition
121166,"King, for example, and brave jester",facecard,face card,assemblage
136426,Mother gets about on a horse,mare,mare,assemblage
39368,Ringers with excellent musical technique,doublestopping,double stopping,assemblage
68519,Loud insect drowning a request for silence,flashy,flashy,container
107428,The last place you would expect to find someone,deathbed,deathbed,assemblage
98056,"Prosecuted about bad return, defiled",sullied,sullied,anagram
79496,If this were you wouldn't get it,insoluble,insoluble,double definition
142290,"Unruly as punks, one finally arrested comes quietly",sneaksup,sneaks up,anagram
66700,Run to raise money and totter,ladder,ladder,double definition
65232,French style of cooking,cuisine,cuisine,double definition
118931,"Invent stuff, fifty packed in boxes?",telllies,tell lies,container
123292,Bark at idiot in US intelligence,cassia,cassia,container
117171,One critical of French farmer's tower,detractor,detractor,assemblage
43836,"Spectrum of colour, lacking nothing",range,range,container
119010,"Achilles' heel taking some days, say, to find",weakspot,weak spot,assemblage
51815,Hold sway over go-getter claiming what's not yours,domineer,domineer,assemblage
8266,"Court resolution on gang leader given ""time"" or ""bird""",woodpigeon,woodpigeon,assemblage
101585,"The corral's shambolic, but from it comes such music",orchestral,orchestral,anagram
31458,Worked without leader so that all should go smoothly?,oiled,oiled,assemblage
117080,"Treat Peter to a Trial by Jury, say?",operetta,operetta,anagram
38265,Note: sheet to be changed when baby does this,teethes,teethes,anagram
38990,Catches up with weapon,sten,sten,anagram
108716,A large number in crazy kerchiefs,bandanas,bandanas,container
106345,Distress when train set gets damaged,straiten,straiten,anagram
96295,Checks about a hundred Fiats,edicts,edicts,container
130619,Isolated ones left sardines at sea,islanders,islanders,anagram
62266,Scottish group promotes special talent to gain victory with independence,travis,travis,assemblage
137336,Was one of a team of surgeons?,cooperated,co operated,double definition
135354,Double starts to take wonder drug,twice,twice,assemblage
90686,Teams in the market for more than a left-winger,marxist,marxist,assemblage
20170,"Enough to live on comfortably, given fitness",competence,competence,double definition
87035,Swindler tours the borders of Modena,crimson,crimson,container
11404,Zero standard of wartime prison,oflag,oflag,assemblage
61214,"Form to mark with an ""X"" for seats for independent parliamentarians",crossbench,cross bench,assemblage
66085,"I call it sunscreen, externally applied",visitor,visitor,container
130673,Flash behind TV when satellite disappears,moonset,moonset,assemblage
132057,Party? Bender? Turned up with this box?,birthdaypresent,birthday present,assemblage
104698,Sully an overstuffed cow?,deflower,deflower,anagram
7623,"Found in morgues, some who were shot",guess,guess,hidden word
13524,Tune named after northern Scottish town,nairn,nairn,container
133984,Dreadful abuse hit regular attenders,habitues,habitues,anagram
53553,Parrot with head of myna and a cry of rook,macaw,macaw,assemblage
86895,Accommodation's low rent initially raised,room,room,assemblage
131979,Courtesy of chief rival wounded close to Burgundy,chivalry,chivalry,anagram
64621,Spite displayed by archdeacon about to quit Rome,venom,venom,assemblage
138118,"Comparing internal material, knife edges cutting through",likening,likening,container
90821,Bash delivery van with stones after entertaining ride,dodgems,dodgems,assemblage
117730,Familiar name for the stern - um!,breastbone,breastbone,assemblage
51291,"Greek character, a bold man born at odds",agamemnon,agamemnon,assemblage
138816,"Rose that needs cutting, heavens mother inspired!",whiskymac,whisky mac,anagram
20269,Trumpeter amazing the panel,elephant,elephant,anagram
102186,"Crash into back of convertible near to stop-light signalling ""stop""",rearend,rear end,assemblage
10672,Two score win over thousands in nap,fortywinks,forty winks,container
140386,Emptiness shown in Victory with sharpness of vision,vacuity,vacuity,assemblage
128426,Second before day's end took a heartbeat,systole,systole,assemblage
36291,Gold coin finally found under fruit machine,automaton,automaton,assemblage
74561,Managed to get detectives' rank …,rancid,rancid,assemblage
96563,Infantry?,babesinarms,babes in arms,double definition
107407,Long tree,pine,pine,double definition
136249,Rock to hit sheltering bug or insect,tigermoth,tiger moth,assemblage
5813,Exodus follows this for band,genesis,genesis,double definition
36805,"Initially without force, elevating King David, for example",artist,artist,anagram
131529,Park employee called King Edward?,ranger,ranger,assemblage
43697,Only women admitted into mobile phone event,phenomenon,phenomenon,anagram
14505,"Rotter's love, great mistake",toerag,toerag,assemblage
128641,Definite deception inherent in strong promotion,hardsell,hard sell,assemblage
15513,Wrong when on salver,astray,astray,assemblage
33171,A vehicle drawn up in accordance with the law,conveyance,conveyance,double definition
29429,Light bench,settle,settle,double definition
1749,A small piece of wood - pine?,fret,fret,double definition
38483,Cathedral priest does not begin promptly,anon,anon,assemblage
50310,A rebel's get-up?,rising,rising,double definition
60165,It's done up and down,deed,deed,double definition
89434,Begin without beginning to be sweet and sour,tart,tart,assemblage
44018,Element adding aura to army officer,halogen,halogen,assemblage
47639,Trim tree,spruce,spruce,double definition
5875,City street in comfort,chester,chester,container
109289,Sheds uninherited characteristic?,meme,meme,double definition
39902,A second son for the prophet,amos,amos,assemblage
71014,Singing voice wanting to hedge a bet with more than one melody,contrapuntal,contrapuntal,container
113381,Woman in high-pressure area within British company,bridget,bridget,container
60744,"Bridge, tailor-made for a canal",rialto,rialto,anagram
125832,Where varnish gets paid for in cash?,onthenail,on the nail,double definition
91939,Locks guarding entrance to Scottish minister's residence,manse,manse,container
84882,Spinning RR into a ball? Not perhaps with this!,antirollbar,anti roll bar,anagram
28864,Daddy gets girl a fine coat,patina,patina,assemblage
117605,"McDonald's given foot, one gathered, on every strip in Florida",miamibeach,miami beach,assemblage
57809,Deck me up rather like a Brontë sister?,embellish,embellish,assemblage
48666,Complete meal for the road,thoroughfare,thoroughfare,assemblage
58637,Old key for lift,exalt,exalt,assemblage
71034,Capital inwardly greeting Zambia's rootstock,rhizome,rhizome,container
9508,One at home in an oyster bed,native,native,double definition
96865,"Capsize, following report of one seen flying, a sea creature",turnturtle,turn turtle,assemblage
8953,"Character with inclination for one toiletry, including iodine",italic,italic,container
10140,Misery does not start when you get the sack,ejection,ejection,assemblage
98063,What's seen at the course makes kind of sense on TV,horsebox,horsebox,assemblage
66110,"Cold food - pray to follow, say?",lettuce,lettuce,assemblage
75354,Poet's weapon,browning,browning,double definition
10930,Teacher has time in jail,stir,stir,container
48349,What one's good cause seeks? Try gelt found in distribution,lotteryfunding,lottery funding,anagram
46732,Talent that outshines all others,brilliance,brilliance,double definition
74093,Vitamin B for Bevan,aneurin,aneurin,double definition
1764,Manner of Israel's one-time neighbour rising,mode,mode,anagram
89744,Came up with a diet change for the undernourished,emaciated,emaciated,anagram
89321,Sign to new Catholic claiming spiritual knowledge,gnostic,gnostic,anagram
100068,One can tell how much resistance there is,ohmmeter,ohmmeter,assemblage
137044,Piles of rubbish and rats scurrying by hospital in poor shape,trashheaps,trash heaps,anagram
7384,One company supporting drink: it's regularly supported,portico,portico,assemblage
103472,Simple tart dressing in the field,basicslag,basic slag,assemblage
116855,"Use a cuff, eh? Mad, she drives me",chauffeuse,chauffeuse,anagram
93652,Avidly ask for naughty fairy tales that educate?,implore,implore,assemblage
18355,Generally at sea,inthemain,in the main,double definition
133579,Relishes crunching second mint,condiments,condiments,container
1032,My Lord has invested currency - big fish,grandee,grandee,container
36501,Result in charming words,spell,spell,double definition
34879,Example of an insect blight,instance,instance,anagram
95855,Tale about invalid being resurrected is likely to be wrong,fallible,fallible,container
79513,Sausage sandwiches with it in drink? Thanks!,chipolata,chipolata,assemblage
135206,A bunch of pseuds of the art editor kind,softhearted,soft hearted,anagram
100185,Don Juan is one friend of Mary Poppins in work,libertine,libertine,container
141777,Popularly priced and in vogue - load up,goodvalue,good value,double definition
37931,When special army group is retired with new killer?,assassin,assassin,assemblage
108445,"Dot's follower, safe fellow about fifty, gives help in solving crossword",completer,completer,assemblage
88661,It's fully in order; make nothing of it,nullify,nullify,double definition
115193,City: the latest to accept gold list,neworleans,new orleans,assemblage
62767,Look into crash at downhill race,slalom,slalom,assemblage
91395,"Part of leg keeps one on air, dancing, in a state",california,california,assemblage
40220,Greek river with body of water rising,aesop,aesop,anagram
10449,Must fix rider's wooden legs,stumps,stumps,anagram
87259,Competently keeps back clutter in meeting,assembly,assembly,container
46044,Spooner's pet's entry to working-class symbol,flatcap,flat cap,anagram
50947,Comprehensive school's centre in depression,thorough,thorough,container
34019,Extremely ragged,frayed,frayed,double definition
131121,A long time since Agnes lost heart with an attempt,agesago,ages ago,assemblage
129961,"It's challenged, if raised in a legal document",defied,defied,container
49968,"Deplete noise, including raffia curtains",drain,drain,container
33352,I daren't exchange one car for another,tradein,trade in,anagram
100543,Setting in theatre to support medic before operation,backdrop,backdrop,assemblage
30433,He had a stable job with mounting prospects,ostler,ostler,double definition
22271,Club official sure in re art anyway,treasurer,treasurer,anagram
119344,"Planet, very cold, with over half of the rich in power",plutocratic,plutocratic,assemblage
46449,Partner of A. Lloyd Webber pulls hollow muscle,triceps,triceps,assemblage
28367,"Constant nag, guest who won't go?",stayer,stayer,double definition
8169,Warning what a misandrist wants?,omen,omen,double definition
118934,Forgo excitement with chance of a point or three,dropkick,drop kick,assemblage
41977,"I'm held up by a fool, which is wrong",amiss,amiss,container
103508,Setter's a dog - a point to challenge?,impugn,impugn,assemblage
42888,Put off when nearly through,onhold,on hold,double definition
78969,Noticing alumnus’s help,observant,observant,assemblage
28533,Noted explorer making name once in US politics and sport,marcopolo,marco polo,assemblage
130413,Pack one's cases right and there's loads of space,acres,acres,container
90964,Trees with bark close to leaves,bays,bays,double definition
94419,Bacterium in silo certain to come up,ecoli,e coli,hidden word
104439,"Saying ""beef"", say, can be supporting timber",sawhorse,sawhorse,assemblage
136404,Pontiff backing even bits of polemical epic poem,epopoeia,epopoeia,assemblage
33046,Bridge player left the game,sport,sport,double definition
92168,Stupid climbing to reach someone not so high,midget,midget,assemblage
131268,Doctor paid a vet to be compliant,adaptive,adaptive,anagram
42698,Fixer at first backed for the National,italian,italian,assemblage
118912,Let no urban car be otherwise,carbonneutral,carbon neutral,anagram
48074,Pig in fat calls for old port,larboard,larboard,container
77130,"Barrier long gone, go and dive",turnpike,turnpike,assemblage
68762,Pleased with G-man in the making?,glad,glad,assemblage
134835,Guess what he or I secretly collect!,theorise,theorise,hidden word
69816,Composer taking egghead to river in swimsuit?,beachwear,beachwear,container
135860,Reverse-engineered molecule that might bind some solutions here,and,and,anagram
62566,"Make happy, as is what Babs would be if so?",bless,bless,assemblage
70556,Press used by Turgenev,urge,urge,hidden word
54360,Remove spell of good fortune when sitting on one's bottom,uproot,uproot,assemblage
123595,Piece of furniture cook rearranged in HQ,bookcase,bookcase,container
64049,Fine instrument dramatist uses,amati,amati,hidden word
59640,Bit of mosaic shows girl entertaining monarch,tessera,tessera,container
27144,A brawl without anyone facing charges?,freeforall,free for all,assemblage
30524,Party policy won't be one's main interest,sideline,sideline,assemblage
4,Number Three at sea,ether,ether,anagram
127924,Musical box for a sailor?,ditty,ditty,double definition
125370,Mother childishly left animal,mammal,mammal,assemblage
29384,State in which one repeatedly enters raving mad,virginia,virginia,container
121133,One frightened by outlandish sixties' show,beyondthefringe,beyond the fringe,double definition
134154,Chemical expert sits on the deadly liquid,acetaldehyde,acetaldehyde,assemblage
74321,Support for the devout in endless Euripides production,priedieu,prie dieu,anagram
121217,Announces several changes,reveals,reveals,anagram
41270,Beast is all right - Pia isn't!,okapi,okapi,assemblage
25366,The fashion trade,custom,custom,double definition
115038,"Sister of Moses says: ""I'm following border the wrong way""",miriam,miriam,assemblage
6730,Drop off small logs,slumber,slumber,assemblage
29521,Conformity to treaty,agreement,agreement,double definition
70064,"Bring up tripe, a bit of fish, a snapper",alligator,alligator,assemblage
112830,Nails the shade to the odd cask,tintacks,tintacks,assemblage
57497,These days a French lover is very hard,adamant,adamant,assemblage
20947,Tall and slender - not overweight,longton,long ton,assemblage
32923,National schoolboy gobbling seconds,estonian,estonian,container
112115,Coloured light for final cargo item,tintray,tin tray,assemblage
36970,Fall short fleeing high-pitched battle,setto,set to,assemblage
86110,Jade occupied by doctor's vocal quality,timbre,timbre,container
123687,Its creed could be judicious,discreet,discreet,anagram
122065,First couple from Turner artist blocking the killing of animals in the name of art?,cultural,cultural,container
59684,Cut line by knot's end,filet,filet,assemblage
19492,"Force cutting signal, energy maintained",impel,impel,assemblage
116568,Payback time here?,debtorsprison,debtors prison,double definition
15192,"Bomb, say, catching European king from behind",grenade,grenade,container
134653,Providing people with different occupations,rehousing,rehousing,double definition
105596,Charge less than German joiner and truce breaker,undercut,undercut,assemblage
90911,Recover from visit,comeround,come round,double definition
119043,Soggy pitch with damage on top,marshy,marshy,assemblage
40778,Church following the lunar cycle?,lutheran,lutheran,anagram
32546,Females gathered for drink,bevy,bevy,double definition
52614,TNT - as in explosive flash,instant,instant,double definition
72897,"Swede separated by third of carrot, say, pulled up, root around",scavenge,scavenge,assemblage
120997,Write study of Ulster in Thackeray's history,pendennis,pendennis,assemblage
42375,"When batting, duck's broken by boundary drive",ambition,ambition,assemblage
138413,Discontented social worker knowing one's inclined to appear thus,slantwise,slantwise,assemblage
121350,Swimming pool without running water - Cameron's controlled environment,cleanroom,clean room,assemblage
130159,Send rude online message to lover,flame,flame,double definition
73305,"Tough, shrewd and practical hands rode range",hardnosed,hard nosed,anagram
50470,Popular numbers I have detailed,intensive,intensive,assemblage
46918,Worn-out shoe?,galosh,galosh,double definition
50569,"Trick unionists' alliance, ultimately",dupe,dupe,assemblage
54274,Network hub underpins heart of global paper,observer,observer,assemblage
26180,"Fed up, having to stop on guard",defend,defend,assemblage
18829,Come very close to a qualification,abut,abut,assemblage
69808,Impart knowledge free from superstition,enlighten,enlighten,double definition
100549,Nameless town with church music extract,stretto,stretto,assemblage
4820,"Sister's child needs some condemnation, ie censure",niece,niece,hidden word
83665,"It can be wrapped round head or neck, but not heart or part of hand",banana,banana,double definition
13968,"Prove right, merely by changing book to Kipling poem",justify,justify,assemblage
67140,"A magistrate disrobed after firstly cursing, out of hearing",acoustic,acoustic,assemblage
66529,Person on tour admitting The Smiths finally will make comeback,response,response,assemblage
124032,Signed agreement attached to ribbon held by queen?,concordat,concordat,container
129435,See one old woman in game win lousy money that could be better,minimumwage,minimum wage,assemblage
81660,Unspoiled Hardy heroine is not a novice at heart,taintless,taintless,container
3469,English film star gets rid of wrinkles,irons,irons,double definition
82661,Pot manufactured for ointment,pomade,pomade,assemblage
114552,Antagonist returns to vehicle at this address,careof,care of,assemblage
94963,Cutting of taxes by queen works out,exercises,exercises,anagram
132116,"Barrow by rail, shortly to return",cart,cart,anagram
58292,The atmosphere in a small firm may be capital,cairo,cairo,container
18492,Beyond redemption? What rotten luck!,toobad,too bad,double definition
25260,"Masses drifting away, slice of cake ultimately getting wasted",icefloes,ice floes,anagram
113390,Bird ingesting large bean or nut,clock,clock,container
272,Become engaged in some sharp practice,mesh,mesh,hidden word
8231,Costermonger's duck,scoter,scoter,hidden word
117938,Keen to pirouette over good music,reggae,reggae,anagram
33600,Head of state protects saint from robber,rustler,rustler,container
81057,"Eye on a car, perhaps? When do you get your Christmas bonus?",onceayear,once a year,assemblage
118257,Wreck two containers,basketcase,basket case,assemblage
88135,Pilot's life's ending in ravine,george,george,assemblage
32619,New style navy,modern,modern,assemblage
78046,Thus carrying pet back and forth to be clipped,staccato,staccato,container
42685,Begin a different way of life?,being,being,anagram
128806,"Neoclassical architect, say, reveals sacred mountain",adamspeak,adams peak,assemblage
31389,Suspend the terms of reference,remit,remit,double definition
52796,Such trees are barely recognisable in winter,deciduous,deciduous,double definition
22396,The Continental fashion suits British singer,elton,elton,assemblage
21885,What is left in the car,estate,estate,double definition
3897,Means of reproduction for awkward clients,stencil,stencil,anagram
46445,Last words on instant muscle,triceps,triceps,assemblage
96278,"Deeply draw in the highest air, when rough",sketchy,sketchy,assemblage
111699,Drink with Kansas leaders in Kansas,topeka,topeka,assemblage
136004,Media editor not oddly involved in his work,oldmacdonald,old macdonald,assemblage
108105,Yes man finds three quarters to be in flower,assenter,assenter,container
33163,"Regal office shed, we hear",throne,throne,double definition
77025,Hard rock echoing in street in Argentina,granite,granite,assemblage
103793,"Spooner's plan to attract mods to Bordeaux store, perhaps",winecellar,wine cellar,assemblage
133739,Manchester United manager once upset substitute with …,busby,busby,assemblage
68992,"Doctor on way, heroin injected carelessly",anyhow,anyhow,container
9561,Fiddle somehow led to stand with legs apart,straddle,straddle,assemblage
18519,Extreme sports club lacks capital,utter,utter,assemblage
100362,Garrison's inner retreat with revolutionary turn to it,reduit,reduit,assemblage
40011,Trifle contains divine alcoholic drink,toddy,toddy,assemblage
111894,"I have invested in a car, where a boat is needed",river,river,container
64386,"Musical would be fine, if shortened",oklahoma,oklahoma,assemblage
111106,Fat: apparently good to be inside a covering,lipid,lipid,container
34983,"Ball, possibly square",dance,dance,double definition
53339,Did her arrival made Browning homesick?,april,april,hidden word
131445,Link established quite recently with a sort of kangaroo found down under,eurotunnel,eurotunnel,assemblage
77635,"One rebelling is transformed by books of Bible, becoming peaceful",nonbelligerent,non belligerent,assemblage
62069,Mother's hole that wasn't there,macavity,macavity,assemblage
3483,Limited form of credit after period of unemployment,restricted,restricted,assemblage
111620,Crime scene? It's an adult shot to pieces,indecentassault,indecent assault,anagram
73930,"On ’orse, what man did wear",erode,erode,assemblage
127800,Badges almost intended to take a hundred: that's being petty,insignificance,insignificance,assemblage
42128,"Oriental sailor, a rogue changing sides",lascar,lascar,anagram
73037,Surly drivel about king,gruff,gruff,container
69297,Pressurised nitrogen stored under shed,leanton,leant on,container
4051,Musical grunts?,gigi,gigi,double definition
30910,"Not all the book, but about right",excerpt,excerpt,anagram
40748,Cheers for model,prosit,prosit,double definition
29609,More tasteful port,tangier,tangier,double definition
136717,"Our nation oddly omitted to, in the past",unto,unto,hidden word
128470,First wife ousted by priest in dramatic drawing,eliciting,eliciting,assemblage
23852,Bring up a time and a place for spectacle,arena,arena,assemblage
7462,More oblique kind of pin,skewer,skewer,assemblage
86474,"Obnoxious person was in the van, refusing to bend",pigheaded,pigheaded,assemblage
27829,"China, say, for ""good girl"" plates",eggshell,eggshell,assemblage
45103,Time to abandon cabs for Central line,axis,axis,container
99522,"Forth Rail express starts at York - train finally arriving, when not bound to be so?",freeborn,freeborn,assemblage
119699,An awkward niggle surrounds gathering,gleaning,gleaning,container
47923,Anxiety for business,concern,concern,double definition
130952,Piece of armour Shakespeare placed round topped and tailed fish,brassard,brassard,container
108298,Game requires holder to contain speed and gravitational constant,strategy,strategy,container
142113,"Doctor accepts being dismissed, so stops being heard",drownsout,drowns out,assemblage
11133,European Union bearing modified vegetable produce,aubergine,aubergine,anagram
85190,Shrink admits a number of soldiers for assessment,judging,judging,container
10197,One who picks the winning ticket goes up for the prize,reward,reward,anagram
81093,Sticky situation backing non-extremist Tory PM,major,major,assemblage
34751,"Snake's exhausted, holding soldiers back",serpent,serpent,container
33140,Commanding individuals with important roles to play,leadingmen,leading men,double definition
137861,Truth backed by notes of confession making one quarrelsome,factious,factious,assemblage
74378,Possibly see unit as part of another unit,ensuite,en suite,anagram
80394,Current providing insulation,thermal,thermal,double definition
70055,Extremities of nail broken in certain conditions,terminals,terminals,assemblage
70042,Send Giles revised stuff that's recently arisen,seedlings,seedlings,anagram
64031,A couple of pounds for the lot,spy,spy,assemblage
94590,Green still on remand,untried,untried,double definition
36741,Killing game,bloodsport,blood sport,assemblage
39257,"""Vidi"" in speech and sight",eyesore,eyesore,double definition
133603,Firm taken in by swindles gets the police,constables,constables,assemblage
116001,Supply cable possibly halved,flexibly,flexibly,anagram
69242,Line of peaks and points,andes,andes,assemblage
16461,Late morning paper,exam,exam,assemblage
9558,Fling ending in bed with coupling,dalliance,dalliance,assemblage
127727,Re-enter formation of earth,terrene,terrene,anagram
109705,Stroke uncle with a ruptured spleen,petulance,petulance,assemblage
36532,Fair punishment,fine,fine,double definition
134954,"Raced round Bath, say, more than necessary",tospare,to spare,container
123937,Vote for including turn in TV show,xfactor,x factor,container
99049,Produce fertiliser concealing universal truth,manufacture,manufacture,container
31799,Now I see container from the south for Tex-Mex food,nacho,nacho,assemblage
106124,"Essential couple of coins, one not English",central,central,assemblage
103264,"A bit like part of Birmingham, creating surprise?",astonish,astonish,assemblage
66613,Doctor rescued flirt,seducer,seducer,anagram
94986,One must be quick to do so,breathe,breathe,anagram
11599,"Man with vessel, a skiff",sampan,sampan,assemblage
7820,German state's leader's gone somewhere further east,russia,russia,assemblage
87709,Cheat to secure point in card game,cribbage,cribbage,assemblage
28046,Wool producer in the Western Isles,ewe,ewe,hidden word
7339,One needing exercise wants female,unit,unit,assemblage
53710,Irregular green semicircle turns up on top of table,deviant,deviant,anagram
131316,Fastens covers over farm animals,boars,boars,assemblage
37325,Make a fuss about Robert Owen initially being remote,faroff,far off,assemblage
131466,Singer acquired good piece of drum kit,bongo,bongo,assemblage
82235,"Naps killed cat, excited by amorous activity",slapandtickle,slap and tickle,anagram
85145,Little boy traps female into consent for promotion of photosynthesis,leafgreen,leaf green,anagram
115952,"Munch nosh all up, out eating good pub fare",ploughmanslunch,ploughmans lunch,assemblage
37557,"Forbidding champion to moo, say",grimace,grimace,assemblage
78423,Groom quiet about knight pinching bride's bottom,preen,preen,assemblage
39545,Seat unfinished in part of curve is antique,archaic,archaic,assemblage
105764,Bird checked the call of another,coo,coo,double definition
82777,Not being on the side of the angels? That's prohibited,forbad,forbad,assemblage
62956,Wine for king on the move,astir,astir,assemblage
96999,Due opinion?,owing,owing,double definition
8636,"One's girl-child, perhaps",issue,issue,double definition
33820,Quarters provided by the bank,houseboat,houseboat,double definition
124562,Great success? No sir,goodwin,goodwin,double definition
47495,Fiddle starts to sound clear as mud,scam,scam,hidden word
13022,In dire necessity find personification of peace for Greeks?,irene,irene,hidden word
23443,Type of onion ring found in the promised land,scallion,scallion,assemblage
101174,Has old-fashioned style,hath,hath,double definition
138623,Electronic sound in live record,beep,beep,double definition
40988,An entrance of ornamental stone,agate,agate,double definition
92273,"Find luggage missing, but fail to get legal redress",loseonescase,lose ones case,double definition
60249,Have a fag to improve one's mood,lightup,light up,double definition
58167,Another messenger reveals himself,hermes,hermes,double definition
98497,Munchy sound when male tucks into meat,chomp,chomp,container
93094,"Dirty and gross, the man in the family ’ome?",grubby,grubby,double definition
108647,"Cute, if led astray, becoming two-faced",deceitful,deceitful,anagram
42081,Question put by examiners? Fancy that!,whatdoyouknow,what do you know,double definition
91550,Source of present-day jingles,sleighbell,sleigh bell,double definition
27772,I'm playful - and the month hasn't even started!,arch,arch,double definition
95030,Undertaking pilot's last request,task,task,assemblage
122178,Exclusive brand meant dear product,tradename,trade name,anagram
118494,They may be taken lying down,restcures,rest cures,double definition
58403,Set-to with Sex Pistol in a London park,rottenrow,rotten row,assemblage
101254,"Doubtless, mistake offends client",selfconfident,self confident,anagram
110128,Contest picture at altitude,fight,fight,assemblage
72499,Cocoa and chocolate are one originally,cacao,cacao,hidden word
128855,She possibly reports hand straying after American leaves for Italy,thirdperson,third person,anagram
34926,Open a drink,ajar,ajar,double definition
63558,"Timon, I say, is disposed to hate",animosity,animosity,anagram
101060,Accountant grasps tree in crater,caldera,caldera,container
84689,Asylum given over to pauper,havenot,have not,assemblage
51923,Drunk needing shuteye for counter ...,tiddly,tiddly,double definition
127107,"Bloodhound, I think, ignored trash",shlock,shlock,hidden word
132715,Way to infiltrate difficult meeting in secret,trysting,trysting,container
110229,"Brad, while on Universal set, ignoring film star group",pegasus,pegasus,assemblage
14545,Artist's state of being a rogue,rascal,rascal,assemblage
26224,Wait for veteran to strike out,holdit,hold it,container
100348,Must a shine somehow indicate fire?,enthusiasm,enthusiasm,anagram
120669,Backwards family with sheep triggered the space race,sputnik,sputnik,assemblage
53659,Awkward-looking group of people sitting on heather,gangling,gangling,assemblage
24177,"Split second in Scotland, then split!",cleave,cleave,double definition
110275,"Watch over so many finalists in beauty contest, say",eightbells,eight bells,assemblage
122583,How solid is refuse around squat?,density,density,container
84721,Coming across party animals in short story,traversal,traversal,container
138130,"Remains for ever in mind, we'll swear",indwells,indwells,hidden word
79825,Nitty-gritty of piles below underwear,brasstacks,brass tacks,assemblage
20798,Entrenched element in party to raise security,rearguard,rearguard,assemblage
58963,Exasperated with Dave and ragtag ensemble,aggravated,aggravated,anagram
30485,Match-fit?,eligible,eligible,double definition
81342,Insect wings of white and black,weevil,weevil,assemblage
75929,Discharge Vietnamese leader in Laos settlement,salvo,salvo,container
78767,Man gets the Castilian into place of worship,chapel,chapel,assemblage
96858,Mid-off's just terrible,frightful,frightful,assemblage
67467,"Excel, getting gold in some sort of sports",outdoor,outdoor,assemblage
60374,Bloater's not a bad sea food item,lobster,lobster,anagram
35888,Unable to rest in peace for a spell,cantrip,cantrip,assemblage
110353,Musical acrobatics could produce bad neck and ear,breakdance,break dance,anagram
139638,"One name of prophet, as I repeatedly recollected",isaias,isaias,assemblage
68981,A main source of embryonic membrane,amnia,amnia,anagram
25057,Gas ring section,ozone,ozone,assemblage
55104,Young male crab?,nipper,nipper,double definition
9636,One in wig finding way through wall,barrister,barrister,container
58752,Drudgery producing academic chef d'oeuvre?,donkeywork,donkey work,assemblage
79565,BG made of water,pool,pool,double definition
70275,"It's great to spoil French solvers, keeping distance",marvellous,marvellous,assemblage
73411,Curved feature in dog initially in dog,bowwindow,bow window,container
82846,Racket due to fourth or fifth engagement?,battledore,battledore,assemblage
63995,Fierce storm on the coast of Brazil,recife,recife,anagram
47389,"""Watch With Mother"" interrupts bath-time negotiator",diplomat,diplomat,assemblage
105618,Protecting Republican Party is a great deal for media mogul,murdoch,murdoch,container
99075,Feature extra large trousers,chinos,chinos,assemblage
62207,Musician's skill rescued tarnished gig,sightreading,sight reading,anagram
65418,Gas lamp's terminal whirring sound,prattle,prattle,assemblage
95185,Start a fight with man in shearing shed,rouseabout,rouseabout,assemblage
83550,Competent scholar embraced by non-drinker takes cover,tablemat,table mat,container
51830,Refrain from encumbrance,burden,burden,double definition
38534,Let person open it? Maybe better not,poisonpenletter,poison pen letter,assemblage
10553,Contemptuously treat group going to break up,disband,disband,assemblage
118223,"Weed obscuring duck, work to see bird",hoopoe,hoopoe,container
58257,Rouse Scots cry to dismiss London leader?,awaken,awaken,assemblage
124223,"Jack lost set again, beginning to expect small crowds",jostles,jostles,assemblage
96341,"Woman at court, people with backstreet laws",enactments,enactments,assemblage
21038,Condition of French teenager in trouble?,degenerate,degenerate,assemblage
13566,School evicting privileged lady from land,train,train,container
35551,One who does good turns,acrobat,acrobat,double definition
46159,"Punishment for most of this cake being spongy, right?",thickear,thick ear,assemblage
122699,Cheerless - wet and rainy without a break,wintery,wintery,double definition
114374,Informal greeting by smart type without it having to get friendly,hititoff,hit it off,assemblage
76005,At Houston they usually lead to nothing,countdowns,countdowns,assemblage
133709,"People to take out on this bash, mostly drunk on street",hitlist,hit list,assemblage
5832,Speak highly of no power boost,raise,raise,double definition
76568,"As arranged, I'm seated with second cup of coffee",demitasse,demitasse,anagram
75679,"Lacking aspiration, they listened to Genesis etc - but that was a long time ago",theyeardot,the year dot,assemblage
119603,Gas restricts endless fruit service for babies at Christmas,capricorns,capricorns,assemblage
44287,Scoop race entrants' urge to make love,eggspoon,egg spoon,assemblage
87812,"Game about an inch length, for a wonder",chinless,chinless,container
51891,Quite pleasing,pretty,pretty,double definition
78365,Philosopher in fight at factory,mill,mill,double definition
72536,"New arrival at the docks, we hear",birth,birth,double definition
24159,Favourite soft centre?,sweetheart,sweetheart,assemblage
113423,Transport both sides of a line in the desert?,caravan,caravan,assemblage
139230,Most glad with you finally getting some kind of sleep in this medical condition,glaucoma,glaucoma,assemblage
34706,Irish author's sister inhaling smoke,stoker,stoker,assemblage
125592,People in pubs do this for a hen night,barmen,barmen,double definition
92015,Common sense is entering the world,realism,realism,container
32620,Progressive brought new Communist order about,modern,modern,anagram
314,"In short, there's no female candidate for board?",brie,brie,assemblage
31384,Assigned task of putting clock back,remit,remit,anagram
104434,Secures pieces of mistletoe,sprigs,sprigs,double definition
8473,Slip on slip?,erratum,erratum,double definition
66597,Advertising for poet,promotion,promotion,assemblage
11661,Individual without husband on this?,shelf,shelf,container
43626,"""Time for a word"" is unAnglican",nonce,nonce,double definition
78888,This old boneshaker is a strangely loved piece,velocipede,velocipede,anagram
123325,The purpose of the visor is to avoid humiliation,saveface,save face,double definition
128993,Remaining board members (one third gone) promise too much,overcommit,overcommit,assemblage
94793,Bony duck - cheap buy,osteal,osteal,assemblage
62605,"Poet, painter and illustrator left to cook hogs",blake,blake,container
122697,"Shake up orange vigorously, carried by rocket",reorganise,reorganise,anagram
38561,Part of the UK maybe found even in India,northernireland,northern ireland,double definition
85248,Tacks away from earth with little motion,snailspace,snails pace,assemblage
61100,Girl I'm upsetting with religious book,missal,missal,assemblage
120228,Like some entertainment in the Globe? Then call back,balletic,balletic,assemblage
120999,Old musical student at start of play in Liverpool street,lilactime,lilac time,double definition
28956,Rushes round to see the Primate,rhesus,rhesus,anagram
71900,"Lively man, children's entertainer?",bouncycastle,bouncy castle,assemblage
24797,Building quarters inside a hill,tower,tower,container
93091,"Losing consciousness, so making an exit",passingout,passing out,double definition
114635,"Tops down, then, bringing cheers",bottomsup,bottoms up,double definition
126904,Heard to put artic into reverse at some degree,baccalaureate,baccalaureate,anagram
15947,Obvious hole in mission statement,manifesto,manifesto,assemblage
127515,Cycling cape's under dog meat,muttonchop,mutton chop,assemblage
50242,Take top off packing case for a price,rate,rate,assemblage
52581,A Bovril recipe that's revolutionary,bolivar,bolivar,anagram
79659,"Shipyard worker in a state, having to change direction over time",riveter,riveter,assemblage
81003,Uncommonly haughty,lordly,lordly,assemblage
114617,Panics finding a gangster with guns?,alarms,alarms,assemblage
26426,Do something different with cold celery,recycle,recycle,anagram
72386,Part of Greater Manchester - an extra bit?,bolton,bolton,double definition
57137,Set cryptic in press that was thrown out,jetsam,jetsam,container
87434,Feature informed on Delft art,chinaware,chinaware,assemblage
18880,A Frenchman's charge for electricity,coulomb,coulomb,double definition
106194,I help with gigs - I adore travelling,roadie,roadie,anagram
97130,Calling for a parish priest before joining type of comedy,appealing,appealing,assemblage
13419,Water jug put back in sink for so long,farewell,farewell,container
59197,Nice men upset by bearing superiority,eminence,eminence,anagram
136872,"In conversation, discretion is nailed",tacked,tacked,double definition
132348,"Impractical to team up with short, smart clothing?",quixotic,quixotic,assemblage
6209,"Thorough, constant but not firm",efficient,efficient,double definition
39973,Rover plant,rambler,rambler,double definition
104574,Last nasty messy problem for adviser with computer,systemsanalyst,systems analyst,anagram
71878,A treat for which I yell out loud,icecream,ice cream,double definition
22059,Man about to return home,ernest,ernest,assemblage
82560,Albert to contemplate a mountain range,watchchain,watch chain,assemblage
94334,"Novel report, the whole thing",shebang,shebang,assemblage
116066,Where educational forms are filled?,schoolroom,schoolroom,assemblage
122379,Security devices needed as a dodo flies?,deadbolts,deadbolts,assemblage
139413,Throws light on problems besetting posh store,illumines,illumines,container
14476,"Before start of race, punter is richer",betteroff,better off,assemblage
75221,Banks that can stop advances,earthworks,earthworks,double definition
81480,"Settling down with advance team, getting directions to capture castle, initially",subsidence,subsidence,assemblage
36037,Again take on study - choose to pursue it,readopt,readopt,assemblage
80053,Feel very cross with girl keeping support up,seethe,seethe,container
139444,Revised bible held by a theologian's all made up,adlibbed,ad libbed,anagram
37267,Signals left out of things like this,cues,cues,container
74196,Lines in church choir work curtailed by a bloomer,chrysanth,chrysanth,assemblage
57491,Girl meets chap and starts talking - but doesn't yield,adamant,adamant,assemblage
61893,"To economise, Frenchman is introduced to bonus shares",scrimp,scrimp,assemblage
78803,Where there's an even chance to bring back the cat,tossup,toss up,assemblage
98774,Bill gets fitting from tailor,adapt,adapt,assemblage
4699,Bottom part of tree contains third of bark,breech,breech,container
15962,It's nearly time for bed,night,night,double definition
76985,Old-time singer and performers meeting retired sailor at end of oratorio,castrato,castrato,assemblage
110657,This month every edition is set up,installed,installed,assemblage
70024,A stock Guardian figure?,storedetective,store detective,assemblage
39608,"English composer finding another ""Unfinished"" antiquated",arnold,arnold,assemblage
136819,"Faith being questioned in party heading for office, amid dubious claims",iconoclasm,iconoclasm,anagram
111516,"One bill inside another, I conclude, may cause ill feeling",bacilli,bacilli,container
98947,"Boats being slimmer, bow to stern",lighters,lighters,assemblage
141939,Exercise right to sit on panel - that's a crime,perjury,perjury,assemblage
48494,Not one anti-beer?,inebriate,inebriate,anagram
21807,Fellow turning round on the way to fall asleep,nodoff,nod off,assemblage
103801,"Girl held up by minders, those employed to look after her?",caretakers,caretakers,container
61107,Islam's enigmatic religious book,missal,missal,anagram
24431,It may be a mistake to express despair in public,oversight,oversight,assemblage
44325,Collector equipped with buzzer,honeybee,honey bee,assemblage
87492,Capital sort of roll with nowt taken out,bridgetown,bridgetown,assemblage
120857,I don't mess with leaf stripper,defoliant,defoliant,anagram
36121,Submarine was first with rust protection,undersealed,undersealed,assemblage
93956,Enter Gordon: nearly all tremble in the Southeast,greaterlondon,greater london,assemblage
71338,Frequently unwarranted intruder presenting a job for the right workman?,apostrophe,apostrophe,assemblage
26822,Wear and tear about target,raiment,raiment,container
38622,Rough cover for chimney,hoodlum,hoodlum,assemblage
46561,Victor loses head going round the bull,inner,inner,assemblage
37324,"Lifting service inaccurate, well out",faroff,far off,assemblage
63651,Claims girl has been grabbed by boy,declares,declares,container
39798,Taylor enjoys entertaining another actress,loren,loren,assemblage
15392,Substitute crêpe filling with something dainty,replace,replace,assemblage
93158,Carnivore in the middle of thought in its head,cougar,cougar,container
22961,The story of my uncle?,relation,relation,double definition
119024,Dreamer in dunce's cap is teased,escapist,escapist,anagram
77896,Drawing instrument traditionally boxed,compass,compass,double definition
14524,"Put in post at suite, perhaps",situate,situate,anagram
21254,Rebel king I turn to,riot,riot,assemblage
124345,Projection in present article not being filmed,offcamera,off camera,assemblage
56857,Report of narcotic,bang,bang,double definition
21801,Moving praise for the old country,persia,persia,anagram
78991,To enlarge silver and a bit of gold currency is ecstasy,aggrandise,aggrandise,assemblage
73176,"Horse, non-starter, eating cold fruit",quince,quince,container
127658,Philosophical scientist understood graduate's trick,rogerbacon,roger bacon,assemblage
79981,Cover story finished first,overlie,overlie,assemblage
79187,Seem likely to be devoured after god drops round,threaten,threaten,assemblage
103566,Who knows? Take that secret to your grave!,younevercantell,you never can tell,double definition
76081,"Show, we hear, to look back on",revue,revue,double definition
84100,After analysis we had this Freudian impulse,deathwish,death wish,anagram
1189,Words of unseen talker putting love at the heart of immorality unduly,voiceover,voice over,container
96200,Late actor has shifted tree to the left,sharif,sharif,anagram
5890,Turn the Guardian blue and it will stop functioning,suspend,suspend,assemblage
34549,Sounding chivalrous whenever it's dark?,nightly,nightly,double definition
110880,Baffled by sensational wordplay with nine letters missing,ataloss,at a loss,hidden word
99269,English coastal visitor changes colour,turnstone,turnstone,assemblage
65019,Writer of illicit love letters?,correspondent,correspondent,double definition
33687,Where a storm leaves copper positive?,teacup,teacup,assemblage
133135,Charles writing for openings,chasms,chasms,assemblage
124643,Ruin meal at university,messup,mess up,assemblage
33091,Split up left-wing union,sunder,sunder,assemblage
23232,"Bush in suitable place, one assumed originally",gardenia,gardenia,assemblage
66636,Furious to find rat in fast food,hotdog,hot dog,assemblage
141229,Short musical performance,gig,gig,double definition
62291,Loaf taken from wrapper and chewed noisily,baguette,baguette,assemblage
68886,Preserve style for old photo,tintype,tintype,assemblage
107056,Trailer for Edward Lear's capital nonsense?,dawdler,dawdler,anagram
39343,Fibres working loose in underpants,briefs,briefs,anagram
64815,Swish sort of four-by-two?,froufrou,froufrou,assemblage
92088,Give birth to male in experimental site,lamb,lamb,container
122468,London district with no healthy bank,camber,camber,assemblage
23530,Every artist embraces New Wave of sorts,permanent,permanent,container
8547,Shot in the eye!,optic,optic,double definition
63979,Deck trouble with sailors,adorn,adorn,assemblage
126766,"Paint can out, red is stirred",undercoat,undercoat,anagram
100629,Lie about receiving German director's directions to Welsh town,llangollen,llangollen,assemblage
37163,Reporter's got a point that's cutting,hacksaw,hacksaw,assemblage
109484,Follower runs back into safety location,acolyte,acolyte,container
8919,A meeting that seeks spiritual guidance,seance,seance,double definition
38251,Patience has very bright flower,solitaire,solitaire,double definition
30943,Falls over a painter - get up!,niagara,niagara,assemblage
140976,Woman's right to a German address?,herr,herr,assemblage
108632,Appeal in two ways,refer,refer,double definition
84829,Part of hospital in coma,tranche,tranche,container
90004,"A relation's ground, or grounds",rationale,rationale,anagram
110490,"Shrub becomes coated, so they say",furze,furze,assemblage
2758,There are two points he can possibly raise,enhance,enhance,assemblage
15355,Jury's comment on horse,rider,rider,double definition
131147,Bizarre muddle I clear up,peculiar,peculiar,anagram
64876,Relationship between matron and nurse,sister,sister,double definition
61148,Drink leads to nasty reaction at university,cointreau,cointreau,anagram
37914,Concert piece not getting an encore,once,once,hidden word
5581,Note short time taken in decorative work,crotchet,crotchet,container
74429,Legend on king providing shelter for best friend,dogkennel,dog kennel,assemblage
6422,Verne's undisciplined banker,severn,severn,anagram
137345,Minister initially supporting Tory party member's cover-up?,condom,condom,assemblage
98733,Lily's relative pole dancing with dash,asphodel,asphodel,anagram
57244,"Large, fleshier all round, but not so curvaceous",flatter,flatter,assemblage
136787,Worst type of underground heating?,hellfire,hellfire,assemblage
80590,Sailor's spirit and extremes of gallantry are staggering,groggy,groggy,assemblage
138412,Uplifting piece of text set to music for annual examination,mottest,m o t test,assemblage
33255,"View from air over London, say",looksee,look see,assemblage
37091,Casters may be working to find one,actress,actress,anagram
20166,"Standing still, but not against reform",stagnation,stagnation,anagram
59034,Performed in a group that's dissolute,abandoned,abandoned,assemblage
88514,"Not straight, so against entering means",wavy,wavy,container
65630,Fine food old hooligan leader gets in Yorkshire,flamboroughhead,flamborough head,assemblage
62045,Sombre without husband,dinghy,dinghy,container
39149,Men in bar requiring bottle,screwtop,screwtop,container
14400,Antique objects found in battered raincoat after the last King George,victoriana,victoriana,anagram
107057,Waddle about with right loafer,dawdler,dawdler,anagram
112116,"Ranked first by setter, name entered for Lady Bracknell, say",grandedame,grande dame,container
70056,Where tramlines turn around,terminals,terminals,anagram
41140,Find out Heath harboured this royal knight,learn,learn,assemblage
140155,Fancy chaps gripping pot sideways?,turnoffs,turn offs,assemblage
46808,Son boasted of wages commonly,screw,screw,assemblage
98565,Would they issue stardust in Hollywood?,crematoria,crematoria,double definition
92610,Being pleased with a group of news gatherers demonstrating,approving,approving,assemblage
120964,Packets once holding right sort of decorations,streamers,streamers,container
7027,Girl in therapy for skin problem,craquelure,craquelure,container
7492,"Headgear a despicable person raised, taking one in",tiara,tiara,container
60050,Affected foreign aid from the French department,ladida,la di da,assemblage
66903,Reduce rent,slash,slash,double definition
101120,Composer fomenting revolutionary friction in Italy,cherubini,cherubini,assemblage
92718,"Strike back with weapon, so to speak",parlance,parlance,assemblage
96077,Strange boy steals college money,eccentric,eccentric,assemblage
37015,Quick drink about teatime?,alive,alive,assemblage
99756,"Miss sporting result, being dull",lacklustre,lacklustre,assemblage
69960,First volume in account of a sort of number,atomic,atomic,assemblage
134775,"Times, say, shows these unpaid workers absorbing a newspaper",serifs,serifs,container
97092,"A character at the end? Nothing, almost frozen lifeless",azoic,azoic,assemblage
66427,Palace in place that has its own clue,elysee,elysee,assemblage
57430,"Provide grub, but not support",cater,cater,double definition
93432,Kings in medical setback almost sent up firework,sparkler,sparkler,assemblage
107953,"Resin you once brought back, carrying viral disease",epoxy,epoxy,container
50381,One way to get inspiration,inhale,inhale,double definition
28168,"With this therapeutic device one's home and healthy, right?",inhaler,inhaler,assemblage
118675,Fish posture of diver,pike,pike,double definition
123819,"With more than one unknown verse, song dividing taste",bivariate,bivariate,assemblage
55066,Plant G higher then?,flower,flower,double definition
74896,"City worker rejected socialist realism, say",trader,trader,assemblage
18145,Manger apt to be shown transformed by star,pentagram,pentagram,anagram
33608,"Pudding gobbled, drawback later",afterwards,afterwards,assemblage
65535,Old-fashioned place in France,square,square,double definition
126964,Arbitrator in mad dance borrowed from Peter to pay Paul,refinanced,refinanced,assemblage
135119,Picked up torch in Swiss city,bern,bern,double definition
91581,"Catching cousin with goat, disturbed",contagious,contagious,anagram
91335,A fiend and a half are going to take place,impend,impend,assemblage
33920,Order something to eat,applepie,apple pie,double definition
41300,Personal predilection in art or diet,amatteroftaste,a matter of taste,double definition
58409,Batman and Joker turning up for kids in Hollywood?,dracula,dracula,assemblage
96374,Sea beast's to dine and spread upward,grampus,grampus,assemblage
60113,They're assumed to raise sail in rough sea,aliases,aliases,anagram
111846,Pump-action's isolated shot,diastole,diastole,assemblage
15087,Ace with stunt almost comes to grief - the fool!,nutcase,nutcase,assemblage
99551,Fish around end of jetty as test,tryout,try out,container
67017,Stuff that's left out,felt,felt,anagram
46735,German girl's telescope,glass,glass,assemblage
89211,Where easy riders have their say?,expressway,expressway,double definition
35965,Help one to form this operatic name,aida,aida,assemblage
23745,Airline left India for island,bali,bali,assemblage
53422,"An article about Macbeth, say",thane,thane,container
35157,"Bunking off, sailor and nurse get to church",absence,absence,assemblage
135725,"Puny chap burying head, awfully miserable",unhappy,unhappy,anagram
82932,Bearer of wine giving a service in church,carafe,carafe,assemblage
73151,Iceberg holds back diver,grebe,grebe,hidden word
27872,Slave-owner's turned to tea producer,assam,assam,anagram
94797,Make contact with head to establish suitability,meetness,meetness,assemblage
92011,"Missing date, shambolic developers come round too late",oversleep,oversleep,anagram
23319,Woman has a house in a dry area,sahara,sahara,container
74546,Singing a little way into the factory,plainchant,plainchant,container
74171,In which punishment is likely (held by copper in the old days),hotwater,hot water,double definition
63424,Chance upon an idea: be there with a little drink to introduce slender Annan,cometothinkofit,come to think of it,assemblage
93212,Expresses hostility to military accommodation,barracks,barracks,double definition
139123,"Shoe, shocking pink, that is for a dish",pumpkinpie,pumpkin pie,assemblage
37390,"Put half a grand on dodgy palomino ""No-No"" after studying this document?",diploma,diploma,anagram
42683,Oval cone not completely reshaped?,volcano,volcano,anagram
23861,"Military vehicle studied, they say, by crusader",tancred,tancred,assemblage
109448,"Attacked after broadcast, alas, is duke out of the country?",assailed,assailed,anagram
95398,A club - or a spade?,blackjack,blackjack,double definition
102535,African ruler to assault US president,mugabe,mugabe,assemblage
8743,What could be finer to conclude?,infer,infer,anagram
113820,Oppose profits in butter,goagainst,go against,container
85964,It's a shame having to eat it,humblepie,humble pie,double definition
5604,What a promising bowler has to do?,deliver,deliver,double definition
2442,Dispute is only half on an equal basis,spar,spar,assemblage
37280,"Ridin' with minimum of insurance, very little cover",bikini,bikini,assemblage
102852,"Taken in the wrong direction, one sliding down the motorway?",misled,misled,assemblage
111763,City judge putting line through revoked law,jerusalem,jerusalem,assemblage
37527,Provided raised dicky seat for vehicle,fiesta,fiesta,assemblage
32139,Mistakes are holding sailor up,errata,errata,container
4184,"A further time, deliver book",reserve,reserve,double definition
26772,Ecus under negotiation with no strings attached,unsecured,unsecured,anagram
30918,It may be taken from a book but is about right,excerpt,excerpt,container
86050,The shrub to bend over in the river,oleander,oleander,container
139924,"Extinct arthropods, one preserved in lobster, it could be?",trilobites,trilobites,anagram
10867,Sappers twice raised the stakes in bridge,redoubled,redoubled,assemblage
131490,"Pretend to be ill, we hear, to get a drink",champagne,champagne,assemblage
4444,Former pupil wasted away,late,late,double definition
24563,Binge in which Bess's partner loses head,orgy,orgy,assemblage
24134,"A saint from head to toe, the continental European. (What a plonker!)",ukelele,ukelele,assemblage
79291,"Spicated, you say, otherwise barbed",cuspidate,cuspidate,double definition
106644,Man with limitless libido turns out to be an MP,miliband,miliband,container
4046,State two answers: scores missing first rounds,arkansas,arkansas,assemblage
114982,Students should draw on his advice,artmaster,art master,assemblage
30349,Svelte model held back by romance,lissome,lissome,container
11449,When AA members need clarification of a way forward?,lightinguptime,lighting up time,assemblage
33944,Astute misrepresentation of the figure,statue,statue,anagram
139203,Old Dalmatian in bad rain barking around yard,illyrian,illyrian,assemblage
56774,Bird fluttering right to left in Chingford?,goldfinch,goldfinch,hidden word
131850,Operatic production interrupted at intervals by hard left teddy bear fan,arctophile,arctophile,assemblage
85735,"Can't find words for ""helps in the kitchen""",driesup,dries up,double definition
91895,Current producer of coral involved in retail,solarcell,solar cell,anagram
109242,Prays for urchins without learning,implores,implores,assemblage
7033,Duck a l'orange,mandarin,mandarin,double definition
114542,As an artist I reenact my career,traceyemin,tracey emin,anagram
6219,Early stages in thought,infancy,infancy,assemblage
35336,Guns are raised in this game,stag,stag,anagram
28041,"Shopkeeper, for example, exchanges staff",tradesman,tradesman,assemblage
14771,Extraction possibly due to Bond?,educement,educement,anagram
62070,Join the ranks and down may follow,fallin,fallin,assemblage
31268,Fare to be cooked over first part of Sunday?,roastbeef,roast beef,assemblage
102575,Or no movement is without sound of this short musical piece,rondino,rondino,assemblage
71551,China has many an ornamental garden,crockery,crockery,assemblage
20524,"Heavy stuff, say, with little marks coming up",stodge,stodge,assemblage
33189,Observe present and past in child's play,seesaw,seesaw,assemblage
97640,Discover endless source of love,hear,hear,assemblage
44080,Sharp boozer needs a place to sleep,barbed,barbed,assemblage
19356,Southeastern rail trips by one from another country,israeli,israeli,anagram
43594,Superficial type involved in leak,skindeep,skin deep,container
91812,Mad hatter drinking limitless tea in operational part of hospital,theatre,theatre,anagram
38905,European engineer found home in States laboratory,tesla,tesla,assemblage
55629,It offers protection from French criminal,defence,defence,assemblage
135313,Money well spent on hearing aids?,soundinvestment,sound investment,assemblage
98167,Technique pioneered by Disney into a main production,animation,animation,anagram
23754,Charitable group,kind,kind,double definition
32129,In time deserter will make mistakes,errata,errata,assemblage
45323,One's boots may be licked,tongued,tongued,double definition
17113,"Article more unlikely, it being unproven?",theorem,theorem,assemblage
43590,Artist to draw travelling merchant,tiepolo,tiepolo,assemblage
87221,Examiner is in wrong street,tester,tester,anagram
141655,"In charge in any pub, moving stock up frantically",panicbuy,panic buy,anagram
18675,Hide the king outside,leather,leather,assemblage
99123,Accomplished foot soldier switched with journalist,gifted,gifted,assemblage
7519,Duet for piano with melody,pair,pair,assemblage
28916,Distressed emu ill on floor-covering,linoleum,linoleum,anagram
140083,Hospitality workers with fine hair,waitresses,waitresses,assemblage
53148,Work in a band in fraudulent transaction,fiddle,fiddle,double definition
133164,Hot meal enlivened with a drop of neat alcohol,methanol,methanol,anagram
65360,"Friend backs golfer, then folds",lapels,lapels,assemblage
97329,"Roughly clean son, to accompaniment of cursing",sandblast,sandblast,assemblage
98764,"Outgoing type of regular mermaid girl, eh?",emigre,emigre,hidden word
93259,"Rose may be single, desperately seeking husband",english,english,anagram
986,"Leading captain and upstanding fellow, eh? Must be Cook",chef,chef,assemblage
24898,"I say, parking place for poultry",coop,coop,double definition
119300,University officer reported? Gamble is associated with him,procter,procter,double definition
104366,Photograph college to make money,pickings,pickings,assemblage
76366,A bluebird? No! One in exaltation,skylark,skylark,assemblage
12298,A singing bank teller?,countertenor,counter tenor,assemblage
122731,Girl in the middle of wearing very large animal's head,rosa,rosa,assemblage
109029,"Modern US writer is more sensible, holding nothing back",salinger,salinger,container
64281,Hose near sewer opening,tights,tights,double definition
31669,A time to support tendency towards the environment,habitat,habitat,assemblage
22767,"Wild flower with tag, ""Light of Evening""?",afterglow,afterglow,anagram
44160,Left crew cuddling queen? Exactly!,quiteright,quite right,assemblage
121872,Top content of rookery?,murder,murder,double definition
9454,That's keeping a nasty type angry,irate,irate,assemblage
134838,Pedant from start to finish on position by compilers,fusspot,fusspot,assemblage
138908,"Tip of rhubarb? No, I crave tripe!",carnivore,carnivore,anagram
114767,Parent's half as old as us - following?,entourage,entourage,assemblage
75081,To marry is hard when following second language,swedish,swedish,assemblage
49163,In which real duty is abandoned!,adultery,adultery,anagram
74368,The one chosen has run out of plate,electro,electro,assemblage
77882,Chief eastern state,maine,maine,assemblage
119673,Upset over what's broadcast,shortwave,short wave,double definition
114073,Times editor's removed,erased,erased,assemblage
123347,Drink picked up for Darius?,mede,mede,double definition
114559,Telescopes of universities partially looking up for them,ufos,ufos,hidden word
110868,One arranges to get setting up of bank under way?,styler,styler,assemblage
11328,Bird's mate approaching ducks,cockatoo,cockatoo,assemblage
47840,"""Morning"" from Grieg: ten pieces",greeting,greeting,anagram
30096,"Penned by Delany, Longfellow's material",nylon,nylon,hidden word
25898,Monk doesn't start tackling piano like Thomas,sceptic,sceptic,assemblage
104836,"Pancake gives sprite with no ""go"" independence",blini,blini,assemblage
20851,"Undesirable neckwear having a bad result around club, right?",albatross,albatross,container
103775,Withdrawal of drawing following note,retraction,retraction,assemblage
85526,Mineral lacks torrent?,rocksalt,rock salt,double definition
141174,Share memory about old pots here,poolroom,poolroom,assemblage
53690,It's bad luck if you prefer Brie,hardcheese,hard cheese,double definition
62523,Note: see about part of speech I'm withdrawing,semibreve,semibreve,assemblage
3429,What at Versailles left Queen grand honour,ennoble,ennoble,assemblage
85497,Bit of dampness seeping up in the house,dwelling,dwelling,assemblage
5845,Faze host and cast,throw,throw,double definition
123048,Crossword fan put off taking on Times,dexter,dexter,container
112204,"Father's musician, mother's poet - spin off is pig nicker",tomthepipersson,tom the pipers son,assemblage
21393,"Beef to turn out deficient, not having much seasoning",complain,complain,double definition
61042,Launch a steamship that's partly corrupt,unchaste,unchaste,hidden word
44672,Monty was killed by Apollo,python,python,double definition
76482,Retired coppers in conversation,exchange,exchange,double definition
50788,Drink among New York's flowers,manhattan,manhattan,double definition
97966,Croatian boxers reportedly bringing carp,splithairs,split hairs,assemblage
58657,Blocks the rowers' seats,thwarts,thwarts,double definition
68526,This type finds it hard to swallow anything not solid,sceptical,sceptical,double definition
92774,Dove very softly into a quiet river,appeaser,appeaser,assemblage
31847,Day trip? Quite the contrary,nightfall,nightfall,double definition
125935,Chance meeting of priest and criminal after murder almost backfired,likelihood,likelihood,assemblage
16422,Caller providing a solution,ringer,ringer,double definition
112890,Outlaw put a strain on Irish town,bantry,bantry,assemblage
129640,Magical image of Victorian parlour entertainment,lanternslide,lantern slide,double definition
101625,"Year spoilt by ""Les liaisons dangereuses"", say?",epistolarynovel,epistolary novel,double definition
15627,When he was fated to die horribly: Julius' finale,ides,ides,assemblage
95796,Flinch from game,quail,quail,double definition
118780,Shoot a bird,snipe,snipe,double definition
21321,The Pony Express's first new recruit,neophyte,neophyte,double definition
48751,Expenses for excursions catching game,outgoings,outgoings,container
80663,Fiddle with glass covering hotel - you can see through it,cellophane,cellophane,assemblage
17293,Nerves of steel? I think not!,nofear,no fear,double definition
136586,Policy Americans go wild for,reaganomics,reaganomics,anagram
135668,"Middle Eastern nirvana in it's elapsed, somewhat in recession",palestinian,palestinian,hidden word
134856,Aristocrat to protest over troublesome noises,marchioness,marchioness,assemblage
61172,Medical professional has the assailant on film,psychotherapist,psychotherapist,assemblage
91107,"Officer conveying Her Majesty, one behaving as conductor would?",ohmic,ohmic,container
1860,Good book for figures,numbers,numbers,double definition
84808,Performed ditty about lady's teeth,gnashers,gnashers,assemblage
40201,States small change in school is doubtful,suspect,suspect,assemblage
1349,"Interior decoration, pretty as can be",tapestry,tapestry,anagram
550,The suffering a preacher tries to hide,ache,ache,hidden word
51643,Noisy reveller for whom dawn herald gets one for nothing,roister,roister,assemblage
59685,Spider that reaps?,harvester,harvester,double definition
100920,Tropical novelist and playwright,miller,miller,double definition
117791,"Scrap with new head, French politician",giscard,giscard,assemblage
76291,Achievement of one who doesn't miss a trick,grandslam,grand slam,double definition
128393,Want to go after a fifty-pound kiwi,allblack,all black,assemblage
123979,Where bloomers are made like the fourth and sixth incarnations of Dr Who?,bakery,bakery,double definition
118241,"Driver's last seen going into roundabout, causing a lot of pain",torturous,torturous,container
139493,Part of organ not quite audible around old church,cochlea,cochlea,assemblage
88081,A coal tit changing gear,tailcoat,tail coat,anagram
96274,Is inquisitive about the tank and soldiers,privates,privates,container
139002,Powerful Catholic overwhelmed by weakness,forcible,forcible,container
10029,A poster to show where the big ships come,seaport,seaport,double definition
66498,Study shows doctor is English,treatise,treatise,assemblage
96821,No little girl reported to have special knowledge,gnosis,gnosis,assemblage
13166,French stop over in getting the lie of the land,terrain,terrain,assemblage
53457,Go through battle without army suffering reverse,comb,comb,assemblage
120056,Alternative name held by island archipelago,orkney,orkney,assemblage
62264,Group outlets retained by partner,westlife,westlife,container
64999,Ada being nasty? Just having a laugh,badinage,badinage,anagram
92234,Pistol faced with Big Bertha would be so overwhelmed?,outgunned,outgunned,container
140603,Lead singer's notes?,heavymetalmusic,heavy metal music,double definition
29313,Wedge-shaped block holds Catholic University together - that's definite!,clearcut,clear cut,container
116613,Hormone replacement for bird,moorhen,moorhen,anagram
34881,Example of man in nice predicament,instance,instance,container
120826,"""Pass him, anyway"" - how accidents result",mishaps,mishaps,anagram
120636,"Concisely written ultimately, French produce cracking poem",inbrief,in brief,anagram
55623,"Uproar from black and white endangered instrument, might you say?",pandemonium,pandemonium,assemblage
80700,Spiel includes point in sprinkling chips with salt,salespitch,sales pitch,anagram
52602,Fight with nurse after party,contend,contend,assemblage
130745,"Source of prosciutto supplied by mail, say?",parma,parma,assemblage
3559,A steep fluctuation in old currency,peseta,peseta,anagram
83573,Not the genuine Robin? That's a bit of a relief,falsehood,falsehood,assemblage
25653,Ask to hug companion seen at the ballet,entrechat,entrechat,container
61469,Porridge makes good person feel sick,stretch,stretch,assemblage
109295,Faction is first-rate without the French,sect,sect,container
7794,One accountant has daughter pinched by another - a chirpy creature,cicada,cicada,container
108146,Argue about holding stake in contract,guarantee,guarantee,anagram
30095,New length lines that material,nylon,nylon,assemblage
1313,Woman in credit with a selection of wine,cellar,cellar,container
77029,"Stone from a ring, replaced before the centre's fallen out",granite,granite,anagram
11644,"Queen's favourite isle? Crete, possibly",leicester,leicester,anagram
135532,Cells turn to fix as drug dealt externally,guardrooms,guardrooms,assemblage
34715,Depression sure to develop after hip contracts,indentures,indentures,assemblage
30176,Not in the pink,offcolour,off colour,double definition
112074,Author of Great Expectations?,hope,hope,double definition
107027,"Rising, or just turning over?",revolution,revolution,double definition
88450,"Anti-government group still rising, securing a role",teaparty,tea party,assemblage
131217,"Surgeries' tender, qualified as medical worker",registerednurse,registered nurse,assemblage
97107,Party in which lovely lass is injected with drug,finegael,fine gael,assemblage
121984,Crosspiece with front for model,perfection,perfection,assemblage
2603,Right one in cultured surrounds ã one in a million?,rarity,rarity,container
112080,Lodging for friend in disgrace?,doghouse,doghouse,double definition
67755,Tree associated with one king,acer,acer,assemblage
65010,Its shadow was a sign of the times,gnomon,gnomon,double definition
77076,Prom performers duck out of this world,temporal,temporal,anagram
35412,Exploding grenade creates disorder,derange,derange,anagram
105382,"Unsteady, like teetotaller drinking more rum, mostly",doddery,doddery,container
25388,Authorisation required for this sort of sale?,clearance,clearance,double definition
118625,Cruel followers of a so-called marquis,sadists,sadists,assemblage
80412,Shabby trio carrying plug and soap?,threadbare,threadbare,assemblage
99179,Spread arranged by oil producer - the aggressive goat!,peanutbutter,peanut butter,assemblage
41297,Current squeezes right hot and steamy!,tropical,tropical,container
63551,A poisonous creeper,snake,snake,double definition
123986,US TV celebrity losing heart for fish,opah,opah,container
85229,Perhaps Cherie starts to write lampoons and satirical verse,clerihew,clerihew,assemblage
90719,"Neon in its natural state, element initially inferior to fellow element",manganese,manganese,assemblage
136903,Annalist busy acquiring old papers,nationals,nationals,anagram
39635,Is perversely advanced still,silent,silent,anagram
106762,"Attractive person on a poster, primarily exposed in a state of undress",dishabille,dishabille,assemblage
26857,Nodding off in the Cowes road? A thousand times no!,somnolent,somnolent,container
76927,Clothes worn in topless TV programme?,gear,gear,double definition
21980,Like to strip off when retiring or having a snooze,asleep,asleep,assemblage
132163,Daisy's relative's crazy over crazy girl about love,marigold,marigold,anagram
2569,Leave opera singer for naked lady,godiva,godiva,assemblage
25255,Thou - quietly - not upright?,grandpiano,grand piano,assemblage
18713,"Happy with goal, flip",upend,upend,assemblage
94761,Theft from canonized studio,stealing,stealing,hidden word
93581,Saw mishap jumping over sort of gate,aphorism,aphorism,anagram
133714,Part of American train track's fine,taillight,tail light,assemblage
100966,Point out drunk has answer to clue,highlight,highlight,assemblage
47987,Revolutionary Dame,trot,trot,double definition
45758,"Wearing fewer clothes, for example?",lesson,lesson,assemblage
51639,"Act less, try broadcast for radio once",crystalset,crystal set,anagram
79348,China supporting offensive game,badminton,badminton,assemblage
105842,Opening date that is desperate,doordie,do or die,assemblage
77545,Like going over Guardian leaders after a fight with spears,asparagus,asparagus,assemblage
62488,"At a function, carrying shabby clothes",astatine,astatine,container
59915,Pamphlet man placed outside,sheet,sheet,container
117883,Film on Aussie experts - they help keep the wheels of industry turning,greaseguns,grease guns,assemblage
112670,Educational degrees give support in retirement,beds,beds,double definition
134727,A quantity of drink is both good and bad,gill,gill,assemblage
88446,Points to one of several children as being bright,sequin,sequin,assemblage
38576,Cancel a do strangely retaining odd bit of finale which is forgettable,oldacquaintance,old acquaintance,anagram
98379,Literary traveller initially altered Eliot's character,tulliver,tulliver,anagram
40925,Piece of music has to carry a sound,toccata,toccata,assemblage
102611,Cricket sides seen occasionally,offandon,off and on,double definition
90840,Pioneer showed the way in a state of shock,startled,startled,assemblage
35700,House of Lords is backing contents of your letter in outline,silhouette,silhouette,container
23491,Portable power source for teetotal assault,drybattery,dry battery,assemblage
22964,Some telephones transmit direct,honest,honest,hidden word
27159,Agree about journalist being taken in by star,accede,accede,container
62684,"Short, tailless dog",cur,cur,double definition
55194,Aim to identify shuttle,endeavour,endeavour,double definition
139259,Removes difficulty with brief direction,rubsout,rubs out,assemblage
61620,Those vanquished by the Spanish head east as a precaution,incase,in case,assemblage
24469,Lose control at breakfast? Have a drink!,eggflip,egg flip,assemblage
101117,Was book's content order intended to be restrictive?,asbo,asbo,hidden word
111945,No alternative,yes,yes,double definition
29932,Room can be found for plonk,chambertin,chambertin,assemblage
141270,Arms trade leaders entertained by numerous delegates,legation,legation,assemblage
130069,"Some ran badly, running not being their sport",oarsmen,oarsmen,anagram
27925,Chance in rugby game to get head ripped off,evens,evens,double definition
12548,One grows up and blooms,irises,irises,double definition
59880,Don't stay on the road - it's a bore,turnoff,turn off,double definition
48884,Drink and a biscuit for royalty,bourbon,bourbon,double definition
15537,Speed up in home improvement regimen,dietary,dietary,container
141893,"My sonny's ill - tired and worn out, maybe",synonyms,synonyms,anagram
89361,It turns green once church leaves Devon town,tiverton,tiverton,anagram
102674,Slam outside hospital with a narcotic,bhang,bhang,container
102969,Screamer used the current hustings - the tops!,sutch,sutch,assemblage
16421,"You may see a hunchback, perhaps, double",ringer,ringer,double definition
123234,"Tiny pigs swallowing coin, nuts and bolts",rudiments,rudiments,container
124309,Turtle's head fit for consumption - on this?,teatable,tea table,assemblage
125340,Gives up about pet in trouble from bugs,centipedes,centipedes,container
62450,Land or borough in Holland for Spooner,touchdown,touch down,double definition
67167,Moderate entertainment,fair,fair,double definition
127533,Such a suit might make Ian pretty upset,paternity,paternity,anagram
68770,"What the Israelites went through the wrong way round, getting cooked very fast",seared,seared,anagram
25691,Record some inadvertent errors,enter,enter,hidden word
135939,Survive a heavy blow,weatherthestorm,weather the storm,double definition
686,Time off for parties in secluded spot,recess,recess,double definition
67811,Representation in holding company,icon,icon,hidden word
73753,Partner would make supermarket run if opening of tills moved to the earliest slot,escort,escort,anagram
62090,Party unknown to a foreign country,libya,libya,assemblage
70926,"Friendly, am I? - Vince",amicable,amicable,assemblage
38475,Officer knowledgeable about voucher,coupon,coupon,assemblage
51051,Everlastin?,endless,endless,double definition
52575,They entertain a tourist on board,strippers,strippers,container
29226,Standard artillery pistol held up,regular,regular,assemblage
68503,Author on track of plants,greenery,greenery,assemblage
112624,Accommodation unlet - perhaps it's windy,flatulent,flatulent,assemblage
129099,Old economist keeping nothing at English distillery,malthouse,malthouse,container
15585,Would it take another like him to be of one mind?,halfwit,halfwit,assemblage
83590,Thus honour deceased invalid's support,sickbed,sickbed,assemblage
78083,Traffic controller's lines set in committee,bollard,bollard,container
7191,Mythological princess performed with nothing on,dido,dido,assemblage
124909,That chap's very quiet round caged beasts,hippos,hippos,container
103040,Antonio's vessels from ancient city that is to south,argosies,argosies,assemblage
114354,Very nice romp - and hard all the way,everyinch,every inch,anagram
127098,"Legendary royal butt raised in support of performance by Callas, say?",ariadne,ariadne,assemblage
66853,Plot to blow up prison in church,conspire,conspire,assemblage
93883,Tenant clutching bottle's last to come in again,reenter,re enter,container
93592,A sweet girl's name for a flier,airman,airman,assemblage
35559,Circus artiste's value is tumbling,acrobat,acrobat,anagram
82154,Level playing field,pitch,pitch,double definition
38163,Skeleton said to be a man,draught,draught,double definition
39544,"Even question being in Europe; from set of data, it's time to leave",equable,equable,assemblage
1878,"Lecherous man with sex appeal - despot, not half",satyr,satyr,assemblage
124662,Pirate boy in previous day across the water,hijacker,hijacker,container
30903,Partner going off when there's no going on,stalemate,stalemate,assemblage
93748,"Refreshing place, Newgate Forest",teagarden,tea garden,assemblage
46247,Flower girl is seen in time,daisy,daisy,assemblage
41383,Attractive bars,magnets,magnets,double definition
106331,Legal successor heard to gain from flying hazard,airpocket,air pocket,assemblage
38854,Hairstyle covers very retro crew member,bosun,bosun,assemblage
63718,"More stylish going over line, one who finishes nicely?",polisher,polisher,container
54865,"Being completely taken aback, girl admits the sport's attraction",allure,allure,assemblage
30371,Subsequently the French turned sideways,lateral,lateral,anagram
50444,Came clean: he'd worse troubles,showered,showered,anagram
1424,Cut for a game of cards,abridge,abridge,assemblage
115759,Blue stain,dirty,dirty,double definition
108673,Academics accepting old work of mathematicians,proofs,proofs,container
57162,Junction in electricity supply service,matins,matins,container
64559,Hermit endlessly rejected Indonesian buyer's furs,ermines,ermines,assemblage
67571,Railway served by Scots police?,metro,metro,assemblage
95075,Kind of servant one keeps,retainer,retainer,double definition
36402,Extreme Right following United Nations,undue,undue,assemblage
94582,"Pack, card player works out, lacking spades",wolves,wolves,assemblage
117659,A scolded bishop ignored bubbly,aerated,aerated,assemblage
103891,One causing trouble in a washing machine?,agitator,agitator,double definition
34605,Transport for Conservative replacing miners' leader in union,carriage,carriage,assemblage
88178,Some characters in Tristram Shandy are flipping clever!,smart,smart,hidden word
131864,Copies I need to revise at times,imitates,imitates,anagram
48571,Old instrument's gloss masking rising cut,seraphine,seraphine,container
134717,Rich soup in unfinished pottery,bisque,bisque,double definition
29506,Control shown as others fall,restrain,restrain,assemblage
72199,Lime and cats affected plant,clematis,clematis,anagram
140029,"Carbon tip in abseil device, suitable for climbers",ascendible,ascendible,container
14377,Reportedly bright criminal devised means of support,livelihood,livelihood,assemblage
129321,"Making pie, I'd most bananas made best use of",optimised,optimised,anagram
1999,Honour account company''s to deal out,accolade,accolade,assemblage
107131,Work on an island operation,manoeuvre,manoeuvre,assemblage
65306,"Sweet, flat fish",pomfret,pomfret,assemblage
101991,"Highly strung, one whose life may be in the balance",tightropewalker,tightrope walker,double definition
138319,"Herb we eat with bliss, when cooked",sweetbasil,sweet basil,anagram
118079,"Idiot concealing brains but not heart, almost touching",closeset,close set,container
21346,"One always on hand for a date, say",palm,palm,double definition
131031,Kid cradles rook in bower,dupre,du pre,container
129687,"Black liquid, supplied by Native American, old drunk swallowed",creosote,creosote,container
25462,Want symbolic home to have entrance changed,dearth,dearth,assemblage
66238,Thus I list Rodin's silent retrospective of noted works,oratorios,oratorios,assemblage
8277,Bird seen on street in pushchair,stroller,stroller,assemblage
60209,Lambretta-rider taking exercise on one?,moped,moped,double definition
15359,Cyclist's condition?,rider,rider,double definition
123071,Redhead swimmer nets redhead German boy,carrottop,carrottop,container
99813,Hefty cow loses firm figure,weighty,weighty,assemblage
39977,Rose and disconnected speaker,rambler,rambler,double definition
116022,Support for hovercraft's vent shield,aircushion,air cushion,assemblage
3976,Rise lest soldiers invade,increase,increase,container
25813,The theatrical profession includes one from long ago,stoneage,stone age,container
70638,"Went off and again stood around, say",retreated,retreated,assemblage
23035,Dutch Redcoat on board,edam,edam,assemblage
69643,Controlled by the computer stealthily?,underthecounter,under the counter,double definition
40313,Food out East,eats,eats,anagram
111998,"Different girl, one in Italy, to approve of",unalike,unalike,assemblage
88238,Mean to entertain Indian poet,pindar,pindar,assemblage
3715,Utterly base and gruesome moral tale,allegory,allegory,assemblage
96041,"Short of time, they run about in stadia",greyhounds,greyhounds,anagram
13152,Nearly caught involved in crime,larceny,larceny,anagram
79168,Lady of ill report,porter,porter,anagram
117783,Irregular design - zigzag on reverse,wayward,wayward,assemblage
20586,Penny puts on weight in spring,pounce,pounce,assemblage
124968,Exciting? No!,turningon,turning on,double definition
121490,"Eager to embrace quarrel with some elders all about tattooing, say",needlework,needlework,assemblage
4189,Book not one's first choice,reserve,reserve,double definition
137104,They're presently taking up space,stockingfillers,stocking fillers,assemblage
4911,"Game, part of it inspiring local backs",tennis,tennis,assemblage
45949,Poppy's first piece has some musical backing,opium,opium,assemblage
88323,Fire starting on haystack engulfs busted dam of European monarch,frederick,frederick,assemblage
123644,Daughter admitted to knowing online programs,adware,adware,container
137631,"Out of uniform, mark down artist for head of state",devalera,de valera,assemblage
67732,The Spanish invested in second-rate capital,belgrade,belgrade,container
124169,Incidental information in window by door,sidelight,sidelight,double definition
119878,"Henry joins in expression of disapproval, missing nothing",catchall,catch all,assemblage
73672,Footwear's the making of Sal,sandal,sandal,anagram
38045,US composer into percussive sounds,ives,ives,hidden word
32002,Where we hear the canopy of power may be brought down,overthrown,overthrown,double definition
140260,Short-changed minor name in finance,rothschild,rothschild,anagram
99957,Sturm und Drang applied to mopheads?,shocktactics,shock tactics,double definition
65634,Place for finding big hats and misshapen coats,ascot,ascot,anagram
117993,Physicist has current going to earth cut short,dirac,dirac,assemblage
29966,Hide away from the French and American tax service,lair,lair,assemblage
46941,"Priest leaving church leader a true tale translated for Alfred, Lord Tennyson once",poetlaureate,poet laureate,assemblage
60136,It's what it does to another Rev,butterfly,butterfly,double definition
140921,Pharaoh dips into sea and a lake in the morning,matutinal,matutinal,assemblage
141633,Apply water to cut flowers,spray,spray,double definition
73557,Ban citation right away,except,except,assemblage
17849,Producing elastic,yielding,yielding,double definition
20425,It's what could snatch victory from one side,laterally,laterally,double definition
119552,Musicians' dosh reportedly censored,brassband,brass band,assemblage
130920,Registers failing to show separate A&E charges,indicts,indicts,anagram
43928,Swallow single drink,martini,martini,assemblage
108131,Such a church can omit choral composition,romancatholic,roman catholic,anagram
43206,Cheese is strong when expected,feta,feta,anagram
139778,Conservationists with the confidence of the country?,nationaltrust,national trust,assemblage
124816,"Cryptically, what might one do with a Cornish pasty and where? That's bliss!",beatitude,beatitude,assemblage
128450,One advocates love with it on tart,hippie,hippie,assemblage
116829,Query the manner in which I turn red,erythema,erythema,hidden word
54482,It's not normal to make dancing bear caper without money,aberrance,aberrance,anagram
76111,On strike? Pass!,overhit,overhit,assemblage
123861,Salt that may be extracted from china clay?,sodiumchloride,sodium chloride,assemblage
52465,Snare ten squirming fish,entangle,entangle,anagram
26492,Ask for ring the French held sacred,inviolate,inviolate,container
102194,Some protection for annoying person with paramilitary involvement,cuirass,cuirass,assemblage
124634,Pregnant warbler? It's the sound of spring!,boing,boing,double definition
16183,"Sam's wife Sally, perhaps",aunt,aunt,double definition
107925,"Fake left behind lorry: if pinched, one heading for auction",artificial,artificial,assemblage
116650,"Is beyond the reach of social services, which is inevitable",cantbehelped,cant be helped,double definition
109401,Child torturing mice is symbolic,totemic,totemic,assemblage
110656,This month every edition is placed,installed,installed,assemblage
53359,Free trade - comic sort of rule,democratic,democratic,anagram
111929,"Intermediary's game gamble with small gain, ultimately",gobetween,go between,assemblage
78774,It could include Red Queen,royalflush,royal flush,double definition
65271,Pipe obtained from branch that is by river,brier,brier,double definition
46630,"Rationing being distributed, one cannot be seen in the dark",ignorant,ignorant,anagram
110058,You'll hardly find whips as tolerant as this,aslaponthewrist,a slap on the wrist,double definition
109340,Catastrophic changes to a musical,calamitous,calamitous,anagram
62379,"Unhealthy state of America, briefly",ill,ill,double definition
18563,Teams in drinks break after last pair dismissed,elevens,elevens,assemblage
131737,Grabbed one McDonald's in a hurry,impressed,impressed,assemblage
75905,"Brewer's lad, eg working as a flier",sedgewarbler,sedge warbler,anagram
71754,Tiresome magistrates get used to it,trying,trying,double definition
149,I held wrong capital,delhi,delhi,anagram
87234,Foreign Office backed in media claim,profess,profess,container
123563,Completely virtuous plus ’aving the wherewithal to make tricks?,goodand,good and,assemblage
45864,He suffers from a lack of balance,bankrupt,bankrupt,double definition
111069,"Show best speed, perhaps?",topgear,top gear,assemblage
75502,Plant in a vertical line at back,plumbago,plumbago,assemblage
24614,Cure for extreme dyslexia,remedy,remedy,double definition
54394,"Atypical girl, grave with minimal yen to admit love",tomboy,tomboy,assemblage
51309,Invitation to trencherman,digin,dig in,double definition
93972,"From barn, as horse led out, they steer",handlebars,handlebars,anagram
107363,Might contain live wire?,powerhouse,powerhouse,double definition
2592,"Action of a lowdown, gutless cowboy",agency,agency,assemblage
67039,Bird making rude noise,ruff,ruff,double definition
54186,Silver ring on the floor,aground,aground,assemblage
104607,Opera house chap that was lauded by Betjeman?,metroland,metroland,assemblage
67873,Old girl working as model,damosel,damosel,anagram
65705,Further instruction in drinking?,refreshercourse,refresher course,assemblage
123585,Behold Victoria and Albert's framed painting,voila,voila,container
102150,Tea - its anagram - tea?,eatbetweenmeals,eat between meals,double definition
39078,Rap song and wild flower,snapdragon,snapdragon,anagram
131166,Old Irishman describing rugby with the ultimate in ugly savagery,cruelty,cruelty,container
92775,One offers concessions in a shopping centre to wipe out first of retailers to go back,appeaser,appeaser,assemblage
126391,Deer takes one for a ride,does,does,double definition
86581,Porky's tip on the radio,tale,tale,double definition
32041,Shipmates upset on the Queen Elizabeth?,steamer,steamer,assemblage
124757,Endless succession of agency clerks,cycle,cycle,hidden word
70552,A trail that leads to the summit,ascent,ascent,assemblage
47432,"Article written about the professional stage, perhaps",apron,apron,container
117459,Club menu the AA had changed?,athenaeum,athenaeum,anagram
109517,Spooner's municipal sewer prescribed for a lazy student,downtrain,down train,anagram
122312,The lady writer short on ideas may inhibit growth,herbicide,herbicide,assemblage
126445,Leading at snooker - a conspiracy?,frameup,frame up,assemblage
67268,Communist statesman spread gold around,castro,castro,assemblage
15253,Big hitter trimmed hedge in prison,sledgehammer,sledgehammer,container
49343,Film awards back to front at the back,abaft,abaft,anagram
54922,It's strange in Scotland and is found around lake where it winds down,uncoils,uncoils,assemblage
96483,Signal that could be great help,telegraph,telegraph,assemblage
120759,Girl including work on piano for ballet,coppelia,coppelia,container
17524,Run over?,extra,extra,double definition
94586,Partisan located outside Iraqi capital,biased,biased,container
113229,Protect against wild speculation (odds off),inoculate,inoculate,anagram
67801,"The little devil! Telling stories, making insinuations",implying,implying,assemblage
64232,"One supporter stands for Judas, but not one judge",arbitrator,arbitrator,assemblage
37376,Charm in French song,enchant,enchant,assemblage
65388,Transported sheets by tube? It doesn't have much hope,pipedream,pipe dream,assemblage
100024,Seen and heard in a Kentish garden?,canterburybells,canterbury bells,assemblage
5964,Sort of rate boy's bad behaviour,goingson,goings on,assemblage
107638,Poor quality drinking water in river,tatty,tatty,container
84642,US city turning up in atlas,saintpaul,saint paul,anagram
139443,"Legless man, one goes into pub to participate",joinin,join in,assemblage
50161,A small bird's behind,astern,astern,assemblage
98673,Greek citizens' interjections to take notice over voting?,hoipolloi,hoi polloi,assemblage
67328,"Import teak, say, brought in by sea",driftwood,driftwood,assemblage
35806,Name backing European exit,gate,gate,assemblage
98588,Unnecessary words? Not about bear,paddington,paddington,assemblage
83158,Nameless bone in substance virtually like another,fibular,fibular,assemblage
131950,Kind offer to pick up Edward,tenderhearted,tender hearted,assemblage
13314,Groundbreaker I used in wharf,pioneer,pioneer,container
139340,Statesman's charity rolling in money once,floridian,floridian,container
105714,A royal holding first place in Law,principle,principle,container
103966,Plant poles in river,tansy,tansy,container
138420,Examine local yokels - to put through the wringer,lookcloselyat,look closely at,double definition
27748,Difficult universal and timeless tale is deceptive,illusory,illusory,assemblage
95045,"Street covered in rotten food, aside from the majority going downhill",offpiste,off piste,container
28763,"Hundreds into riding here and briefly golf, say",lincolnshire,lincolnshire,container
55022,Furnishing periodical with set of figures,occasionaltable,occasional table,assemblage
48173,They don't mind their own business,agents,agents,double definition
15566,French and German articles appear below,under,under,assemblage
119427,Look into top player's huge pulsating body,xraystar,x ray star,assemblage
40174,Man without shape having a little defect?,malformed,malformed,assemblage
95272,"House is virtuous, no drug being found",clan,clan,container
46693,Leaves courses without one point!,deserts,deserts,container
24165,Many get permission to unite,cleave,cleave,assemblage
38443,When the gracious appear to make a point in a study?,tuesday,tuesday,container
115649,"I err, made drunk and getting more vague",dreamier,dreamier,anagram
57712,Sail across this or surf several?,channel,channel,double definition
47005,Mock attempt to reverse in vehicle,bogus,bogus,container
35487,"It's comparatively skilful to take head off a header, you say?",abler,abler,container
22136,"Paul, perhaps, threw wobbly - blimey!",strewth,strewth,assemblage
76130,Small in two ways?,modest,modest,double definition
29978,Dramatist arranging central part for top actor,star,star,hidden word
30440,Stable chap stole pickled cucumber in the end,ostler,ostler,anagram
18900,New Testament stories about money,talents,talents,container
126370,Loss of player - perhaps from something that disagreed with him?,foolsparsley,fools parsley,double definition
98828,"Flighty young woman says: ""Father swallows bad apple""",flapper,flapper,anagram
41651,Mate captured by crew coming back for incendiary fuel,napalm,napalm,container
77077,Material in test given to secretary?,temporal,temporal,assemblage
103136,Supply a team reserve,putononeside,put on one side,assemblage
118824,Ought queen to enter plump and slumped?,roundshouldered,round shouldered,assemblage
114157,Hills split internally by floods,torrents,torrents,container
14291,Stop a squad playing,abandon,abandon,assemblage
13137,Disrupt current London theatre offensive,intrude,intrude,assemblage
5181,Two monarchs giving sovereign's first greeting in long ago county,yorkshire,yorkshire,assemblage
44972,The power of a waterfall,force,force,double definition
49011,Free … or the BBC's heading for extinction,untie,untie,double definition
65753,"Conductor, oddly, became hot",beecham,beecham,anagram
88513,Fellow restraining good one with irregular blows,gusty,gusty,container
135631,Result of depression whilst husband's away? Could be,lowspiritedness,low spiritedness,double definition
118064,Airdrie resident's more in need of liquid refreshment,drier,drier,double definition
84948,Beginning of the Hindu festival in round buildings,tholi,tholi,assemblage
126563,"Composer putting king in check, brought back knight alongside queen",bruckner,bruckner,assemblage
32296,Mother puts a fellow in the shade,magenta,magenta,assemblage
32982,Heartless poet performed,done,done,assemblage
10063,Creditworthy?,believable,believable,double definition
110534,Small section of church upset theatrical dame,evans,evans,assemblage
125845,Native close to joining argument in pub,ingrown,ingrown,assemblage
92841,"Its subject: in messy warfare, male lost",afarewelltoarms,a farewell to arms,anagram
68110,"Without lid, drain jug",ewer,ewer,assemblage
24845,Elaborate blossom,develop,develop,double definition
28089,Mathematician starts to expand upon Lagrange's extraordinary results,euler,euler,assemblage
97412,A party opening up a temple,pagoda,pagoda,assemblage
92599,A reason to corner the woodchuck,groundhog,groundhog,assemblage
128356,Sporty car's first one produced for islanders,cypriots,cypriots,anagram
77645,Snow vehicle to slide out of control into ducks,skidoo,skidoo,assemblage
50740,Old navigator giving coiners trouble,ericson,ericson,anagram
13464,Stop New York baseball team getting turned over,stem,stem,assemblage
88776,Hooligan displays sheer audacity on part of the golf course,roughneck,roughneck,assemblage
103123,"Chance minimal change in New York, bringing in detectives",accident,accident,container
130272,Pansy among daffodils is symbolic,sissy,sissy,hidden word
87055,Horse sick around the withers initially; get a cloth!,cavalrytwill,cavalrytwill,assemblage
138607,"After study, no women find time for revision",readjustment,readjustment,assemblage
87653,We're told sailor's girlfriend may be dressing,oliveoil,olive oil,double definition
92598,Light reveals sick bird looking up,illume,illume,assemblage
129752,Here's the latest deplorably bad ratatouille!,readallaboutit,read all about it,anagram
93788,"Ultimately, Marilyn Monroe had to appear ditzy - never mind!",noharmdone,no harm done,double definition
72400,Gregarious agents in the sun,social,social,container
123902,It is found growing next to the trunk,tusk,tusk,double definition
134158,Battle between black and white bags Lidl supply without issue,childless,childless,container
49672,Retired men need purpose to get up,rouse,rouse,anagram
66950,Everyone bound to be properly organised,alltiedup,all tied up,assemblage
47073,Prince enters flat of major,staple,staple,container
60023,Propose relocation,move,move,double definition
132726,"Cash substitute, if Kent got hit",gifttoken,gift token,anagram
12846,"Seasoned beef as ""Armpit Stew""",pastrami,pastrami,anagram
73796,Back seats worth their weight in gold?,tonneau,tonneau,double definition
125049,"Because investing billions inspiring you and I, certain things gathering dust",cobwebs,cobwebs,container
46135,In which train times are disrupted!,transit,transit,anagram
140232,"Flipping dull, echoing gong",tamtam,tam tam,assemblage
47033,Monkey's beginning to pick apples up,scamp,scamp,assemblage
62608,"Rupert Bear, say?",brooke,brooke,double definition
18905,Leave city's wet environment,decamp,decamp,container
105188,"Foolish American boy, who makes you think of Wallis?",simpson,simpson,assemblage
81650,"Novelist nicking lines from Moliere?, lazy hack!",emilezola,emile zola,anagram
1689,It can result in call for reserve,netcord,net cord,double definition
6025,How the rise is transformed with this beastly carving!,whitehorse,white horse,anagram
58982,"Cave in Spain, base for one male tramp",implode,implode,assemblage
76857,Women's work in underground river in Wales,distaff,distaff,assemblage
82605,Club gets tennis champion further,everton,everton,assemblage
36218,Admire a fast rider,revere,revere,double definition
102531,Blooming monarch abdicating as movement arriving,inflow,inflow,double definition
99187,"River grass encircling path, not a river grass",deepthroat,deep throat,assemblage
88555,Mineral (barium) taken from church,silica,silica,container
72148,It keeps its mouth open to strike victim,lamprey,lamprey,double definition
123466,Pacific republic drink tipped to get gold,palau,palau,assemblage
135266,Formal protests about gifts,representations,representations,assemblage
58811,Place where dangerous plot may be hatched,hotbed,hotbed,double definition
88350,Authors announced titles,writes,writes,double definition
48851,Listlessness can make one reject help,acedia,acedia,assemblage
81200,Stir a large watercourse,canal,canal,assemblage
51763,Rock band followed by American uncle telling folk stories,remus,remus,assemblage
134676,Again Emperor's given order - Congress won't be restricted by it,openmarriage,open marriage,assemblage
37720,It secures a superior item for ladies,hatpin,hatpin,assemblage
62992,Delegate seen briefly by river to get rid of insects,delouse,delouse,assemblage
62463,Places of danger to sailors suffering with sore heels,leeshores,lee shores,anagram
61792,Refuse to reply at notorious flash point,balkans,balkans,assemblage
49709,Love writer accessible to everyone,open,open,assemblage
119150,I'm cold - I move home,domicil,domicil,anagram
44655,Primarily demonic and wicked - the master from hell?,devil,devil,double definition
21627,Payment going up - aim to adjust paperwork,origami,origami,assemblage
67716,"From Istanbul, a way of getting to African city",bulawayo,bulawayo,hidden word
86152,"Game, or its start, as heard on radio",golf,golf,double definition
68427,"Leaving home, freeloading daughter made ungracious remarks, all concluding",egress,egress,assemblage
26718,Aim to impress girl in skin-treatment establishment,tannery,tannery,container
102285,Island for outcast in Copperbelt,corfu,corfu,anagram
138037,"Arbitrary comment, I agree, is kind of average",geometricmean,geometric mean,anagram
26388,Engage in rigging,tackle,tackle,double definition
1599,Drop in standards scratching head in church,apse,apse,assemblage
37990,US lawman conceals memory of tragedy?,drama,drama,container
67742,Engineering graduate is an elaborate fraud,besancon,besancon,assemblage
60027,Choreographer's position in the company,cranko,cranko,container
48614,Fool has faith leader hold recruits' capital,moron,moron,assemblage
103277,Part of Spain's rainy and scandal-wracked,canaryislands,canary islands,anagram
122587,Advocate appearing for a Venetian explorer gains essential point,apologist,apologist,assemblage
105606,Shocking word repeated in error,booboo,booboo,assemblage
28996,Audibly voiced low spirits,mood,mood,assemblage
84538,Heap makes a bushel,epha,epha,anagram
35728,Strongly experienced entre-left alignment,heartfelt,heartfelt,assemblage
34034,Wooden strip holds king fast,starve,starve,container
35350,Kind of party animal,stag,stag,double definition
83490,What's French and saucy incited Americans' glee,cremeanglaise,creme anglaise,anagram
95692,Buses start running irregularly out of the centre,suburbs,suburbs,anagram
4988,Junk food,spam,spam,double definition
24803,Keep going in Felixtowe Road,tower,tower,hidden word
29833,Coin for pig,napoleon,napoleon,double definition
10193,Payment for artist making a comeback,reward,reward,anagram
83340,André Gide initially appears in quiet street in French capital,prague,prague,assemblage
65050,Animal put out by the ear,ratel,ratel,anagram
16654,"Bareheaded, going after crooked horse",skewbald,skewbald,assemblage
135840,Worker restores ends in new building,stonedresser,stone dresser,assemblage
20090,Deal possibly set aside,offcut,offcut,double definition
116500,Ferocious avian charge on hill,raptor,raptor,assemblage
104990,"Much of day is left, leaving remaining horses happy",satisfied,satisfied,assemblage
70515,Subverting enemy country,yemen,yemen,anagram
135444,Dryden character in a note on work he left,achitophel,achitophel,assemblage
36729,It is bound to show the titles,peerage,peerage,double definition
139377,"Fabric items, manufactured stuff for Germany",macrame,macrame,anagram
54128,Idol given name of bird,heron,heron,assemblage
39838,Hero Elsie had declared,elcid,el cid,anagram
114276,Unimportant part of indicator at motorway junction,minor,minor,assemblage
80680,Blameless watering hole given zero cash in US,innocent,innocent,assemblage
31047,Water with jolly blue colour,aquamarine,aquamarine,assemblage
121110,Tiddley explosive,lyddite,lyddite,anagram
59427,Frosty waitress in old corner house,nippy,nippy,double definition
85790,Steak went off stuffed with duck (extra large),tournedos,tournedos,container
24037,Supporter's grand boast,brag,brag,assemblage
94069,Shooting failure in the Caribbean?,tobago,tobago,double definition
124574,Fix up starter of pilau with reduced packaging. Spices strong with it?,girlpower,girl power,assemblage
139567,"Men score, cutting through Harlequins' sides, or Wasps",hornets,hornets,container
107823,Emptied cocktail over the dress,clothe,clothe,assemblage
13154,Apparent disgust often betrays enthusiasm,gusto,gusto,hidden word
11892,Realist to upset philosopher,aristotle,aristotle,anagram
61989,The way people talk of miracle food,manna,manna,assemblage
113257,"For me, goal is to tuck into health food",brendan,brendan,container
34412,Go after switching neon sign,noentry,no entry,anagram
120129,Looking to understand card,seeking,seeking,assemblage
45501,"Detectives in US agency retired, remaining sharp",acidic,acidic,container
112244,Ecological group plant northern vegetable in a Mediterranean country,greenpeace,greenpeace,assemblage
33425,Wife abroad? Cheat endlessly!,frau,frau,double definition
91652,Drains designed to reach the lowest depths,nadirs,nadirs,anagram
118053,Be aware of a calf keeping its head in the shade,haveaclue,have a clue,container
35821,A bus broken down on the way is ridiculous,absurd,absurd,anagram
53153,Cheat to get violin,fiddle,fiddle,double definition
33327,Doctor's prescription for management,treatment,treatment,double definition
62753,"With a degree, true: his work is not polished",amateurish,amateurish,anagram
95995,Reluctant to have a port with philanderer,lothario,lothario,assemblage
19057,Club member doing a good turn?,rotarian,rotarian,double definition
16622,Percy's resistance to push for change in advance,hotspur,hotspur,double definition
24382,Hero achieves eminence amongst top men,achilles,achilles,assemblage
16075,Weapon did its job on maiden,cutlass,cutlass,assemblage
63484,Note down new present,endow,endow,assemblage
77958,"Make merry, as lyricist bags English girl",rejoice,rejoice,assemblage
14704,French model Nicole stripped for casting?,clio,clio,anagram
41007,English tea break keeps US workers involved,elaborate,elaborate,assemblage
36206,"Recalled shorter answer, stuck with leading pair from Audreus, in the bath!",sauna,sauna,container
67521,Attempt to cage wolf in peace deal,treaty,treaty,container
141737,New painting captures Queen - that's concerning,pertaining,pertaining,container
63400,Leading Republicans' euphemism naively downplaying illegal torture in other nations,rendition,rendition,assemblage
67987,Fighter pilot with boat crew,flyweight,flyweight,assemblage
25488,No encore for such a performance? That's gross!,unrepeatable,unrepeatable,double definition
98213,Explorer is eating last of the sledge dogs,scotties,scotties,container
31326,"King Lear's opening, rubbish",offal,offal,assemblage
44343,One is well rid of it,illhealth,ill health,assemblage
74878,"It could be eaten sailing, or it could be sweeping",generalisation,generalisation,double definition
96863,Woman kept by journalist enters hard work with toy animal,sleevedog,sleeve dog,container
80036,A lot of filth by leader of Lords causes brief storm,squall,squall,assemblage
77968,Hollywood's top director exhibiting arrogance,hauteur,hauteur,assemblage
90158,Soldiers follow one in specialist trial,experiment,experiment,assemblage
125198,Awkward to do then with precision,onthedot,on the dot,anagram
122902,"Following closely, a lot on site for development",nosetotail,nose to tail,double definition
22793,Left before recess - a blunder,lapse,lapse,assemblage
43716,Carry round goods for one who can't afford them,beggar,beggar,container
76833,"Supply what was wanted, for instance, including clenched fist?",satisfy,satisfy,container
84706,Get lady confused with poet,lydgate,lydgate,anagram
130622,"In front of mirror, taking advantage of reflection",musing,musing,double definition
46932,Relief organisation for the hot and peevish?,redcross,red cross,double definition
126022,Becoming attached to band after getting head turned,adhering,adhering,anagram
114096,Woman takes motorway into city,emily,emily,container
71144,"Some papers are amusing, to some extent",ream,ream,hidden word
141355,Mars - a visit (ET) to be arranged?,vitiates,vitiates,anagram
58597,"Cloak for wife, South African style",capedutch,cape dutch,assemblage
28713,He will see what others have to say,lipreader,lip reader,double definition
109433,"Doing backstroke, swim round lake with fish - such as this",pilchard,pilchard,assemblage
54368,Sound beast carrying rubbish carrier,orthodox,orthodox,assemblage
123944,People wanting a new landlord,publican,publican,assemblage
55185,Meet with elected scoundrel,incur,incur,assemblage
38004,Rude and very Scottish sort of hut,uncouth,uncouth,double definition
53082,"Talented Lib Dem, no longer the leader",able,able,assemblage
124133,"Impure, I quietly run away and sleep at home when he calls",muezzin,muezzin,assemblage
60250,"Begin to sparkle, as smoker might?",lightup,light up,double definition
108914,"Construct a house as advertised, we hear",build,build,double definition
989,Revolutionary with fish head to cook,chef,chef,assemblage
67503,Engineer left broadcasting: one's unable to stick it,teflon,teflon,anagram
5855,Unwanted growth has proceeded round the whole street,gallstone,gallstone,assemblage
105452,Criminal underground starts many a feud in America,mafia,mafia,assemblage
56720,A driven out intruder,invader,invader,anagram
22400,The foreign fashion revealed by a singing John,elton,elton,anagram
85136,Drink order placed in ancient language,homebrew,home brew,container
82285,A little animal taken in island,malta,malta,hidden word
29650,Parody about Liberal providing winter sports facility,skilift,ski lift,container
104651,Silly gag about Wossy's comeback - he started it!,aggressor,aggressor,anagram
93785,Gas enveloping a part of Spain,aragon,aragon,container
6344,Team given extra exam,elevenplus,eleven plus,assemblage
43035,Strikers going round pit take a dip,pickpocket,pickpocket,assemblage
118953,Something added on the end of affectionate princess's letter?,annex,annex,assemblage
111529,A venerable name in our illustrious past,bede,bede,hidden word
4515,Seed that's old removed from a loch,almond,almond,assemblage
114711,Work's inside and out which is good for plant,topsoil,topsoil,container
136938,Billionaire's first to not offer tip in bar,blacklist,blacklist,assemblage
16704,Aim by listener to win affection,endear,endear,assemblage
102993,Irish operator is such a person in trade,shopkeeper,shopkeeper,assemblage
9830,Insect biting back inside cave,beware,beware,anagram
60087,"Robson beating Williams, for example, winning at least six games",upset,upset,assemblage
51355,Stay faithful,staunch,staunch,double definition
89120,"Likely to give an answer, especially in revised version",responsive,responsive,assemblage
133412,Bluish-grey bench one removed from row,pewter,pewter,assemblage
79822,Supporters with lots of hard facts,brasstacks,brass tacks,assemblage
123901,You'll find me introducing very French measures,metres,metres,assemblage
60795,Plant fruit trees here? One for middle of park,orchid,orchid,anagram
95541,The girl to take action,sue,sue,double definition
20070,"Condemned? Not right, put on trial",accused,accused,double definition
17555,A band from the capital to boot,also,also,anagram
89473,Bush harbours condition that's half Arab offered,gifthorse,gift horse,container
106550,Does up building that's not authentic,pseudo,pseudo,anagram
87740,Prejudice runs riot - body of law needed,jurisprudence,jurisprudence,anagram
25097,The temporary accommodation I have outside the army is not definite,tentative,tentative,container
54498,Horse put in pen to struggle,writhe,writhe,container
46034,Relative of the weasel even more outrageous?,otter,otter,double definition
70853,Dubious heirs to Switzerland's treasure,cherish,cherish,anagram
33639,Running for the job,operation,operation,double definition
78895,"Time to give the ticker a boost, having it off with Gladys",daylightsaving,daylight saving,assemblage
110152,Paying customer to make severe criticism about rotten first half performance,patron,patron,container
80555,Otherwise take railroad to the Home Counties,else,else,container
27594,Look over tower,keep,keep,double definition
57659,"Just once, do put one out!",exactly,exactly,assemblage
88028,"Redeemed, made amends or converted",ransomed,ransomed,double definition
98121,Christian beginning to pray in bed,copt,copt,container
87570,Daughter's body clock determines when to have food,dinnertime,dinner time,assemblage
20040,Mackerel bait?,sprat,sprat,double definition
75686,I hold teaching qualification - fix?,imbed,imbed,container
29298,A hazard on the table or in the field,potshot,pot shot,double definition
62073,"Flawed agate, black inside, is soaked in boiling water",teabag,tea bag,container
16044,Old king of note,offa,offa,assemblage
21194,Grass performing well?,inform,inform,double definition
130077,Journalists who keep saying cutting things,hacksaws,hacksaws,assemblage
6979,"Wreck's sunk into ground, obviously",undo,undo,hidden word
61280,Dishonest proclivity,bent,bent,double definition
79084,"When free, retire to a place abroad",eritrea,eritrea,anagram
10881,Partners who dance up in close formation,couples,couples,double definition
43852,Creating anger over maximum flight distance,range,range,anagram
122957,Sex in Esquire's spread needs …,requisites,requisites,anagram
118050,Feature of stern father is bottling up love,poop,poop,container
34948,Revolutionary coming back to eat pub grub?,dinner,dinner,container
82689,"One sport he worked on, nearing defeat",ontheropes,on the ropes,anagram
17240,In which pupil appears to flag,iris,iris,double definition
117543,Boatman gets his first crop on the wagon,boatswain,boatswain,assemblage
102073,Work out cricket team's not old,suss,suss,double definition
9656,Belief which may be taken up,tenet,tenet,double definition
33671,Bunny Lake is back and embraced as a formality,ceremony,ceremony,container
110327,Revelations of secret trips,outings,outings,double definition
110318,Homes established in a partnership,nests,nests,container
2439,Fight possibly rigged,spar,spar,double definition
103051,Unusually precise about line for title role,pericles,pericles,anagram
103296,Pressing suit with the devil,impaction,impaction,assemblage
101548,Like warning Liberal about vote,forexample,for example,assemblage
119257,Andy Murray's traditional outfit has no length for tackle,kit,kit,container
15125,"Curved member made of wood, say",bowleg,bow leg,assemblage
134696,"Queen keeled over during a function, one of two in Ulster, perhaps",armhole,armhole,container
25878,"Time saved by unscrambling of a Gemini crossword, primarily cryptic",enigmatic,enigmatic,anagram
67914,Single swimmer's base,sole,sole,double definition
140821,"Rich with a hundred, in truth",fact,fact,container
109614,"The way things stand, a strike's not new",asitis,as it is,double definition
61982,Secret drinker comes to earth in Morecambe?,esoteric,esoteric,container
26759,General concession,grant,grant,double definition
66165,Fearing degree being dropped at university,reading,reading,container
138850,"Youthful rogue has not much ham, lettuce etc - no seconds",bitofalad,bit of a lad,container
18191,Annoyed that shirt's missing from counterfeit Man U strip,upinarms,up in arms,assemblage
3245,Region sadly showing neglect,ignore,ignore,anagram
90110,Zero return after call for capital,dublin,dublin,assemblage
460,Instrument causing damage when attached to one short whip,harmonica,harmonica,assemblage
90521,Charley's Aunt erotic? Take a walk!,saunter,saunter,anagram
10947,Teacher seizes a shirt in uproar,stir,stir,container
44171,Parody old Bob's clothing,skit,skit,assemblage
3898,Clients designed template,stencil,stencil,anagram
56034,Bar snack?,chocolate,chocolate,double definition
30668,"It's poisonous, thanks to natural mutation",tarantula,tarantula,anagram
77136,Repeated knocks make Irish twins retreat,taptap,tap tap,assemblage
80064,Even up things with rate distribution,straighten,straighten,anagram
115907,Dog dirt on park for animals picked up,shihtzu,shih tzu,assemblage
93872,"""Music"", which is derived from the bloody Muse",moodyblues,moody blues,anagram
18828,Meet in a bar,abut,abut,double definition
124513,"Excuse a little colour without energy, maybe, on box",pleating,pleating,assemblage
19735,Gibbon's ailing somewhat due to small growth,bonsai,bonsai,hidden word
98507,Wild cat's feline creature for hiding in tree,leafinsect,leaf insect,anagram
1273,Dealing with urgent checking,repressing,repressing,assemblage
28458,Final appearance of US actress - good!,swansong,swansong,assemblage
116004,"Uppity tramp, devout, hogging entrance to temple",bumptious,bumptious,container
63785,Fanatical attack to capture Baghdad's leader,rabid,rabid,container
52323,"Study comes to an end, keeping good time",digest,digest,container
123133,"Once unit has regrouped, carry on",continue,continue,anagram
52613,Roads meet in confusion round the North; they can improve things,emendators,emendators,anagram
14737,Get to the top on Tyneside?,scalene,scalene,assemblage
65739,Goodly beer right for knocking back,large,large,anagram
121510,Cuts prize given to rugby players,medallions,medallions,double definition
33309,Rowan's character: nothing comic,beano,beano,assemblage
71376,"""Heart of Midlothian"" follows radical dogmatist",bigot,bigot,assemblage
38657,Woman in torment shows spirit,banshee,banshee,assemblage
142,A channel swimmer accepts kiss from the great man,alexander,alexander,container
25422,It's right by the map,eastward,eastward,double definition
50376,Give name with nothing in it to fool with old gold coin,doubloon,doubloon,assemblage
114838,Gathers crowds when speaking,hoards,hoards,double definition
48304,"To prepare, he corrected with eraser",rehearse,rehearse,anagram
107588,"Soap found under bum, which is sweet",spongecake,sponge cake,assemblage
69792,Tilts at hint on drink,tipsup,tips up,assemblage
139034,"Circling island, misplaces cultivated field",specialism,specialism,anagram
101146,Cross about anything but silent silence,muffle,muffle,container
121774,"Settlement of rent, once due needs to be met",encountered,encountered,anagram
116016,"Well I'm blowed! Bald, shaved and pink!",coral,coral,assemblage
137028,Head of government to OK thoroughfare stopping short of scaffold,gallowstree,gallows tree,assemblage
48249,Old instrument needs the sphere to ring,theorbo,theorbo,assemblage
79460,Production of Haydn's oratorio,creation,creation,double definition
16252,Is he up to repairs?,tiler,tiler,double definition
116704,Green University don could become experienced,undergone,undergone,anagram
86793,It's grand to make many holes in a hot plate,griddle,griddle,assemblage
96526,Disk that's not a hit with artless party,floppy,floppy,assemblage
87084,Chairman's out to provide violent opposition to the government,anarchism,anarchism,anagram
46945,Blast engulfing Caribbean islands capital,darwin,darwin,container
117872,"Religious leader (a healer) cured flesh, receiving credit as a teacher",mohammed,mohammed,assemblage
32455,Ask to tear net in pieces,entreat,entreat,anagram
113200,Old skin disease liable to drain confidence,sapego,sapego,assemblage
15131,Dissipated girl in confinement,misspent,misspent,assemblage
91831,Lifting a great weight is false,notso,not so,assemblage
89024,"High frequency range, say, penetrating mum - is sore in the ears",megahertz,megahertz,assemblage
37347,"Some styles return, returning briefly",tersely,tersely,hidden word
123817,"Lively end to working week, heaven",frisky,frisky,assemblage
31567,Expectant boy and European girl set about stir-crazy night hunter,pipistrelle,pipistrelle,assemblage
9187,Biting right into tart,acrid,acrid,container
59047,Common former leader,heath,heath,double definition
106486,Wine that's held up by guys getting tight,tent,tent,double definition
122252,Where to find swimmers showing promise in class on regular basis,lidos,lidos,hidden word
111353,Draw mob and see wild mayhem,disembowel,disembowel,anagram
112794,Game controller's about to take a quick look up,keeper,keeper,assemblage
96120,Always right in story about trouble arising,infallible,infallible,assemblage
113980,A fish in a fiddle in a former city,stalingrad,stalingrad,container
33968,Weapon company gets receiver in,firearm,firearm,container
49038,Agreement primarily sought within marriage,unison,unison,container
105007,Ride off a little way to old city in time to get led up the aisle,marriedinchurch,married in church,assemblage
121371,"Corrects paperwork, putting top of house on in flats",proofreads,proofreads,assemblage
53700,"Like china after the bull, shop being gutted when he's gone",strewn,strewn,assemblage
34214,Pepper's top music arrangement,capsicum,capsicum,assemblage
78502,Of course Nijinsky was one,racehorse,racehorse,double definition
61315,Chain letters?,mail,mail,double definition
103805,"Vexed about European tree such as beech, from what we hear",seashore,seashore,assemblage
13705,"Bar providing energy (sustained energy), almost other-worldly",estaminet,estaminet,assemblage
124729,Astronomical scale of opening novel,analemma,analemma,assemblage
79371,Breathe with difficulty and gag,wheeze,wheeze,double definition
86193,Inspector gives opinion with hesitation,viewer,viewer,assemblage
79649,"Docks associated with locks, we hear",quays,quays,double definition
130415,"Set fire to one reptile in sewer, according to reports",litigator,litigator,assemblage
21082,Sort of spin one thus put on an issue,isotopic,isotopic,assemblage
107834,Snooty head of a religious order,superior,superior,double definition
54819,Performance of coital nous in close contact,osculation,osculation,anagram
7507,Nourishment from fruit worker's consumed,aliment,aliment,container
128679,"Fellow clean, having removed soft muck",manure,manure,assemblage
108648,Fraudulent cutie fled in disarray,deceitful,deceitful,anagram
75968,"Come down heavily, when gathering of hunters is set up",teem,teem,assemblage
80354,I cut out the hard stuff when at work,stonemason,stonemason,assemblage
82313,Body meeting to pledge help to golfers?,committee,committee,assemblage
88362,Never return to issue concerning former volunteers,atnotime,at no time,assemblage
76523,Member worried partner,mate,mate,double definition
72051,Plot developer,schemer,schemer,assemblage
56688,Annoyed at being inconvenienced,putout,put out,double definition
116153,"Small tots, primarily on wheels - in these?",strollers,strollers,double definition
2750,Approval for archbishop when in a hole,plaudit,plaudit,container
44992,Wood that is abandoned somewhere in Africa,natal,natal,double definition
50432,Chicken causing a crowd disturbance,coward,coward,anagram
5223,Ornate enamel apt for sign,nameplate,nameplate,anagram
83215,Elaborate ornament to hang on ventilator,fandangle,fandangle,assemblage
121050,"Compiler's not right, unsound - controversial debate?",polemics,polemics,anagram
49735,What sucker needs a politician?,straw,straw,double definition
101613,English writer hits cart track backing motor,turbine,turbine,assemblage
86013,See one and fancy double?,lookalike,lookalike,double definition
140061,Silly argument over half a small pigeon,squab,squab,assemblage
26153,Criminal gets Gill confused with ale,illegal,illegal,anagram
108393,"Wide path, a mere folly, that has its highs and lows",weathermap,weather map,anagram
91827,"Travelled free to Oxford, say, and got married",hitchedup,hitched up,double definition
90877,Wild flower round by border,oxlip,oxlip,assemblage
15283,Main follower in France with projector,tenon,tenon,assemblage
63244,I'm given picket duty,impost,impost,assemblage
52888,Plant an hour in advance,shrub,shrub,container
138773,Local London football team spurned by Poles,areal,areal,hidden word
120878,Massive thing lit a haven development,leviathan,leviathan,anagram
85419,Novice's a person stupid in the head,loaf,loaf,assemblage
69373,Record poem about island event,episode,episode,assemblage
102003,Living with old Medici reproduction,domiciled,domiciled,anagram
125914,Fold party clothes,dogear,dog ear,assemblage
125578,Many a playground prank ties knot around Maggie's bottom half,wedgies,wedgies,assemblage
59616,Vessels a Scottish poet topped,urns,urns,hidden word
112989,University College during religious festival is brilliant,lucent,lucent,container
34292,Overwork Bob's followers,strain,strain,assemblage
141476,NYPD case to get resolved having been shortened,syncopated,syncopated,assemblage
99236,They take risks travelling outside end of slope,skiers,skiers,anagram
47882,Villainous relative slain - clues available,unclesilas,uncle silas,anagram
27334,"Expression of compliance, almost trendy?",righto,righto,assemblage
53660,"Tall and skinny, first to go fishing",gangling,gangling,assemblage
19872,He planted a tree using these hollow acorns,ancestor,ancestor,container
51494,"Within a year, US college shows understanding",amity,amity,container
22110,Hardy presents most of hoary tale,ollie,ollie,assemblage
65222,Admits top of hanger is missing,allows,allows,hidden word
62044,Tape larks when camouflaged,lapstrake,lapstrake,anagram
38456,Neighbours are in a home,nearest,nearest,container
30526,Minimise importance of function involving food shop,sideline,sideline,container
133273,Speechless about group's bagpipe,musette,musette,container
1880,Lecherous chap took your heart away,satyr,satyr,container
38670,Priestess is one Greek character Angie confused,iphigenia,iphigenia,assemblage
26697,So much room for jogger?,elbow,elbow,double definition
102422,Upset at dense part of London,eastend,east end,anagram
65799,Spirit with which a certain Graf covering court runs,spectre,spectre,container
49333,Schematic representation of articles of faith,catechism,catechism,anagram
120194,Carrying burdens across back of mule that's slow,leaden,leaden,container
34463,Missionary put in mid-Wales,apostle,apostle,container
86654,"Calls sailor back, one's docked",names,names,assemblage
58104,Country sign bearing direction that avoids the centre,lesotho,lesotho,container
52444,Equipment to slice nice ham,machine,machine,anagram
56339,The man leading Earth's revolution is a god,helios,helios,assemblage
53508,Live as a bird and take off,beatit,beat it,assemblage
103092,"I'll pay check - the man's nothing for gas, being held in disgrace without a shilling",havethisoneonme,have this one on me,container
109169,Vocal tribute to Japanese camper van?,nessundorma,nessun dorma,double definition
59873,Friday's child makes you shiver,frisson,frisson,assemblage
97307,Can I take a butcher's consideration?,letmesee,let me see,double definition
141631,"Defenders greeted, sloping off from the front",backswept,backswept,assemblage
46001,Wartime enemy heading off for the firing line,oche,oche,assemblage
130770,"In Devon, a current company leader is business manager",exec,exec,assemblage
128189,"Napier's figures almost right, not entirely wrong",logarithms,logarithms,anagram
134419,Hobo's besotted with bling and spirits,hobgoblins,hobgoblins,assemblage
4244,Party? Try to have one,bash,bash,double definition
77747,Aim for gold? I disagree,objector,objector,assemblage
18500,Serene spirit comes from this,still,still,double definition
59788,Young female FBI agent now gone private employed by Nelson?,glasseye,glass eye,assemblage
135286,"Languages such as Hebrew, including old study of signs",semiotics,semiotics,container
111582,"We object, being placed in improper abode. Why? It's of ill repute!",bawdyhouse,bawdy house,assemblage
83921,"It's of assistance to shepherd or miner, but not king",collie,collie,assemblage
128438,Produced rising bill and butcher sued,caused,caused,assemblage
54449,They feel it's time to have castle refurbished,tentacles,tentacles,assemblage
39179,Wooden tile dashed with pebbles?,shingle,shingle,double definition
78883,Maiden possibly left port with too much luggage,overladen,overladen,assemblage
38803,Raise tax during fight with deposed leader,elevate,elevate,container
28654,Bypass (ring road) crumbling - such a state!,colorado,colorado,assemblage
54161,Philosopher managed last of apple crumble,diderot,diderot,assemblage
107670,Had Belgians (or Bengalis) turned out Asian?,bangladeshi,bangladeshi,anagram
32662,They won't stand for their instruments being played,cellists,cellists,double definition
13101,This address caters for love on the allotment,oration,oration,assemblage
86568,Cut that ensured Macduff's survival,caesarean,caesarean,double definition
42292,Quarrel with composer about second note of major scale,breach,breach,container
31939,Seeming to act as representing another,appearing,appearing,double definition
24203,"Romantic songs in silly riddle, after point for daughter",lieder,lieder,anagram
86852,Kept touring Dorset,stored,stored,anagram
115801,Sex hormone replaced on gander,androgen,androgen,anagram
64382,State nicknamed sooner rather than later: OK?,oklahoma,oklahoma,double definition
23405,Discount English book with set standard jacket,rebate,rebate,assemblage
106788,Shrub grew on river in a month,rosemary,rosemary,assemblage
88138,Stuff about English prince or king?,george,george,container
110695,Ref rants about changeover,transfer,transfer,anagram
96234,"Book about principal, not a strong head maybe, yet beginning",remainsoftheday,remains of the day,assemblage
12071,"Low gear involved, finding place to park?",moorage,moorage,assemblage
60822,A name is called a name,monica,monica,double definition
76701,"Left and left again, lorry finally gets round",portly,portly,assemblage
95333,Here visitors may check in for a social occasion,reception,reception,double definition
673,Lofty range of latest shifts,falsetto,falsetto,anagram
83727,Distress at leaving embassy man following judge,heartache,heartache,assemblage
93612,"One way to prepare food, cold, stopping on the way",encroute,en croute,container
17174,He composed some enjoyable harmonies,lehar,lehar,hidden word
127453,German philosopher's more cheerful,gayer,gayer,double definition
32364,Clue short of perfect,idea,idea,assemblage
93595,Reformed Chapel anthems used to promote the virtues of water,cheltenhamspa,cheltenham spa,anagram
64358,"Being in league, agreed to get rid of leader",allied,allied,double definition
82856,"Polish fruit, cored, is chewy",rubbery,rubbery,assemblage
73695,Boost announced for Alexander's father,philip,philip,double definition
57005,Turn aside right after the avenue,avert,avert,assemblage
32670,No time for checking maxim,saying,saying,assemblage
1309,"Translated ""plastered""",rendered,rendered,double definition
38553,Despicable people on top,scum,scum,double definition
115468,"Awaiting summons from head of court in plain wrapper, to be returned",oncall,on call,container
72114,Amplifier to help retail a service,laser,laser,hidden word
80728,Travel in time beyond it and back from Rome,itinerate,itinerate,assemblage
121676,Combine to restrain a temper,allay,allay,assemblage
84957,Clerical doctor has a bit of a scheme concerned with aspect of language,syntactic,syntactic,assemblage
90475,She would pack a right in a scrap,shred,shred,container
75083,Head of Sheffield Wednesday is meeting Hillsborough's first Scandinavian,swedish,swedish,assemblage
79404,"On North by Northwest, upset over one late director",winner,winner,anagram
51440,Letter put in fireplace reduces to carbon,graphite,graphite,container
32221,Restaurant cutlery,canteen,canteen,double definition
61927,Exploit dwarf,stunt,stunt,double definition
100715,Performance in which the middle section gets the twitch,bellydance,belly dance,assemblage
94065,Doctor can back old GP site,monaco,monaco,assemblage
5968,The Queen needs foreign money for the mission,errand,errand,assemblage
82472,Good place for baby with loop,picot,picot,assemblage
8368,Cloth goes with bathroom items,toiletries,toiletries,double definition
7350,First drops in wood more than adequate,ample,ample,hidden word
27966,False plea men put to a jury,empanel,empanel,anagram
40630,Right nipple brought out as a special favour,treat,treat,container
38945,Lead present in unusual spell of rain - it's blissful,nirvana,nirvana,anagram
20340,Chief island's headgear,topis,topis,assemblage
95135,Giveaway lines?,freeverse,free verse,assemblage
141701,"Dearie me, I'm so disorganised - reminders needed!",aidesmemoire,aides memoire,anagram
40049,Trollop allowed a pie,tartlet,tartlet,assemblage
77809,White boy finds nearest man in blue,skinhead,skinhead,assemblage
112968,"When retired, managed share account",narration,narration,assemblage
73262,"Judge - typical, though not posh - producing a rejection",refusal,refusal,assemblage
100936,Uncultivated to blow off with loud noise,lowbrow,lowbrow,anagram
46130,These islands provide a free love style,faeroe,faeroe,anagram
52610,Endless hilarity over barber's offering,trim,trim,double definition
139370,Complaining about president is exciting,gripping,gripping,container
3955,Result of dropping the charge?,pricecut,price cut,assemblage
138522,Making changes in device isn't encouraged,incentivised,incentivised,anagram
127798,Shank used to position these,skeandhus,skean dhus,anagram
4506,Duck has suffered on island,borneo,borneo,assemblage
44503,Opening vocal variation to Elgar's first,alcove,alcove,anagram
96316,"Paper's written about conclusion to inquiry, little being an inward reference",myself,myself,assemblage
8008,"Tool isn't blue, not black variety",utensil,utensil,anagram
41326,It may reveal hidden charges,minedetector,mine detector,double definition
20677,Trickery's insult to an audience,sleight,sleight,double definition
72045,City of revolutionary in duty list,rochester,rochester,container
126949,Monstrous party on the up through Gulf War not all bad,godawful,godawful,assemblage
57628,Setter finds shelter from fight,melee,melee,assemblage
28186,"To separate, cut outside page",split,split,container
51375,"Consents, but will be a long time coming round again",agrees,agrees,assemblage
86583,Finish off incredible eastern story,tale,tale,double definition
90867,Successful escape requires them to be clean,heels,heels,double definition
105020,Pets regularly bite? Avoid!,eschew,eschew,assemblage
82993,Lowers stock of the hoi polloi,herd,herd,double definition
133314,Produce charged particles and celebrate topless,ionise,ionise,assemblage
57936,Incredibly small club in Finish cape,subatomic,subatomic,container
27317,"Surviving, once one is protected by explosive",extant,extant,container
45931,Screen has crimson centre and unusual rose edging,reredos,reredos,anagram
83264,Look after the ruddy whiskey!,redeye,redeye,assemblage
112817,Trading jargon after Queen is swallowed by distance,mercantile,mercantile,container
138913,Craving for flour - is it regular?,lust,lust,hidden word
94199,"Guided the unholy Tannhäuser on Rome expedition - devastated, primarily",tutored,tutored,assemblage
114206,Greek island with a cat that's externally weightless,ithaca,ithaca,assemblage
101298,Short skirts tempt the clergy!,ministry,ministry,assemblage
123748,Plans where PM lives without owning - tense?,intends,intends,assemblage
50900,Like a mother could lose a point and gain one - it's seriously relevant,material,material,assemblage
90550,"Hide fortune, making run for Cuba",lurk,lurk,assemblage
110569,Indications of a lot of hard drinkers going on spree,harbingers,harbingers,assemblage
104466,"Aggressive libels come out, millions being lost",bellicose,bellicose,anagram
4903,"Game, or six of them, holding local up",tennis,tennis,assemblage
52831,Facial hair reported to county's capital,tashkent,tashkent,assemblage
3357,A French field with sailors: cancel the lesson,unlearn,unlearn,assemblage
125797,Bribe a cricket side - or just one fielder,squareleg,square leg,assemblage
133476,They provide poor accommodation,almshouses,almshouses,assemblage
109042,Book for Sunday opening - put in the one before Easter,psalms,psalms,container
128816,Language used in theatre by Lawrence director tailored to fit again,readapted,readapted,assemblage
784,Women's quarters and hospital are by motorway,harem,harem,assemblage
74487,He says he's a Muslim leader,imam,imam,double definition
46469,Commotion curtailed on American burial place,tumulus,tumulus,assemblage
17832,Josh gets scared,windup,wind up,double definition
24196,Sound conductor of German songs,lieder,lieder,double definition
29423,One good with relief work for delicate ornamentation,filigree,filigree,assemblage
64543,It currently controls rose that is rambling,rheostat,rheostat,anagram
43829,Old instrument: state feminine name,rebecca,rebecca,assemblage
69569,One of those sweet utterances of lovers in love,nothing,nothing,double definition
23822,Where fallen gladiators bit the sand in ancient Rome?,arena,arena,double definition
29321,Amusement park fails to open - how dishonest!,unfair,unfair,assemblage
29253,Weighty communication cut by a lawyer,notable,notable,assemblage
113656,Person taking money,nicker,nicker,double definition
59680,There's nothing stupid in Denmark,odense,odense,assemblage
69633,Islands getting many account transfers,cayman,cayman,anagram
131619,Criminal acts at house in the middle of Trieste,villainies,villainies,assemblage
48979,Spot-checks English river rising fast,speedy,speedy,container
113859,Expecting a delay in start of games,awaiting,awaiting,assemblage
109706,Favourite uncle hurt about aunt's initial pique,petulance,petulance,assemblage
60170,Free terrorists snap title up,emancipate,emancipate,anagram
76473,Boatman's a knave!,jack,jack,double definition
134236,"Mopes about, exiting Olympic Games racked with muscle pain",myalgic,myalgic,anagram
53859,Girl otherwise taking one in,elsie,elsie,container
118608,Reclusive boy taking issue to heart,eremitic,eremitic,container
71281,Old transport on river outside the city walls,extramural,extramural,assemblage
78829,It's sweet of Republicans to keep banging drum,gumdrop,gumdrop,anagram
136821,Key workers?,locksmiths,locksmiths,assemblage
119955,Sounds just so ill,sick,sick,double definition
42117,A rugby player thus taken by surprise,aback,aback,assemblage
108118,They believe further education for sailor one solution,unitarians,unitarians,assemblage
129142,Instant calls blocked by new PM's predecessors,mornings,mornings,assemblage
28452,Gloria's great at the final curtain,swansong,swan song,assemblage
114633,Raise glasses for final drink,bottomsup,bottoms up,double definition
42633,Tries an awful wine,retsina,retsina,anagram
53225,"Sharpen pen, but retain candour",honesty,honesty,assemblage
93707,Help finish a hotel in the country,lendahand,lend a hand,container
29486,Duck below bedcover,eiderdown,eiderdown,assemblage
50866,TV centre cut outside broadcast,studio,studio,container
67372,Aperture letting large number into portico,stoma,stoma,container
50983,"Astronomer, one in ship mostly",galileo,galileo,container
27513,One cuts a person who easily shifts positions,trimmer,trimmer,double definition
27600,Record awful lies about model in writing,epistle,epistle,assemblage
66578,Cook insufficiently good: not a likely winner,underdog,underdog,assemblage
56945,Treating people that are out to make New York happy about alien,hypnotherapy,hypnotherapy,assemblage
21978,"Unconscious, potential killer withholding shelter",asleep,asleep,container
26693,Push out bowel movement,elbow,elbow,anagram
75843,Nonconformist church raised cross - what's the point?,crux,crux,double definition
120004,"It's instinctive with a good many, all called George",automaticpilots,automatic pilots,assemblage
43802,Responding to a phone call about disturbing news,answering,answering,anagram
135398,Longing to trap learner with setter's mystic art,alchemy,alchemy,container
125044,Moved in secret and went ahead after complacent start to game,smuggled,smuggled,assemblage
33631,Find short Arthur Dent's stripped off,unearth,unearth,anagram
100161,They are made to scale,ladders,ladders,double definition
117531,"Fountain tee shot smashed, in the President's words",stateoftheunion,state of the union,anagram
30696,A measure without point,galleon,galleon,assemblage
122941,Cold tea consumed by trite reveller,bacchanal,bacchanal,container
140862,"After briefly not working, a head is in school again",reteach,reteach,assemblage
141773,Plots involve danger close to Paris,gardens,gardens,anagram
21430,"Like ""Gone with the Wind"" for the picture industry?",epic,epic,double definition
6717,"Express approbation of last rose, perhaps",endorse,endorse,assemblage
69673,Mixture of feta and rice served by a restaurant,cafeteria,cafeteria,anagram
65586,Be quick to appear in fashion,looksmart,look smart,assemblage
2040,Make-up (whichever covers a cat),anatomy,anatomy,double definition
93894,"Dancers on stage refrain, in part",chorusline,chorus line,assemblage
75329,Quickly read second novel,skim,skim,assemblage
63800,Sailor getting damaged kept dry,abstained,abstained,assemblage
104535,Test alcohol-free beer at the end (European one),dryrun,dry run,assemblage
22372,Look certain after record brings revelation,disclosure,disclosure,assemblage
116661,"Line in scrap, which might be cut for a cockpit",flightdeck,flight deck,assemblage
30157,Old teaching assistant demonstrating pronouns,usher,usher,assemblage
42104,Burrow in soil,earth,earth,double definition
87338,Fix sort of case that's curtailed,attach,attach,double definition
59237,Mark of small vehicle,scar,scar,assemblage
16227,"Hot in seat, how hot it is!",phew,phew,double definition
136434,"Complex relationship ending in disaster, one in imbroglio",triangle,triangle,container
55791,Body cover for unexpected demise - RIP,epidermis,epidermis,anagram
81090,European noblemen depicted by American author,donmarquis,don marquis,double definition
63844,How soon will women combine with unity? An enigma,anyminutenow,any minute now,anagram
141907,Property of trees in meadows: healthy inside with sun,leafiness,leafiness,assemblage
49933,"Tempestuous character - one found in Lear, perhaps",ariel,ariel,anagram
105222,Artist for the underground?,lowry,lowry,assemblage
66782,Attila upset retired nut gatherer,headhunter,headhunter,assemblage
84102,"Man, the soldier (an amoeba), pointlessly confined here?",guantanamobay,guantanamo bay,container
1972,Conciliate a parish priest with creature comforts,appease,appease,assemblage
35005,Is one prepared to walk out for a wedding?,union,union,double definition
5510,Criticise long dash,panache,panache,assemblage
16107,Money raised by word of mouth,bread,bread,double definition
20188,Freedom encourages my aunt to keep ducks,autonomy,autonomy,anagram
108121,Greek-speaking orator as guide (not to Tyneside),cicero,cicero,assemblage
52130,It's our entitlement,name,name,double definition
85282,Reprimand means no further credit will be given,tickoff,tick off,double definition
65420,Spin prime minister's endless talk,prattle,prattle,assemblage
43607,With lines or the opposite?,inverse,inverse,double definition
46005,"Line drawn in pub, no cheap drinks",oche,oche,hidden word
34925,"It could contain jam, but is certainly not jammed",ajar,ajar,double definition
21975,Disturb please - on the contrary for kipper's state!,asleep,asleep,anagram
122686,"Sofa, perhaps, where Torode's first broadcast rejected by diner",twoseater,two seater,assemblage
88820,Old woman wearing cosmetic? That's hard to digest!,roughage,roughage,container
80669,One like Napoleon artist gets to pose,strategist,strategist,assemblage
46570,Treasure article lost coming from the news agency,reuters,reuters,anagram
90579,"As an old hand, reverse-called on a semiconductor device",gnarled,gnarled,assemblage
133340,Lack of zip in cold ENE winds,indolence,indolence,anagram
69861,"Revival of ""Cats"" includes nothing that's by Puccini",tosca,tosca,anagram
71166,Leaver no longer a soft touch,expat,expat,assemblage
20485,Devon resort's improved with non-drinking element gone,beer,beer,assemblage
17749,Odd starting point for a hobby,trainspotting,trainspotting,double definition
25725,It's commonly wrong in a telegram or a letter,amoral,amoral,hidden word
82148,"As a kebab, after weeks rotten and bloody",skewered,skewered,anagram
113387,Non-U physicist admitted embracing a South American,colombian,colombian,container
65735,Fellow keeps chalet designed for sports event,decathlon,decathlon,container
99648,Travel plan means one can take time on the railway,itinerary,itinerary,assemblage
116070,Tenor in drunken choir fought for fort? Not in such a dialect,rhotic,rhotic,anagram
1176,"After passing, notice cycle right away",obit,obit,double definition
42414,Dependent on having bowel control when eating goat's head,contingent,contingent,container
121353,Rush to interrupt teacher's Grauniad hallmark?,misprints,misprints,container
34982,"Say ""fling about' in Scandinavia",dance,dance,double definition
67109,Nice foreign recipes,precise,precise,anagram
14712,"Previous state of party, originally backed by old Soviet leader",prussia,prussia,assemblage
138451,"Walked like a confined prisoner in stockinged feet, which prevents self-harm",paddedcell,padded cell,assemblage
54894,Mutant rook made a child's pet,tantrum,tantrum,anagram
111297,"Dramatist, needing work shortly, taking partners on as past peak",benjonson,ben jonson,assemblage
84589,Flight for flight?,fireescape,fire escape,double definition
99294,Woman holding magazine cover,sheathe,sheathe,assemblage
7336,"One in poor health, not strong",unit,unit,assemblage
23020,Outlay of former writer extracting Greek character from muse,expense,expense,assemblage
39161,Mean to have home care,intend,intend,assemblage
14196,"About to suffer from alcohol consumption, seeing shrink",wince,wince,assemblage
89459,Main inhabitant's lidless coal store placed at angle,cuttlefish,cuttlefish,assemblage
75627,Instrument of top player gripping India on the radio?,sitar,sitar,container
41271,"Like a giraffe, it's all right to have one half pint",okapi,okapi,assemblage
2097,"Guts, or heart lost in loved one",daring,daring,assemblage
103755,"Fliers like trees in winter (sunless, but retaining temperature)",leaflets,leaflets,assemblage
5548,Support for member to pay balance,footrest,footrest,assemblage
5087,Lamb put on string for princess,cordelia,cordelia,assemblage
94935,Standing of French Queen and significantly smaller,teenier,teenier,assemblage
116488,How church worker can offer praise?,chant,chant,hidden word
110889,Bill and Edward played,acted,acted,assemblage
42770,Motive concerning an endless strain,reason,reason,assemblage
95588,Row developing in court,ruction,ruction,anagram
76813,Two support the church,brace,brace,assemblage
62505,Little boy with a metre-wide hole,chasm,chasm,assemblage
48876,A final note about a fabulous writer,lafontaine,la fontaine,assemblage
97545,Talk garrulously (rabbit on) in part of France,gascony,gascony,assemblage
106090,"I'm sort of top, but going up and down",yoyo,yo yo,double definition
86968,If German is supporting overthrow of EU policy he won't use violence,pacifist,pacifist,assemblage
103224,"Providing funds, though die in the red?",endowing,endowing,assemblage
23234,"In a difficult situation, use hose on grass",tightspot,tight spot,assemblage
36147,Garments Carthaginian leader introduced to African city,tunics,tunics,assemblage
72676,Official voice of the cyclist?,spokesman,spokesman,double definition
95226,Engineer to turn to Preminger,otto,otto,double definition
77553,Flag with a tale of heroism,saga,saga,assemblage
39924,Large old ship is broad and slow,largo,largo,assemblage
89382,Supervised position of lumberjack?,oversaw,oversaw,double definition
72105,Fire at mate? Trouble in due course,afteratime,after a time,anagram
129476,"Capes, which are exactly the same",carboncopies,carbon copies,double definition
90763,Sheepish four regularly breaking new rule,rueful,rueful,container
11124,Humiliating remark was repressive,putdown,put down,double definition
50571,Bar - don't spend!,save,save,double definition
108211,About to get severe cramp,restrict,restrict,assemblage
40465,"Fragile thing, problem leading to fault",teaservice,tea service,assemblage
11122,Recorded snub,putdown,put down,double definition
1230,Talented leading counsel at the bar,clever,clever,assemblage
126223,Italian cathedrals arouse odium,duomi,duomi,anagram
70709,Short programme for the handicapped?,rehab,rehab,double definition
121320,Office worker casually visiting old city to get a deep-fried dish,tempura,tempura,assemblage
80582,Part of Turkey's employed in fencing,wattle,wattle,double definition
36340,Weeping mother returned popular award,niobe,niobe,assemblage
125591,"After hugging guys, one has regret",lamenter,lamenter,container
107957,"African warriors, revolutionary yet showing irreverence",impiety,impiety,assemblage
104237,Canary has number - there's energy in numbers,tenerife,tenerife,assemblage
120225,What sweat will do via pores in transformation,vaporise,vaporise,anagram
129333,Questioning of Socrates most common,coarsest,coarsest,anagram
62010,Reckon without penalties bearing discrimination,faddiness,faddiness,container
79412,Girl looking OK in elfin clothing,felicity,felicity,container
29789,Birds can do it with their eyes shut,peep,peep,double definition
93438,"Native American in prog rock group, wearing relative's shoes",brothelcreepers,brothel creepers,assemblage
81381,Lives in des res I converted,resides,resides,anagram
8242,"Eat from river, as bird",grouse,grouse,assemblage
101937,Be clearly out when turning ball goes to fielder,breakcover,break cover,double definition
43682,Before Man exists … before that? An article of faith,theism,theism,assemblage
7908,Name one Greek island: one with a divided capital,nicosia,nicosia,assemblage
47330,Clean out container on top - it's got a needle in it,binnacle,binnacle,assemblage
44415,"Cross waves in secret to defect, ultimately",intersect,intersect,anagram
37657,"Son was visibly moved, did some housework",swept,swept,assemblage
25616,Pat his arm in error,irishman,irishman,anagram
84484,Suckers for medical treatment,leeches,leeches,double definition
7598,Place for researching our party,labour,labour,assemblage
135587,"Well, what might have me beatified?",mygoodness,my goodness,double definition
141678,"Attacks with a 'furious fastidiousness', ultimately - fine to ignore flaws",assaults,assaults,assemblage
42338,Origins of terrific hubbub below and terrific hubbub above,thunder,thunder,assemblage
86698,"Extremes in heavy drinker, overpowering even, producing gas",hydrogen,hydrogen,assemblage
19113,How much harvested? Give up!,yield,yield,double definition
126362,"They may be sarcastic, when press is across the street",ironists,ironists,assemblage
36262,Head of stable clipped tail,scut,scut,assemblage
118705,Inadequate squad with invading force,unfit,unfit,container
113031,Member enters toilet to find clothes,garments,garments,container
42405,I do without a bit of money,coin,coin,double definition
1001,Drink to a virtuous character,toast,toast,double definition
69862,Operatic heroine cast down about love?,tosca,tosca,anagram
140576,A Hebrew pronunciation of 'Hankies out all over Arizona',ashkenazi,ashkenazi,anagram
135837,Closely follow master's beliefs,dogmas,dogmas,assemblage
106878,Coke party that's thrown by children,snowball,snowball,assemblage
24375,"Emotionally detached, as football stadiums this year, completely empty inside",fancyfree,fancy free,assemblage
106268,Abandon royal dignity,abdicate,abdicate,double definition
2037,Lizard's egg laid in uncultivated land,monitor,monitor,container
75662,Turnabouts in vessels,uboats,u boats,assemblage
141636,"Wet love, devoted cuddles",pluvious,pluvious,container
43975,Some bandit took the same again,ditto,ditto,hidden word
51199,Pay raise - it's Pasquale's premier objective,stipend,stipend,assemblage
75381,A woman's remains,ashes,ashes,assemblage
21072,Titled gentleman losing right to go underground,maquis,maquis,assemblage
96257,Auntie Deb's silly gas,butadiene,butadiene,anagram
69895,"Change ending to hit, one's up for success?",thumb,thumb,assemblage
129180,Revolutionary semi-proletarians stink with doctor's fiery cocktail,petrolbomb,petrol bomb,assemblage
24075,To be drunk neat?,tight,tight,double definition
33088,Order posted by tyrant,despot,despot,anagram
97433,Drivers of the stage knocked out Comanche,coachmen,coachmen,anagram
133861,Doctor healing great ills,allergist,allergist,anagram
65692,Sound punishment for murderer,cain,cain,double definition
134156,Main distance from actual line I'm dancing,nauticalmile,nautical mile,anagram
59825,Background music to be cut to size?,wallpaper,wallpaper,assemblage
10942,Uproar in jail,stir,stir,double definition
83207,"King Edward was exploitative, in the royal habit",ermined,ermined,assemblage
30102,Shut up about our being fostered!,encouraged,encouraged,container
97509,"Sittings needing many smalls? One, I suspect",sessions,sessions,assemblage
15827,Beat cheat that's passed away,outdo,outdo,assemblage
36272,"With backing, shoots in the foot - typical!",serif,serif,anagram
47619,Army unit call intended as a cure,remedial,remedial,assemblage
116376,"Yesteryear's bloke? If Mandela's that, there's a crooked deal",forgottenman,forgotten man,assemblage
100331,Liner fan may be damned,infernal,infernal,anagram
104640,"Writer on computer matters, unknown expert",authority,authority,assemblage
30154,This official must take us with her,usher,usher,assemblage
37791,Refuse assent in the end,object,object,double definition
91846,Top level backing for element in royal revolution,overlay,overlay,assemblage
48535,One happy to include lots of US money with advance?,mercenary,mercenary,container
139257,Laymen deceived shabbily,meanly,meanly,anagram
48746,Recluse carries tons of welding material,thermit,thermit,container
30629,Parson's remedy,cure,cure,double definition
82290,Language of one set to wear back-to-front collar,latvian,latvian,assemblage
113167,To comment on the repulsive - that's a hard thing,toughie,toughie,assemblage
105760,"Expected to come back into season, almost like medieval society",feudal,feudal,container
53545,Sort of figure that changes with time?,hourglass,hourglass,double definition
40012,It could make one extremely tiddly with rum in it,toddy,toddy,container
140072,Makes crazy demand to begin with - called in to get it overturned,deranges,deranges,assemblage
135387,"Doctor, get up and heal this deathly disease",theplague,the plague,assemblage
29009,Ugly duckling?,cygnet,cygnet,double definition
71585,Call ship after capitalist?,dubliner,dubliner,assemblage
65899,It's put on by a better singer,treble,treble,double definition
130332,Swedish chef's starter: an order for food,sandwiches,sandwiches,assemblage
102796,Cities laid out in a way that's impractical,idealistic,idealistic,anagram
12,Completely lost voice and note from anaesthetic,ether,ether,assemblage
36255,Sounded as if they are in agreement and went in order to look,eyesleft,eyes left,assemblage
102482,Vision of motorway madness,mirage,mirage,assemblage
126007,"Comprehend female, in short",fathom,fathom,assemblage
1199,Get rid of Catholic king in play,clear,clear,assemblage
136713,Thatcherite maybe stirring up a rebellion,neoliberal,neoliberal,anagram
6650,Fancy Luxembourg as Utopia?,ideal,ideal,assemblage
38932,Purge over-excited fool within time limits,decontaminate,decontaminate,assemblage
72601,Urban work by sanctimonious boy,oppidan,oppidan,assemblage
40999,"Package turned up, given address with added detail",elaborate,elaborate,assemblage
68996,Singer plugs TV award half-heartedly - it's an important mission,embassy,embassy,container
102844,"Cleo, a girl, becomes symbolic",allegoric,allegoric,anagram
134943,Knocked back soft drink and spirits in drinking bowl,jorum,jorum,assemblage
48116,Blanching stakes,paling,paling,double definition
111338,Shakespearean explorer clutches black instrument,violadagamba,viola da gamba,container
21793,Call for resignation causes uproar,outcry,outcry,assemblage
16523,Leading girl in musical doesn’t start solo,aria,aria,assemblage
13370,A situation troubled dissenter,apostate,apostate,assemblage
15275,Diver caught one coming up for something to eat,iceberg,iceberg,assemblage
112739,"Sexy one to go on about ""me""",erogenous,erogenous,container
34991,"Picture of innocence's debut, wearing shift",movie,movie,container
15725,European caught in this system of morality,ethics,ethics,assemblage
14120,Ludicrous car tax - this hanging round your neck?,cravat,cravat,anagram
7881,"Cause friction blowing top, around you calm",assuage,assuage,assemblage
137929,Greek characters retire operating system,unix,unix,anagram
106799,Almost reverse Jewish experiences,times,times,anagram
79357,Printer's employee being kind to dog,typesetter,typesetter,assemblage
33925,Order pudding,applepie,apple pie,double definition
17732,Sergeant out to part friends,estrange,estrange,anagram
130968,Itinerant magician's prop turned King Edward into Queen Elizabeth!,wanderer,wanderer,assemblage
87626,"Paint cheese without semicircle, half of cheese",gouache,gouache,assemblage
111683,A disease exists on account of rodents,agoutis,agoutis,assemblage
65357,Manoeuvres to win hard races,rushes,rushes,double definition
114936,"A colonic ailment less constant, requiring treatment that's soothing",calaminelotion,calamine lotion,anagram
9482,A crack about the aim to be in vogue,trendy,trendy,assemblage
76634,Licence to overtake,pass,pass,double definition
76257,What was written on role filled by church workers?,parchment,parchment,assemblage
78676,True-to-life articles I reviewed,realistic,realistic,anagram
62317,"They're scaled by companions, but not at first",adders,adders,assemblage
24452,A mountain that's good to climb,alpha,alpha,assemblage
115190,Discuss and OK travel arrangements,talkover,talk over,double definition
78827,"Fearful and upset, I therefore shut up",ogreish,ogreish,anagram
132736,City investments?,sieges,sieges,double definition
110158,Possibly the bed's a place of healing,bethesda,bethesda,anagram
97209,Very many are of minor importance,countless,countless,double definition
62945,Non-alcoholic drink brewed in East,tisane,tisane,anagram
121527,Fractions of the highest order,eighths,eighths,double definition
40781,Aristocrat right to receive monarch,duke,duke,assemblage
33943,Expound about superior work of art,statue,statue,container
92520,Currency that might introduce a list,colon,colon,double definition
22527,Male sheep producing cross,hetup,het up,assemblage
78738,One drunkard turns up to see another,tosspot,tosspot,assemblage
70065,"A bit of spirit needed to climb a peak, which is dangerous and must be scaled",alligator,alligator,assemblage
34624,Footwear by which the Irish may be recognised,brogue,brogue,double definition
65885,It's said to pacify one getting a duplicated present,nownow,now now,assemblage
10120,"Essential for galop, metronome's rising speed",tempo,tempo,hidden word
83151,"Check when one's gone past you, having come to grief",autopsy,autopsy,assemblage
66353,"Capital sum a lender's first withdrawn from Italy, or Monaco?",principality,principality,assemblage
37975,Sounds like conversation has a twist,torque,torque,double definition
97875,Complaint of writer about the British clearing banks,nephritis,nephritis,assemblage
50079,"River runs back, almost reaching top of estuary",rhine,rhine,assemblage
51124,Ulster backing diplomacy without a break,intact,intact,assemblage
119756,"Holding up the Guardian, for instance, is Rusbridger, with efficiency",organised,organised,assemblage
1482,The advantage of retired gentlemen,edge,edge,double definition
19273,"Dead? Yes, possibly, and near to tears",sadeyed,sad eyed,anagram
140751,"One metre down, plant foolish hoax",piltdownman,piltdown man,assemblage
37502,Pay to take residence at university?,settleup,settle up,assemblage
124639,"It's a pleasure to cultivate, taking little time",thrill,thrill,container
32690,Time off for a craftsman,shoreleave,shore leave,assemblage
121020,Dress for presentation?,giftwrap,gift wrap,assemblage
67809,Representation of one small party,icon,icon,assemblage
102881,Address of the woman's joint,ladyship,ladyship,assemblage
25668,"Like one with toes but no middle fingers, say",digits,digits,double definition
87682,Anonymous donor makes an entrance,door,door,hidden word
52394,"Rash of the skin, not initially red",epidemic,epidemic,anagram
15906,Hard worker making veiled threat to PC?,trojan,trojan,double definition
15686,"Worn thin perhaps, so it's included free",thrownin,thrown in,anagram
138803,Good time to change sides with spirit,ghoul,ghoul,assemblage
100630,Eisteddfod venue organised on legal lines by knight,llangollen,llangollen,anagram
99315,The nicest society can show irritability,tetchiness,tetchiness,anagram
83256,Evidence of railroad plant,groundsel,groundsel,assemblage
1470,On which tense?,edge,edge,double definition
133893,Plant turning out eg lasers,eelgrass,eelgrass,anagram
118560,Tucker's best mate put on the covers of large sacred text,bible,bible,assemblage
83684,Superlatively fine art suffering,smartest,smartest,assemblage
24337,Got off just over halfway through dismal government-free existence,reality,reality,hidden word
4779,Thomas is example of one that needs no tender attachment,tankengine,tank engine,double definition
14398,"Fools wasting time on North Carolina headland? Spanning the years, this is characteristic",idiosyncrasy,idiosyncrasy,assemblage
55741,"To a certain extent, the scoundrel wants that woman",rather,rather,assemblage
543,Hurt the billman,ache,ache,assemblage
674,"Culottes Lafayette pulled up somewhat too tight, hence his voice",falsetto,falsetto,hidden word
75890,"Flower show out of place, shortage of air about",poinsettia,poinsettia,anagram
27545,It's shown in diatonic modulation,indication,indication,assemblage
83646,"""Look at tax"", says a Green",lovat,lovat,assemblage
10341,A party bloomer - providing mineral!,alabaster,alabaster,assemblage
116024,Boatman's report on whale found in the Mediterranean,mallorca,mallorca,assemblage
4079,Twice as fair,soso,so so,double definition
102736,Cry off limiting gene modification in a certain style,regency,regency,container
18902,Make off with bits of deck and amplifier,decamp,decamp,assemblage
120440,Choose industrial chemists' solution: we deal with …,opticians,opticians,assemblage
65562,Bow and scrape when news is broadcast between balls,danceattendance,dance attendance,assemblage
54270,She watches old boy with computer,observer,observer,assemblage
94952,"Expectation of rush hour delays, an empty promise?",jamtomorrow,jam tomorrow,assemblage
66965,Dodgy operator catching river fish,trout,trout,container
33905,Explosive component of Ulster on time? On the contrary,nitre,nitre,hidden word
107270,Politician given party lodgings,condo,condo,assemblage
91577,Briefly that extra distance that brings evidence of happiness,smile,smile,assemblage
126052,Revolution Road's dedicated track,cycleway,cycleway,assemblage
121537,Do without minims in the middle bar,banish,banish,assemblage
130713,Tea and toast,drink,drink,double definition
41821,Oil wheel,castor,castor,double definition
62295,Injury puts years on mother,damage,damage,assemblage
47360,"Consider penning lines, any number almost",wellnigh,well nigh,container
94991,Mr North struggling in the grip of deranged genius,mastermind,mastermind,anagram
15174,A positive sign,plus,plus,double definition
129639,Short of three lots of supporters in the cemetery?,sixfeetunder,six feet under,assemblage
92772,Pacific type has to look over endless sea,appeaser,appeaser,container
27958,"First-class book about leading entertainer, of course",aintree,aintree,assemblage
27977,"Repeat one time, then another, one short of ten",iterate,iterate,assemblage
26030,Murphy's digger,spud,spud,double definition
15976,Close time?,night,night,double definition
129940,"Give up crime in Oz, reportedly, and wield pen anonymously",ghostwrite,ghostwrite,assemblage
135714,Climber's endless hunger to be among celebs,alpinist,alpinist,container
32375,Fancy a fish first?,idea,idea,assemblage
36997,Port one kept in casks,tunis,tunis,container
48628,Like following like?,such,such,double definition
56100,No Conservative to stop slide,ease,ease,container
132308,Somewhat minimalist hat? I think I expected more!,isthatit,is that it,hidden word
14173,A friend keeps place that's cut off,amputate,amputate,container
63746,Something to hide under after final bombs can be blown up,inflatable,inflatable,double definition
94043,"Farad's an SI unit, but not of this",flux,flux,assemblage
51953,Missile destroyed depot storing gold,torpedo,torpedo,anagram
29370,"Big build-up in New York, for example",skyscraper,skyscraper,double definition
49637,Itinerant itinerants lose one itinerant,transient,transient,anagram
5396,Contract office boss,stud,stud,double definition
19670,"Put in new position, took a break around one",resited,resited,container
76131,Plain or flash coat for detective on street?,modest,modest,assemblage
60727,Bow out of second-rate finale,bend,bend,assemblage
132053,Order costumes for cases,lawsuits,lawsuits,assemblage
50207,Side needing actual capital,realmadrid,real madrid,assemblage
139736,Securing army officer to rise against one he swore to serve?,locking,locking,assemblage
61403,A quiz night without a quiz? Hardly on the cards,bezique,bezique,double definition
134737,They succeed in their schemes,heirs,heirs,hidden word
80851,Prince appears more wet?,rainier,rainier,double definition
115706,Page wearing drunkard's hat,topper,topper,assemblage
41359,Has manoeuvred an end to the contest: cap that!,shako,shako,assemblage
106776,What cross-country runners do to a boy?,harry,harry,double definition
77141,Something to eat and it's time for a fool to go to bed,apricot,apricot,assemblage
69154,Brother to Uncle Remus,brer,brer,double definition
86282,Piece of brass enclosing ring that's worn by noble,coronet,coronet,container
50407,Famous sons delay leaving,starry,starry,assemblage
85763,A number left on a trip for the pottery,delft,delft,assemblage
14011,"Volunteers of yore, with many suffering",yeomanry,yeomanry,anagram
20135,"Fiddler, it's said, turned on when hugging the leading lady",nero,nero,container
56778,OSCAR?,limo,limo,double definition
90168,Explorer receives very cool tip from Guatemalan tracker,policedog,police dog,container
124080,Second from last in race failing at the finish,closing,closing,double definition
130357,Liqueur I found in Bermuda all over the place,drambuie,drambuie,anagram
32181,Bill swallows note in the thick of it,amid,amid,container
98062,Bound to be recorded,taped,taped,double definition
14998,The issue of offspring,grandson,grandson,double definition
23935,Disposition of uncle to have a fling,flounce,flounce,anagram
61077,Watches Rose dancing - horrors!,eyesores,eyesores,anagram
109308,Previous charge in court bringing feeling of uncertainty,coldfeet,cold feet,assemblage
27861,"Bit of blusher, without changing foundation",basis,basis,assemblage
105027,Nothing dissimilar to ...,notasausage,not a sausage,double definition
30211,Guerrilla starting to enrage king with insolence,cheek,cheek,assemblage
65854,Extract from Kafka or Tallis that comes straight from the heart,aorta,aorta,hidden word
58331,"Pleasure resort, unknown on a poster, very classy",xanadu,xanadu,assemblage
113368,Part of member's time wasted,thigh,thigh,assemblage
81239,Left-wing alliance meeting in promenade,popularfront,popular front,double definition
110828,"Making out, being clever",discerning,discerning,double definition
121711,Southern way out unfit for the voyage,unseaworthy,unseaworthy,container
26075,Some colleges say education is tried,essayed,essayed,hidden word
6290,"Something to lay, given end of life, laid in anger",wreath,wreath,assemblage
24672,Unexpected cash found in boat,gravy,gravy,double definition
11597,Oriental vessel is a mile in length,sampan,sampan,assemblage
11668,Eastern loch side,eleven,eleven,assemblage
66420,Charge sheet?,pricelist,price list,double definition
131704,Colourless church with scent outside,achromatic,achromatic,container
63881,"I am entering E, say, as rough guess",estimate,estimate,container
49657,Ways of life further south,mores,mores,double definition
101786,Evergreen creeper,grasssnake,grass snake,double definition
57004,esitate with time to turn aside,avert,avert,hidden word
49320,Spread out hat that's turned over and put away,dilate,dilate,assemblage
133045,Appropriate Dickens character,pocket,pocket,double definition
26259,Old soldier - there could be a few neater characters,veteran,veteran,anagram
99415,As vehicles should be when left on the road,righthanddrive,right hand drive,double definition
116934,"Insect on cacti circling round, right where it's very cold",antarctic,antarctic,assemblage
131770,Slings net around birds not able to fly,nestlings,nestlings,container
48223,Is one picky as Patton?,optant,optant,anagram
117164,Where Hamlet slept with no alternative in Somerset?,sheptonmallet,shepton mallet,anagram
127283,Sovereign kidnapped by our Greek revolutionary for Asian communists,khmerrouge,khmer rouge,container
80724,The person who's learned a vehicle may be parked in the street,savant,savant,container
106599,Is a crane needed for this theft?,shoplifting,shoplifting,assemblage
63251,Artificial means of communicating a spiritual talent by Muse without name,esperanto,esperanto,assemblage
103551,Stiffener and preservative in court,starchamber,star chamber,assemblage
137679,Comfortable about weaponry,guns,guns,anagram
99868,Aunt Georgia oddly lacking internal organs,uteri,uteri,hidden word
117694,Part of army base is run down,revile,revile,assemblage
60986,Haiti cops dressed in pale green,pistachio,pistachio,anagram
101417,A number of Germans practised deception,lied,lied,double definition
120819,"New start for magician, one who refuses to swear",nonjuror,nonjuror,assemblage
75468,Direction providing no way without conflict,norward,norward,assemblage
47644,Flair shown when skill is added to effort,artistry,artistry,assemblage
101933,Someone very fond of a Cornish river trip?,fallover,fall over,assemblage
15774,"Sea creature - as usual, it changed after new start",nautilus,nautilus,anagram
47183,Grant is held up by student peccadilloes,accept,accept,hidden word
63991,Retaliation concerning April's odd tricks ultimately,reprisals,reprisals,assemblage
63824,Azed addicts filling vacant bierkeller in fair,bazaar,bazaar,container
19447,Early reading-desk found in back furrow with drum,tambour,tambour,assemblage
141430,Journalist stayed in Parisian stone flats,piedsaterre,pieds a terre,assemblage
14231,"Good person, a laugher showing resilience",stamina,stamina,assemblage
28529,Merchant and traveller displays the spirit o' the game,marcopolo,marco polo,assemblage
125079,Maybe Bristol politician getting exposed is not suffering any damage,unimpaired,unimpaired,container
91393,Wilder top of fallen flower,faster,faster,assemblage
16718,Who the author mentioned in disbelief?,dickens,dickens,double definition
77642,Runs coming with one big hit more likely to get you caught out,riskier,riskier,assemblage
46644,"Come to pass, maybe, in Yorkshire",happen,happen,double definition
81338,Unknown quantity as missile plant,yarrow,yarrow,assemblage
115834,Goldfish buried in mummies' tombs,mausoleums,mausoleums,container
107676,Notify primate about capital abbot originally left,apprise,apprise,assemblage
23803,Middle Eastern fuel qualifier when refined,iraqi,iraqi,assemblage
87622,Shipwreck leading to an oil discharge on a Caribbean island,hispaniola,hispaniola,anagram
78022,Pitch of the road,macadam,macadam,double definition
19444,God right to desert French artist?,odin,odin,container
37287,Look round for a way to throw a fight,castabout,cast about,assemblage
85606,Guy from Dubrovnik hasn't got the right paint,coat,coat,container
23507,Dump resident on old lady - shame,stigma,stigma,assemblage
41593,Pamper commander's circle,cosset,cosset,assemblage
51379,Battle celebrated by Orange type,blenheim,blenheim,double definition
11728,Home depot contains harmful fitting,instillation,instillation,container
108041,Extract item from box of ornaments?,clip,clip,double definition
11735,Smell smoke,reek,reek,double definition
79494,Criterion for replacing dirty cask,yardstick,yardstick,anagram
140959,Watches gathering bee getting stuff from woods,timbers,timbers,container
112631,Run to earth with the lines set in place?,trackdown,track down,assemblage
38853,Seaman in Cork not good member of crew,bosun,bosun,double definition
61266,Stock complaint from canonised cricket commentator?,staggers,staggers,assemblage
121817,Pole dancing with sex? Four charged,explosive,explosive,anagram
30969,"Imposed as a duty on the vicar, for example",incumbent,incumbent,double definition
107653,Accomplished boxers will be upset if they have to be,carriedout,carried out,double definition
36557,Need spin for PM,eden,eden,anagram
37627,Chest protected by father's waterproof,parka,parka,container
6683,Rued looking up Miss Smith's recipe network,bewailed,bewailed,assemblage
113358,"Tale's beginning, in fact, in touching way",tactually,tactually,assemblage
72079,Be very successful at campanology?,ringthebell,ring the bell,double definition
121430,Possible message from holed ship?,sos,sos,double definition
102600,"Showed determination when couldn't complete puzzle, then home",gotstuckin,got stuck in,assemblage
95638,"Close, so raced up to a disturbance",narrow,narrow,double definition
78628,Greedy person swallows leg just out of the oven?,piping,piping,container
77650,Nice walk I'd arranged on unknown Roman road,icknieldway,icknield way,anagram
86637,Arab playing with Brian's rugby team,barbarians,barbarians,anagram
106805,A badger in lift touring hot country,ghana,ghana,anagram
6986,Story told to encourage when caught in this?,tailback,tailback,assemblage
78634,Annoyed at little green man's invitation?,cross,cross,double definition
17037,One is left without a souvenir,remainder,remainder,double definition
100975,"Court crime officer is after ""Cat"", once a champion driver",tigerwoods,tiger woods,assemblage
117806,Clubs unknown - iron or wood?,cypress,cypress,assemblage
5649,A bit of a spur some hero welcomes,rowel,rowel,hidden word
105069,Cannabis grown by extremely hirsute politician,hemp,hemp,assemblage
79280,Cutter from the east,scimitar,scimitar,double definition
42004,Northern sister nursing young sow breaks perfumier's connection with mainland,channeltunnel,channel tunnel,assemblage
92441,What setters get from trying to make clues right?,ulcers,ulcers,anagram
74650,Think of friend about to revise,meditate,meditate,container
131402,Snake-like creature's undiscerning malignant software,blindworm,blindworm,assemblage
84960,Time for virgin to return and break out,erupt,erupt,assemblage
120057,"Ignore wife in labour, longing to be back in Scottish islands",orkney,orkney,assemblage
138719,"Records, say, see Arsenal dribbling around D",calendars,calendars,anagram
118080,Not much distance between spectators at either end: Celtic goes down at the start of extra time,closeset,close set,assemblage
62265,Group going in for ultra-vision,travis,travis,hidden word
39147,Get company in to cork the bottle?,screwtop,screwtop,assemblage
86869,Clinton was here (nothing wrong with former President),oxford,oxford,assemblage
61834,Overturned vehicle on Cyprus with snout,baccy,baccy,assemblage
10131,Farmed in a civilised way,cultivated,cultivated,double definition
137693,"Between back walls, stack and line up masonry",brickwork,brickwork,assemblage
5549,"Tricky maths, introduction to algebra, bringing complaint",asthma,asthma,anagram
136217,Little fellow in conflict with car - this will provide comprehensive support,welfarestate,welfare state,assemblage
44668,"One in three-D version: King Stephen, say",dethroner,dethroner,assemblage
130331,US district and country trades duck for uranium,columbia,columbia,assemblage
120495,Confiscate one thousand quid,impound,impound,assemblage
123428,Clarify dodgy clue that's holding a little back,elucidate,elucidate,anagram
111384,Justify clash and tirade,warrant,warrant,assemblage
27070,Star lacking core providing speed,celerity,celerity,assemblage
86468,Time allowed for preparation once varied with it,notice,notice,anagram
107822,Group wearing famous red dress,clothe,clothe,container
76983,"Find someone to play the scoundrel, old singer",castrato,castrato,assemblage
79319,City life with female arranged in outbuilding,sheffield,sheffield,container
115754,Called back to growl,gnar,gnar,anagram
99605,Wicked fly going around gets zapped,killed,killed,container
80629,"Whale's ear boxed by princess, briefly",beluga,beluga,container
12074,Low gear involved finding place to leave a boat,moorage,moorage,anagram
84378,Veronica is OK after drug use,speedwell,speedwell,assemblage
44675,Perhaps Palin's modern language,python,python,double definition
95823,School's back-up (reserve) computer,notebook,notebook,assemblage
96478,Detective story - read end!,astudyinscarlet,a study in scarlet,assemblage
6322,Greek girl embraced by this Roman,hellenic,hellenic,container
95713,"A blast this, room shelled in sound of mild explosion",atishoo,atishoo,assemblage
30634,"Fix You, Coldplay's left on box",cure,cure,assemblage
103725,To enthral a malicious woman we held back,bewitch,bewitch,assemblage
62370,First to read new Little Miss Punk children's book,rumpelstiltskin,rumpelstiltskin,assemblage
48088,Tesco ragout goes down well in Paris,escargot,escargot,hidden word
13770,"Backbone needed by Campbell, an amateur in the city",birmingham,birmingham,assemblage
127479,Finishing touches in sketch you made - needs colours,hues,hues,hidden word
32190,"Stand up to kilos, metres etc, interfering with holiday",resist,resist,container
18296,Don't hit a girl,miss,miss,double definition
36049,Girl holds information for the programme,agenda,agenda,container
74631,Boy in charge of sound …,sonic,sonic,assemblage
78364,Where trouble's expected to end in a fight,mill,mill,double definition
43665,Wrong colour suit to deliver coal?,blackdiamonds,black diamonds,double definition
64468,Knock what's said on departing into desert,ratatat,rat a tat,container
92180,That's Latin for you!,idest,id est,double definition
44037,Writer finds way into literary festival,hardy,hardy,container
88100,A good line in stock?,pedigree,pedigree,double definition
101972,"Hysteric, overstretched soprano heard as La Bohème?",screamingmeemie,screaming meemie,assemblage
82784,Support for clergy in theatrical setting,backcloth,backcloth,assemblage
55667,Given room but taken advantage of - that's not on,putup,put up,double definition
88900,"A maiden over the top, about to be hugged - I must go after chubby boys",amoretti,amoretti,assemblage
91338,Threaten one member's demise,impend,impend,assemblage
125571,Is in danger of falling for accountants?,totters,totters,double definition
90897,Movable feasts?,mealsonwheels,meals on wheels,assemblage
125222,Heavens above!,skies,skies,double definition
141456,Skin delicate originally on Queen Mother,derma,derma,assemblage
77672,In Strasbourg I must accept one follower of May,june,june,hidden word
62409,Touch bird gently by design,pattern,pattern,assemblage
8588,Ethiopian leader opening tournament,event,event,assemblage
86197,Island where the pub doesn't charge?,innisfree,innisfree,assemblage
72865,Roman general had a hold on father,agrippa,agrippa,assemblage
118808,Enigmatist is heartless bod interrupting circus entertainer - needs to get humbler,climbdown,climb down,container
62037,Morning - chief time to get stuck in,matin,matin,container
3137,Like compilers noticing anagrams with cry of surprise,incognito,incognito,anagram
31754,It was hell before transport came,erebus,erebus,assemblage
16499,"Instead, ancestral afternoon entertainment is provided",teadance,tea dance,hidden word
70510,Set about old devil in the backstreet,snicket,snicket,container
113406,Private correspondence means nothing to the landlord,loveletter,love letter,assemblage
100952,"Miss cheese, served up with wine about one",mademoiselle,mademoiselle,assemblage
100686,"Never, never, never fall for such a euphemism!",easyterms,easy terms,double definition
100373,Indifference of company led by international organisation,unconcern,unconcern,assemblage
132426,"One abandoning throne, wanting occupation",tolet,to let,container
95764,Change popular stimulant for analgesic,morphine,morphine,assemblage
134973,Buoys let loose without much reason,obtusely,obtusely,anagram
110124,"Play golf with Olympian, getting thrashed",pygmalion,pygmalion,anagram
25625,Left words for bride and groom in Venice,lido,lido,assemblage
104626,This man's Merlot perhaps lacking body? On the contrary,edwin,edwin,anagram
34496,"Shrub, one that's in rising demand",lilac,lilac,container
25674,About ten engineers turned to go in,enter,enter,anagram
138837,Race around holding letter finally found at back of study in a cupboard,credenza,credenza,assemblage
33070,Support heavyweight sea creatures,plankton,plankton,assemblage
123259,This is spinning plus a source of radiation,pulsar,pulsar,assemblage
111833,Homer's first poncy hairdo can produce neurosis,hypochondria,hypochondria,assemblage
50888,Tell king to cheer up,relate,relate,assemblage
40578,"Though English, it's Scottish",bute,bute,assemblage
127545,"Everything we hear is ideal, but endlessly complicated",audible,audible,anagram
90837,Reckoned it's deliberate,calculated,calculated,double definition
9451,Up in arms freebooter is beheaded,irate,irate,hidden word
97512,"At this stage, bird injected with drug, finished",hereupon,hereupon,container
112238,Music critic consulted over Beethoven's Fifth,shaw,shaw,container
21897,Executor's first to divulge what's left in the will,estate,estate,assemblage
57481,"Hostile incursions into Greek island, say",inroads,inroads,assemblage
110468,"Suddenly appear depressed, being treated like rubbish?",blowin,blow in,container
47216,Confused tot given guidance,addled,addled,assemblage
96723,Condition of lush sauces by Arab American,dipsomania,dipsomania,assemblage
37601,"Turns to go off at quarter to six, nine short",rotates,rotates,assemblage
99951,Arab statesman involved in womanising,omani,omani,hidden word
3130,In small boat travelling into unknown,incognito,incognito,anagram
128724,Stir miso soup faster,piumosso,piu mosso,anagram
11446,Crimean War settlement here,yalta,yalta,double definition
140063,Most stylish relative I joke about,jauntiest,jauntiest,container
18107,"He will have marked cards, of course",tipster,tipster,double definition
141571,"Initially so passive, I perk up as spring goes on",spirally,spirally,assemblage
19187,See edges taken off by the ears,otic,otic,hidden word
96069,"Nancy takes ego trip, which is lethal",cyanogen,cyanogen,anagram
129300,Exploded with fury when there's commission to pay,brokerage,brokerage,assemblage
8540,Round v-vessels containing silver substitute,stopgap,stopgap,container
65515,"Move unexpectedly, taking nothing from the best room",lunge,lunge,hidden word
19936,"Despite what's been said, a rat fell out",afterall,after all,anagram
141399,South-east Asian fellow's upset young Arab?,foal,foal,anagram
11987,Nark gets clear before legal eagle starts,nettle,nettle,assemblage
18270,Portion of tandoori cottage cheese,ricotta,ricotta,hidden word
122798,Bask with leader in tabloid articles,sunbathe,sunbathe,assemblage
141591,"Quiet and timid, like Mickey, Jerry or Stuart?",mousy,mousy,double definition
42097,Terminal heart trouble,earth,earth,anagram
61738,Friendly address is cold without its first effect on the skin,oldchap,old chap,assemblage
121507,Drama student may be fast to embrace translated Greats,stagestruck,stage struck,anagram
125698,Sweetie admitting passion for dependant,hangeron,hanger on,container
89158,"Way to serve potatoes, just stuffed with game",duchesse,duchesse,container
134694,Turn back slow runners between defensive lines,midfield,midfield,container
6213,Sweet Manx language,maltese,maltese,double definition
97891,Drops put underground in the West Riding,dewsbury,dewsbury,assemblage
108234,A bird could be harmful if headless,fulmar,fulmar,anagram
64458,Press turns up outside UN and it's a bit sticky,gunge,gunge,container
1812,Body in vehicle trunk?,carcase,carcase,assemblage
82861,Meadow has first of primroses in spring,leap,leap,assemblage
85769,French monarch's solution? Fighting not fleeing,louis,louis,double definition
141154,Raided by the police and broken,busted,busted,double definition
111658,Fix a business chap a drink,pinacolada,pina colada,assemblage
124190,Does song show elements of commendable quality?,goodness,goodness,double definition
39400,If darling gets left out in dance that's unbecoming,infradig,infra dig,assemblage
35277,Wood is often hard,knotty,knotty,double definition
41159,It brings a lump to one's throat,adamsapple,adams apple,double definition
821,"Unfortunately, dieter's eaten last of gateau, it's learned",erudite,erudite,anagram
123418,"Decorate from top to bottom, or vice versa",repaper,repaper,double definition
122487,"In ceremony, noise interrupts speech",ordination,ordination,container
134050,Boy to instruct officer over deceit? The dog!,bordercollie,border collie,assemblage
90176,"Particle gives spy clue, perhaps",molecule,molecule,assemblage
36826,"Walk, finding way to turn",stroll,stroll,assemblage
29368,"Stupid dunce, holding creative skill up, not yet found out?",untraced,untraced,container
44848,Original character in lady encapsulated by bright talent,flair,flair,container
131403,A bit of rubbish Les cast outside,snaffle,snaffle,assemblage
20160,Foretold about one that made affirmation,predicated,predicated,container
50671,An artist takes in abandoned ships,armada,armada,assemblage
47412,"Design takes month, with gold",decor,decor,assemblage
133918,Acts that violate acts,crimes,crimes,double definition
102149,He turned on blokes breaking dad's spectacles,phenomena,phenomena,container
7291,I am stuck in traffic - abusive words result,tirade,tirade,container
129750,"It was honourable, for Japanese double-decker was open-top?",bushido,bushido,assemblage
43990,"Dancing girl lay behind house, the object of desire",holygrail,holy grail,anagram
135548,Entertainer who needed a get-out clause?,harryhoudini,harry houdini,assemblage
84137,Votes about further education? About Desperate Dan!,referenda,referenda,assemblage
81517,"Protest, showing some degenerate tarts no mercy in return",remonstrate,remonstrate,hidden word
15822,Better or worst?,outdo,outdo,double definition
128709,Hitchcock's work? Be upset in parts,thebirds,the birds,container
25838,First set off Bob to list Answer's Blowin' In The Wind,oboist,oboist,anagram
79774,Royal meeting leaderless immigrant finally changed his nationality,scottish,scottish,assemblage
39340,Beam first on roof then,rafter,rafter,assemblage
86176,Time to look outside cell,peter,peter,container
61995,Dame Edna's initial career as terrible mother,medea,medea,anagram
86380,Logic duo displayed in volunteer's mission statement,icouldgo,i could go,hidden word
121324,One studying most of ancient Britons observes publicans,licensees,licensees,assemblage
114240,"Fighting, setter gets dessert back out of the oven again",warmedup,warmed up,assemblage
83571,"Live author, hard to follow like the Jabberwock slayer",beamish,beamish,assemblage
137299,Quarter aspiration after jet engine starts,jewish,jewish,assemblage
104834,"In need of a life, you seize broadcast of old Jewish party",sadducees,sadducees,anagram
141527,Born to Run in tights? Journalist is very drunk,bladdered,bladdered,assemblage
101487,Be charitable to soldier leading calf by hand,givealms,give alms,assemblage
102997,Words initially put together in a piece of writing about friend,acronyms,acronyms,assemblage
59333,Bird needs heart with wings clipped,erne,erne,assemblage
74762,It may catch one in the act,safetynet,safety net,double definition
88119,Real gunfire shot having taken turn here?,riflerange,rifle range,assemblage
23126,Tea licence for Swiss Cottage,chalet,chalet,assemblage
16889,I tape record criminally?,pirate,pirate,double definition
15626,Rome's fateful date in Gobi desert,ides,ides,hidden word
9751,Don't take what's taken on departure,leave,leave,double definition
23817,Oscar set puzzle for philosopher,socrates,socrates,anagram
130614,Outbreak blocked by resistance of the outer skin,epidermic,epidermic,container
95416,Sceptic acting so badly,agnostic,agnostic,anagram
138759,Accompanying date naked? Absent yourself!,withdraw,withdraw,assemblage
104652,Pains will penetrate rigid trunk,seachest,sea chest,container
52567,Church leader in Ireland not in favour of red,chianti,chianti,assemblage
85829,Come to a party,wake,wake,double definition
81064,Referee with his belt turning to cow?,whistleblower,whistle blower,assemblage
44881,"Welcome to Cleveland, darling!",redcarpet,red carpet,assemblage
109124,Guy on shed from town in Somerset,taunt,taunt,assemblage
130504,Gym users taking oxygen for energy are arguably a dispiriting lot,exorcisers,exorcisers,assemblage
28260,Lively son to be nosy,spry,spry,assemblage
96587,Corporation has pan for meat dish,potroast,pot roast,assemblage
132607,Positive attitude in small company letters,cando,can do,assemblage
125770,Produced doctrine about Advent's limits,created,created,container
20886,Assail doctor in committee,bombard,bombard,container
26094,Resentful god overthrown,sore,sore,anagram
52570,Vital energy versus wine,chianti,chianti,assemblage
90559,Cold lake embraced by stupid swimmer,coalfish,coalfish,container
15439,"Out of curiosity, one's raised by English twins ordered on line",eyebrow,eyebrow,assemblage
24534,"Large stone lion, possibly circled by winged creature",monolith,monolith,container
115272,"Joining the Globe, aim to be a writer",ballpoint,ballpoint,assemblage
73328,Twin Cities captured by first-rate artist? That's capital,accra,accra,assemblage
2417,Group's chiastic rhyme scheme,abba,abba,double definition
82538,Upwardly mobile salesmen seize vehicle and do a bunk,scarper,scarper,container
65487,Long story without point,yearn,yearn,container
88932,Person wobbling had to shilly-shally,humandha,hum and ha,assemblage
138987,Qualification from writing about movement in European arts,masters,masters,assemblage
45401,Fine man,eric,eric,double definition
116229,One of the ship's company has a possible cut limb,crewmember,crew member,double definition
109011,"Party taking knock about European Union, following victory",raveup,rave up,assemblage
69663,Get Margaret off the line?,unpeg,unpeg,assemblage
140682,Does rascal show on TV small round bottom?,impersonates,impersonates,assemblage
48178,"American guys, they deal with business",agents,agents,assemblage
126867,Classic comprises great lines,saintleger,saint leger,double definition
110745,"A lunatic, crazy about the sea",nautical,nautical,assemblage
47629,"""Port's stolen"", boozer admitted",hobart,hobart,container
99495,French novelist working for Biblical judge,gideon,gideon,assemblage
2362,A pound of sultanas?,seraglio,seraglio,double definition
28811,Be in the first parts of contest - that's where it's at,battleground,battleground,assemblage
130260,Opportunity for murder? Nothing else to do,timetokill,time to kill,assemblage
83348,Schedules mean items will be thrown overboard,timetables,timetables,assemblage
140132,Accounts by modern-style English lawmaker,isaacnewton,isaac newton,assemblage
57190,Clouds rising from Maghrib mines,nimbi,nimbi,hidden word
57145,Bar call demanding response,counterclaim,counter claim,assemblage
32849,Peak shortly after taking professional qualification,proviso,proviso,assemblage
61181,Plan a porno picture?,blueprint,blueprint,double definition
9342,River swallowed up fine material,taffeta,taffeta,assemblage
120919,Laugh at dummy,mock,mock,double definition
15872,Year in prison shade,cyan,cyan,container
112102,Shaken Queen restrains one of the horses,equine,equine,anagram
71575,Pasta recipe created for tyrant,satrap,satrap,anagram
111209,"At first, Megan upset Harry, throwing away a gift of perfume",myrrh,myrrh,anagram
40261,Round the Cape and turn in late,overdue,overdue,assemblage
90226,"Exhibition of Spode's ""Troy"" ersatz vessels",destroyers,destroyers,anagram
136050,Was a disheartened Dave Cameron his work?,boccaccio,boccaccio,assemblage
76801,The crew went sick and died in misery,wretched,wretched,assemblage
56538,Strong drink,stout,stout,double definition
36563,West Country project in part of Scandinavia (not the south-west),eden,eden,assemblage
25543,Settle on a solution in the crossword,alight,alight,double definition
118346,Tiny little advertisement Sky used five times,weekdays,weekdays,assemblage
91888,"Fan finds a fish, say, at island party",aficionado,aficionado,assemblage
42130,Poles separated? There's clue in that!,antipodes,antipodes,double definition
8497,Small island turning black,sable,sable,assemblage
7007,Beat nervous tension,stress,stress,double definition
54793,One church's method of entertainment,iceshow,ice show,assemblage
33315,Emphatically he who could be Flemish...,himself,himself,assemblage
86983,Holy record found in European community - English message of a religious nature?,epilogue,epilogue,assemblage
5326,Song with piece of lyric that uplifts and moves lots of people,airline,airline,assemblage
91188,"A blues composition, fit for purpose",usable,usable,anagram
26504,(rank outsider) The Undertaker,trier,trier,double definition
29690,Theatre of the obscenely rich,lyric,lyric,double definition
3533,Provide two servings of dry wine in a jiffy,bisect,bisect,assemblage
107453,Bruce's namesake's got one a plant,forsythia,forsythia,assemblage
41317,Stumble on crude oil in Africa,tripoli,tripoli,assemblage
91390,Superficial drawback to being frank about one's orientation,outward,outward,assemblage
118883,Quick drinks for horses?,snorters,snorters,double definition
17656,Musical with a little bit to learn in a little break,hairline,hairline,container
40437,Salt one had put on bird's tail,titanate,titanate,assemblage
113484,German turns up keeping a vehicle in grassland,savannah,savannah,container
16028,Made redundant by a cross editor,axed,axed,assemblage
105322,Drug firm has one in to flog,cocaine,cocaine,container
84722,"""Crossing a Line"" by a dramatist",traversal,traversal,double definition
34615,Tongue of stout shoe,brogue,brogue,double definition
46833,Let care be arranged for tragic female,electra,electra,anagram
56742,Playing live together,inconcert,in concert,double definition
139313,State of Orbán leaving American wanting to scoff,hungry,hungry,container
86042,"Made an obeisance - on the short side, perhaps",curtsied,curtsied,assemblage
30147,Not allowed cheers? I don't like that!,taboo,taboo,assemblage
2088,Nearly everybody's calm drinking hot drink,alcohol,alcohol,container
98695,They show frightening ability in their field,scarecrows,scarecrows,double definition
85512,Sound opening pace,gait,gait,double definition
44543,This man may advertise food and old port,sandwich,sandwich,double definition
66744,Expenditure on song that's no longer popular,outlay,outlay,assemblage
60169,Free call-back in charge reversal by the crown,emancipate,emancipate,assemblage
92908,The man from whom Samuel imbibed wisdom,eli,eli,double definition
90399,Applicant's hostile answer struck out in court,client,client,assemblage
114979,"Like an egg from duck, empty",ovoid,ovoid,assemblage
104059,Man met end making revision,amendment,amendment,assemblage
9065,Initially desirable residence for study of china,dresden,dresden,assemblage
86853,Filth in America is up - it's past the time to be chirpy,stridulate,stridulate,assemblage
8943,Singular-looking giant?,cyclops,cyclops,double definition
62008,Last of the vintage in the shade,ecru,ecru,assemblage
72926,Pub where brown cleric gets round in,tavern,tavern,container
101103,"Concrete assessment of politician's setback, ensnared by loose woman",slumptest,slump test,container
64161,Blade's about to become increasingly promiscuous?,claymore,claymore,assemblage
26779,A point made about old railway network needing to be up-to-date,abreast,abreast,assemblage
11051,Any number going round in one's head,noggin,noggin,assemblage
18751,Poet's unworthy of town in South Wales,neath,neath,double definition
105237,Get second chicken from this butcher,slayer,slayer,assemblage
28043,Don''t grant a prayer or. . .,refusecollector,refuse collector,double definition
101734,I provide maintenance for previous winner that doesn't start,upholder,upholder,assemblage
62247,Short story gripping English student group,year,year,container
5843,Make a pot worth ordering,throw,throw,anagram
68062,Limited cure,specific,specific,double definition
136504,"Like a rabbit, say, albeit modified in corporeal form",bobtailed,bobtailed,container
42860,Record holder's go on board,turntable,turntable,assemblage
11387,Confuse leader moving tool,adze,adze,anagram
88110,Bird to stain vessel,martin,martin,assemblage
111079,Little girl in circus is mounted,riding,riding,container
28816,Lens capturing some pachyderm in toto,telephoto,telephoto,container
99982,Publishing house introducing historian to journalists,clarendonpress,clarendon press,assemblage
76346,Heard lots about garrison town,aldershot,aldershot,assemblage
84283,Speaker keeps one drink for founder,originator,originator,container
23159,"Inn evidently fully booked? On the contrary, atmosphere charming",debonair,debonair,assemblage
40481,Bird to miss out catching insect,fantail,fantail,container
103918,"Latin scholar makes note on ship in italics, perhaps",classicist,classicist,assemblage
84529,Potential risk one in France may take in winter,skirun,ski run,assemblage
59206,Weak thing - buck up!,reed,reed,anagram
121427,"Still available to accommodate the German, as promised",undertaken,undertaken,container
27021,Composure of bishop getting a puncture,balance,balance,assemblage
34310,A number work very hard,strain,strain,double definition
29119,Fuss from supporter about where French hotel has fallen short,brouhaha,brouhaha,container
121784,It was used to make links at Gretna Green,forge,forge,double definition
11059,"Has time, when taking silver, to be shocked",aghast,aghast,container
132506,"Going like a rocket, when fitted with carbon tip",ascending,ascending,assemblage
140755,High level of the gender problem,nthdegree,nth degree,assemblage
104327,Manage to exercise,run,run,double definition
99261,Position of mystic meeting transmuting energy into time,stance,stance,assemblage
60426,Where children are to be found between two and five?,creche,creche,double definition
25756,It requires courage to have one - rather than love!,battle,battle,double definition
53500,Underwear? We may well have seconds,boxers,boxers,double definition
73455,US city not entirely accepting south has a rotten atmosphere,miasma,miasma,container
123215,Orchestra gets direction to its venue,halle,halle,assemblage
14086,"Kiss a number, coming back round after that",next,next,assemblage
56590,Calamitous reverses with no time for a smoke,cigar,cigar,assemblage
115555,"Pasture ultimately silent, as ground needed",essential,essential,anagram
116608,Pushy parent ultimately spreading disease,typhus,typhus,anagram
52765,Time ran out for muezzin supporter,minaret,minaret,anagram
28312,Write music: a little number for the gallery,notate,notate,assemblage
39948,Staff regret keeping key money,retinue,retinue,container
77729,"Plum wine, we hear, which flies off the shelves",bestseller,bestseller,assemblage
74610,Mishandled pistol went off,spoilt,spoilt,double definition
104907,"Revolutionary cardinal imprisoned at Queen's address, perhaps for leftwing ideology",marxism,marxism,assemblage
85629,Famous person's family title,householdname,household name,assemblage
29935,Parliament has money for the wine,chambertin,chambertin,assemblage
11686,Never let backs go round the team,eleven,eleven,hidden word
68411,"Porky? It is something cutting through little sister, say",sparerib,spare rib,assemblage
127254,Sun has to be demeaning to women?,sexist,sexist,assemblage
57400,A number without the ability when rising to get on,entrain,entrain,assemblage
139064,Police team having wildly exciting time?,riotsquad,riot squad,assemblage
127900,"Pronounced as ""venson""? I haven't a clue!",noidea,no idea,double definition
30890,"Spell ""trinket""",charm,charm,double definition
125308,Take care over truck being recorded,minuted,minuted,container
97652,"Scab found in plant? Alas, not as friendly!",fraternal,fraternal,container
2107,Children go back to front on slide,skid,skid,anagram
3095,Welsh go dancing the cancan?,legshow,leg show,anagram
8851,Worker first gets requests to be agreeable,pleasant,pleasant,assemblage
979,Heartless head cook,chef,chef,double definition
89634,Meal left for two couples maybe to consume,flour,flour,container
60975,"Dance with hat out west, nothing more",bolero,bolero,assemblage
79891,"In prayer, deified sun, gazing up a little",agnusdei,agnus dei,assemblage
91923,One who jumps man with gun,starter,starter,double definition
58512,One's included in slight difference of opinion - it's a problem,nuisance,nuisance,container
57366,Temporarily dismiss person who's paid villain,prorogue,prorogue,assemblage
73757,"Guide rope finally put in place, ton secured",escort,escort,assemblage
79545,God's in love with Punch,carthorse,carthorse,assemblage
137079,"One who offers praise, waving team's icon",encomiast,encomiast,anagram
65631,Races when going to bed,ascot,ascot,double definition
55827,"Before victory, South led amazing trick",swindle,swindle,assemblage
121004,Prize for sexagenarian finding spring in a kiss,buspass,bus pass,assemblage
91790,"Fruit has gone off - lemon, too",ogenmelon,ogen melon,anagram
15502,"""Bit of a Bloomer Arising"" (Lawrence Harris)",floret,floret,double definition
118935,Plate inserted in stomach to sense craving for food,gluttonous,gluttonous,assemblage
35795,Target a friend of the family?,auntsally,aunt sally,double definition
26743,Result of many taking risks,crash,crash,double definition
69007,Some fanciful name for part of the arm,ulna,ulna,hidden word
65320,The strain of the French Revolution,marseillaise,marseillaise,double definition
46656,Faked evidence of factory growth,plant,plant,double definition
34957,Noble game in song reflected by precocious score,earlygoal,early goal,assemblage
137428,Realign energy in turn with love across the channel,reorientate,reorientate,assemblage
85219,Roman judgement days satisfied constituents,diesfasti,dies fasti,double definition
85179,Silly clue I had for geometry master,euclid,euclid,anagram
96830,"Extremely wary, in case needing to cross lake",leeriest,leeriest,container
127290,Garden tools bound to go after opening of spectacular retail outlet,shoeshop,shoe shop,assemblage
53089,A group often described as vicious,circle,circle,double definition
129362,Light source attached to heel of glass slipper?,sled,sled,assemblage
48969,"Card trick involving ace, the same being turned over in advance",comedian,comedian,assemblage
111934,Take advantage of 'obgoblin's stockings,impose,impose,hidden word
111973,Sporty types in pub or South Devon railway?,dartsteam,darts team,assemblage
127144,Phone about disruption of trade causing delay,retarding,retarding,container
70537,Fractured if ice grips building,edifice,edifice,assemblage
4663,Rent hall in order to mesmerise people,enthrall,enthrall,anagram
62687,Piece of harness,bit,bit,double definition
29054,Colour of Sherlock's study?,scarlet,scarlet,assemblage
107762,Mature student good for English in two advertisements,postgrad,postgrad,assemblage
8440,Provision of much else as well,chelsea,chelsea,hidden word
75601,Flora Dean arranged a dance,farandole,farandole,anagram
57409,"Support, from chair, fuss about sick animal",armadillo,armadillo,container
9749,Surrender the French way,leave,leave,assemblage
131674,"Bad weather that's most cold, right?",icestorm,ice storm,assemblage
133019,Put a foot wrong doing right about turn,err,err,assemblage
116935,Propeller of jumbo jet?,elephantstrunk,elephants trunk,assemblage
110516,Pelt with dried berries,pepper,pepper,double definition
107335,Dramatist has entree cooked with a tiny slice of chervil,terence,terence,anagram
4510,Type of paste used by salmon daily,almond,almond,hidden word
75295,Book adapted for millionth serial,thesilmarillion,the silmarillion,anagram
135061,Moment when these birds became extinct,moas,moas,assemblage
48804,Language used for little entrance in Scotland,lingo,lingo,assemblage
67063,"Ultimately golf, not cricket, is a source of entertainment",funfair,funfair,assemblage
95786,Rub Pat the wrong way? That's sudden!,abrupt,abrupt,anagram
59820,Bank right to reject payment,reef,reef,assemblage
71408,Greek relative circling island under the moon,ionian,ionian,container
28659,State how Trump refers to race? Trouble follows,colorado,colorado,assemblage
57921,Favour partner for girl,grace,grace,double definition
72634,"Somewhere in Germany, solid wood splits",cologne,cologne,assemblage
47587,"Tropical vegetable, say, design in high performance car",eggplant,eggplant,assemblage
62997,Old Peruvian potentate writing two articles about Utah's poor mountain climbing,atahualpa,atahualpa,assemblage
121302,"Fruit soaking up one's drink, disperses",dissipates,dissipates,container
13909,"Yes, truly an inspiration",yeah,yeah,double definition
80572,"Use force about turning in, that's fine",punish,punish,container
121636,Order to breeder coming round after time assumed,postulated,postulated,assemblage
96934,Great snake suffering 'eat loss - comprehend?,grasp,grasp,assemblage
100047,Fish appeared to be off,smelt,smelt,double definition
93540,Raise yokel to strangle duck,hoick,hoick,container
66370,Knock over sketch and get let off,skittle,skittle,assemblage
20602,Initial typeset without reversion,stet,stet,double definition
107635,Proceed to do as the GP might do with a recent graduate,putintopractice,put into practice,double definition
593,Manage without an intermediary,direct,direct,double definition
107134,Policy covering aliens and some of their homes,planets,planets,assemblage
19390,Firm sent round to preserve incomplete old instrument,cembalo,cembalo,container
812,Call to account for a weather report,arraign,arraign,assemblage
21467,Perhaps the worst disease in living memory,alzheimers,alzheimers,double definition
42163,Chop up dates and finally enjoy being regular,steady,steady,anagram
14451,A close shave?,scrape,scrape,double definition
107135,A regiment prepared to shoot,germinate,germinate,anagram
96524,What Coleridge's wedding guest did with suspect bones,metatarsus,metatarsus,assemblage
75099,Take courses in French and Armenian initially,eat,eat,assemblage
109473,Idiot breaking rule put in new post,reassign,reassign,container
136333,"Time to get mixed up letters, but not advanced puzzles",tangrams,tangrams,assemblage
11035,Nebraska upset over appeal result,ensue,ensue,assemblage
68482,"Naughty child to lie when in trouble, being insolent",impolite,impolite,assemblage
45993,Flag some citizens ignore,ensign,ensign,hidden word
66303,Swim before one can walk,crawl,crawl,double definition
48649,French setter keeping various echelons for hotelier Basil,johncleese,john cleese,assemblage
73763,Quiet sort of arboreal animal,polarbear,polar bear,anagram
69339,"Bread I order inside, belonging to one shedding tears for offspring",niobean,niobean,container
135594,Esteem shown for those that are fit,healthyrespect,healthy respect,assemblage
10012,"Under Prohibition, without an audience, it's very boring",dreary,dreary,container
112972,Boy raised hand entirely for his own indulgence,selfist,selfist,assemblage
46968,Three-minute warning before breakfast?,eggtimer,eggtimer,assemblage
88457,"Doctor is apt, going round part of hospital, to see them?",patients,patients,anagram
32575,Instrument for a pound a point,althorn,althorn,assemblage
5406,Rastafarian held at more than arm's length,afar,afar,hidden word
110591,Churchman's rendering of waterway,decanal,decanal,assemblage
121051,Attended a glittering performance and was knocked out?,sawstars,saw stars,double definition
27858,Fish one consumed in foundation,basis,basis,container
82995,The masses listened to broadcast,herd,herd,double definition
34632,"Bobby's unhappy, in need of courage",bluebottle,bluebottle,assemblage
126227,Hairy man's sanctimonious daughter,hispid,hispid,assemblage
65166,Smart attempt to encircle a city,chicago,chicago,assemblage
20423,Eleventh hour revival from the side,laterally,laterally,assemblage
4040,Origin of colourful designs? Just a tissue of lies,fairisle,fair isle,assemblage
36215,"Have great respect for Paul, perhaps",revere,revere,double definition
89830,Bouquet for patient fellow's work on hooter,nosejob,nose job,assemblage
6748,Status of small container set out,caste,caste,anagram
103030,Car and lorry close after crash,rollsroyce,rolls royce,anagram
57288,Writhe on crumbling doorstep,threshold,threshold,anagram
11699,MP teased about mad rush,stampede,stampede,anagram
71802,"Lever needs push, we hear",pedal,pedal,double definition
51365,Stay true,staunch,staunch,double definition
476,Day's impression sees pack down,datestamp,date stamp,assemblage
13897,What yours truly does after wearing gussets,insets,insets,container
37457,"Change for a quid at the ""Flag"" from drinks",daiquiris,daiquiris,anagram
86528,Program gives computer company trouble initially,applet,applet,assemblage
84333,Appropriate cut-out for a computer,laptop,laptop,assemblage
28815,Long shot at pachyderm dropping insect in toto,telephoto,telephoto,assemblage
111605,Keeps warm and quiet,muffles,muffles,double definition
131987,"Put cover over well, like an old hand",capably,capably,assemblage
29624,It can be converted into a cupboard,cabinet,cabinet,double definition
92392,Monarch deprived of gold holds up an incinerator of rubber,emerypaper,emery paper,container
43557,Make love at opening of door in cave,wookeyhole,wookey hole,assemblage
74467,Even cleaner shows delicacy,rollmop,rollmop,assemblage
123825,Hoarder - gentleman collecting right and left,squirrel,squirrel,assemblage
4643,Head of oldest and most outlandish prehistoric beast,mastodon,mastodon,anagram
55319,"A number smash up the inn, yet set free",ninety,ninety,hidden word
14875,Fish raised temperature so correct,edit,edit,assemblage
121032,Food includes cold stuffing,farce,farce,container
73712,Aggressive female banker,amazon,amazon,double definition
100946,Rank play by forwards,lineout,line out,assemblage
78234,A hewer of wood and a drawer of water,turner,turner,double definition
38393,"In speech, commend one in the Upper Chamber",lord,lord,double definition
90828,Half-heartedly remedy smell in street,crescent,crescent,assemblage
32048,Grain yield report,seed,seed,double definition
35090,Gets in information about object of savings policy,nestegg,nest egg,assemblage
88695,Women moved out of complete dump,hole,hole,container
78877,Ancestral building - a royal house,lancaster,lancaster,double definition
114649,Conclude the meeting of French and Italian leader,deduce,deduce,assemblage
23617,Partition between pigs and birds,swallows,swallows,double definition
94420,Green at heart? Jealous ego? It could make you ill,ecoli,e coli,hidden word
76753,Fail to qualify and get the bird,pipit,pipit,assemblage
17708,"Girl from outer parts of London, we hear",ellen,ellen,assemblage
27170,Protect college from criticism,ensure,ensure,assemblage
48441,He saw himself as winning on the pools,narcissus,narcissus,double definition
129970,Frank lugs Elsie around,guileless,guileless,assemblage
100484,Nags drunken tinker for no good reason,needlessly,needlessly,anagram
35083,Cope with pub that's used by bikers,handlebar,handlebar,assemblage
126049,"With hot drinks, listen out for the largest fish",whaleshark,whale shark,assemblage
87390,Love a fair helping of bother?,adoration,adoration,assemblage
107875,"A lifesaver, as bloom catches showers",brainsurgeon,brain surgeon,container
71965,Reportedly pedal president's buggy,pushchair,pushchair,assemblage
108682,"It could be folded once, or twice - it's ambiguous",doublemeaning,double meaning,double definition
91120,"Vessel's drink, hot inside",ship,ship,container
138072,English run grim economy badly: things'll get ugly!,nomoremrniceguy,no more mr nice guy,anagram