Index,Clue,Solution,gemma_predicted
136586,Policy Americans go wild for,reaganomics,anagram
135668,"Middle Eastern nirvana in it's elapsed, somewhat in recession",palestinian,hidden word
134856,Aristocrat to protest over troublesome noises,marchioness,assemblage
61172,Medical professional has the assailant on film,psychotherapist,assemblage
91107,"Officer conveying Her Majesty, one behaving as conductor would?",ohmic,container
1860,Good book for figures,numbers,double definition
84808,Performed ditty about lady's teeth,gnashers,assemblage
40201,States small change in school is doubtful,suspect,assemblage
1349,"Interior decoration, pretty as can be",tapestry,anagram
550,The suffering a preacher tries to hide,ache,hidden word
51643,Noisy reveller for whom dawn herald gets one for nothing,roister,assemblage
59685,Spider that reaps?,harvester,double definition
100920,Tropical novelist and playwright,miller,double definition
117791,"Scrap with new head, French politician",giscard,assemblage
76291,Achievement of one who doesn't miss a trick,grandslam,double definition
128393,Want to go after a fifty-pound kiwi,allblack,assemblage
123979,Where bloomers are made like the fourth and sixth incarnations of Dr Who?,bakery,double definition
118241,"Driver's last seen going into roundabout, causing a lot of pain",torturous,container
139493,Part of organ not quite audible around old church,cochlea,assemblage
88081,A coal tit changing gear,tailcoat,anagram
96274,Is inquisitive about the tank and soldiers,privates,container
139002,Powerful Catholic overwhelmed by weakness,forcible,container
10029,A poster to show where the big ships come,seaport,double definition
66498,Study shows doctor is English,treatise,assemblage
96821,No little girl reported to have special knowledge,gnosis,assemblage
13166,French stop over in getting the lie of the land,terrain,assemblage
53457,Go through battle without army suffering reverse,comb,assemblage
120056,Alternative name held by island archipelago,orkney,assemblage
62264,Group outlets retained by partner,westlife,container
64999,Ada being nasty? Just having a laugh,badinage,anagram
92234,Pistol faced with Big Bertha would be so overwhelmed?,outgunned,container
140603,Lead singer's notes?,heavymetalmusic,double definition
29313,Wedge-shaped block holds Catholic University together - that's definite!,clearcut,container
116613,Hormone replacement for bird,moorhen,anagram
34881,Example of man in nice predicament,instance,container
120826,"""Pass him, anyway"" - how accidents result",mishaps,anagram
120636,"Concisely written ultimately, French produce cracking poem",inbrief,anagram
55623,"Uproar from black and white endangered instrument, might you say?",pandemonium,assemblage
80700,Spiel includes point in sprinkling chips with salt,salespitch,anagram
52602,Fight with nurse after party,contend,assemblage
130745,"Source of prosciutto supplied by mail, say?",parma,assemblage
3559,A steep fluctuation in old currency,peseta,anagram
83573,Not the genuine Robin? That's a bit of a relief,falsehood,assemblage
25653,Ask to hug companion seen at the ballet,entrechat,container
61469,Porridge makes good person feel sick,stretch,assemblage
109295,Faction is first-rate without the French,sect,container
7794,One accountant has daughter pinched by another - a chirpy creature,cicada,container
108146,Argue about holding stake in contract,guarantee,anagram
30095,New length lines that material,nylon,assemblage
1313,Woman in credit with a selection of wine,cellar,container
77029,"Stone from a ring, replaced before the centre's fallen out",granite,anagram
11644,"Queen's favourite isle? Crete, possibly",leicester,anagram
135532,Cells turn to fix as drug dealt externally,guardrooms,assemblage
34715,Depression sure to develop after hip contracts,indentures,assemblage
30176,Not in the pink,offcolour,double definition
112074,Author of Great Expectations?,hope,double definition
107027,"Rising, or just turning over?",revolution,double definition
88450,"Anti-government group still rising, securing a role",teaparty,assemblage
131217,"Surgeries' tender, qualified as medical worker",registerednurse,assemblage
97107,Party in which lovely lass is injected with drug,finegael,assemblage
121984,Crosspiece with front for model,perfection,assemblage
2603,Right one in cultured surrounds ã one in a million?,rarity,container
112080,Lodging for friend in disgrace?,doghouse,double definition
67755,Tree associated with one king,acer,assemblage
65010,Its shadow was a sign of the times,gnomon,double definition
77076,Prom performers duck out of this world,temporal,anagram
35412,Exploding grenade creates disorder,derange,anagram
105382,"Unsteady, like teetotaller drinking more rum, mostly",doddery,container
25388,Authorisation required for this sort of sale?,clearance,double definition
118625,Cruel followers of a so-called marquis,sadists,assemblage
80412,Shabby trio carrying plug and soap?,threadbare,assemblage
99179,Spread arranged by oil producer - the aggressive goat!,peanutbutter,assemblage
41297,Current squeezes right hot and steamy!,tropical,container
63551,A poisonous creeper,snake,double definition
123986,US TV celebrity losing heart for fish,opah,container
85229,Perhaps Cherie starts to write lampoons and satirical verse,clerihew,assemblage
90719,"Neon in its natural state, element initially inferior to fellow element",manganese,assemblage
136903,Annalist busy acquiring old papers,nationals,anagram
39635,Is perversely advanced still,silent,anagram
106762,"Attractive person on a poster, primarily exposed in a state of undress",dishabille,assemblage
26857,Nodding off in the Cowes road? A thousand times no!,somnolent,container
76927,Clothes worn in topless TV programme?,gear,double definition
21980,Like to strip off when retiring or having a snooze,asleep,assemblage
132163,Daisy's relative's crazy over crazy girl about love,marigold,anagram
2569,Leave opera singer for naked lady,godiva,assemblage
25255,Thou - quietly - not upright?,grandpiano,assemblage
18713,"Happy with goal, flip",upend,assemblage
94761,Theft from canonized studio,stealing,hidden word
93581,Saw mishap jumping over sort of gate,aphorism,anagram
133714,Part of American train track's fine,taillight,assemblage
100966,Point out drunk has answer to clue,highlight,assemblage
47987,Revolutionary Dame,trot,double definition
45758,"Wearing fewer clothes, for example?",lesson,assemblage
51639,"Act less, try broadcast for radio once",crystalset,anagram
79348,China supporting offensive game,badminton,assemblage
105842,Opening date that is desperate,doordie,assemblage
77545,Like going over Guardian leaders after a fight with spears,asparagus,assemblage
62488,"At a function, carrying shabby clothes",astatine,container
59915,Pamphlet man placed outside,sheet,container
117883,Film on Aussie experts - they help keep the wheels of industry turning,greaseguns,assemblage
112670,Educational degrees give support in retirement,beds,double definition
134727,A quantity of drink is both good and bad,gill,assemblage
88446,Points to one of several children as being bright,sequin,assemblage
38576,Cancel a do strangely retaining odd bit of finale which is forgettable,oldacquaintance,anagram
98379,Literary traveller initially altered Eliot's character,tulliver,anagram
40925,Piece of music has to carry a sound,toccata,assemblage
102611,Cricket sides seen occasionally,offandon,double definition
90840,Pioneer showed the way in a state of shock,startled,assemblage
35700,House of Lords is backing contents of your letter in outline,silhouette,container
23491,Portable power source for teetotal assault,drybattery,assemblage
22964,Some telephones transmit direct,honest,hidden word
27159,Agree about journalist being taken in by star,accede,container
62684,"Short, tailless dog",cur,double definition
55194,Aim to identify shuttle,endeavour,double definition
139259,Removes difficulty with brief direction,rubsout,assemblage
61620,Those vanquished by the Spanish head east as a precaution,incase,assemblage
24469,Lose control at breakfast? Have a drink!,eggflip,assemblage
101117,Was book's content order intended to be restrictive?,asbo,hidden word
111945,No alternative,yes,double definition
29932,Room can be found for plonk,chambertin,assemblage
141270,Arms trade leaders entertained by numerous delegates,legation,assemblage
130069,"Some ran badly, running not being their sport",oarsmen,anagram
27925,Chance in rugby game to get head ripped off,evens,double definition
12548,One grows up and blooms,irises,double definition
59880,Don't stay on the road - it's a bore,turnoff,double definition
48884,Drink and a biscuit for royalty,bourbon,double definition
15537,Speed up in home improvement regimen,dietary,container
141893,"My sonny's ill - tired and worn out, maybe",synonyms,anagram
89361,It turns green once church leaves Devon town,tiverton,anagram
102674,Slam outside hospital with a narcotic,bhang,container
102969,Screamer used the current hustings - the tops!,sutch,assemblage
16421,"You may see a hunchback, perhaps, double",ringer,double definition
123234,"Tiny pigs swallowing coin, nuts and bolts",rudiments,container
124309,Turtle's head fit for consumption - on this?,teatable,assemblage
125340,Gives up about pet in trouble from bugs,centipedes,container
62450,Land or borough in Holland for Spooner,touchdown,double definition
67167,Moderate entertainment,fair,double definition
127533,Such a suit might make Ian pretty upset,paternity,anagram
68770,"What the Israelites went through the wrong way round, getting cooked very fast",seared,anagram
25691,Record some inadvertent errors,enter,hidden word
135939,Survive a heavy blow,weatherthestorm,double definition
686,Time off for parties in secluded spot,recess,double definition
67811,Representation in holding company,icon,hidden word
73753,Partner would make supermarket run if opening of tills moved to the earliest slot,escort,anagram
62090,Party unknown to a foreign country,libya,assemblage
70926,"Friendly, am I? - Vince",amicable,assemblage
38475,Officer knowledgeable about voucher,coupon,assemblage
51051,Everlastin?,endless,double definition
52575,They entertain a tourist on board,strippers,container
29226,Standard artillery pistol held up,regular,assemblage
68503,Author on track of plants,greenery,assemblage
112624,Accommodation unlet - perhaps it's windy,flatulent,assemblage
129099,Old economist keeping nothing at English distillery,malthouse,container
15585,Would it take another like him to be of one mind?,halfwit,assemblage
83590,Thus honour deceased invalid's support,sickbed,assemblage
78083,Traffic controller's lines set in committee,bollard,container
7191,Mythological princess performed with nothing on,dido,assemblage
124909,That chap's very quiet round caged beasts,hippos,container
103040,Antonio's vessels from ancient city that is to south,argosies,assemblage
114354,Very nice romp - and hard all the way,everyinch,anagram
127098,"Legendary royal butt raised in support of performance by Callas, say?",ariadne,assemblage
66853,Plot to blow up prison in church,conspire,assemblage
93883,Tenant clutching bottle's last to come in again,reenter,container
93592,A sweet girl's name for a flier,airman,assemblage
35559,Circus artiste's value is tumbling,acrobat,anagram
82154,Level playing field,pitch,double definition
38163,Skeleton said to be a man,draught,double definition
39544,"Even question being in Europe; from set of data, it's time to leave",equable,assemblage
1878,"Lecherous man with sex appeal - despot, not half",satyr,assemblage
124662,Pirate boy in previous day across the water,hijacker,container
30903,Partner going off when there's no going on,stalemate,assemblage
93748,"Refreshing place, Newgate Forest",teagarden,assemblage
46247,Flower girl is seen in time,daisy,assemblage
41383,Attractive bars,magnets,double definition
106331,Legal successor heard to gain from flying hazard,airpocket,assemblage
38854,Hairstyle covers very retro crew member,bosun,assemblage
63718,"More stylish going over line, one who finishes nicely?",polisher,container
54865,"Being completely taken aback, girl admits the sport's attraction",allure,assemblage
30371,Subsequently the French turned sideways,lateral,anagram
50444,Came clean: he'd worse troubles,showered,anagram
1424,Cut for a game of cards,abridge,assemblage
115759,Blue stain,dirty,double definition
108673,Academics accepting old work of mathematicians,proofs,container
57162,Junction in electricity supply service,matins,container
64559,Hermit endlessly rejected Indonesian buyer's furs,ermines,assemblage
67571,Railway served by Scots police?,metro,assemblage
95075,Kind of servant one keeps,retainer,double definition
36402,Extreme Right following United Nations,undue,assemblage
94582,"Pack, card player works out, lacking spades",wolves,assemblage
117659,A scolded bishop ignored bubbly,aerated,assemblage
103891,One causing trouble in a washing machine?,agitator,double definition
34605,Transport for Conservative replacing miners' leader in union,carriage,assemblage
88178,Some characters in Tristram Shandy are flipping clever!,smart,hidden word
131864,Copies I need to revise at times,imitates,anagram
48571,Old instrument's gloss masking rising cut,seraphine,container
134717,Rich soup in unfinished pottery,bisque,double definition
29506,Control shown as others fall,restrain,assemblage
72199,Lime and cats affected plant,clematis,anagram
140029,"Carbon tip in abseil device, suitable for climbers",ascendible,container
14377,Reportedly bright criminal devised means of support,livelihood,assemblage
129321,"Making pie, I'd most bananas made best use of",optimised,anagram
1999,Honour account company''s to deal out,accolade,assemblage
107131,Work on an island operation,manoeuvre,assemblage
65306,"Sweet, flat fish",pomfret,assemblage
101991,"Highly strung, one whose life may be in the balance",tightropewalker,double definition
138319,"Herb we eat with bliss, when cooked",sweetbasil,anagram
118079,"Idiot concealing brains but not heart, almost touching",closeset,container
21346,"One always on hand for a date, say",palm,double definition
131031,Kid cradles rook in bower,dupre,container
129687,"Black liquid, supplied by Native American, old drunk swallowed",creosote,container
25462,Want symbolic home to have entrance changed,dearth,assemblage
66238,Thus I list Rodin's silent retrospective of noted works,oratorios,assemblage
8277,Bird seen on street in pushchair,stroller,assemblage
60209,Lambretta-rider taking exercise on one?,moped,double definition
15359,Cyclist's condition?,rider,double definition
123071,Redhead swimmer nets redhead German boy,carrottop,container
99813,Hefty cow loses firm figure,weighty,assemblage
39977,Rose and disconnected speaker,rambler,double definition
116022,Support for hovercraft's vent shield,aircushion,assemblage
3976,Rise lest soldiers invade,increase,container
25813,The theatrical profession includes one from long ago,stoneage,container
70638,"Went off and again stood around, say",retreated,assemblage
23035,Dutch Redcoat on board,edam,assemblage
69643,Controlled by the computer stealthily?,underthecounter,double definition
40313,Food out East,eats,anagram
111998,"Different girl, one in Italy, to approve of",unalike,assemblage
88238,Mean to entertain Indian poet,pindar,assemblage
3715,Utterly base and gruesome moral tale,allegory,assemblage
96041,"Short of time, they run about in stadia",greyhounds,anagram
13152,Nearly caught involved in crime,larceny,anagram
79168,Lady of ill report,porter,anagram
117783,Irregular design - zigzag on reverse,wayward,assemblage
20586,Penny puts on weight in spring,pounce,assemblage
124968,Exciting? No!,turningon,double definition
121490,"Eager to embrace quarrel with some elders all about tattooing, say",needlework,assemblage
4189,Book not one's first choice,reserve,double definition
137104,They're presently taking up space,stockingfillers,assemblage
4911,"Game, part of it inspiring local backs",tennis,assemblage
45949,Poppy's first piece has some musical backing,opium,assemblage
88323,Fire starting on haystack engulfs busted dam of European monarch,frederick,assemblage
123644,Daughter admitted to knowing online programs,adware,container
137631,"Out of uniform, mark down artist for head of state",devalera,assemblage
67732,The Spanish invested in second-rate capital,belgrade,container
124169,Incidental information in window by door,sidelight,double definition
119878,"Henry joins in expression of disapproval, missing nothing",catchall,assemblage
73672,Footwear's the making of Sal,sandal,anagram
38045,US composer into percussive sounds,ives,hidden word
32002,Where we hear the canopy of power may be brought down,overthrown,double definition
140260,Short-changed minor name in finance,rothschild,anagram
99957,Sturm und Drang applied to mopheads?,shocktactics,double definition
65634,Place for finding big hats and misshapen coats,ascot,anagram
117993,Physicist has current going to earth cut short,dirac,assemblage
29966,Hide away from the French and American tax service,lair,assemblage
46941,"Priest leaving church leader a true tale translated for Alfred, Lord Tennyson once",poetlaureate,assemblage
60136,It's what it does to another Rev,butterfly,double definition
140921,Pharaoh dips into sea and a lake in the morning,matutinal,assemblage
141633,Apply water to cut flowers,spray,double definition
73557,Ban citation right away,except,assemblage
17849,Producing elastic,yielding,double definition
20425,It's what could snatch victory from one side,laterally,double definition
119552,Musicians' dosh reportedly censored,brassband,assemblage
130920,Registers failing to show separate A&E charges,indicts,anagram
43928,Swallow single drink,martini,assemblage
108131,Such a church can omit choral composition,romancatholic,anagram
43206,Cheese is strong when expected,feta,anagram
139778,Conservationists with the confidence of the country?,nationaltrust,assemblage
124816,"Cryptically, what might one do with a Cornish pasty and where? That's bliss!",beatitude,assemblage
128450,One advocates love with it on tart,hippie,assemblage
116829,Query the manner in which I turn red,erythema,hidden word
54482,It's not normal to make dancing bear caper without money,aberrance,anagram
76111,On strike? Pass!,overhit,assemblage
123861,Salt that may be extracted from china clay?,sodiumchloride,assemblage
52465,Snare ten squirming fish,entangle,anagram
26492,Ask for ring the French held sacred,inviolate,container
102194,Some protection for annoying person with paramilitary involvement,cuirass,assemblage
124634,Pregnant warbler? It's the sound of spring!,boing,double definition
16183,"Sam's wife Sally, perhaps",aunt,double definition
107925,"Fake left behind lorry: if pinched, one heading for auction",artificial,assemblage
116650,"Is beyond the reach of social services, which is inevitable",cantbehelped,double definition
109401,Child torturing mice is symbolic,totemic,assemblage
110656,This month every edition is placed,installed,assemblage
53359,Free trade - comic sort of rule,democratic,anagram
111929,"Intermediary's game gamble with small gain, ultimately",gobetween,assemblage
78774,It could include Red Queen,royalflush,double definition
65271,Pipe obtained from branch that is by river,brier,double definition
46630,"Rationing being distributed, one cannot be seen in the dark",ignorant,anagram
110058,You'll hardly find whips as tolerant as this,aslaponthewrist,double definition
109340,Catastrophic changes to a musical,calamitous,anagram
62379,"Unhealthy state of America, briefly",ill,double definition
18563,Teams in drinks break after last pair dismissed,elevens,assemblage
131737,Grabbed one McDonald's in a hurry,impressed,assemblage
75905,"Brewer's lad, eg working as a flier",sedgewarbler,anagram
71754,Tiresome magistrates get used to it,trying,double definition
149,I held wrong capital,delhi,anagram
87234,Foreign Office backed in media claim,profess,container
123563,Completely virtuous plus ’aving the wherewithal to make tricks?,goodand,assemblage
45864,He suffers from a lack of balance,bankrupt,double definition
111069,"Show best speed, perhaps?",topgear,assemblage
75502,Plant in a vertical line at back,plumbago,assemblage
24614,Cure for extreme dyslexia,remedy,double definition
54394,"Atypical girl, grave with minimal yen to admit love",tomboy,assemblage
51309,Invitation to trencherman,digin,double definition
93972,"From barn, as horse led out, they steer",handlebars,anagram
107363,Might contain live wire?,powerhouse,double definition
2592,"Action of a lowdown, gutless cowboy",agency,assemblage
67039,Bird making rude noise,ruff,double definition
54186,Silver ring on the floor,aground,assemblage
104607,Opera house chap that was lauded by Betjeman?,metroland,assemblage
67873,Old girl working as model,damosel,anagram
65705,Further instruction in drinking?,refreshercourse,assemblage
123585,Behold Victoria and Albert's framed painting,voila,container
102150,Tea - its anagram - tea?,eatbetweenmeals,double definition
39078,Rap song and wild flower,snapdragon,anagram
131166,Old Irishman describing rugby with the ultimate in ugly savagery,cruelty,container
92775,One offers concessions in a shopping centre to wipe out first of retailers to go back,appeaser,assemblage
126391,Deer takes one for a ride,does,double definition
86581,Porky's tip on the radio,tale,double definition
32041,Shipmates upset on the Queen Elizabeth?,steamer,assemblage
124757,Endless succession of agency clerks,cycle,hidden word
70552,A trail that leads to the summit,ascent,assemblage
47432,"Article written about the professional stage, perhaps",apron,container
117459,Club menu the AA had changed?,athenaeum,anagram
109517,Spooner's municipal sewer prescribed for a lazy student,downtrain,anagram
122312,The lady writer short on ideas may inhibit growth,herbicide,assemblage
126445,Leading at snooker - a conspiracy?,frameup,assemblage
67268,Communist statesman spread gold around,castro,assemblage
15253,Big hitter trimmed hedge in prison,sledgehammer,container
49343,Film awards back to front at the back,abaft,anagram
54922,It's strange in Scotland and is found around lake where it winds down,uncoils,assemblage
96483,Signal that could be great help,telegraph,assemblage
120759,Girl including work on piano for ballet,coppelia,container
17524,Run over?,extra,double definition
94586,Partisan located outside Iraqi capital,biased,container
113229,Protect against wild speculation (odds off),inoculate,anagram
67801,"The little devil! Telling stories, making insinuations",implying,assemblage
64232,"One supporter stands for Judas, but not one judge",arbitrator,assemblage
37376,Charm in French song,enchant,assemblage
65388,Transported sheets by tube? It doesn't have much hope,pipedream,assemblage
100024,Seen and heard in a Kentish garden?,canterburybells,assemblage
5964,Sort of rate boy's bad behaviour,goingson,assemblage
107638,Poor quality drinking water in river,tatty,container
84642,US city turning up in atlas,saintpaul,anagram
139443,"Legless man, one goes into pub to participate",joinin,assemblage
50161,A small bird's behind,astern,assemblage
98673,Greek citizens' interjections to take notice over voting?,hoipolloi,assemblage
67328,"Import teak, say, brought in by sea",driftwood,assemblage
35806,Name backing European exit,gate,assemblage
98588,Unnecessary words? Not about bear,paddington,assemblage
83158,Nameless bone in substance virtually like another,fibular,assemblage
131950,Kind offer to pick up Edward,tenderhearted,assemblage
13314,Groundbreaker I used in wharf,pioneer,container
139340,Statesman's charity rolling in money once,floridian,container
105714,A royal holding first place in Law,principle,container
103966,Plant poles in river,tansy,container
138420,Examine local yokels - to put through the wringer,lookcloselyat,double definition
27748,Difficult universal and timeless tale is deceptive,illusory,assemblage
95045,"Street covered in rotten food, aside from the majority going downhill",offpiste,container
28763,"Hundreds into riding here and briefly golf, say",lincolnshire,container
55022,Furnishing periodical with set of figures,occasionaltable,assemblage
48173,They don't mind their own business,agents,double definition
15566,French and German articles appear below,under,assemblage
119427,Look into top player's huge pulsating body,xraystar,assemblage
40174,Man without shape having a little defect?,malformed,assemblage
95272,"House is virtuous, no drug being found",clan,container
46693,Leaves courses without one point!,deserts,container
24165,Many get permission to unite,cleave,assemblage
38443,When the gracious appear to make a point in a study?,tuesday,container
115649,"I err, made drunk and getting more vague",dreamier,anagram
57712,Sail across this or surf several?,channel,double definition
47005,Mock attempt to reverse in vehicle,bogus,container
35487,"It's comparatively skilful to take head off a header, you say?",abler,container
22136,"Paul, perhaps, threw wobbly - blimey!",strewth,assemblage
76130,Small in two ways?,modest,double definition
29978,Dramatist arranging central part for top actor,star,hidden word
30440,Stable chap stole pickled cucumber in the end,ostler,anagram
18900,New Testament stories about money,talents,container
126370,Loss of player - perhaps from something that disagreed with him?,foolsparsley,double definition
98828,"Flighty young woman says: ""Father swallows bad apple""",flapper,anagram
41651,Mate captured by crew coming back for incendiary fuel,napalm,container
77077,Material in test given to secretary?,temporal,assemblage
103136,Supply a team reserve,putononeside,assemblage
118824,Ought queen to enter plump and slumped?,roundshouldered,assemblage
114157,Hills split internally by floods,torrents,container
14291,Stop a squad playing,abandon,assemblage
13137,Disrupt current London theatre offensive,intrude,assemblage
5181,Two monarchs giving sovereign's first greeting in long ago county,yorkshire,assemblage
44972,The power of a waterfall,force,double definition
49011,Free … or the BBC's heading for extinction,untie,double definition
65753,"Conductor, oddly, became hot",beecham,anagram
88513,Fellow restraining good one with irregular blows,gusty,container
135631,Result of depression whilst husband's away? Could be,lowspiritedness,double definition
118064,Airdrie resident's more in need of liquid refreshment,drier,double definition
84948,Beginning of the Hindu festival in round buildings,tholi,assemblage
126563,"Composer putting king in check, brought back knight alongside queen",bruckner,assemblage
32296,Mother puts a fellow in the shade,magenta,assemblage
32982,Heartless poet performed,done,assemblage
10063,Creditworthy?,believable,double definition
110534,Small section of church upset theatrical dame,evans,assemblage
125845,Native close to joining argument in pub,ingrown,assemblage
92841,"Its subject: in messy warfare, male lost",afarewelltoarms,anagram
68110,"Without lid, drain jug",ewer,assemblage
24845,Elaborate blossom,develop,double definition
28089,Mathematician starts to expand upon Lagrange's extraordinary results,euler,assemblage
97412,A party opening up a temple,pagoda,assemblage
92599,A reason to corner the woodchuck,groundhog,assemblage
128356,Sporty car's first one produced for islanders,cypriots,anagram
77645,Snow vehicle to slide out of control into ducks,skidoo,assemblage
50740,Old navigator giving coiners trouble,ericson,anagram
13464,Stop New York baseball team getting turned over,stem,assemblage
88776,Hooligan displays sheer audacity on part of the golf course,roughneck,assemblage
103123,"Chance minimal change in New York, bringing in detectives",accident,container
130272,Pansy among daffodils is symbolic,sissy,hidden word
87055,Horse sick around the withers initially; get a cloth!,cavalrytwill,assemblage
138607,"After study, no women find time for revision",readjustment,assemblage
87653,We're told sailor's girlfriend may be dressing,oliveoil,double definition
92598,Light reveals sick bird looking up,illume,assemblage
129752,Here's the latest deplorably bad ratatouille!,readallaboutit,anagram
93788,"Ultimately, Marilyn Monroe had to appear ditzy - never mind!",noharmdone,double definition
72400,Gregarious agents in the sun,social,container
123902,It is found growing next to the trunk,tusk,double definition
134158,Battle between black and white bags Lidl supply without issue,childless,container
49672,Retired men need purpose to get up,rouse,anagram
66950,Everyone bound to be properly organised,alltiedup,assemblage
47073,Prince enters flat of major,staple,container
60023,Propose relocation,move,double definition
132726,"Cash substitute, if Kent got hit",gifttoken,anagram
12846,"Seasoned beef as ""Armpit Stew""",pastrami,anagram
73796,Back seats worth their weight in gold?,tonneau,double definition
125049,"Because investing billions inspiring you and I, certain things gathering dust",cobwebs,container
46135,In which train times are disrupted!,transit,anagram
140232,"Flipping dull, echoing gong",tamtam,assemblage
47033,Monkey's beginning to pick apples up,scamp,assemblage
62608,"Rupert Bear, say?",brooke,double definition
18905,Leave city's wet environment,decamp,container
105188,"Foolish American boy, who makes you think of Wallis?",simpson,assemblage
81650,"Novelist nicking lines from Moliere?, lazy hack!",emilezola,anagram
1689,It can result in call for reserve,netcord,double definition
6025,How the rise is transformed with this beastly carving!,whitehorse,anagram
58982,"Cave in Spain, base for one male tramp",implode,assemblage
76857,Women's work in underground river in Wales,distaff,assemblage
82605,Club gets tennis champion further,everton,assemblage
36218,Admire a fast rider,revere,double definition
102531,Blooming monarch abdicating as movement arriving,inflow,double definition
99187,"River grass encircling path, not a river grass",deepthroat,assemblage
88555,Mineral (barium) taken from church,silica,container
72148,It keeps its mouth open to strike victim,lamprey,double definition
123466,Pacific republic drink tipped to get gold,palau,assemblage
135266,Formal protests about gifts,representations,assemblage
58811,Place where dangerous plot may be hatched,hotbed,double definition
88350,Authors announced titles,writes,double definition
48851,Listlessness can make one reject help,acedia,assemblage
81200,Stir a large watercourse,canal,assemblage
51763,Rock band followed by American uncle telling folk stories,remus,assemblage
134676,Again Emperor's given order - Congress won't be restricted by it,openmarriage,assemblage
37720,It secures a superior item for ladies,hatpin,assemblage
62992,Delegate seen briefly by river to get rid of insects,delouse,assemblage
62463,Places of danger to sailors suffering with sore heels,leeshores,anagram
61792,Refuse to reply at notorious flash point,balkans,assemblage
49709,Love writer accessible to everyone,open,assemblage
119150,I'm cold - I move home,domicil,anagram
44655,Primarily demonic and wicked - the master from hell?,devil,double definition
21627,Payment going up - aim to adjust paperwork,origami,assemblage
67716,"From Istanbul, a way of getting to African city",bulawayo,hidden word
86152,"Game, or its start, as heard on radio",golf,double definition
68427,"Leaving home, freeloading daughter made ungracious remarks, all concluding",egress,assemblage
26718,Aim to impress girl in skin-treatment establishment,tannery,container
102285,Island for outcast in Copperbelt,corfu,anagram
138037,"Arbitrary comment, I agree, is kind of average",geometricmean,anagram
26388,Engage in rigging,tackle,double definition
1599,Drop in standards scratching head in church,apse,assemblage
37990,US lawman conceals memory of tragedy?,drama,container
67742,Engineering graduate is an elaborate fraud,besancon,assemblage
60027,Choreographer's position in the company,cranko,container
48614,Fool has faith leader hold recruits' capital,moron,assemblage
103277,Part of Spain's rainy and scandal-wracked,canaryislands,anagram
122587,Advocate appearing for a Venetian explorer gains essential point,apologist,assemblage
105606,Shocking word repeated in error,booboo,assemblage
28996,Audibly voiced low spirits,mood,assemblage
84538,Heap makes a bushel,epha,anagram
35728,Strongly experienced entre-left alignment,heartfelt,assemblage
34034,Wooden strip holds king fast,starve,container
35350,Kind of party animal,stag,double definition
83490,What's French and saucy incited Americans' glee,cremeanglaise,anagram
95692,Buses start running irregularly out of the centre,suburbs,anagram
4988,Junk food,spam,double definition
24803,Keep going in Felixtowe Road,tower,hidden word
29833,Coin for pig,napoleon,double definition
10193,Payment for artist making a comeback,reward,anagram
83340,André Gide initially appears in quiet street in French capital,prague,assemblage
65050,Animal put out by the ear,ratel,anagram
16654,"Bareheaded, going after crooked horse",skewbald,assemblage
135840,Worker restores ends in new building,stonedresser,assemblage
20090,Deal possibly set aside,offcut,double definition
116500,Ferocious avian charge on hill,raptor,assemblage
104990,"Much of day is left, leaving remaining horses happy",satisfied,assemblage
70515,Subverting enemy country,yemen,anagram
135444,Dryden character in a note on work he left,achitophel,assemblage
36729,It is bound to show the titles,peerage,double definition
139377,"Fabric items, manufactured stuff for Germany",macrame,anagram
54128,Idol given name of bird,heron,assemblage
39838,Hero Elsie had declared,elcid,anagram
114276,Unimportant part of indicator at motorway junction,minor,assemblage
80680,Blameless watering hole given zero cash in US,innocent,assemblage
31047,Water with jolly blue colour,aquamarine,assemblage
121110,Tiddley explosive,lyddite,anagram
59427,Frosty waitress in old corner house,nippy,double definition
85790,Steak went off stuffed with duck (extra large),tournedos,container
24037,Supporter's grand boast,brag,assemblage
94069,Shooting failure in the Caribbean?,tobago,double definition
124574,Fix up starter of pilau with reduced packaging. Spices strong with it?,girlpower,assemblage
139567,"Men score, cutting through Harlequins' sides, or Wasps",hornets,container
107823,Emptied cocktail over the dress,clothe,assemblage
13154,Apparent disgust often betrays enthusiasm,gusto,hidden word
11892,Realist to upset philosopher,aristotle,anagram
61989,The way people talk of miracle food,manna,assemblage
113257,"For me, goal is to tuck into health food",brendan,container
34412,Go after switching neon sign,noentry,anagram
120129,Looking to understand card,seeking,assemblage
45501,"Detectives in US agency retired, remaining sharp",acidic,container
112244,Ecological group plant northern vegetable in a Mediterranean country,greenpeace,assemblage
33425,Wife abroad? Cheat endlessly!,frau,double definition
91652,Drains designed to reach the lowest depths,nadirs,anagram
118053,Be aware of a calf keeping its head in the shade,haveaclue,container
35821,A bus broken down on the way is ridiculous,absurd,anagram
53153,Cheat to get violin,fiddle,double definition
33327,Doctor's prescription for management,treatment,double definition
62753,"With a degree, true: his work is not polished",amateurish,anagram
95995,Reluctant to have a port with philanderer,lothario,assemblage
19057,Club member doing a good turn?,rotarian,double definition
16622,Percy's resistance to push for change in advance,hotspur,double definition
24382,Hero achieves eminence amongst top men,achilles,assemblage
16075,Weapon did its job on maiden,cutlass,assemblage
63484,Note down new present,endow,assemblage
77958,"Make merry, as lyricist bags English girl",rejoice,assemblage
14704,French model Nicole stripped for casting?,clio,anagram
41007,English tea break keeps US workers involved,elaborate,assemblage
36206,"Recalled shorter answer, stuck with leading pair from Audreus, in the bath!",sauna,container
67521,Attempt to cage wolf in peace deal,treaty,container
141737,New painting captures Queen - that's concerning,pertaining,container
63400,Leading Republicans' euphemism naively downplaying illegal torture in other nations,rendition,assemblage
67987,Fighter pilot with boat crew,flyweight,assemblage
25488,No encore for such a performance? That's gross!,unrepeatable,double definition
98213,Explorer is eating last of the sledge dogs,scotties,container
31326,"King Lear's opening, rubbish",offal,assemblage
44343,One is well rid of it,illhealth,assemblage
74878,"It could be eaten sailing, or it could be sweeping",generalisation,double definition
96863,Woman kept by journalist enters hard work with toy animal,sleevedog,container
80036,A lot of filth by leader of Lords causes brief storm,squall,assemblage
77968,Hollywood's top director exhibiting arrogance,hauteur,assemblage
90158,Soldiers follow one in specialist trial,experiment,assemblage
125198,Awkward to do then with precision,onthedot,anagram
122902,"Following closely, a lot on site for development",nosetotail,double definition
22793,Left before recess - a blunder,lapse,assemblage
43716,Carry round goods for one who can't afford them,beggar,container
76833,"Supply what was wanted, for instance, including clenched fist?",satisfy,container
84706,Get lady confused with poet,lydgate,anagram
130622,"In front of mirror, taking advantage of reflection",musing,double definition
46932,Relief organisation for the hot and peevish?,redcross,double definition
126022,Becoming attached to band after getting head turned,adhering,anagram
114096,Woman takes motorway into city,emily,container
71144,"Some papers are amusing, to some extent",ream,hidden word
141355,Mars - a visit (ET) to be arranged?,vitiates,anagram
58597,"Cloak for wife, South African style",capedutch,assemblage
28713,He will see what others have to say,lipreader,double definition
109433,"Doing backstroke, swim round lake with fish - such as this",pilchard,assemblage
54368,Sound beast carrying rubbish carrier,orthodox,assemblage
123944,People wanting a new landlord,publican,assemblage
55185,Meet with elected scoundrel,incur,assemblage
38004,Rude and very Scottish sort of hut,uncouth,double definition
53082,"Talented Lib Dem, no longer the leader",able,assemblage
124133,"Impure, I quietly run away and sleep at home when he calls",muezzin,assemblage
60250,"Begin to sparkle, as smoker might?",lightup,double definition
108914,"Construct a house as advertised, we hear",build,double definition
989,Revolutionary with fish head to cook,chef,assemblage
67503,Engineer left broadcasting: one's unable to stick it,teflon,anagram
5855,Unwanted growth has proceeded round the whole street,gallstone,assemblage
105452,Criminal underground starts many a feud in America,mafia,assemblage
56720,A driven out intruder,invader,anagram
22400,The foreign fashion revealed by a singing John,elton,anagram
85136,Drink order placed in ancient language,homebrew,container
82285,A little animal taken in island,malta,hidden word
29650,Parody about Liberal providing winter sports facility,skilift,container
104651,Silly gag about Wossy's comeback - he started it!,aggressor,anagram
93785,Gas enveloping a part of Spain,aragon,container
6344,Team given extra exam,elevenplus,assemblage
43035,Strikers going round pit take a dip,pickpocket,assemblage
118953,Something added on the end of affectionate princess's letter?,annex,assemblage
111529,A venerable name in our illustrious past,bede,hidden word
4515,Seed that's old removed from a loch,almond,assemblage
114711,Work's inside and out which is good for plant,topsoil,container
136938,Billionaire's first to not offer tip in bar,blacklist,assemblage
16704,Aim by listener to win affection,endear,assemblage
102993,Irish operator is such a person in trade,shopkeeper,assemblage
9830,Insect biting back inside cave,beware,anagram
60087,"Robson beating Williams, for example, winning at least six games",upset,assemblage
51355,Stay faithful,staunch,double definition
89120,"Likely to give an answer, especially in revised version",responsive,assemblage
133412,Bluish-grey bench one removed from row,pewter,assemblage
79822,Supporters with lots of hard facts,brasstacks,assemblage
123901,You'll find me introducing very French measures,metres,assemblage
60795,Plant fruit trees here? One for middle of park,orchid,anagram
95541,The girl to take action,sue,double definition
20070,"Condemned? Not right, put on trial",accused,double definition
17555,A band from the capital to boot,also,anagram
89473,Bush harbours condition that's half Arab offered,gifthorse,container
106550,Does up building that's not authentic,pseudo,anagram
87740,Prejudice runs riot - body of law needed,jurisprudence,anagram
25097,The temporary accommodation I have outside the army is not definite,tentative,container
54498,Horse put in pen to struggle,writhe,container
46034,Relative of the weasel even more outrageous?,otter,double definition
70853,Dubious heirs to Switzerland's treasure,cherish,anagram
33639,Running for the job,operation,double definition
78895,"Time to give the ticker a boost, having it off with Gladys",daylightsaving,assemblage
110152,Paying customer to make severe criticism about rotten first half performance,patron,container
80555,Otherwise take railroad to the Home Counties,else,container
27594,Look over tower,keep,double definition
57659,"Just once, do put one out!",exactly,assemblage
88028,"Redeemed, made amends or converted",ransomed,double definition
98121,Christian beginning to pray in bed,copt,container
87570,Daughter's body clock determines when to have food,dinnertime,assemblage
20040,Mackerel bait?,sprat,double definition
75686,I hold teaching qualification - fix?,imbed,container
29298,A hazard on the table or in the field,potshot,double definition
62073,"Flawed agate, black inside, is soaked in boiling water",teabag,container
16044,Old king of note,offa,assemblage
21194,Grass performing well?,inform,double definition
130077,Journalists who keep saying cutting things,hacksaws,assemblage
6979,"Wreck's sunk into ground, obviously",undo,hidden word
61280,Dishonest proclivity,bent,double definition
79084,"When free, retire to a place abroad",eritrea,anagram
10881,Partners who dance up in close formation,couples,double definition
43852,Creating anger over maximum flight distance,range,anagram
122957,Sex in Esquire's spread needs …,requisites,anagram
118050,Feature of stern father is bottling up love,poop,container
34948,Revolutionary coming back to eat pub grub?,dinner,container
82689,"One sport he worked on, nearing defeat",ontheropes,anagram
17240,In which pupil appears to flag,iris,double definition
117543,Boatman gets his first crop on the wagon,boatswain,assemblage
102073,Work out cricket team's not old,suss,double definition
9656,Belief which may be taken up,tenet,double definition
33671,Bunny Lake is back and embraced as a formality,ceremony,container
110327,Revelations of secret trips,outings,double definition
110318,Homes established in a partnership,nests,container
2439,Fight possibly rigged,spar,double definition
103051,Unusually precise about line for title role,pericles,anagram
103296,Pressing suit with the devil,impaction,assemblage
101548,Like warning Liberal about vote,forexample,assemblage
119257,Andy Murray's traditional outfit has no length for tackle,kit,container
15125,"Curved member made of wood, say",bowleg,assemblage
134696,"Queen keeled over during a function, one of two in Ulster, perhaps",armhole,container
25878,"Time saved by unscrambling of a Gemini crossword, primarily cryptic",enigmatic,anagram
67914,Single swimmer's base,sole,double definition
140821,"Rich with a hundred, in truth",fact,container
109614,"The way things stand, a strike's not new",asitis,double definition
61982,Secret drinker comes to earth in Morecambe?,esoteric,container
26759,General concession,grant,double definition
66165,Fearing degree being dropped at university,reading,container
138850,"Youthful rogue has not much ham, lettuce etc - no seconds",bitofalad,container
18191,Annoyed that shirt's missing from counterfeit Man U strip,upinarms,assemblage
3245,Region sadly showing neglect,ignore,anagram
90110,Zero return after call for capital,dublin,assemblage
460,Instrument causing damage when attached to one short whip,harmonica,assemblage
90521,Charley's Aunt erotic? Take a walk!,saunter,anagram
10947,Teacher seizes a shirt in uproar,stir,container
44171,Parody old Bob's clothing,skit,assemblage
3898,Clients designed template,stencil,anagram
56034,Bar snack?,chocolate,double definition
30668,"It's poisonous, thanks to natural mutation",tarantula,anagram
77136,Repeated knocks make Irish twins retreat,taptap,assemblage
80064,Even up things with rate distribution,straighten,anagram
115907,Dog dirt on park for animals picked up,shihtzu,assemblage
93872,"""Music"", which is derived from the bloody Muse",moodyblues,anagram
18828,Meet in a bar,abut,double definition
124513,"Excuse a little colour without energy, maybe, on box",pleating,assemblage
19735,Gibbon's ailing somewhat due to small growth,bonsai,hidden word
98507,Wild cat's feline creature for hiding in tree,leafinsect,anagram
1273,Dealing with urgent checking,repressing,assemblage
28458,Final appearance of US actress - good!,swansong,assemblage
116004,"Uppity tramp, devout, hogging entrance to temple",bumptious,container
63785,Fanatical attack to capture Baghdad's leader,rabid,container
52323,"Study comes to an end, keeping good time",digest,container
123133,"Once unit has regrouped, carry on",continue,anagram
52613,Roads meet in confusion round the North; they can improve things,emendators,anagram
14737,Get to the top on Tyneside?,scalene,assemblage
65739,Goodly beer right for knocking back,large,anagram
121510,Cuts prize given to rugby players,medallions,double definition
33309,Rowan's character: nothing comic,beano,assemblage
71376,"""Heart of Midlothian"" follows radical dogmatist",bigot,assemblage
38657,Woman in torment shows spirit,banshee,assemblage
142,A channel swimmer accepts kiss from the great man,alexander,container
25422,It's right by the map,eastward,double definition
50376,Give name with nothing in it to fool with old gold coin,doubloon,assemblage
114838,Gathers crowds when speaking,hoards,double definition
48304,"To prepare, he corrected with eraser",rehearse,anagram
107588,"Soap found under bum, which is sweet",spongecake,assemblage
69792,Tilts at hint on drink,tipsup,assemblage
139034,"Circling island, misplaces cultivated field",specialism,anagram
101146,Cross about anything but silent silence,muffle,container
121774,"Settlement of rent, once due needs to be met",encountered,anagram
116016,"Well I'm blowed! Bald, shaved and pink!",coral,assemblage
137028,Head of government to OK thoroughfare stopping short of scaffold,gallowstree,assemblage
48249,Old instrument needs the sphere to ring,theorbo,assemblage
79460,Production of Haydn's oratorio,creation,double definition
16252,Is he up to repairs?,tiler,double definition
116704,Green University don could become experienced,undergone,anagram
86793,It's grand to make many holes in a hot plate,griddle,assemblage
96526,Disk that's not a hit with artless party,floppy,assemblage
87084,Chairman's out to provide violent opposition to the government,anarchism,anagram
46945,Blast engulfing Caribbean islands capital,darwin,container
117872,"Religious leader (a healer) cured flesh, receiving credit as a teacher",mohammed,assemblage
32455,Ask to tear net in pieces,entreat,anagram
113200,Old skin disease liable to drain confidence,sapego,assemblage
15131,Dissipated girl in confinement,misspent,assemblage
91831,Lifting a great weight is false,notso,assemblage
89024,"High frequency range, say, penetrating mum - is sore in the ears",megahertz,assemblage
37347,"Some styles return, returning briefly",tersely,hidden word
123817,"Lively end to working week, heaven",frisky,assemblage
31567,Expectant boy and European girl set about stir-crazy night hunter,pipistrelle,assemblage
9187,Biting right into tart,acrid,container
59047,Common former leader,heath,double definition
106486,Wine that's held up by guys getting tight,tent,double definition
122252,Where to find swimmers showing promise in class on regular basis,lidos,hidden word
111353,Draw mob and see wild mayhem,disembowel,anagram
112794,Game controller's about to take a quick look up,keeper,assemblage
96120,Always right in story about trouble arising,infallible,assemblage
113980,A fish in a fiddle in a former city,stalingrad,container
33968,Weapon company gets receiver in,firearm,container
49038,Agreement primarily sought within marriage,unison,container
105007,Ride off a little way to old city in time to get led up the aisle,marriedinchurch,assemblage
121371,"Corrects paperwork, putting top of house on in flats",proofreads,assemblage
53700,"Like china after the bull, shop being gutted when he's gone",strewn,assemblage
34214,Pepper's top music arrangement,capsicum,assemblage
78502,Of course Nijinsky was one,racehorse,double definition
61315,Chain letters?,mail,double definition
103805,"Vexed about European tree such as beech, from what we hear",seashore,assemblage
13705,"Bar providing energy (sustained energy), almost other-worldly",estaminet,assemblage
124729,Astronomical scale of opening novel,analemma,assemblage
79371,Breathe with difficulty and gag,wheeze,double definition
86193,Inspector gives opinion with hesitation,viewer,assemblage
79649,"Docks associated with locks, we hear",quays,double definition
130415,"Set fire to one reptile in sewer, according to reports",litigator,assemblage
21082,Sort of spin one thus put on an issue,isotopic,assemblage
107834,Snooty head of a religious order,superior,double definition
54819,Performance of coital nous in close contact,osculation,anagram
7507,Nourishment from fruit worker's consumed,aliment,container
128679,"Fellow clean, having removed soft muck",manure,assemblage
108648,Fraudulent cutie fled in disarray,deceitful,anagram
75968,"Come down heavily, when gathering of hunters is set up",teem,assemblage
80354,I cut out the hard stuff when at work,stonemason,assemblage
82313,Body meeting to pledge help to golfers?,committee,assemblage
88362,Never return to issue concerning former volunteers,atnotime,assemblage
76523,Member worried partner,mate,double definition
72051,Plot developer,schemer,assemblage
56688,Annoyed at being inconvenienced,putout,double definition
116153,"Small tots, primarily on wheels - in these?",strollers,double definition
2750,Approval for archbishop when in a hole,plaudit,container
44992,Wood that is abandoned somewhere in Africa,natal,double definition
50432,Chicken causing a crowd disturbance,coward,anagram
5223,Ornate enamel apt for sign,nameplate,anagram
83215,Elaborate ornament to hang on ventilator,fandangle,assemblage
121050,"Compiler's not right, unsound - controversial debate?",polemics,anagram
49735,What sucker needs a politician?,straw,double definition
101613,English writer hits cart track backing motor,turbine,assemblage
86013,See one and fancy double?,lookalike,double definition
140061,Silly argument over half a small pigeon,squab,assemblage
26153,Criminal gets Gill confused with ale,illegal,anagram
108393,"Wide path, a mere folly, that has its highs and lows",weathermap,anagram
91827,"Travelled free to Oxford, say, and got married",hitchedup,double definition
90877,Wild flower round by border,oxlip,assemblage
15283,Main follower in France with projector,tenon,assemblage
63244,I'm given picket duty,impost,assemblage
52888,Plant an hour in advance,shrub,container
138773,Local London football team spurned by Poles,areal,hidden word
120878,Massive thing lit a haven development,leviathan,anagram
85419,Novice's a person stupid in the head,loaf,assemblage
69373,Record poem about island event,episode,assemblage
102003,Living with old Medici reproduction,domiciled,anagram
125914,Fold party clothes,dogear,assemblage
125578,Many a playground prank ties knot around Maggie's bottom half,wedgies,assemblage
59616,Vessels a Scottish poet topped,urns,hidden word
112989,University College during religious festival is brilliant,lucent,container
34292,Overwork Bob's followers,strain,assemblage
141476,NYPD case to get resolved having been shortened,syncopated,assemblage
99236,They take risks travelling outside end of slope,skiers,anagram
47882,Villainous relative slain - clues available,unclesilas,anagram
27334,"Expression of compliance, almost trendy?",righto,assemblage
53660,"Tall and skinny, first to go fishing",gangling,assemblage
19872,He planted a tree using these hollow acorns,ancestor,container
51494,"Within a year, US college shows understanding",amity,container
22110,Hardy presents most of hoary tale,ollie,assemblage
65222,Admits top of hanger is missing,allows,hidden word
62044,Tape larks when camouflaged,lapstrake,anagram
38456,Neighbours are in a home,nearest,container
30526,Minimise importance of function involving food shop,sideline,container
133273,Speechless about group's bagpipe,musette,container
1880,Lecherous chap took your heart away,satyr,container
38670,Priestess is one Greek character Angie confused,iphigenia,assemblage
26697,So much room for jogger?,elbow,double definition
102422,Upset at dense part of London,eastend,anagram
65799,Spirit with which a certain Graf covering court runs,spectre,container
49333,Schematic representation of articles of faith,catechism,anagram
120194,Carrying burdens across back of mule that's slow,leaden,container
34463,Missionary put in mid-Wales,apostle,container
86654,"Calls sailor back, one's docked",names,assemblage
58104,Country sign bearing direction that avoids the centre,lesotho,container
52444,Equipment to slice nice ham,machine,anagram
56339,The man leading Earth's revolution is a god,helios,assemblage
53508,Live as a bird and take off,beatit,assemblage
103092,"I'll pay check - the man's nothing for gas, being held in disgrace without a shilling",havethisoneonme,container
109169,Vocal tribute to Japanese camper van?,nessundorma,double definition
59873,Friday's child makes you shiver,frisson,assemblage
97307,Can I take a butcher's consideration?,letmesee,double definition
141631,"Defenders greeted, sloping off from the front",backswept,assemblage
46001,Wartime enemy heading off for the firing line,oche,assemblage
130770,"In Devon, a current company leader is business manager",exec,assemblage
128189,"Napier's figures almost right, not entirely wrong",logarithms,anagram
134419,Hobo's besotted with bling and spirits,hobgoblins,assemblage
4244,Party? Try to have one,bash,double definition
77747,Aim for gold? I disagree,objector,assemblage
18500,Serene spirit comes from this,still,double definition
59788,Young female FBI agent now gone private employed by Nelson?,glasseye,assemblage
135286,"Languages such as Hebrew, including old study of signs",semiotics,container
111582,"We object, being placed in improper abode. Why? It's of ill repute!",bawdyhouse,assemblage
83921,"It's of assistance to shepherd or miner, but not king",collie,assemblage
128438,Produced rising bill and butcher sued,caused,assemblage
54449,They feel it's time to have castle refurbished,tentacles,assemblage
39179,Wooden tile dashed with pebbles?,shingle,double definition
78883,Maiden possibly left port with too much luggage,overladen,assemblage
38803,Raise tax during fight with deposed leader,elevate,container
28654,Bypass (ring road) crumbling - such a state!,colorado,assemblage
54161,Philosopher managed last of apple crumble,diderot,assemblage
107670,Had Belgians (or Bengalis) turned out Asian?,bangladeshi,anagram
32662,They won't stand for their instruments being played,cellists,double definition
13101,This address caters for love on the allotment,oration,assemblage
86568,Cut that ensured Macduff's survival,caesarean,double definition
42292,Quarrel with composer about second note of major scale,breach,container
31939,Seeming to act as representing another,appearing,double definition
24203,"Romantic songs in silly riddle, after point for daughter",lieder,anagram
86852,Kept touring Dorset,stored,anagram
115801,Sex hormone replaced on gander,androgen,anagram
64382,State nicknamed sooner rather than later: OK?,oklahoma,double definition
23405,Discount English book with set standard jacket,rebate,assemblage
106788,Shrub grew on river in a month,rosemary,assemblage
88138,Stuff about English prince or king?,george,container
110695,Ref rants about changeover,transfer,anagram
96234,"Book about principal, not a strong head maybe, yet beginning",remainsoftheday,assemblage
12071,"Low gear involved, finding place to park?",moorage,assemblage
60822,A name is called a name,monica,double definition
76701,"Left and left again, lorry finally gets round",portly,assemblage
95333,Here visitors may check in for a social occasion,reception,double definition
673,Lofty range of latest shifts,falsetto,anagram
83727,Distress at leaving embassy man following judge,heartache,assemblage
93612,"One way to prepare food, cold, stopping on the way",encroute,container
17174,He composed some enjoyable harmonies,lehar,hidden word
127453,German philosopher's more cheerful,gayer,double definition
32364,Clue short of perfect,idea,assemblage
93595,Reformed Chapel anthems used to promote the virtues of water,cheltenhamspa,anagram
64358,"Being in league, agreed to get rid of leader",allied,double definition
82856,"Polish fruit, cored, is chewy",rubbery,assemblage
73695,Boost announced for Alexander's father,philip,double definition
57005,Turn aside right after the avenue,avert,assemblage
32670,No time for checking maxim,saying,assemblage
1309,"Translated ""plastered""",rendered,double definition
38553,Despicable people on top,scum,double definition
115468,"Awaiting summons from head of court in plain wrapper, to be returned",oncall,container
72114,Amplifier to help retail a service,laser,hidden word
80728,Travel in time beyond it and back from Rome,itinerate,assemblage
121676,Combine to restrain a temper,allay,assemblage
84957,Clerical doctor has a bit of a scheme concerned with aspect of language,syntactic,assemblage
90475,She would pack a right in a scrap,shred,container
75083,Head of Sheffield Wednesday is meeting Hillsborough's first Scandinavian,swedish,assemblage
79404,"On North by Northwest, upset over one late director",winner,anagram
51440,Letter put in fireplace reduces to carbon,graphite,container
32221,Restaurant cutlery,canteen,double definition
61927,Exploit dwarf,stunt,double definition
100715,Performance in which the middle section gets the twitch,bellydance,assemblage
94065,Doctor can back old GP site,monaco,assemblage
5968,The Queen needs foreign money for the mission,errand,assemblage
82472,Good place for baby with loop,picot,assemblage
8368,Cloth goes with bathroom items,toiletries,double definition
7350,First drops in wood more than adequate,ample,hidden word
27966,False plea men put to a jury,empanel,anagram
40630,Right nipple brought out as a special favour,treat,container
38945,Lead present in unusual spell of rain - it's blissful,nirvana,anagram
20340,Chief island's headgear,topis,assemblage
95135,Giveaway lines?,freeverse,assemblage
141701,"Dearie me, I'm so disorganised - reminders needed!",aidesmemoire,anagram
40049,Trollop allowed a pie,tartlet,assemblage
77809,White boy finds nearest man in blue,skinhead,assemblage
112968,"When retired, managed share account",narration,assemblage
73262,"Judge - typical, though not posh - producing a rejection",refusal,assemblage
100936,Uncultivated to blow off with loud noise,lowbrow,anagram
46130,These islands provide a free love style,faeroe,anagram
52610,Endless hilarity over barber's offering,trim,double definition
139370,Complaining about president is exciting,gripping,container
3955,Result of dropping the charge?,pricecut,assemblage
138522,Making changes in device isn't encouraged,incentivised,anagram
127798,Shank used to position these,skeandhus,anagram
4506,Duck has suffered on island,borneo,assemblage
44503,Opening vocal variation to Elgar's first,alcove,anagram
96316,"Paper's written about conclusion to inquiry, little being an inward reference",myself,assemblage
8008,"Tool isn't blue, not black variety",utensil,anagram
41326,It may reveal hidden charges,minedetector,double definition
20677,Trickery's insult to an audience,sleight,double definition
72045,City of revolutionary in duty list,rochester,container
126949,Monstrous party on the up through Gulf War not all bad,godawful,assemblage
57628,Setter finds shelter from fight,melee,assemblage
28186,"To separate, cut outside page",split,container
51375,"Consents, but will be a long time coming round again",agrees,assemblage
86583,Finish off incredible eastern story,tale,double definition
90867,Successful escape requires them to be clean,heels,double definition
105020,Pets regularly bite? Avoid!,eschew,assemblage
82993,Lowers stock of the hoi polloi,herd,double definition
133314,Produce charged particles and celebrate topless,ionise,assemblage
57936,Incredibly small club in Finish cape,subatomic,container
27317,"Surviving, once one is protected by explosive",extant,container
45931,Screen has crimson centre and unusual rose edging,reredos,anagram
83264,Look after the ruddy whiskey!,redeye,assemblage
112817,Trading jargon after Queen is swallowed by distance,mercantile,container
138913,Craving for flour - is it regular?,lust,hidden word
94199,"Guided the unholy Tannhäuser on Rome expedition - devastated, primarily",tutored,assemblage
114206,Greek island with a cat that's externally weightless,ithaca,assemblage
101298,Short skirts tempt the clergy!,ministry,assemblage
123748,Plans where PM lives without owning - tense?,intends,assemblage
50900,Like a mother could lose a point and gain one - it's seriously relevant,material,assemblage
90550,"Hide fortune, making run for Cuba",lurk,assemblage
110569,Indications of a lot of hard drinkers going on spree,harbingers,assemblage
104466,"Aggressive libels come out, millions being lost",bellicose,anagram
4903,"Game, or six of them, holding local up",tennis,assemblage
52831,Facial hair reported to county's capital,tashkent,assemblage
3357,A French field with sailors: cancel the lesson,unlearn,assemblage
125797,Bribe a cricket side - or just one fielder,squareleg,assemblage
133476,They provide poor accommodation,almshouses,assemblage
109042,Book for Sunday opening - put in the one before Easter,psalms,container
128816,Language used in theatre by Lawrence director tailored to fit again,readapted,assemblage
784,Women's quarters and hospital are by motorway,harem,assemblage
74487,He says he's a Muslim leader,imam,double definition
46469,Commotion curtailed on American burial place,tumulus,assemblage
17832,Josh gets scared,windup,double definition
24196,Sound conductor of German songs,lieder,double definition
29423,One good with relief work for delicate ornamentation,filigree,assemblage
64543,It currently controls rose that is rambling,rheostat,anagram
43829,Old instrument: state feminine name,rebecca,assemblage
69569,One of those sweet utterances of lovers in love,nothing,double definition
23822,Where fallen gladiators bit the sand in ancient Rome?,arena,double definition
29321,Amusement park fails to open - how dishonest!,unfair,assemblage
29253,Weighty communication cut by a lawyer,notable,assemblage
113656,Person taking money,nicker,double definition
59680,There's nothing stupid in Denmark,odense,assemblage
69633,Islands getting many account transfers,cayman,anagram
131619,Criminal acts at house in the middle of Trieste,villainies,assemblage
48979,Spot-checks English river rising fast,speedy,container
113859,Expecting a delay in start of games,awaiting,assemblage
109706,Favourite uncle hurt about aunt's initial pique,petulance,assemblage
60170,Free terrorists snap title up,emancipate,anagram
76473,Boatman's a knave!,jack,double definition
134236,"Mopes about, exiting Olympic Games racked with muscle pain",myalgic,anagram
53859,Girl otherwise taking one in,elsie,container
118608,Reclusive boy taking issue to heart,eremitic,container
71281,Old transport on river outside the city walls,extramural,assemblage
78829,It's sweet of Republicans to keep banging drum,gumdrop,anagram
136821,Key workers?,locksmiths,assemblage
119955,Sounds just so ill,sick,double definition
42117,A rugby player thus taken by surprise,aback,assemblage
108118,They believe further education for sailor one solution,unitarians,assemblage
129142,Instant calls blocked by new PM's predecessors,mornings,assemblage
28452,Gloria's great at the final curtain,swansong,assemblage
114633,Raise glasses for final drink,bottomsup,double definition
42633,Tries an awful wine,retsina,anagram
53225,"Sharpen pen, but retain candour",honesty,assemblage
93707,Help finish a hotel in the country,lendahand,container
29486,Duck below bedcover,eiderdown,assemblage
50866,TV centre cut outside broadcast,studio,container
67372,Aperture letting large number into portico,stoma,container
50983,"Astronomer, one in ship mostly",galileo,container
27513,One cuts a person who easily shifts positions,trimmer,double definition
27600,Record awful lies about model in writing,epistle,assemblage
66578,Cook insufficiently good: not a likely winner,underdog,assemblage
56945,Treating people that are out to make New York happy about alien,hypnotherapy,assemblage
21978,"Unconscious, potential killer withholding shelter",asleep,container
26693,Push out bowel movement,elbow,anagram
75843,Nonconformist church raised cross - what's the point?,crux,double definition
120004,"It's instinctive with a good many, all called George",automaticpilots,assemblage
43802,Responding to a phone call about disturbing news,answering,anagram
135398,Longing to trap learner with setter's mystic art,alchemy,container
125044,Moved in secret and went ahead after complacent start to game,smuggled,assemblage
33631,Find short Arthur Dent's stripped off,unearth,anagram
100161,They are made to scale,ladders,double definition
117531,"Fountain tee shot smashed, in the President's words",stateoftheunion,anagram
30696,A measure without point,galleon,assemblage
122941,Cold tea consumed by trite reveller,bacchanal,container
140862,"After briefly not working, a head is in school again",reteach,assemblage
141773,Plots involve danger close to Paris,gardens,anagram
21430,"Like ""Gone with the Wind"" for the picture industry?",epic,double definition
6717,"Express approbation of last rose, perhaps",endorse,assemblage
69673,Mixture of feta and rice served by a restaurant,cafeteria,anagram
65586,Be quick to appear in fashion,looksmart,assemblage
2040,Make-up (whichever covers a cat),anatomy,double definition
93894,"Dancers on stage refrain, in part",chorusline,assemblage
75329,Quickly read second novel,skim,assemblage
63800,Sailor getting damaged kept dry,abstained,assemblage
104535,Test alcohol-free beer at the end (European one),dryrun,assemblage
22372,Look certain after record brings revelation,disclosure,assemblage
116661,"Line in scrap, which might be cut for a cockpit",flightdeck,assemblage
30157,Old teaching assistant demonstrating pronouns,usher,assemblage
42104,Burrow in soil,earth,double definition
87338,Fix sort of case that's curtailed,attach,double definition
59237,Mark of small vehicle,scar,assemblage
16227,"Hot in seat, how hot it is!",phew,double definition
136434,"Complex relationship ending in disaster, one in imbroglio",triangle,container
55791,Body cover for unexpected demise - RIP,epidermis,anagram
81090,European noblemen depicted by American author,donmarquis,double definition
63844,How soon will women combine with unity? An enigma,anyminutenow,anagram
141907,Property of trees in meadows: healthy inside with sun,leafiness,assemblage
49933,"Tempestuous character - one found in Lear, perhaps",ariel,anagram
105222,Artist for the underground?,lowry,assemblage
66782,Attila upset retired nut gatherer,headhunter,assemblage
84102,"Man, the soldier (an amoeba), pointlessly confined here?",guantanamobay,container
1972,Conciliate a parish priest with creature comforts,appease,assemblage
35005,Is one prepared to walk out for a wedding?,union,double definition
5510,Criticise long dash,panache,assemblage
16107,Money raised by word of mouth,bread,double definition
20188,Freedom encourages my aunt to keep ducks,autonomy,anagram
108121,Greek-speaking orator as guide (not to Tyneside),cicero,assemblage
52130,It's our entitlement,name,double definition
85282,Reprimand means no further credit will be given,tickoff,double definition
65420,Spin prime minister's endless talk,prattle,assemblage
43607,With lines or the opposite?,inverse,double definition
46005,"Line drawn in pub, no cheap drinks",oche,hidden word
34925,"It could contain jam, but is certainly not jammed",ajar,double definition
21975,Disturb please - on the contrary for kipper's state!,asleep,anagram
122686,"Sofa, perhaps, where Torode's first broadcast rejected by diner",twoseater,assemblage
88820,Old woman wearing cosmetic? That's hard to digest!,roughage,container
80669,One like Napoleon artist gets to pose,strategist,assemblage
46570,Treasure article lost coming from the news agency,reuters,anagram
90579,"As an old hand, reverse-called on a semiconductor device",gnarled,assemblage
133340,Lack of zip in cold ENE winds,indolence,anagram
69861,"Revival of ""Cats"" includes nothing that's by Puccini",tosca,anagram
71166,Leaver no longer a soft touch,expat,assemblage
20485,Devon resort's improved with non-drinking element gone,beer,assemblage
17749,Odd starting point for a hobby,trainspotting,double definition
25725,It's commonly wrong in a telegram or a letter,amoral,hidden word
82148,"As a kebab, after weeks rotten and bloody",skewered,anagram
113387,Non-U physicist admitted embracing a South American,colombian,container
65735,Fellow keeps chalet designed for sports event,decathlon,container
99648,Travel plan means one can take time on the railway,itinerary,assemblage
116070,Tenor in drunken choir fought for fort? Not in such a dialect,rhotic,anagram
1176,"After passing, notice cycle right away",obit,double definition
42414,Dependent on having bowel control when eating goat's head,contingent,container
121353,Rush to interrupt teacher's Grauniad hallmark?,misprints,container
34982,"Say ""fling about' in Scandinavia",dance,double definition
67109,Nice foreign recipes,precise,anagram
14712,"Previous state of party, originally backed by old Soviet leader",prussia,assemblage
138451,"Walked like a confined prisoner in stockinged feet, which prevents self-harm",paddedcell,assemblage
54894,Mutant rook made a child's pet,tantrum,anagram
111297,"Dramatist, needing work shortly, taking partners on as past peak",benjonson,assemblage
84589,Flight for flight?,fireescape,double definition
99294,Woman holding magazine cover,sheathe,assemblage
7336,"One in poor health, not strong",unit,assemblage
23020,Outlay of former writer extracting Greek character from muse,expense,assemblage
39161,Mean to have home care,intend,assemblage
14196,"About to suffer from alcohol consumption, seeing shrink",wince,assemblage
89459,Main inhabitant's lidless coal store placed at angle,cuttlefish,assemblage
75627,Instrument of top player gripping India on the radio?,sitar,container
41271,"Like a giraffe, it's all right to have one half pint",okapi,assemblage
2097,"Guts, or heart lost in loved one",daring,assemblage
103755,"Fliers like trees in winter (sunless, but retaining temperature)",leaflets,assemblage
5548,Support for member to pay balance,footrest,assemblage
5087,Lamb put on string for princess,cordelia,assemblage
94935,Standing of French Queen and significantly smaller,teenier,assemblage
116488,How church worker can offer praise?,chant,hidden word
110889,Bill and Edward played,acted,assemblage
42770,Motive concerning an endless strain,reason,assemblage
95588,Row developing in court,ruction,anagram
76813,Two support the church,brace,assemblage
62505,Little boy with a metre-wide hole,chasm,assemblage
48876,A final note about a fabulous writer,lafontaine,assemblage
97545,Talk garrulously (rabbit on) in part of France,gascony,assemblage
106090,"I'm sort of top, but going up and down",yoyo,double definition
86968,If German is supporting overthrow of EU policy he won't use violence,pacifist,assemblage
103224,"Providing funds, though die in the red?",endowing,assemblage
23234,"In a difficult situation, use hose on grass",tightspot,assemblage
36147,Garments Carthaginian leader introduced to African city,tunics,assemblage
72676,Official voice of the cyclist?,spokesman,double definition
95226,Engineer to turn to Preminger,otto,double definition
77553,Flag with a tale of heroism,saga,assemblage
39924,Large old ship is broad and slow,largo,assemblage
89382,Supervised position of lumberjack?,oversaw,double definition
72105,Fire at mate? Trouble in due course,afteratime,anagram
129476,"Capes, which are exactly the same",carboncopies,double definition
90763,Sheepish four regularly breaking new rule,rueful,container
11124,Humiliating remark was repressive,putdown,double definition
50571,Bar - don't spend!,save,double definition
108211,About to get severe cramp,restrict,assemblage
40465,"Fragile thing, problem leading to fault",teaservice,assemblage
11122,Recorded snub,putdown,double definition
1230,Talented leading counsel at the bar,clever,assemblage
126223,Italian cathedrals arouse odium,duomi,anagram
70709,Short programme for the handicapped?,rehab,double definition
121320,Office worker casually visiting old city to get a deep-fried dish,tempura,assemblage
80582,Part of Turkey's employed in fencing,wattle,double definition
36340,Weeping mother returned popular award,niobe,assemblage
125591,"After hugging guys, one has regret",lamenter,container
107957,"African warriors, revolutionary yet showing irreverence",impiety,assemblage
104237,Canary has number - there's energy in numbers,tenerife,assemblage
120225,What sweat will do via pores in transformation,vaporise,anagram
129333,Questioning of Socrates most common,coarsest,anagram
62010,Reckon without penalties bearing discrimination,faddiness,container
79412,Girl looking OK in elfin clothing,felicity,container
29789,Birds can do it with their eyes shut,peep,double definition
93438,"Native American in prog rock group, wearing relative's shoes",brothelcreepers,assemblage
81381,Lives in des res I converted,resides,anagram
8242,"Eat from river, as bird",grouse,assemblage
101937,Be clearly out when turning ball goes to fielder,breakcover,double definition
43682,Before Man exists … before that? An article of faith,theism,assemblage
7908,Name one Greek island: one with a divided capital,nicosia,assemblage
47330,Clean out container on top - it's got a needle in it,binnacle,assemblage
44415,"Cross waves in secret to defect, ultimately",intersect,anagram
37657,"Son was visibly moved, did some housework",swept,assemblage
25616,Pat his arm in error,irishman,anagram
84484,Suckers for medical treatment,leeches,double definition
7598,Place for researching our party,labour,assemblage
135587,"Well, what might have me beatified?",mygoodness,double definition
141678,"Attacks with a 'furious fastidiousness', ultimately - fine to ignore flaws",assaults,assemblage
42338,Origins of terrific hubbub below and terrific hubbub above,thunder,assemblage
86698,"Extremes in heavy drinker, overpowering even, producing gas",hydrogen,assemblage
19113,How much harvested? Give up!,yield,double definition
126362,"They may be sarcastic, when press is across the street",ironists,assemblage
36262,Head of stable clipped tail,scut,assemblage
118705,Inadequate squad with invading force,unfit,container
113031,Member enters toilet to find clothes,garments,container
42405,I do without a bit of money,coin,double definition
1001,Drink to a virtuous character,toast,double definition
69862,Operatic heroine cast down about love?,tosca,anagram
140576,A Hebrew pronunciation of 'Hankies out all over Arizona',ashkenazi,anagram
135837,Closely follow master's beliefs,dogmas,assemblage
106878,Coke party that's thrown by children,snowball,assemblage
24375,"Emotionally detached, as football stadiums this year, completely empty inside",fancyfree,assemblage
106268,Abandon royal dignity,abdicate,double definition
2037,Lizard's egg laid in uncultivated land,monitor,container
75662,Turnabouts in vessels,uboats,assemblage
141636,"Wet love, devoted cuddles",pluvious,container
43975,Some bandit took the same again,ditto,hidden word
51199,Pay raise - it's Pasquale's premier objective,stipend,assemblage
75381,A woman's remains,ashes,assemblage
21072,Titled gentleman losing right to go underground,maquis,assemblage
96257,Auntie Deb's silly gas,butadiene,anagram
69895,"Change ending to hit, one's up for success?",thumb,assemblage
129180,Revolutionary semi-proletarians stink with doctor's fiery cocktail,petrolbomb,assemblage
24075,To be drunk neat?,tight,double definition
33088,Order posted by tyrant,despot,anagram
97433,Drivers of the stage knocked out Comanche,coachmen,anagram
133861,Doctor healing great ills,allergist,anagram
65692,Sound punishment for murderer,cain,double definition
134156,Main distance from actual line I'm dancing,nauticalmile,anagram
59825,Background music to be cut to size?,wallpaper,assemblage
10942,Uproar in jail,stir,double definition
83207,"King Edward was exploitative, in the royal habit",ermined,assemblage
30102,Shut up about our being fostered!,encouraged,container
97509,"Sittings needing many smalls? One, I suspect",sessions,assemblage
15827,Beat cheat that's passed away,outdo,assemblage
36272,"With backing, shoots in the foot - typical!",serif,anagram
47619,Army unit call intended as a cure,remedial,assemblage
116376,"Yesteryear's bloke? If Mandela's that, there's a crooked deal",forgottenman,assemblage
100331,Liner fan may be damned,infernal,anagram
104640,"Writer on computer matters, unknown expert",authority,assemblage
30154,This official must take us with her,usher,assemblage
37791,Refuse assent in the end,object,double definition
91846,Top level backing for element in royal revolution,overlay,assemblage
48535,One happy to include lots of US money with advance?,mercenary,container
139257,Laymen deceived shabbily,meanly,anagram
48746,Recluse carries tons of welding material,thermit,container
30629,Parson's remedy,cure,double definition
82290,Language of one set to wear back-to-front collar,latvian,assemblage
113167,To comment on the repulsive - that's a hard thing,toughie,assemblage
105760,"Expected to come back into season, almost like medieval society",feudal,container
53545,Sort of figure that changes with time?,hourglass,double definition
40012,It could make one extremely tiddly with rum in it,toddy,container
140072,Makes crazy demand to begin with - called in to get it overturned,deranges,assemblage
135387,"Doctor, get up and heal this deathly disease",theplague,assemblage
29009,Ugly duckling?,cygnet,double definition
71585,Call ship after capitalist?,dubliner,assemblage
65899,It's put on by a better singer,treble,double definition
130332,Swedish chef's starter: an order for food,sandwiches,assemblage
102796,Cities laid out in a way that's impractical,idealistic,anagram
12,Completely lost voice and note from anaesthetic,ether,assemblage
36255,Sounded as if they are in agreement and went in order to look,eyesleft,assemblage
102482,Vision of motorway madness,mirage,assemblage
126007,"Comprehend female, in short",fathom,assemblage
1199,Get rid of Catholic king in play,clear,assemblage
136713,Thatcherite maybe stirring up a rebellion,neoliberal,anagram
6650,Fancy Luxembourg as Utopia?,ideal,assemblage
38932,Purge over-excited fool within time limits,decontaminate,assemblage
72601,Urban work by sanctimonious boy,oppidan,assemblage
40999,"Package turned up, given address with added detail",elaborate,assemblage
68996,Singer plugs TV award half-heartedly - it's an important mission,embassy,container
102844,"Cleo, a girl, becomes symbolic",allegoric,anagram
134943,Knocked back soft drink and spirits in drinking bowl,jorum,assemblage
48116,Blanching stakes,paling,double definition
111338,Shakespearean explorer clutches black instrument,violadagamba,container
21793,Call for resignation causes uproar,outcry,assemblage
16523,Leading girl in musical doesn’t start solo,aria,assemblage
13370,A situation troubled dissenter,apostate,assemblage
15275,Diver caught one coming up for something to eat,iceberg,assemblage
112739,"Sexy one to go on about ""me""",erogenous,container
34991,"Picture of innocence's debut, wearing shift",movie,container
15725,European caught in this system of morality,ethics,assemblage
14120,Ludicrous car tax - this hanging round your neck?,cravat,anagram
7881,"Cause friction blowing top, around you calm",assuage,assemblage
137929,Greek characters retire operating system,unix,anagram
106799,Almost reverse Jewish experiences,times,anagram
79357,Printer's employee being kind to dog,typesetter,assemblage
33925,Order pudding,applepie,double definition
17732,Sergeant out to part friends,estrange,anagram
130968,Itinerant magician's prop turned King Edward into Queen Elizabeth!,wanderer,assemblage
87626,"Paint cheese without semicircle, half of cheese",gouache,assemblage
111683,A disease exists on account of rodents,agoutis,assemblage
65357,Manoeuvres to win hard races,rushes,double definition
114936,"A colonic ailment less constant, requiring treatment that's soothing",calaminelotion,anagram
9482,A crack about the aim to be in vogue,trendy,assemblage
76634,Licence to overtake,pass,double definition
76257,What was written on role filled by church workers?,parchment,assemblage
78676,True-to-life articles I reviewed,realistic,anagram
62317,"They're scaled by companions, but not at first",adders,assemblage
24452,A mountain that's good to climb,alpha,assemblage
115190,Discuss and OK travel arrangements,talkover,double definition
78827,"Fearful and upset, I therefore shut up",ogreish,anagram
132736,City investments?,sieges,double definition
110158,Possibly the bed's a place of healing,bethesda,anagram
97209,Very many are of minor importance,countless,double definition
62945,Non-alcoholic drink brewed in East,tisane,anagram
121527,Fractions of the highest order,eighths,double definition
40781,Aristocrat right to receive monarch,duke,assemblage
33943,Expound about superior work of art,statue,container
92520,Currency that might introduce a list,colon,double definition
22527,Male sheep producing cross,hetup,assemblage
78738,One drunkard turns up to see another,tosspot,assemblage
70065,"A bit of spirit needed to climb a peak, which is dangerous and must be scaled",alligator,assemblage
34624,Footwear by which the Irish may be recognised,brogue,double definition
65885,It's said to pacify one getting a duplicated present,nownow,assemblage
10120,"Essential for galop, metronome's rising speed",tempo,hidden word
83151,"Check when one's gone past you, having come to grief",autopsy,assemblage
66353,"Capital sum a lender's first withdrawn from Italy, or Monaco?",principality,assemblage
37975,Sounds like conversation has a twist,torque,double definition
97875,Complaint of writer about the British clearing banks,nephritis,assemblage
50079,"River runs back, almost reaching top of estuary",rhine,assemblage
51124,Ulster backing diplomacy without a break,intact,assemblage
119756,"Holding up the Guardian, for instance, is Rusbridger, with efficiency",organised,assemblage
1482,The advantage of retired gentlemen,edge,double definition
19273,"Dead? Yes, possibly, and near to tears",sadeyed,anagram
140751,"One metre down, plant foolish hoax",piltdownman,assemblage
37502,Pay to take residence at university?,settleup,assemblage
124639,"It's a pleasure to cultivate, taking little time",thrill,container
32690,Time off for a craftsman,shoreleave,assemblage
121020,Dress for presentation?,giftwrap,assemblage
67809,Representation of one small party,icon,assemblage
102881,Address of the woman's joint,ladyship,assemblage
25668,"Like one with toes but no middle fingers, say",digits,double definition
87682,Anonymous donor makes an entrance,door,hidden word
52394,"Rash of the skin, not initially red",epidemic,anagram
15906,Hard worker making veiled threat to PC?,trojan,double definition
15686,"Worn thin perhaps, so it's included free",thrownin,anagram
138803,Good time to change sides with spirit,ghoul,assemblage
100630,Eisteddfod venue organised on legal lines by knight,llangollen,anagram
99315,The nicest society can show irritability,tetchiness,anagram
83256,Evidence of railroad plant,groundsel,assemblage
1470,On which tense?,edge,double definition
133893,Plant turning out eg lasers,eelgrass,anagram
118560,Tucker's best mate put on the covers of large sacred text,bible,assemblage
83684,Superlatively fine art suffering,smartest,assemblage
24337,Got off just over halfway through dismal government-free existence,reality,hidden word
4779,Thomas is example of one that needs no tender attachment,tankengine,double definition
14398,"Fools wasting time on North Carolina headland? Spanning the years, this is characteristic",idiosyncrasy,assemblage
55741,"To a certain extent, the scoundrel wants that woman",rather,assemblage
543,Hurt the billman,ache,assemblage
674,"Culottes Lafayette pulled up somewhat too tight, hence his voice",falsetto,hidden word
75890,"Flower show out of place, shortage of air about",poinsettia,anagram
27545,It's shown in diatonic modulation,indication,assemblage
83646,"""Look at tax"", says a Green",lovat,assemblage
10341,A party bloomer - providing mineral!,alabaster,assemblage
116024,Boatman's report on whale found in the Mediterranean,mallorca,assemblage
4079,Twice as fair,soso,double definition
102736,Cry off limiting gene modification in a certain style,regency,container
18902,Make off with bits of deck and amplifier,decamp,assemblage
120440,Choose industrial chemists' solution: we deal with …,opticians,assemblage
65562,Bow and scrape when news is broadcast between balls,danceattendance,assemblage
54270,She watches old boy with computer,observer,assemblage
94952,"Expectation of rush hour delays, an empty promise?",jamtomorrow,assemblage
66965,Dodgy operator catching river fish,trout,container
33905,Explosive component of Ulster on time? On the contrary,nitre,hidden word
107270,Politician given party lodgings,condo,assemblage
91577,Briefly that extra distance that brings evidence of happiness,smile,assemblage
126052,Revolution Road's dedicated track,cycleway,assemblage
121537,Do without minims in the middle bar,banish,assemblage
130713,Tea and toast,drink,double definition
41821,Oil wheel,castor,double definition
62295,Injury puts years on mother,damage,assemblage
47360,"Consider penning lines, any number almost",wellnigh,container
94991,Mr North struggling in the grip of deranged genius,mastermind,anagram
15174,A positive sign,plus,double definition
129639,Short of three lots of supporters in the cemetery?,sixfeetunder,assemblage
92772,Pacific type has to look over endless sea,appeaser,container
27958,"First-class book about leading entertainer, of course",aintree,assemblage
27977,"Repeat one time, then another, one short of ten",iterate,assemblage
26030,Murphy's digger,spud,double definition
15976,Close time?,night,double definition
129940,"Give up crime in Oz, reportedly, and wield pen anonymously",ghostwrite,assemblage
135714,Climber's endless hunger to be among celebs,alpinist,container
32375,Fancy a fish first?,idea,assemblage
36997,Port one kept in casks,tunis,container
48628,Like following like?,such,double definition
56100,No Conservative to stop slide,ease,container
132308,Somewhat minimalist hat? I think I expected more!,isthatit,hidden word
14173,A friend keeps place that's cut off,amputate,container
63746,Something to hide under after final bombs can be blown up,inflatable,double definition
94043,"Farad's an SI unit, but not of this",flux,assemblage
51953,Missile destroyed depot storing gold,torpedo,anagram
29370,"Big build-up in New York, for example",skyscraper,double definition
49637,Itinerant itinerants lose one itinerant,transient,anagram
5396,Contract office boss,stud,double definition
19670,"Put in new position, took a break around one",resited,container
76131,Plain or flash coat for detective on street?,modest,assemblage
60727,Bow out of second-rate finale,bend,assemblage
132053,Order costumes for cases,lawsuits,assemblage
50207,Side needing actual capital,realmadrid,assemblage
139736,Securing army officer to rise against one he swore to serve?,locking,assemblage
61403,A quiz night without a quiz? Hardly on the cards,bezique,double definition
134737,They succeed in their schemes,heirs,hidden word
80851,Prince appears more wet?,rainier,double definition
115706,Page wearing drunkard's hat,topper,assemblage
41359,Has manoeuvred an end to the contest: cap that!,shako,assemblage
106776,What cross-country runners do to a boy?,harry,double definition
77141,Something to eat and it's time for a fool to go to bed,apricot,assemblage
69154,Brother to Uncle Remus,brer,double definition
86282,Piece of brass enclosing ring that's worn by noble,coronet,container
50407,Famous sons delay leaving,starry,assemblage
85763,A number left on a trip for the pottery,delft,assemblage
14011,"Volunteers of yore, with many suffering",yeomanry,anagram
20135,"Fiddler, it's said, turned on when hugging the leading lady",nero,container
56778,OSCAR?,limo,double definition
90168,Explorer receives very cool tip from Guatemalan tracker,policedog,container
124080,Second from last in race failing at the finish,closing,double definition
130357,Liqueur I found in Bermuda all over the place,drambuie,anagram
32181,Bill swallows note in the thick of it,amid,container
98062,Bound to be recorded,taped,double definition
14998,The issue of offspring,grandson,double definition
23935,Disposition of uncle to have a fling,flounce,anagram
61077,Watches Rose dancing - horrors!,eyesores,anagram
109308,Previous charge in court bringing feeling of uncertainty,coldfeet,assemblage
27861,"Bit of blusher, without changing foundation",basis,assemblage
105027,Nothing dissimilar to ...,notasausage,double definition
30211,Guerrilla starting to enrage king with insolence,cheek,assemblage
65854,Extract from Kafka or Tallis that comes straight from the heart,aorta,hidden word
58331,"Pleasure resort, unknown on a poster, very classy",xanadu,assemblage
113368,Part of member's time wasted,thigh,assemblage
81239,Left-wing alliance meeting in promenade,popularfront,double definition
110828,"Making out, being clever",discerning,double definition
121711,Southern way out unfit for the voyage,unseaworthy,container
26075,Some colleges say education is tried,essayed,hidden word
6290,"Something to lay, given end of life, laid in anger",wreath,assemblage
24672,Unexpected cash found in boat,gravy,double definition
11597,Oriental vessel is a mile in length,sampan,assemblage
11668,Eastern loch side,eleven,assemblage
66420,Charge sheet?,pricelist,double definition
131704,Colourless church with scent outside,achromatic,container
63881,"I am entering E, say, as rough guess",estimate,container
49657,Ways of life further south,mores,double definition
101786,Evergreen creeper,grasssnake,double definition
57004,'esitate with time to turn aside,avert,hidden word
49320,Spread out hat that's turned over and put away,dilate,assemblage
133045,Appropriate Dickens character,pocket,double definition
26259,Old soldier - there could be a few neater characters,veteran,anagram
99415,As vehicles should be when left on the road,righthanddrive,double definition
116934,"Insect on cacti circling round, right where it's very cold",antarctic,assemblage
131770,Slings net around birds not able to fly,nestlings,container
48223,Is one picky as Patton?,optant,anagram
117164,Where Hamlet slept with no alternative in Somerset?,sheptonmallet,anagram
127283,Sovereign kidnapped by our Greek revolutionary for Asian communists,khmerrouge,container
80724,The person who's learned a vehicle may be parked in the street,savant,container
106599,Is a crane needed for this theft?,shoplifting,assemblage
63251,Artificial means of communicating a spiritual talent by Muse without name,esperanto,assemblage
103551,Stiffener and preservative in court,starchamber,assemblage
137679,Comfortable about weaponry,guns,anagram
99868,Aunt Georgia oddly lacking internal organs,uteri,hidden word
117694,Part of army base is run down,revile,assemblage
60986,Haiti cops dressed in pale green,pistachio,anagram
101417,A number of Germans practised deception,lied,double definition
120819,"New start for magician, one who refuses to swear",nonjuror,assemblage
75468,Direction providing no way without conflict,norward,assemblage
47644,Flair shown when skill is added to effort,artistry,assemblage
101933,Someone very fond of a Cornish river trip?,fallover,assemblage
15774,"Sea creature - as usual, it changed after new start",nautilus,anagram
47183,Grant is held up by student peccadilloes,accept,hidden word
63991,Retaliation concerning April's odd tricks ultimately,reprisals,assemblage
63824,Azed addicts filling vacant bierkeller in fair,bazaar,container
19447,Early reading-desk found in back furrow with drum,tambour,assemblage
141430,Journalist stayed in Parisian stone flats,piedsaterre,assemblage
14231,"Good person, a laugher showing resilience",stamina,assemblage
28529,Merchant and traveller displays the spirit o' the game,marcopolo,assemblage
125079,Maybe Bristol politician getting exposed is not suffering any damage,unimpaired,container
91393,Wilder top of fallen flower,faster,assemblage
16718,Who the author mentioned in disbelief?,dickens,double definition
77642,Runs coming with one big hit more likely to get you caught out,riskier,assemblage
46644,"Come to pass, maybe, in Yorkshire",happen,double definition
81338,Unknown quantity as missile plant,yarrow,assemblage
115834,Goldfish buried in mummies' tombs,mausoleums,container
107676,Notify primate about capital abbot originally left,apprise,assemblage
23803,Middle Eastern fuel qualifier when refined,iraqi,assemblage
87622,Shipwreck leading to an oil discharge on a Caribbean island,hispaniola,anagram
78022,Pitch of the road,macadam,double definition
19444,God right to desert French artist?,odin,container
37287,Look round for a way to throw a fight,castabout,assemblage
85606,Guy from Dubrovnik hasn't got the right paint,coat,container
23507,Dump resident on old lady - shame,stigma,assemblage
41593,Pamper commander's circle,cosset,assemblage
51379,Battle celebrated by Orange type,blenheim,double definition
11728,Home depot contains harmful fitting,instillation,container
108041,Extract item from box of ornaments?,clip,double definition
11735,Smell smoke,reek,double definition
79494,Criterion for replacing dirty cask,yardstick,anagram
140959,Watches gathering bee getting stuff from woods,timbers,container
112631,Run to earth with the lines set in place?,trackdown,assemblage
38853,Seaman in Cork not good member of crew,bosun,double definition
61266,Stock complaint from canonised cricket commentator?,staggers,assemblage
121817,Pole dancing with sex? Four charged,explosive,anagram
30969,"Imposed as a duty on the vicar, for example",incumbent,double definition
107653,Accomplished boxers will be upset if they have to be,carriedout,double definition
36557,Need spin for PM,eden,anagram
37627,Chest protected by father's waterproof,parka,container
6683,Rued looking up Miss Smith's recipe network,bewailed,assemblage
113358,"Tale's beginning, in fact, in touching way",tactually,assemblage
72079,Be very successful at campanology?,ringthebell,double definition
121430,Possible message from holed ship?,sos,double definition
102600,"Showed determination when couldn't complete puzzle, then home",gotstuckin,assemblage
95638,"Close, so raced up to a disturbance",narrow,double definition
78628,Greedy person swallows leg just out of the oven?,piping,container
77650,Nice walk I'd arranged on unknown Roman road,icknieldway,anagram
86637,Arab playing with Brian's rugby team,barbarians,anagram
106805,A badger in lift touring hot country,ghana,anagram
6986,Story told to encourage when caught in this?,tailback,assemblage
78634,Annoyed at little green man's invitation?,cross,double definition
17037,One is left without a souvenir,remainder,double definition
100975,"Court crime officer is after ""Cat"", once a champion driver",tigerwoods,assemblage
117806,Clubs unknown - iron or wood?,cypress,assemblage
5649,A bit of a spur some hero welcomes,rowel,hidden word
105069,Cannabis grown by extremely hirsute politician,hemp,assemblage
79280,Cutter from the east,scimitar,double definition
42004,Northern sister nursing young sow breaks perfumier's connection with mainland,channeltunnel,assemblage
92441,What setters get from trying to make clues right?,ulcers,anagram
74650,Think of friend about to revise,meditate,container
131402,Snake-like creature's undiscerning malignant software,blindworm,assemblage
84960,Time for virgin to return and break out,erupt,assemblage
120057,"Ignore wife in labour, longing to be back in Scottish islands",orkney,assemblage
138719,"Records, say, see Arsenal dribbling around D",calendars,anagram
118080,Not much distance between spectators at either end: Celtic goes down at the start of extra time,closeset,assemblage
62265,Group going in for ultra-vision,travis,hidden word
39147,Get company in to cork the bottle?,screwtop,assemblage
86869,Clinton was here (nothing wrong with former President),oxford,assemblage
61834,Overturned vehicle on Cyprus with snout,baccy,assemblage
10131,Farmed in a civilised way,cultivated,double definition
137693,"Between back walls, stack and line up masonry",brickwork,assemblage
5549,"Tricky maths, introduction to algebra, bringing complaint",asthma,anagram
136217,Little fellow in conflict with car - this will provide comprehensive support,welfarestate,assemblage
44668,"One in three-D version: King Stephen, say",dethroner,assemblage
130331,US district and country trades duck for uranium,columbia,assemblage
120495,Confiscate one thousand quid,impound,assemblage
123428,Clarify dodgy clue that's holding a little back,elucidate,anagram
111384,Justify clash and tirade,warrant,assemblage
27070,Star lacking core providing speed,celerity,assemblage
86468,Time allowed for preparation once varied with it,notice,anagram
107822,Group wearing famous red dress,clothe,container
76983,"Find someone to play the scoundrel, old singer",castrato,assemblage
79319,City life with female arranged in outbuilding,sheffield,container
115754,Called back to growl,gnar,anagram
99605,Wicked fly going around gets zapped,killed,container
80629,"Whale's ear boxed by princess, briefly",beluga,container
12074,Low gear involved finding place to leave a boat,moorage,anagram
84378,Veronica is OK after drug use,speedwell,assemblage
44675,Perhaps Palin's modern language,python,double definition
95823,School's back-up (reserve) computer,notebook,assemblage
96478,Detective story - read end!,astudyinscarlet,assemblage
6322,Greek girl embraced by this Roman,hellenic,container
95713,"A blast this, room shelled in sound of mild explosion",atishoo,assemblage
30634,"Fix You, Coldplay's left on box",cure,assemblage
103725,To enthral a malicious woman we held back,bewitch,assemblage
62370,First to read new Little Miss Punk children's book,rumpelstiltskin,assemblage
48088,Tesco ragout goes down well in Paris,escargot,hidden word
13770,"Backbone needed by Campbell, an amateur in the city",birmingham,assemblage
127479,Finishing touches in sketch you made - needs colours,hues,hidden word
32190,"Stand up to kilos, metres etc, interfering with holiday",resist,container
18296,Don't hit a girl,miss,double definition
36049,Girl holds information for the programme,agenda,container
74631,Boy in charge of sound …,sonic,assemblage
78364,Where trouble's expected to end in a fight,mill,double definition
43665,Wrong colour suit to deliver coal?,blackdiamonds,double definition
64468,Knock what's said on departing into desert,ratatat,container
92180,That's Latin for you!,idest,double definition
44037,Writer finds way into literary festival,hardy,container
88100,A good line in stock?,pedigree,double definition
101972,"Hysteric, overstretched soprano heard as La Bohème?",screamingmeemie,assemblage
82784,Support for clergy in theatrical setting,backcloth,assemblage
55667,Given room but taken advantage of - that's not on,putup,double definition
88900,"A maiden over the top, about to be hugged - I must go after chubby boys",amoretti,assemblage
91338,Threaten one member's demise,impend,assemblage
125571,Is in danger of falling for accountants?,totters,double definition
90897,Movable feasts?,mealsonwheels,assemblage
125222,Heavens above!,skies,double definition
141456,Skin delicate originally on Queen Mother,derma,assemblage
77672,In Strasbourg I must accept one follower of May,june,hidden word
62409,Touch bird gently by design,pattern,assemblage
8588,Ethiopian leader opening tournament,event,assemblage
86197,Island where the pub doesn't charge?,innisfree,assemblage
72865,Roman general had a hold on father,agrippa,assemblage
118808,Enigmatist is heartless bod interrupting circus entertainer - needs to get humbler,climbdown,container
62037,Morning - chief time to get stuck in,matin,container
3137,Like compilers noticing anagrams with cry of surprise,incognito,anagram
31754,It was hell before transport came,erebus,assemblage
16499,"Instead, ancestral afternoon entertainment is provided",teadance,hidden word
70510,Set about old devil in the backstreet,snicket,container
113406,Private correspondence means nothing to the landlord,loveletter,assemblage
100952,"Miss cheese, served up with wine about one",mademoiselle,assemblage
100686,"Never, never, never fall for such a euphemism!",easyterms,double definition
100373,Indifference of company led by international organisation,unconcern,assemblage
132426,"One abandoning throne, wanting occupation",tolet,container
95764,Change popular stimulant for analgesic,morphine,assemblage
134973,Buoys let loose without much reason,obtusely,anagram
110124,"Play golf with Olympian, getting thrashed",pygmalion,anagram
25625,Left words for bride and groom in Venice,lido,assemblage
104626,This man's Merlot perhaps lacking body? On the contrary,edwin,anagram
34496,"Shrub, one that's in rising demand",lilac,container
25674,About ten engineers turned to go in,enter,anagram
138837,Race around holding letter finally found at back of study in a cupboard,credenza,assemblage
33070,Support heavyweight sea creatures,plankton,assemblage
123259,This is spinning plus a source of radiation,pulsar,assemblage
111833,Homer's first poncy hairdo can produce neurosis,hypochondria,assemblage
50888,Tell king to cheer up,relate,assemblage
40578,"Though English, it's Scottish",bute,assemblage
127545,"Everything we hear is ideal, but endlessly complicated",audible,anagram
90837,Reckoned it's deliberate,calculated,double definition
9451,Up in arms freebooter is beheaded,irate,hidden word
97512,"At this stage, bird injected with drug, finished",hereupon,container
112238,Music critic consulted over Beethoven's Fifth,shaw,container
21897,Executor's first to divulge what's left in the will,estate,assemblage
57481,"Hostile incursions into Greek island, say",inroads,assemblage
110468,"Suddenly appear depressed, being treated like rubbish?",blowin,container
47216,Confused tot given guidance,addled,assemblage
96723,Condition of lush sauces by Arab American,dipsomania,assemblage
37601,"Turns to go off at quarter to six, nine short",rotates,assemblage
99951,Arab statesman involved in womanising,omani,hidden word
3130,In small boat travelling into unknown,incognito,anagram
128724,Stir miso soup faster,piumosso,anagram
11446,Crimean War settlement here,yalta,double definition
140063,Most stylish relative I joke about,jauntiest,container
18107,"He will have marked cards, of course",tipster,double definition
141571,"Initially so passive, I perk up as spring goes on",spirally,assemblage
19187,See edges taken off by the ears,otic,hidden word
96069,"Nancy takes ego trip, which is lethal",cyanogen,anagram
129300,Exploded with fury when there's commission to pay,brokerage,assemblage
8540,Round v-vessels containing silver substitute,stopgap,container
65515,"Move unexpectedly, taking nothing from the best room",lunge,hidden word
19936,"Despite what's been said, a rat fell out",afterall,anagram
141399,South-east Asian fellow's upset young Arab?,foal,anagram
11987,Nark gets clear before legal eagle starts,nettle,assemblage
18270,Portion of tandoori cottage cheese,ricotta,hidden word
122798,Bask with leader in tabloid articles,sunbathe,assemblage
141591,"Quiet and timid, like Mickey, Jerry or Stuart?",mousy,double definition
42097,Terminal heart trouble,earth,anagram
61738,Friendly address is cold without its first effect on the skin,oldchap,assemblage
121507,Drama student may be fast to embrace translated Greats,stagestruck,anagram
125698,Sweetie admitting passion for dependant,hangeron,container
89158,"Way to serve potatoes, just stuffed with game",duchesse,container
134694,Turn back slow runners between defensive lines,midfield,container
6213,Sweet Manx language,maltese,double definition
97891,Drops put underground in the West Riding,dewsbury,assemblage
108234,A bird could be harmful if headless,fulmar,anagram
64458,Press turns up outside UN and it's a bit sticky,gunge,container
1812,Body in vehicle trunk?,carcase,assemblage
82861,Meadow has first of primroses in spring,leap,assemblage
85769,French monarch's solution? Fighting not fleeing,louis,double definition
141154,Raided by the police and broken,busted,double definition
111658,Fix a business chap a drink,pinacolada,assemblage
124190,Does song show elements of commendable quality?,goodness,double definition
39400,If darling gets left out in dance that's unbecoming,infradig,assemblage
35277,Wood is often hard,knotty,double definition
41159,It brings a lump to one's throat,adamsapple,double definition
821,"Unfortunately, dieter's eaten last of gateau, it's learned",erudite,anagram
123418,"Decorate from top to bottom, or vice versa",repaper,double definition
122487,"In ceremony, noise interrupts speech",ordination,container
134050,Boy to instruct officer over deceit? The dog!,bordercollie,assemblage
90176,"Particle gives spy clue, perhaps",molecule,assemblage
36826,"Walk, finding way to turn",stroll,assemblage
29368,"Stupid dunce, holding creative skill up, not yet found out?",untraced,container
44848,Original character in lady encapsulated by bright talent,flair,container
131403,A bit of rubbish Les cast outside,snaffle,assemblage
20160,Foretold about one that made affirmation,predicated,container
50671,An artist takes in abandoned ships,armada,assemblage
47412,"Design takes month, with gold",decor,assemblage
133918,Acts that violate acts,crimes,double definition
102149,He turned on blokes breaking dad's spectacles,phenomena,container
7291,I am stuck in traffic - abusive words result,tirade,container
129750,"It was honourable, for Japanese double-decker was open-top?",bushido,assemblage
43990,"Dancing girl lay behind house, the object of desire",holygrail,anagram
135548,Entertainer who needed a get-out clause?,harryhoudini,assemblage
84137,Votes about further education? About Desperate Dan!,referenda,assemblage
81517,"Protest, showing some degenerate tarts no mercy in return",remonstrate,hidden word
15822,Better or worst?,outdo,double definition
128709,Hitchcock's work? Be upset in parts,thebirds,container
25838,First set off Bob to list Answer's Blowin' In The Wind,oboist,anagram
79774,Royal meeting leaderless immigrant finally changed his nationality,scottish,assemblage
39340,Beam first on roof then,rafter,assemblage
86176,Time to look outside cell,peter,container
61995,Dame Edna's initial career as terrible mother,medea,anagram
86380,Logic duo displayed in volunteer's mission statement,icouldgo,hidden word
121324,One studying most of ancient Britons observes publicans,licensees,assemblage
114240,"Fighting, setter gets dessert back out of the oven again",warmedup,assemblage
83571,"Live author, hard to follow like the Jabberwock slayer",beamish,assemblage
137299,Quarter aspiration after jet engine starts,jewish,assemblage
104834,"In need of a life, you seize broadcast of old Jewish party",sadducees,anagram
141527,Born to Run in tights? Journalist is very drunk,bladdered,assemblage
101487,Be charitable to soldier leading calf by hand,givealms,assemblage
102997,Words initially put together in a piece of writing about friend,acronyms,assemblage
59333,Bird needs heart with wings clipped,erne,assemblage
74762,It may catch one in the act,safetynet,double definition
88119,Real gunfire shot having taken turn here?,riflerange,assemblage
23126,Tea licence for Swiss Cottage,chalet,assemblage
16889,I tape record criminally?,pirate,double definition
15626,Rome's fateful date in Gobi desert,ides,hidden word
9751,Don't take what's taken on departure,leave,double definition
23817,Oscar set puzzle for philosopher,socrates,anagram
130614,Outbreak blocked by resistance of the outer skin,epidermic,container
95416,Sceptic acting so badly,agnostic,anagram
138759,Accompanying date naked? Absent yourself!,withdraw,assemblage
104652,Pains will penetrate rigid trunk,seachest,container
52567,Church leader in Ireland not in favour of red,chianti,assemblage
85829,Come to a party,wake,double definition
81064,Referee with his belt turning to cow?,whistleblower,assemblage
44881,"Welcome to Cleveland, darling!",redcarpet,assemblage
109124,Guy on shed from town in Somerset,taunt,assemblage
130504,Gym users taking oxygen for energy are arguably a dispiriting lot,exorcisers,assemblage
28260,Lively son to be nosy,spry,assemblage
96587,Corporation has pan for meat dish,potroast,assemblage
132607,Positive attitude in small company letters,cando,assemblage
125770,Produced doctrine about Advent's limits,created,container
20886,Assail doctor in committee,bombard,container
26094,Resentful god overthrown,sore,anagram
52570,Vital energy versus wine,chianti,assemblage
90559,Cold lake embraced by stupid swimmer,coalfish,container
15439,"Out of curiosity, one's raised by English twins ordered on line",eyebrow,assemblage
24534,"Large stone lion, possibly circled by winged creature",monolith,container
115272,"Joining the Globe, aim to be a writer",ballpoint,assemblage
73328,Twin Cities captured by first-rate artist? That's capital,accra,assemblage
2417,Group's chiastic rhyme scheme,abba,double definition
82538,Upwardly mobile salesmen seize vehicle and do a bunk,scarper,container
65487,Long story without point,yearn,container
88932,Person wobbling had to shilly-shally,humandha,assemblage
138987,Qualification from writing about movement in European arts,masters,assemblage
45401,Fine man,eric,double definition
116229,One of the ship's company has a possible cut limb,crewmember,double definition
109011,"Party taking knock about European Union, following victory",raveup,assemblage
69663,Get Margaret off the line?,unpeg,assemblage
140682,Does rascal show on TV small round bottom?,impersonates,assemblage
48178,"American guys, they deal with business",agents,assemblage
126867,Classic comprises great lines,saintleger,double definition
110745,"A lunatic, crazy about the sea",nautical,assemblage
47629,"""Port's stolen"", boozer admitted",hobart,container
99495,French novelist working for Biblical judge,gideon,assemblage
2362,A pound of sultanas?,seraglio,double definition
28811,Be in the first parts of contest - that's where it's at,battleground,assemblage
130260,Opportunity for murder? Nothing else to do,timetokill,assemblage
83348,Schedules mean items will be thrown overboard,timetables,assemblage
140132,Accounts by modern-style English lawmaker,isaacnewton,assemblage
57190,Clouds rising from Maghrib mines,nimbi,hidden word
57145,Bar call demanding response,counterclaim,assemblage
32849,Peak shortly after taking professional qualification,proviso,assemblage
61181,Plan a porno picture?,blueprint,double definition
9342,River swallowed up fine material,taffeta,assemblage
120919,Laugh at dummy,mock,double definition
15872,Year in prison shade,cyan,container
112102,Shaken Queen restrains one of the horses,equine,anagram
71575,Pasta recipe created for tyrant,satrap,anagram
111209,"At first, Megan upset Harry, throwing away a gift of perfume",myrrh,anagram
40261,Round the Cape and turn in late,overdue,assemblage
90226,"Exhibition of Spode's ""Troy"" ersatz vessels",destroyers,anagram
136050,Was a disheartened Dave Cameron his work?,boccaccio,assemblage
76801,The crew went sick and died in misery,wretched,assemblage
56538,Strong drink,stout,double definition
36563,West Country project in part of Scandinavia (not the south-west),eden,assemblage
25543,Settle on a solution in the crossword,alight,double definition
118346,Tiny little advertisement Sky used five times,weekdays,assemblage
91888,"Fan finds a fish, say, at island party",aficionado,assemblage
42130,Poles separated? There's clue in that!,antipodes,double definition
8497,Small island turning black,sable,assemblage
7007,Beat nervous tension,stress,double definition
54793,One church's method of entertainment,iceshow,assemblage
33315,Emphatically he who could be Flemish...,himself,assemblage
86983,Holy record found in European community - English message of a religious nature?,epilogue,assemblage
5326,Song with piece of lyric that uplifts and moves lots of people,airline,assemblage
91188,"A blues composition, fit for purpose",usable,anagram
26504,(rank outsider) The Undertaker,trier,double definition
29690,Theatre of the obscenely rich,lyric,double definition
3533,Provide two servings of dry wine in a jiffy,bisect,assemblage
107453,Bruce's namesake's got one a plant,forsythia,assemblage
41317,Stumble on crude oil in Africa,tripoli,assemblage
91390,Superficial drawback to being frank about one's orientation,outward,assemblage
118883,Quick drinks for horses?,snorters,double definition
17656,Musical with a little bit to learn in a little break,hairline,container
40437,Salt one had put on bird's tail,titanate,assemblage
113484,German turns up keeping a vehicle in grassland,savannah,container
16028,Made redundant by a cross editor,axed,assemblage
105322,Drug firm has one in to flog,cocaine,container
84722,"""Crossing a Line"" by a dramatist",traversal,double definition
34615,Tongue of stout shoe,brogue,double definition
46833,Let care be arranged for tragic female,electra,anagram
56742,Playing live together,inconcert,double definition
139313,State of Orbán leaving American wanting to scoff,hungry,container
86042,"Made an obeisance - on the short side, perhaps",curtsied,assemblage
30147,Not allowed cheers? I don't like that!,taboo,assemblage
2088,Nearly everybody's calm drinking hot drink,alcohol,container
98695,They show frightening ability in their field,scarecrows,double definition
85512,Sound opening pace,gait,double definition
44543,This man may advertise food and old port,sandwich,double definition
66744,Expenditure on song that's no longer popular,outlay,assemblage
60169,Free call-back in charge reversal by the crown,emancipate,assemblage
92908,The man from whom Samuel imbibed wisdom,eli,double definition
90399,Applicant's hostile answer struck out in court,client,assemblage
114979,"Like an egg from duck, empty",ovoid,assemblage
104059,Man met end making revision,amendment,assemblage
9065,Initially desirable residence for study of china,dresden,assemblage
86853,Filth in America is up - it's past the time to be chirpy,stridulate,assemblage
8943,Singular-looking giant?,cyclops,double definition
62008,Last of the vintage in the shade,ecru,assemblage
72926,Pub where brown cleric gets round in,tavern,container
101103,"Concrete assessment of politician's setback, ensnared by loose woman",slumptest,container
64161,Blade's about to become increasingly promiscuous?,claymore,assemblage
26779,A point made about old railway network needing to be up-to-date,abreast,assemblage
11051,Any number going round in one's head,noggin,assemblage
18751,Poet's unworthy of town in South Wales,neath,double definition
105237,Get second chicken from this butcher,slayer,assemblage
28043,Don''t grant a prayer or. . .,refusecollector,double definition
101734,I provide maintenance for previous winner that doesn't start,upholder,assemblage
62247,Short story gripping English student group,year,container
5843,Make a pot worth ordering,throw,anagram
68062,Limited cure,specific,double definition
136504,"Like a rabbit, say, albeit modified in corporeal form",bobtailed,container
42860,Record holder's go on board,turntable,assemblage
11387,Confuse leader moving tool,adze,anagram
88110,Bird to stain vessel,martin,assemblage
111079,Little girl in circus is mounted,riding,container
28816,Lens capturing some pachyderm in toto,telephoto,container
99982,Publishing house introducing historian to journalists,clarendonpress,assemblage
76346,Heard lots about garrison town,aldershot,assemblage
84283,Speaker keeps one drink for founder,originator,container
23159,"Inn evidently fully booked? On the contrary, atmosphere charming",debonair,assemblage
40481,Bird to miss out catching insect,fantail,container
103918,"Latin scholar makes note on ship in italics, perhaps",classicist,assemblage
84529,Potential risk one in France may take in winter,skirun,assemblage
59206,Weak thing - buck up!,reed,anagram
121427,"Still available to accommodate the German, as promised",undertaken,container
27021,Composure of bishop getting a puncture,balance,assemblage
34310,A number work very hard,strain,double definition
29119,Fuss from supporter about where French hotel has fallen short,brouhaha,container
121784,It was used to make links at Gretna Green,forge,double definition
11059,"Has time, when taking silver, to be shocked",aghast,container
132506,"Going like a rocket, when fitted with carbon tip",ascending,assemblage
140755,High level of the gender problem,nthdegree,assemblage
104327,Manage to exercise,run,double definition
99261,Position of mystic meeting transmuting energy into time,stance,assemblage
60426,Where children are to be found between two and five?,creche,double definition
25756,It requires courage to have one - rather than love!,battle,double definition
53500,Underwear? We may well have seconds,boxers,double definition
73455,US city not entirely accepting south has a rotten atmosphere,miasma,container
123215,Orchestra gets direction to its venue,halle,assemblage
14086,"Kiss a number, coming back round after that",next,assemblage
56590,Calamitous reverses with no time for a smoke,cigar,assemblage
115555,"Pasture ultimately silent, as ground needed",essential,anagram
116608,Pushy parent ultimately spreading disease,typhus,anagram
52765,Time ran out for muezzin supporter,minaret,anagram
28312,Write music: a little number for the gallery,notate,assemblage
39948,Staff regret keeping key money,retinue,container
77729,"Plum wine, we hear, which flies off the shelves",bestseller,assemblage
74610,Mishandled pistol went off,spoilt,double definition
104907,"Revolutionary cardinal imprisoned at Queen's address, perhaps for leftwing ideology",marxism,assemblage
85629,Famous person's family title,householdname,assemblage
29935,Parliament has money for the wine,chambertin,assemblage
11686,Never let backs go round the team,eleven,hidden word
68411,"Porky? It is something cutting through little sister, say",sparerib,assemblage
127254,Sun has to be demeaning to women?,sexist,assemblage
57400,A number without the ability when rising to get on,entrain,assemblage
139064,Police team having wildly exciting time?,riotsquad,assemblage
127900,"Pronounced as ""venson""? I haven't a clue!",noidea,double definition
30890,"Spell ""trinket""",charm,double definition
125308,Take care over truck being recorded,minuted,container
97652,"Scab found in plant? Alas, not as friendly!",fraternal,container
2107,Children go back to front on slide,skid,anagram
3095,Welsh go dancing the cancan?,legshow,anagram
8851,Worker first gets requests to be agreeable,pleasant,assemblage
979,Heartless head cook,chef,double definition
89634,Meal left for two couples maybe to consume,flour,container
60975,"Dance with hat out west, nothing more",bolero,assemblage
79891,"In prayer, deified sun, gazing up a little",agnusdei,assemblage
91923,One who jumps man with gun,starter,double definition
58512,One's included in slight difference of opinion - it's a problem,nuisance,container
57366,Temporarily dismiss person who's paid villain,prorogue,assemblage
73757,"Guide rope finally put in place, ton secured",escort,assemblage
79545,God's in love with Punch,carthorse,assemblage
137079,"One who offers praise, waving team's icon",encomiast,anagram
65631,Races when going to bed,ascot,double definition
55827,"Before victory, South led amazing trick",swindle,assemblage
121004,Prize for sexagenarian finding spring in a kiss,buspass,assemblage
91790,"Fruit has gone off - lemon, too",ogenmelon,anagram
15502,"""Bit of a Bloomer Arising"" (Lawrence Harris)",floret,double definition
118935,Plate inserted in stomach to sense craving for food,gluttonous,assemblage
35795,Target a friend of the family?,auntsally,double definition
26743,Result of many taking risks,crash,double definition
69007,Some fanciful name for part of the arm,ulna,hidden word
65320,The strain of the French Revolution,marseillaise,double definition
46656,Faked evidence of factory growth,plant,double definition
34957,Noble game in song reflected by precocious score,earlygoal,assemblage
137428,Realign energy in turn with love across the channel,reorientate,assemblage
85219,Roman judgement days satisfied constituents,diesfasti,double definition
85179,Silly clue I had for geometry master,euclid,anagram
96830,"Extremely wary, in case needing to cross lake",leeriest,container
127290,Garden tools bound to go after opening of spectacular retail outlet,shoeshop,assemblage
53089,A group often described as vicious,circle,double definition
129362,Light source attached to heel of glass slipper?,sled,assemblage
48969,"Card trick involving ace, the same being turned over in advance",comedian,assemblage
111934,Take advantage of 'obgoblin's stockings,impose,hidden word
111973,Sporty types in pub or South Devon railway?,dartsteam,assemblage
127144,Phone about disruption of trade causing delay,retarding,container
70537,Fractured if ice grips building,edifice,assemblage
4663,Rent hall in order to mesmerise people,enthrall,anagram
62687,Piece of harness,bit,double definition
29054,Colour of Sherlock's study?,scarlet,assemblage
107762,Mature student good for English in two advertisements,postgrad,assemblage
8440,Provision of much else as well,chelsea,hidden word
75601,Flora Dean arranged a dance,farandole,anagram
57409,"Support, from chair, fuss about sick animal",armadillo,container
9749,Surrender the French way,leave,assemblage
131674,"Bad weather that's most cold, right?",icestorm,assemblage
133019,Put a foot wrong doing right about turn,err,assemblage
116935,Propeller of jumbo jet?,elephantstrunk,assemblage
110516,Pelt with dried berries,pepper,double definition
107335,Dramatist has entree cooked with a tiny slice of chervil,terence,anagram
4510,Type of paste used by salmon daily,almond,hidden word
75295,Book adapted for millionth serial,thesilmarillion,anagram
135061,Moment when these birds became extinct,moas,assemblage
48804,Language used for little entrance in Scotland,lingo,assemblage
67063,"Ultimately golf, not cricket, is a source of entertainment",funfair,assemblage
95786,Rub Pat the wrong way? That's sudden!,abrupt,anagram
59820,Bank right to reject payment,reef,assemblage
71408,Greek relative circling island under the moon,ionian,container
28659,State how Trump refers to race? Trouble follows,colorado,assemblage
57921,Favour partner for girl,grace,double definition
72634,"Somewhere in Germany, solid wood splits",cologne,assemblage
47587,"Tropical vegetable, say, design in high performance car",eggplant,assemblage
62997,Old Peruvian potentate writing two articles about Utah's poor mountain climbing,atahualpa,assemblage
121302,"Fruit soaking up one's drink, disperses",dissipates,container
13909,"Yes, truly an inspiration",yeah,double definition
80572,"Use force about turning in, that's fine",punish,container
121636,Order to breeder coming round after time assumed,postulated,assemblage
96934,Great snake suffering 'eat loss - comprehend?,grasp,assemblage
100047,Fish appeared to be off,smelt,double definition
93540,Raise yokel to strangle duck,hoick,container
66370,Knock over sketch and get let off,skittle,assemblage
20602,Initial typeset without reversion,stet,double definition
107635,Proceed to do as the GP might do with a recent graduate,putintopractice,double definition
593,Manage without an intermediary,direct,double definition
107134,Policy covering aliens and some of their homes,planets,assemblage
19390,Firm sent round to preserve incomplete old instrument,cembalo,container
812,Call to account for a weather report,arraign,assemblage
21467,Perhaps the worst disease in living memory,alzheimers,double definition
42163,Chop up dates and finally enjoy being regular,steady,anagram
14451,A close shave?,scrape,double definition
107135,A regiment prepared to shoot,germinate,anagram
96524,What Coleridge's wedding guest did with suspect bones,metatarsus,assemblage
75099,Take courses in French and Armenian initially,eat,assemblage
109473,Idiot breaking rule put in new post,reassign,container
136333,"Time to get mixed up letters, but not advanced puzzles",tangrams,assemblage
11035,Nebraska upset over appeal result,ensue,assemblage
68482,"Naughty child to lie when in trouble, being insolent",impolite,assemblage
45993,Flag some citizens ignore,ensign,hidden word
66303,Swim before one can walk,crawl,double definition
48649,French setter keeping various echelons for hotelier Basil,johncleese,assemblage
73763,Quiet sort of arboreal animal,polarbear,anagram
69339,"Bread I order inside, belonging to one shedding tears for offspring",niobean,container
135594,Esteem shown for those that are fit,healthyrespect,assemblage
10012,"Under Prohibition, without an audience, it's very boring",dreary,container
112972,Boy raised hand entirely for his own indulgence,selfist,assemblage
46968,Three-minute warning before breakfast?,eggtimer,assemblage
88457,"Doctor is apt, going round part of hospital, to see them?",patients,anagram
32575,Instrument for a pound a point,althorn,assemblage
5406,Rastafarian held at more than arm's length,afar,hidden word
110591,Churchman's rendering of waterway,decanal,assemblage
121051,Attended a glittering performance and was knocked out?,sawstars,double definition
27858,Fish one consumed in foundation,basis,container
82995,The masses listened to broadcast,herd,double definition
34632,"Bobby's unhappy, in need of courage",bluebottle,assemblage
126227,Hairy man's sanctimonious daughter,hispid,assemblage
65166,Smart attempt to encircle a city,chicago,assemblage
20423,Eleventh hour revival from the side,laterally,assemblage
4040,Origin of colourful designs? Just a tissue of lies,fairisle,assemblage
36215,"Have great respect for Paul, perhaps",revere,double definition
89830,Bouquet for patient fellow's work on hooter,nosejob,assemblage
6748,Status of small container set out,caste,anagram
103030,Car and lorry close after crash,rollsroyce,anagram
57288,Writhe on crumbling doorstep,threshold,anagram
11699,MP teased about mad rush,stampede,anagram
71802,"Lever needs push, we hear",pedal,double definition
51365,Stay true,staunch,double definition
476,Day's impression sees pack down,datestamp,assemblage
13897,What yours truly does after wearing gussets,insets,container
37457,"Change for a quid at the ""Flag"" from drinks",daiquiris,anagram
86528,Program gives computer company trouble initially,applet,assemblage
84333,Appropriate cut-out for a computer,laptop,assemblage
28815,Long shot at pachyderm dropping insect in toto,telephoto,assemblage
111605,Keeps warm and quiet,muffles,double definition
131987,"Put cover over well, like an old hand",capably,assemblage
29624,It can be converted into a cupboard,cabinet,double definition
92392,Monarch deprived of gold holds up an incinerator of rubber,emerypaper,container
43557,Make love at opening of door in cave,wookeyhole,assemblage
74467,Even cleaner shows delicacy,rollmop,assemblage
123825,Hoarder - gentleman collecting right and left,squirrel,assemblage
4643,Head of oldest and most outlandish prehistoric beast,mastodon,anagram
55319,"A number smash up the inn, yet set free",ninety,hidden word
14875,Fish raised temperature so correct,edit,assemblage
121032,Food includes cold stuffing,farce,container
73712,Aggressive female banker,amazon,double definition
100946,Rank play by forwards,lineout,assemblage
78234,A hewer of wood and a drawer of water,turner,double definition
38393,"In speech, commend one in the Upper Chamber",lord,double definition
90828,Half-heartedly remedy smell in street,crescent,assemblage
32048,Grain yield report,seed,double definition
35090,Gets in information about object of savings policy,nestegg,assemblage
88695,Women moved out of complete dump,hole,container
78877,Ancestral building - a royal house,lancaster,double definition
114649,Conclude the meeting of French and Italian leader,deduce,assemblage
23617,Partition between pigs and birds,swallows,double definition
94420,Green at heart? Jealous ego? It could make you ill,ecoli,hidden word
76753,Fail to qualify and get the bird,pipit,assemblage
17708,"Girl from outer parts of London, we hear",ellen,assemblage
27170,Protect college from criticism,ensure,assemblage
48441,He saw himself as winning on the pools,narcissus,double definition
129970,Frank lugs Elsie around,guileless,assemblage
100484,Nags drunken tinker for no good reason,needlessly,anagram
35083,Cope with pub that's used by bikers,handlebar,assemblage
126049,"With hot drinks, listen out for the largest fish",whaleshark,assemblage
87390,Love a fair helping of bother?,adoration,assemblage
107875,"A lifesaver, as bloom catches showers",brainsurgeon,container
71965,Reportedly pedal president's buggy,pushchair,assemblage
108682,"It could be folded once, or twice - it's ambiguous",doublemeaning,double definition
91120,"Vessel's drink, hot inside",ship,container
138072,English run grim economy badly: things'll get ugly!,nomoremrniceguy,anagram
