Index,Clue,Solution,gemma_predicted,Spaced_Solution
136586,Policy Americans go wild for,reaganomics,anagram,reaganomics
135668,"Middle Eastern nirvana in it's elapsed, somewhat in recession",palestinian,hidden word,palestinian
134856,Aristocrat to protest over troublesome noises,marchioness,assemblage,marchioness
61172,Medical professional has the assailant on film,psychotherapist,assemblage,psychotherapist
91107,"Officer conveying Her Majesty, one behaving as conductor would?",ohmic,container,ohmic
1860,Good book for figures,numbers,double definition,numbers
84808,Performed ditty about lady's teeth,gnashers,assemblage,gnashers
40201,States small change in school is doubtful,suspect,assemblage,suspect
1349,"Interior decoration, pretty as can be",tapestry,anagram,tapestry
550,The suffering a preacher tries to hide,ache,hidden word,ache
51643,Noisy reveller for whom dawn herald gets one for nothing,roister,assemblage,roister
59685,Spider that reaps?,harvester,double definition,harvester
100920,Tropical novelist and playwright,miller,double definition,miller
117791,"Scrap with new head, French politician",giscard,assemblage,giscard
76291,Achievement of one who doesn't miss a trick,grandslam,double definition,grand slam
128393,Want to go after a fifty-pound kiwi,allblack,assemblage,all black
123979,Where bloomers are made like the fourth and sixth incarnations of Dr Who?,bakery,double definition,bakery
118241,"Driver's last seen going into roundabout, causing a lot of pain",torturous,container,torturous
139493,Part of organ not quite audible around old church,cochlea,assemblage,cochlea
88081,A coal tit changing gear,tailcoat,anagram,tail coat
96274,Is inquisitive about the tank and soldiers,privates,container,privates
139002,Powerful Catholic overwhelmed by weakness,forcible,container,forcible
10029,A poster to show where the big ships come,seaport,double definition,seaport
66498,Study shows doctor is English,treatise,assemblage,treatise
96821,No little girl reported to have special knowledge,gnosis,assemblage,gnosis
13166,French stop over in getting the lie of the land,terrain,assemblage,terrain
53457,Go through battle without army suffering reverse,comb,assemblage,comb
120056,Alternative name held by island archipelago,orkney,assemblage,orkney
62264,Group outlets retained by partner,westlife,container,westlife
64999,Ada being nasty? Just having a laugh,badinage,anagram,badinage
92234,Pistol faced with Big Bertha would be so overwhelmed?,outgunned,container,outgunned
140603,Lead singer's notes?,heavymetalmusic,double definition,heavy metal music
29313,Wedge-shaped block holds Catholic University together - that's definite!,clearcut,container,clear cut
116613,Hormone replacement for bird,moorhen,anagram,moorhen
34881,Example of man in nice predicament,instance,container,instance
120826,"""Pass him, anyway"" - how accidents result",mishaps,anagram,mishaps
120636,"Concisely written ultimately, French produce cracking poem",inbrief,anagram,in brief
55623,"Uproar from black and white endangered instrument, might you say?",pandemonium,assemblage,pandemonium
80700,Spiel includes point in sprinkling chips with salt,salespitch,anagram,sales pitch
52602,Fight with nurse after party,contend,assemblage,contend
130745,"Source of prosciutto supplied by mail, say?",parma,assemblage,parma
3559,A steep fluctuation in old currency,peseta,anagram,peseta
83573,Not the genuine Robin? That's a bit of a relief,falsehood,assemblage,falsehood
25653,Ask to hug companion seen at the ballet,entrechat,container,entrechat
61469,Porridge makes good person feel sick,stretch,assemblage,stretch
109295,Faction is first-rate without the French,sect,container,sect
7794,One accountant has daughter pinched by another - a chirpy creature,cicada,container,cicada
108146,Argue about holding stake in contract,guarantee,anagram,guarantee
30095,New length lines that material,nylon,assemblage,nylon
1313,Woman in credit with a selection of wine,cellar,container,cellar
77029,"Stone from a ring, replaced before the centre's fallen out",granite,anagram,granite
11644,"Queen's favourite isle? Crete, possibly",leicester,anagram,leicester
135532,Cells turn to fix as drug dealt externally,guardrooms,assemblage,guardrooms
34715,Depression sure to develop after hip contracts,indentures,assemblage,indentures
30176,Not in the pink,offcolour,double definition,off colour
112074,Author of Great Expectations?,hope,double definition,hope
107027,"Rising, or just turning over?",revolution,double definition,revolution
88450,"Anti-government group still rising, securing a role",teaparty,assemblage,tea party
131217,"Surgeries' tender, qualified as medical worker",registerednurse,assemblage,registered nurse
97107,Party in which lovely lass is injected with drug,finegael,assemblage,fine gael
121984,Crosspiece with front for model,perfection,assemblage,perfection
2603,Right one in cultured surrounds ã one in a million?,rarity,container,rarity
112080,Lodging for friend in disgrace?,doghouse,double definition,doghouse
67755,Tree associated with one king,acer,assemblage,acer
65010,Its shadow was a sign of the times,gnomon,double definition,gnomon
77076,Prom performers duck out of this world,temporal,anagram,temporal
35412,Exploding grenade creates disorder,derange,anagram,derange
105382,"Unsteady, like teetotaller drinking more rum, mostly",doddery,container,doddery
25388,Authorisation required for this sort of sale?,clearance,double definition,clearance
118625,Cruel followers of a so-called marquis,sadists,assemblage,sadists
80412,Shabby trio carrying plug and soap?,threadbare,assemblage,threadbare
99179,Spread arranged by oil producer - the aggressive goat!,peanutbutter,assemblage,peanut butter
41297,Current squeezes right hot and steamy!,tropical,container,tropical
63551,A poisonous creeper,snake,double definition,snake
123986,US TV celebrity losing heart for fish,opah,container,opah
85229,Perhaps Cherie starts to write lampoons and satirical verse,clerihew,assemblage,clerihew
90719,"Neon in its natural state, element initially inferior to fellow element",manganese,assemblage,manganese
136903,Annalist busy acquiring old papers,nationals,anagram,nationals
39635,Is perversely advanced still,silent,anagram,silent
106762,"Attractive person on a poster, primarily exposed in a state of undress",dishabille,assemblage,dishabille
26857,Nodding off in the Cowes road? A thousand times no!,somnolent,container,somnolent
76927,Clothes worn in topless TV programme?,gear,double definition,gear
21980,Like to strip off when retiring or having a snooze,asleep,assemblage,asleep
132163,Daisy's relative's crazy over crazy girl about love,marigold,anagram,marigold
2569,Leave opera singer for naked lady,godiva,assemblage,godiva
25255,Thou - quietly - not upright?,grandpiano,assemblage,grand piano
18713,"Happy with goal, flip",upend,assemblage,upend
94761,Theft from canonized studio,stealing,hidden word,stealing
93581,Saw mishap jumping over sort of gate,aphorism,anagram,aphorism
133714,Part of American train track's fine,taillight,assemblage,tail light
100966,Point out drunk has answer to clue,highlight,assemblage,highlight
47987,Revolutionary Dame,trot,double definition,trot
45758,"Wearing fewer clothes, for example?",lesson,assemblage,lesson
51639,"Act less, try broadcast for radio once",crystalset,anagram,crystal set
79348,China supporting offensive game,badminton,assemblage,badminton
105842,Opening date that is desperate,doordie,assemblage,do or die
77545,Like going over Guardian leaders after a fight with spears,asparagus,assemblage,asparagus
62488,"At a function, carrying shabby clothes",astatine,container,astatine
59915,Pamphlet man placed outside,sheet,container,sheet
117883,Film on Aussie experts - they help keep the wheels of industry turning,greaseguns,assemblage,grease guns
112670,Educational degrees give support in retirement,beds,double definition,beds
134727,A quantity of drink is both good and bad,gill,assemblage,gill
88446,Points to one of several children as being bright,sequin,assemblage,sequin
38576,Cancel a do strangely retaining odd bit of finale which is forgettable,oldacquaintance,anagram,old acquaintance
98379,Literary traveller initially altered Eliot's character,tulliver,anagram,tulliver
40925,Piece of music has to carry a sound,toccata,assemblage,toccata
102611,Cricket sides seen occasionally,offandon,double definition,off and on
90840,Pioneer showed the way in a state of shock,startled,assemblage,startled
35700,House of Lords is backing contents of your letter in outline,silhouette,container,silhouette
23491,Portable power source for teetotal assault,drybattery,assemblage,dry battery
22964,Some telephones transmit direct,honest,hidden word,honest
27159,Agree about journalist being taken in by star,accede,container,accede
62684,"Short, tailless dog",cur,double definition,cur
55194,Aim to identify shuttle,endeavour,double definition,endeavour
139259,Removes difficulty with brief direction,rubsout,assemblage,rubs out
61620,Those vanquished by the Spanish head east as a precaution,incase,assemblage,in case
24469,Lose control at breakfast? Have a drink!,eggflip,assemblage,egg flip
101117,Was book's content order intended to be restrictive?,asbo,hidden word,asbo
111945,No alternative,yes,double definition,yes
29932,Room can be found for plonk,chambertin,assemblage,chambertin
141270,Arms trade leaders entertained by numerous delegates,legation,assemblage,legation
130069,"Some ran badly, running not being their sport",oarsmen,anagram,oarsmen
27925,Chance in rugby game to get head ripped off,evens,double definition,evens
12548,One grows up and blooms,irises,double definition,irises
59880,Don't stay on the road - it's a bore,turnoff,double definition,turn off
48884,Drink and a biscuit for royalty,bourbon,double definition,bourbon
15537,Speed up in home improvement regimen,dietary,container,dietary
141893,"My sonny's ill - tired and worn out, maybe",synonyms,anagram,synonyms
89361,It turns green once church leaves Devon town,tiverton,anagram,tiverton
102674,Slam outside hospital with a narcotic,bhang,container,bhang
102969,Screamer used the current hustings - the tops!,sutch,assemblage,sutch
16421,"You may see a hunchback, perhaps, double",ringer,double definition,ringer
123234,"Tiny pigs swallowing coin, nuts and bolts",rudiments,container,rudiments
124309,Turtle's head fit for consumption - on this?,teatable,assemblage,tea table
125340,Gives up about pet in trouble from bugs,centipedes,container,centipedes
62450,Land or borough in Holland for Spooner,touchdown,double definition,touch down
67167,Moderate entertainment,fair,double definition,fair
127533,Such a suit might make Ian pretty upset,paternity,anagram,paternity
68770,"What the Israelites went through the wrong way round, getting cooked very fast",seared,anagram,seared
25691,Record some inadvertent errors,enter,hidden word,enter
135939,Survive a heavy blow,weatherthestorm,double definition,weather the storm
686,Time off for parties in secluded spot,recess,double definition,recess
67811,Representation in holding company,icon,hidden word,icon
73753,Partner would make supermarket run if opening of tills moved to the earliest slot,escort,anagram,escort
62090,Party unknown to a foreign country,libya,assemblage,libya
70926,"Friendly, am I? - Vince",amicable,assemblage,amicable
38475,Officer knowledgeable about voucher,coupon,assemblage,coupon
51051,Everlastin?,endless,double definition,endless
52575,They entertain a tourist on board,strippers,container,strippers
29226,Standard artillery pistol held up,regular,assemblage,regular
68503,Author on track of plants,greenery,assemblage,greenery
112624,Accommodation unlet - perhaps it's windy,flatulent,assemblage,flatulent
129099,Old economist keeping nothing at English distillery,malthouse,container,malthouse
15585,Would it take another like him to be of one mind?,halfwit,assemblage,halfwit
83590,Thus honour deceased invalid's support,sickbed,assemblage,sickbed
78083,Traffic controller's lines set in committee,bollard,container,bollard
7191,Mythological princess performed with nothing on,dido,assemblage,dido
124909,That chap's very quiet round caged beasts,hippos,container,hippos
103040,Antonio's vessels from ancient city that is to south,argosies,assemblage,argosies
114354,Very nice romp - and hard all the way,everyinch,anagram,every inch
127098,"Legendary royal butt raised in support of performance by Callas, say?",ariadne,assemblage,ariadne
66853,Plot to blow up prison in church,conspire,assemblage,conspire
93883,Tenant clutching bottle's last to come in again,reenter,container,re enter
93592,A sweet girl's name for a flier,airman,assemblage,airman
35559,Circus artiste's value is tumbling,acrobat,anagram,acrobat
82154,Level playing field,pitch,double definition,pitch
38163,Skeleton said to be a man,draught,double definition,draught
39544,"Even question being in Europe; from set of data, it's time to leave",equable,assemblage,equable
1878,"Lecherous man with sex appeal - despot, not half",satyr,assemblage,satyr
124662,Pirate boy in previous day across the water,hijacker,container,hijacker
30903,Partner going off when there's no going on,stalemate,assemblage,stalemate
93748,"Refreshing place, Newgate Forest",teagarden,assemblage,tea garden
46247,Flower girl is seen in time,daisy,assemblage,daisy
41383,Attractive bars,magnets,double definition,magnets
106331,Legal successor heard to gain from flying hazard,airpocket,assemblage,air pocket
38854,Hairstyle covers very retro crew member,bosun,assemblage,bosun
63718,"More stylish going over line, one who finishes nicely?",polisher,container,polisher
54865,"Being completely taken aback, girl admits the sport's attraction",allure,assemblage,allure
30371,Subsequently the French turned sideways,lateral,anagram,lateral
50444,Came clean: he'd worse troubles,showered,anagram,showered
1424,Cut for a game of cards,abridge,assemblage,abridge
115759,Blue stain,dirty,double definition,dirty
108673,Academics accepting old work of mathematicians,proofs,container,proofs
57162,Junction in electricity supply service,matins,container,matins
64559,Hermit endlessly rejected Indonesian buyer's furs,ermines,assemblage,ermines
67571,Railway served by Scots police?,metro,assemblage,metro
95075,Kind of servant one keeps,retainer,double definition,retainer
36402,Extreme Right following United Nations,undue,assemblage,undue
94582,"Pack, card player works out, lacking spades",wolves,assemblage,wolves
117659,A scolded bishop ignored bubbly,aerated,assemblage,aerated
103891,One causing trouble in a washing machine?,agitator,double definition,agitator
34605,Transport for Conservative replacing miners' leader in union,carriage,assemblage,carriage
88178,Some characters in Tristram Shandy are flipping clever!,smart,hidden word,smart
131864,Copies I need to revise at times,imitates,anagram,imitates
48571,Old instrument's gloss masking rising cut,seraphine,container,seraphine
134717,Rich soup in unfinished pottery,bisque,double definition,bisque
29506,Control shown as others fall,restrain,assemblage,restrain
72199,Lime and cats affected plant,clematis,anagram,clematis
140029,"Carbon tip in abseil device, suitable for climbers",ascendible,container,ascendible
14377,Reportedly bright criminal devised means of support,livelihood,assemblage,livelihood
129321,"Making pie, I'd most bananas made best use of",optimised,anagram,optimised
1999,Honour account company''s to deal out,accolade,assemblage,accolade
107131,Work on an island operation,manoeuvre,assemblage,manoeuvre
65306,"Sweet, flat fish",pomfret,assemblage,pomfret
101991,"Highly strung, one whose life may be in the balance",tightropewalker,double definition,tightrope walker
138319,"Herb we eat with bliss, when cooked",sweetbasil,anagram,sweet basil
118079,"Idiot concealing brains but not heart, almost touching",closeset,container,close set
21346,"One always on hand for a date, say",palm,double definition,palm
131031,Kid cradles rook in bower,dupre,container,du pre
129687,"Black liquid, supplied by Native American, old drunk swallowed",creosote,container,creosote
25462,Want symbolic home to have entrance changed,dearth,assemblage,dearth
66238,Thus I list Rodin's silent retrospective of noted works,oratorios,assemblage,oratorios
8277,Bird seen on street in pushchair,stroller,assemblage,stroller
60209,Lambretta-rider taking exercise on one?,moped,double definition,moped
15359,Cyclist's condition?,rider,double definition,rider
123071,Redhead swimmer nets redhead German boy,carrottop,container,carrottop
99813,Hefty cow loses firm figure,weighty,assemblage,weighty
39977,Rose and disconnected speaker,rambler,double definition,rambler
116022,Support for hovercraft's vent shield,aircushion,assemblage,air cushion
3976,Rise lest soldiers invade,increase,container,increase
25813,The theatrical profession includes one from long ago,stoneage,container,stone age
70638,"Went off and again stood around, say",retreated,assemblage,retreated
23035,Dutch Redcoat on board,edam,assemblage,edam
69643,Controlled by the computer stealthily?,underthecounter,double definition,under the counter
40313,Food out East,eats,anagram,eats
111998,"Different girl, one in Italy, to approve of",unalike,assemblage,unalike
88238,Mean to entertain Indian poet,pindar,assemblage,pindar
3715,Utterly base and gruesome moral tale,allegory,assemblage,allegory
96041,"Short of time, they run about in stadia",greyhounds,anagram,greyhounds
13152,Nearly caught involved in crime,larceny,anagram,larceny
79168,Lady of ill report,porter,anagram,porter
117783,Irregular design - zigzag on reverse,wayward,assemblage,wayward
20586,Penny puts on weight in spring,pounce,assemblage,pounce
124968,Exciting? No!,turningon,double definition,turning on
121490,"Eager to embrace quarrel with some elders all about tattooing, say",needlework,assemblage,needlework
4189,Book not one's first choice,reserve,double definition,reserve
137104,They're presently taking up space,stockingfillers,assemblage,stocking fillers
4911,"Game, part of it inspiring local backs",tennis,assemblage,tennis
45949,Poppy's first piece has some musical backing,opium,assemblage,opium
88323,Fire starting on haystack engulfs busted dam of European monarch,frederick,assemblage,frederick
123644,Daughter admitted to knowing online programs,adware,container,adware
137631,"Out of uniform, mark down artist for head of state",devalera,assemblage,de valera
67732,The Spanish invested in second-rate capital,belgrade,container,belgrade
124169,Incidental information in window by door,sidelight,double definition,sidelight
119878,"Henry joins in expression of disapproval, missing nothing",catchall,assemblage,catch all
73672,Footwear's the making of Sal,sandal,anagram,sandal
38045,US composer into percussive sounds,ives,hidden word,ives
32002,Where we hear the canopy of power may be brought down,overthrown,double definition,overthrown
140260,Short-changed minor name in finance,rothschild,anagram,rothschild
99957,Sturm und Drang applied to mopheads?,shocktactics,double definition,shock tactics
65634,Place for finding big hats and misshapen coats,ascot,anagram,ascot
117993,Physicist has current going to earth cut short,dirac,assemblage,dirac
29966,Hide away from the French and American tax service,lair,assemblage,lair
46941,"Priest leaving church leader a true tale translated for Alfred, Lord Tennyson once",poetlaureate,assemblage,poet laureate
60136,It's what it does to another Rev,butterfly,double definition,butterfly
140921,Pharaoh dips into sea and a lake in the morning,matutinal,assemblage,matutinal
141633,Apply water to cut flowers,spray,double definition,spray
73557,Ban citation right away,except,assemblage,except
17849,Producing elastic,yielding,double definition,yielding
20425,It's what could snatch victory from one side,laterally,double definition,laterally
119552,Musicians' dosh reportedly censored,brassband,assemblage,brass band
130920,Registers failing to show separate A&E charges,indicts,anagram,indicts
43928,Swallow single drink,martini,assemblage,martini
108131,Such a church can omit choral composition,romancatholic,anagram,roman catholic
43206,Cheese is strong when expected,feta,anagram,feta
139778,Conservationists with the confidence of the country?,nationaltrust,assemblage,national trust
124816,"Cryptically, what might one do with a Cornish pasty and where? That's bliss!",beatitude,assemblage,beatitude
128450,One advocates love with it on tart,hippie,assemblage,hippie
116829,Query the manner in which I turn red,erythema,hidden word,erythema
54482,It's not normal to make dancing bear caper without money,aberrance,anagram,aberrance
76111,On strike? Pass!,overhit,assemblage,overhit
123861,Salt that may be extracted from china clay?,sodiumchloride,assemblage,sodium chloride
52465,Snare ten squirming fish,entangle,anagram,entangle
26492,Ask for ring the French held sacred,inviolate,container,inviolate
102194,Some protection for annoying person with paramilitary involvement,cuirass,assemblage,cuirass
124634,Pregnant warbler? It's the sound of spring!,boing,double definition,boing
16183,"Sam's wife Sally, perhaps",aunt,double definition,aunt
107925,"Fake left behind lorry: if pinched, one heading for auction",artificial,assemblage,artificial
116650,"Is beyond the reach of social services, which is inevitable",cantbehelped,double definition,cant be helped
109401,Child torturing mice is symbolic,totemic,assemblage,totemic
110656,This month every edition is placed,installed,assemblage,installed
53359,Free trade - comic sort of rule,democratic,anagram,democratic
111929,"Intermediary's game gamble with small gain, ultimately",gobetween,assemblage,go between
78774,It could include Red Queen,royalflush,double definition,royal flush
65271,Pipe obtained from branch that is by river,brier,double definition,brier
46630,"Rationing being distributed, one cannot be seen in the dark",ignorant,anagram,ignorant
110058,You'll hardly find whips as tolerant as this,aslaponthewrist,double definition,a slap on the wrist
109340,Catastrophic changes to a musical,calamitous,anagram,calamitous
62379,"Unhealthy state of America, briefly",ill,double definition,ill
18563,Teams in drinks break after last pair dismissed,elevens,assemblage,elevens
131737,Grabbed one McDonald's in a hurry,impressed,assemblage,impressed
75905,"Brewer's lad, eg working as a flier",sedgewarbler,anagram,sedge warbler
71754,Tiresome magistrates get used to it,trying,double definition,trying
149,I held wrong capital,delhi,anagram,delhi
87234,Foreign Office backed in media claim,profess,container,profess
123563,Completely virtuous plus ’aving the wherewithal to make tricks?,goodand,assemblage,good and
45864,He suffers from a lack of balance,bankrupt,double definition,bankrupt
111069,"Show best speed, perhaps?",topgear,assemblage,top gear
75502,Plant in a vertical line at back,plumbago,assemblage,plumbago
24614,Cure for extreme dyslexia,remedy,double definition,remedy
54394,"Atypical girl, grave with minimal yen to admit love",tomboy,assemblage,tomboy
51309,Invitation to trencherman,digin,double definition,dig in
93972,"From barn, as horse led out, they steer",handlebars,anagram,handlebars
107363,Might contain live wire?,powerhouse,double definition,powerhouse
2592,"Action of a lowdown, gutless cowboy",agency,assemblage,agency
67039,Bird making rude noise,ruff,double definition,ruff
54186,Silver ring on the floor,aground,assemblage,aground
104607,Opera house chap that was lauded by Betjeman?,metroland,assemblage,metroland
67873,Old girl working as model,damosel,anagram,damosel
65705,Further instruction in drinking?,refreshercourse,assemblage,refresher course
123585,Behold Victoria and Albert's framed painting,voila,container,voila
102150,Tea - its anagram - tea?,eatbetweenmeals,double definition,eat between meals
39078,Rap song and wild flower,snapdragon,anagram,snapdragon
131166,Old Irishman describing rugby with the ultimate in ugly savagery,cruelty,container,cruelty
92775,One offers concessions in a shopping centre to wipe out first of retailers to go back,appeaser,assemblage,appeaser
126391,Deer takes one for a ride,does,double definition,does
86581,Porky's tip on the radio,tale,double definition,tale
32041,Shipmates upset on the Queen Elizabeth?,steamer,assemblage,steamer
124757,Endless succession of agency clerks,cycle,hidden word,cycle
70552,A trail that leads to the summit,ascent,assemblage,ascent
47432,"Article written about the professional stage, perhaps",apron,container,apron
117459,Club menu the AA had changed?,athenaeum,anagram,athenaeum
109517,Spooner's municipal sewer prescribed for a lazy student,downtrain,anagram,down train
122312,The lady writer short on ideas may inhibit growth,herbicide,assemblage,herbicide
126445,Leading at snooker - a conspiracy?,frameup,assemblage,frame up
67268,Communist statesman spread gold around,castro,assemblage,castro
15253,Big hitter trimmed hedge in prison,sledgehammer,container,sledgehammer
49343,Film awards back to front at the back,abaft,anagram,abaft
54922,It's strange in Scotland and is found around lake where it winds down,uncoils,assemblage,uncoils
96483,Signal that could be great help,telegraph,assemblage,telegraph
120759,Girl including work on piano for ballet,coppelia,container,coppelia
17524,Run over?,extra,double definition,extra
94586,Partisan located outside Iraqi capital,biased,container,biased
113229,Protect against wild speculation (odds off),inoculate,anagram,inoculate
67801,"The little devil! Telling stories, making insinuations",implying,assemblage,implying
64232,"One supporter stands for Judas, but not one judge",arbitrator,assemblage,arbitrator
37376,Charm in French song,enchant,assemblage,enchant
65388,Transported sheets by tube? It doesn't have much hope,pipedream,assemblage,pipe dream
100024,Seen and heard in a Kentish garden?,canterburybells,assemblage,canterbury bells
5964,Sort of rate boy's bad behaviour,goingson,assemblage,goings on
107638,Poor quality drinking water in river,tatty,container,tatty
84642,US city turning up in atlas,saintpaul,anagram,saint paul
139443,"Legless man, one goes into pub to participate",joinin,assemblage,join in
50161,A small bird's behind,astern,assemblage,astern
98673,Greek citizens' interjections to take notice over voting?,hoipolloi,assemblage,hoi polloi
67328,"Import teak, say, brought in by sea",driftwood,assemblage,driftwood
35806,Name backing European exit,gate,assemblage,gate
98588,Unnecessary words? Not about bear,paddington,assemblage,paddington
83158,Nameless bone in substance virtually like another,fibular,assemblage,fibular
131950,Kind offer to pick up Edward,tenderhearted,assemblage,tender hearted
13314,Groundbreaker I used in wharf,pioneer,container,pioneer
139340,Statesman's charity rolling in money once,floridian,container,floridian
105714,A royal holding first place in Law,principle,container,principle
103966,Plant poles in river,tansy,container,tansy
138420,Examine local yokels - to put through the wringer,lookcloselyat,double definition,look closely at
27748,Difficult universal and timeless tale is deceptive,illusory,assemblage,illusory
95045,"Street covered in rotten food, aside from the majority going downhill",offpiste,container,off piste
28763,"Hundreds into riding here and briefly golf, say",lincolnshire,container,lincolnshire
55022,Furnishing periodical with set of figures,occasionaltable,assemblage,occasional table
48173,They don't mind their own business,agents,double definition,agents
15566,French and German articles appear below,under,assemblage,under
119427,Look into top player's huge pulsating body,xraystar,assemblage,x ray star
40174,Man without shape having a little defect?,malformed,assemblage,malformed
95272,"House is virtuous, no drug being found",clan,container,clan
46693,Leaves courses without one point!,deserts,container,deserts
24165,Many get permission to unite,cleave,assemblage,cleave
38443,When the gracious appear to make a point in a study?,tuesday,container,tuesday
115649,"I err, made drunk and getting more vague",dreamier,anagram,dreamier
57712,Sail across this or surf several?,channel,double definition,channel
47005,Mock attempt to reverse in vehicle,bogus,container,bogus
35487,"It's comparatively skilful to take head off a header, you say?",abler,container,abler
22136,"Paul, perhaps, threw wobbly - blimey!",strewth,assemblage,strewth
76130,Small in two ways?,modest,double definition,modest
29978,Dramatist arranging central part for top actor,star,hidden word,star
30440,Stable chap stole pickled cucumber in the end,ostler,anagram,ostler
18900,New Testament stories about money,talents,container,talents
126370,Loss of player - perhaps from something that disagreed with him?,foolsparsley,double definition,fools parsley
98828,"Flighty young woman says: ""Father swallows bad apple""",flapper,anagram,flapper
41651,Mate captured by crew coming back for incendiary fuel,napalm,container,napalm
77077,Material in test given to secretary?,temporal,assemblage,temporal
103136,Supply a team reserve,putononeside,assemblage,put on one side
118824,Ought queen to enter plump and slumped?,roundshouldered,assemblage,round shouldered
114157,Hills split internally by floods,torrents,container,torrents
14291,Stop a squad playing,abandon,assemblage,abandon
13137,Disrupt current London theatre offensive,intrude,assemblage,intrude
5181,Two monarchs giving sovereign's first greeting in long ago county,yorkshire,assemblage,yorkshire
44972,The power of a waterfall,force,double definition,force
49011,Free … or the BBC's heading for extinction,untie,double definition,untie
65753,"Conductor, oddly, became hot",beecham,anagram,beecham
88513,Fellow restraining good one with irregular blows,gusty,container,gusty
135631,Result of depression whilst husband's away? Could be,lowspiritedness,double definition,low spiritedness
118064,Airdrie resident's more in need of liquid refreshment,drier,double definition,drier
84948,Beginning of the Hindu festival in round buildings,tholi,assemblage,tholi
126563,"Composer putting king in check, brought back knight alongside queen",bruckner,assemblage,bruckner
32296,Mother puts a fellow in the shade,magenta,assemblage,magenta
32982,Heartless poet performed,done,assemblage,done
10063,Creditworthy?,believable,double definition,believable
110534,Small section of church upset theatrical dame,evans,assemblage,evans
125845,Native close to joining argument in pub,ingrown,assemblage,ingrown
92841,"Its subject: in messy warfare, male lost",afarewelltoarms,anagram,a farewell to arms
68110,"Without lid, drain jug",ewer,assemblage,ewer
24845,Elaborate blossom,develop,double definition,develop
28089,Mathematician starts to expand upon Lagrange's extraordinary results,euler,assemblage,euler
97412,A party opening up a temple,pagoda,assemblage,pagoda
92599,A reason to corner the woodchuck,groundhog,assemblage,groundhog
128356,Sporty car's first one produced for islanders,cypriots,anagram,cypriots
77645,Snow vehicle to slide out of control into ducks,skidoo,assemblage,skidoo
50740,Old navigator giving coiners trouble,ericson,anagram,ericson
13464,Stop New York baseball team getting turned over,stem,assemblage,stem
88776,Hooligan displays sheer audacity on part of the golf course,roughneck,assemblage,roughneck
103123,"Chance minimal change in New York, bringing in detectives",accident,container,accident
130272,Pansy among daffodils is symbolic,sissy,hidden word,sissy
87055,Horse sick around the withers initially; get a cloth!,cavalrytwill,assemblage,cavalrytwill
138607,"After study, no women find time for revision",readjustment,assemblage,readjustment
87653,We're told sailor's girlfriend may be dressing,oliveoil,double definition,olive oil
92598,Light reveals sick bird looking up,illume,assemblage,illume
129752,Here's the latest deplorably bad ratatouille!,readallaboutit,anagram,read all about it
93788,"Ultimately, Marilyn Monroe had to appear ditzy - never mind!",noharmdone,double definition,no harm done
72400,Gregarious agents in the sun,social,container,social
123902,It is found growing next to the trunk,tusk,double definition,tusk
134158,Battle between black and white bags Lidl supply without issue,childless,container,childless
49672,Retired men need purpose to get up,rouse,anagram,rouse
66950,Everyone bound to be properly organised,alltiedup,assemblage,all tied up
47073,Prince enters flat of major,staple,container,staple
60023,Propose relocation,move,double definition,move
132726,"Cash substitute, if Kent got hit",gifttoken,anagram,gift token
12846,"Seasoned beef as ""Armpit Stew""",pastrami,anagram,pastrami
73796,Back seats worth their weight in gold?,tonneau,double definition,tonneau
125049,"Because investing billions inspiring you and I, certain things gathering dust",cobwebs,container,cobwebs
46135,In which train times are disrupted!,transit,anagram,transit
140232,"Flipping dull, echoing gong",tamtam,assemblage,tam tam
47033,Monkey's beginning to pick apples up,scamp,assemblage,scamp
62608,"Rupert Bear, say?",brooke,double definition,brooke
18905,Leave city's wet environment,decamp,container,decamp
105188,"Foolish American boy, who makes you think of Wallis?",simpson,assemblage,simpson
81650,"Novelist nicking lines from Moliere?, lazy hack!",emilezola,anagram,emile zola
1689,It can result in call for reserve,netcord,double definition,net cord
6025,How the rise is transformed with this beastly carving!,whitehorse,anagram,white horse
58982,"Cave in Spain, base for one male tramp",implode,assemblage,implode
76857,Women's work in underground river in Wales,distaff,assemblage,distaff
82605,Club gets tennis champion further,everton,assemblage,everton
36218,Admire a fast rider,revere,double definition,revere
102531,Blooming monarch abdicating as movement arriving,inflow,double definition,inflow
99187,"River grass encircling path, not a river grass",deepthroat,assemblage,deep throat
88555,Mineral (barium) taken from church,silica,container,silica
72148,It keeps its mouth open to strike victim,lamprey,double definition,lamprey
123466,Pacific republic drink tipped to get gold,palau,assemblage,palau
135266,Formal protests about gifts,representations,assemblage,representations
58811,Place where dangerous plot may be hatched,hotbed,double definition,hotbed
88350,Authors announced titles,writes,double definition,writes
48851,Listlessness can make one reject help,acedia,assemblage,acedia
81200,Stir a large watercourse,canal,assemblage,canal
51763,Rock band followed by American uncle telling folk stories,remus,assemblage,remus
134676,Again Emperor's given order - Congress won't be restricted by it,openmarriage,assemblage,open marriage
37720,It secures a superior item for ladies,hatpin,assemblage,hatpin
62992,Delegate seen briefly by river to get rid of insects,delouse,assemblage,delouse
62463,Places of danger to sailors suffering with sore heels,leeshores,anagram,lee shores
61792,Refuse to reply at notorious flash point,balkans,assemblage,balkans
49709,Love writer accessible to everyone,open,assemblage,open
119150,I'm cold - I move home,domicil,anagram,domicil
44655,Primarily demonic and wicked - the master from hell?,devil,double definition,devil
21627,Payment going up - aim to adjust paperwork,origami,assemblage,origami
67716,"From Istanbul, a way of getting to African city",bulawayo,hidden word,bulawayo
86152,"Game, or its start, as heard on radio",golf,double definition,golf
68427,"Leaving home, freeloading daughter made ungracious remarks, all concluding",egress,assemblage,egress
26718,Aim to impress girl in skin-treatment establishment,tannery,container,tannery
102285,Island for outcast in Copperbelt,corfu,anagram,corfu
138037,"Arbitrary comment, I agree, is kind of average",geometricmean,anagram,geometric mean
26388,Engage in rigging,tackle,double definition,tackle
1599,Drop in standards scratching head in church,apse,assemblage,apse
37990,US lawman conceals memory of tragedy?,drama,container,drama
67742,Engineering graduate is an elaborate fraud,besancon,assemblage,besancon
60027,Choreographer's position in the company,cranko,container,cranko
48614,Fool has faith leader hold recruits' capital,moron,assemblage,moron
103277,Part of Spain's rainy and scandal-wracked,canaryislands,anagram,canary islands
122587,Advocate appearing for a Venetian explorer gains essential point,apologist,assemblage,apologist
105606,Shocking word repeated in error,booboo,assemblage,booboo
28996,Audibly voiced low spirits,mood,assemblage,mood
84538,Heap makes a bushel,epha,anagram,epha
35728,Strongly experienced entre-left alignment,heartfelt,assemblage,heartfelt
105085,Vessel placed in middle of maidservant's drawer,sketcher,Error: Empty response,sketcher
59774,One getting into expensive car to compete,racer,Error: Empty response,racer
96564,Network Rail's inner workings?,entrails,Error: Empty response,entrails
117755,Drop of wine,plonk,Error: Empty response,plonk
86571,"Set Australian into popping crease, anticipating an incutting delivery",caesarean,Error: Empty response,caesarean
60173,Free bananas came in savoury paste,emancipate,Error: Empty response,emancipate
99991,God has little room to turn round where battle heroes feast,valhalla,Error: Empty response,valhalla
71771,Shuffling feet in the bazaar,fete,Error: Empty response,fete
25783,"First male (Adam) had no ma, surprisingly",head,Error: Empty response,head
73171,Main part of a resort,seafront,Error: Empty response,seafront
20066,"Man of rank paints silver, they say",coloursergeant,Error: Empty response,colour sergeant
133091,Gives clue to fill bottom,assigns,Error: Empty response,assigns
142366,Mood in which artist visualises his painting exhibited?,frameofmind,Error: Empty response,frame of mind
113933,Prize chicken perhaps that's quickly produced for money,potboiler,Error: Empty response,potboiler
37609,"Lower with awful dread, for example",degrade,Error: Empty response,degrade
101394,Mediterranean plant propagated in sea,anise,Error: Empty response,anise
11983,Rash Hotspur's danger?,nettle,Error: Empty response,nettle
117275,"Warm around volcanic rim, so may be asserted",affirmable,Error: Empty response,affirmable
2854,On hill we pick every second flower,nile,Error: Empty response,nile
119605,Country in which blouse is confused with sari,belorussia,Error: Empty response,belorussia
133283,A number work out how to delegate,devolve,Error: Empty response,devolve
78882,"Having too much on, even a lord can go to pieces",overladen,Error: Empty response,overladen
122001,Raider unfortunately behind time - becoming more so?,tardier,Error: Empty response,tardier
98832,Got together and improved,rallied,Error: Empty response,rallied
92629,"I, would-be president Ralph, losing my head as testing starts, am not up to the job",inadequate,Error: Empty response,inadequate
133188,Former president from whom no traveller returns,peron,Error: Empty response,peron
109795,"Listed as sick, unable to get up?",billed,Error: Empty response,billed
125194,Conservative with funny pants,crummy,Error: Empty response,crummy
109988,"When out of order, bleating evident",tangible,Error: Empty response,tangible
43811,New arrival has me pinching my own bottom?,settler,Error: Empty response,settler
108300,Old singer's about to take ours in error,caruso,Error: Empty response,caruso
10645,Record overseas resident returning when vote is lost,tape,Error: Empty response,tape
34034,Wooden strip holds king fast,starve,container,starve
35350,Kind of party animal,stag,double definition,stag
83490,What's French and saucy incited Americans' glee,cremeanglaise,anagram,creme anglaise
95692,Buses start running irregularly out of the centre,suburbs,anagram,suburbs
4988,Junk food,spam,double definition,spam
24803,Keep going in Felixtowe Road,tower,hidden word,tower
29833,Coin for pig,napoleon,double definition,napoleon
10193,Payment for artist making a comeback,reward,anagram,reward
83340,André Gide initially appears in quiet street in French capital,prague,assemblage,prague
65050,Animal put out by the ear,ratel,anagram,ratel
16654,"Bareheaded, going after crooked horse",skewbald,assemblage,skewbald
135840,Worker restores ends in new building,stonedresser,assemblage,stone dresser
20090,Deal possibly set aside,offcut,double definition,offcut
116500,Ferocious avian charge on hill,raptor,assemblage,raptor
104990,"Much of day is left, leaving remaining horses happy",satisfied,assemblage,satisfied
70515,Subverting enemy country,yemen,anagram,yemen
135444,Dryden character in a note on work he left,achitophel,assemblage,achitophel
36729,It is bound to show the titles,peerage,double definition,peerage
139377,"Fabric items, manufactured stuff for Germany",macrame,anagram,macrame
54128,Idol given name of bird,heron,assemblage,heron
39838,Hero Elsie had declared,elcid,anagram,el cid
114276,Unimportant part of indicator at motorway junction,minor,assemblage,minor
80680,Blameless watering hole given zero cash in US,innocent,assemblage,innocent
31047,Water with jolly blue colour,aquamarine,assemblage,aquamarine
121110,Tiddley explosive,lyddite,anagram,lyddite
59427,Frosty waitress in old corner house,nippy,double definition,nippy
85790,Steak went off stuffed with duck (extra large),tournedos,container,tournedos
24037,Supporter's grand boast,brag,assemblage,brag
94069,Shooting failure in the Caribbean?,tobago,double definition,tobago
124574,Fix up starter of pilau with reduced packaging. Spices strong with it?,girlpower,assemblage,girl power
139567,"Men score, cutting through Harlequins' sides, or Wasps",hornets,container,hornets
107823,Emptied cocktail over the dress,clothe,assemblage,clothe
13154,Apparent disgust often betrays enthusiasm,gusto,hidden word,gusto
11892,Realist to upset philosopher,aristotle,anagram,aristotle
61989,The way people talk of miracle food,manna,assemblage,manna
113257,"For me, goal is to tuck into health food",brendan,container,brendan
34412,Go after switching neon sign,noentry,anagram,no entry
120129,Looking to understand card,seeking,assemblage,seeking
45501,"Detectives in US agency retired, remaining sharp",acidic,container,acidic
112244,Ecological group plant northern vegetable in a Mediterranean country,greenpeace,assemblage,greenpeace
33425,Wife abroad? Cheat endlessly!,frau,double definition,frau
91652,Drains designed to reach the lowest depths,nadirs,anagram,nadirs
118053,Be aware of a calf keeping its head in the shade,haveaclue,container,have a clue
35821,A bus broken down on the way is ridiculous,absurd,anagram,absurd
53153,Cheat to get violin,fiddle,double definition,fiddle
33327,Doctor's prescription for management,treatment,double definition,treatment
62753,"With a degree, true: his work is not polished",amateurish,anagram,amateurish
95995,Reluctant to have a port with philanderer,lothario,assemblage,lothario
19057,Club member doing a good turn?,rotarian,double definition,rotarian
16622,Percy's resistance to push for change in advance,hotspur,double definition,hotspur
24382,Hero achieves eminence amongst top men,achilles,assemblage,achilles
16075,Weapon did its job on maiden,cutlass,assemblage,cutlass
63484,Note down new present,endow,assemblage,endow
77958,"Make merry, as lyricist bags English girl",rejoice,assemblage,rejoice
14704,French model Nicole stripped for casting?,clio,anagram,clio
41007,English tea break keeps US workers involved,elaborate,assemblage,elaborate
36206,"Recalled shorter answer, stuck with leading pair from Audreus, in the bath!",sauna,container,sauna
67521,Attempt to cage wolf in peace deal,treaty,container,treaty
141737,New painting captures Queen - that's concerning,pertaining,container,pertaining
63400,Leading Republicans' euphemism naively downplaying illegal torture in other nations,rendition,assemblage,rendition
67987,Fighter pilot with boat crew,flyweight,assemblage,flyweight
25488,No encore for such a performance? That's gross!,unrepeatable,double definition,unrepeatable
98213,Explorer is eating last of the sledge dogs,scotties,container,scotties
31326,"King Lear's opening, rubbish",offal,assemblage,offal
44343,One is well rid of it,illhealth,assemblage,ill health
74878,"It could be eaten sailing, or it could be sweeping",generalisation,double definition,generalisation
96863,Woman kept by journalist enters hard work with toy animal,sleevedog,container,sleeve dog
80036,A lot of filth by leader of Lords causes brief storm,squall,assemblage,squall
77968,Hollywood's top director exhibiting arrogance,hauteur,assemblage,hauteur
90158,Soldiers follow one in specialist trial,experiment,assemblage,experiment
125198,Awkward to do then with precision,onthedot,anagram,on the dot
122902,"Following closely, a lot on site for development",nosetotail,double definition,nose to tail
22793,Left before recess - a blunder,lapse,assemblage,lapse
43716,Carry round goods for one who can't afford them,beggar,container,beggar
76833,"Supply what was wanted, for instance, including clenched fist?",satisfy,container,satisfy
84706,Get lady confused with poet,lydgate,anagram,lydgate
130622,"In front of mirror, taking advantage of reflection",musing,double definition,musing
46932,Relief organisation for the hot and peevish?,redcross,double definition,red cross
126022,Becoming attached to band after getting head turned,adhering,anagram,adhering
114096,Woman takes motorway into city,emily,container,emily
71144,"Some papers are amusing, to some extent",ream,hidden word,ream
141355,Mars - a visit (ET) to be arranged?,vitiates,anagram,vitiates
58597,"Cloak for wife, South African style",capedutch,assemblage,cape dutch
28713,He will see what others have to say,lipreader,double definition,lip reader
109433,"Doing backstroke, swim round lake with fish - such as this",pilchard,assemblage,pilchard
54368,Sound beast carrying rubbish carrier,orthodox,assemblage,orthodox
123944,People wanting a new landlord,publican,assemblage,publican
55185,Meet with elected scoundrel,incur,assemblage,incur
38004,Rude and very Scottish sort of hut,uncouth,double definition,uncouth
53082,"Talented Lib Dem, no longer the leader",able,assemblage,able
124133,"Impure, I quietly run away and sleep at home when he calls",muezzin,assemblage,muezzin
60250,"Begin to sparkle, as smoker might?",lightup,double definition,light up
108914,"Construct a house as advertised, we hear",build,double definition,build
989,Revolutionary with fish head to cook,chef,assemblage,chef
67503,Engineer left broadcasting: one's unable to stick it,teflon,anagram,teflon
5855,Unwanted growth has proceeded round the whole street,gallstone,assemblage,gallstone
105452,Criminal underground starts many a feud in America,mafia,assemblage,mafia
56720,A driven out intruder,invader,anagram,invader
22400,The foreign fashion revealed by a singing John,elton,anagram,elton
85136,Drink order placed in ancient language,homebrew,container,home brew
82285,A little animal taken in island,malta,hidden word,malta
29650,Parody about Liberal providing winter sports facility,skilift,container,ski lift
104651,Silly gag about Wossy's comeback - he started it!,aggressor,anagram,aggressor
93785,Gas enveloping a part of Spain,aragon,container,aragon
6344,Team given extra exam,elevenplus,assemblage,eleven plus
43035,Strikers going round pit take a dip,pickpocket,assemblage,pickpocket
118953,Something added on the end of affectionate princess's letter?,annex,assemblage,annex
111529,A venerable name in our illustrious past,bede,hidden word,bede
4515,Seed that's old removed from a loch,almond,assemblage,almond
114711,Work's inside and out which is good for plant,topsoil,container,topsoil
136938,Billionaire's first to not offer tip in bar,blacklist,assemblage,blacklist
16704,Aim by listener to win affection,endear,assemblage,endear
102993,Irish operator is such a person in trade,shopkeeper,assemblage,shopkeeper
9830,Insect biting back inside cave,beware,anagram,beware
60087,"Robson beating Williams, for example, winning at least six games",upset,assemblage,upset
51355,Stay faithful,staunch,double definition,staunch
89120,"Likely to give an answer, especially in revised version",responsive,assemblage,responsive
133412,Bluish-grey bench one removed from row,pewter,assemblage,pewter
79822,Supporters with lots of hard facts,brasstacks,assemblage,brass tacks
123901,You'll find me introducing very French measures,metres,assemblage,metres
60795,Plant fruit trees here? One for middle of park,orchid,anagram,orchid
95541,The girl to take action,sue,double definition,sue
20070,"Condemned? Not right, put on trial",accused,double definition,accused
17555,A band from the capital to boot,also,anagram,also
89473,Bush harbours condition that's half Arab offered,gifthorse,container,gift horse
106550,Does up building that's not authentic,pseudo,anagram,pseudo
87740,Prejudice runs riot - body of law needed,jurisprudence,anagram,jurisprudence
25097,The temporary accommodation I have outside the army is not definite,tentative,container,tentative
54498,Horse put in pen to struggle,writhe,container,writhe
46034,Relative of the weasel even more outrageous?,otter,double definition,otter
70853,Dubious heirs to Switzerland's treasure,cherish,anagram,cherish
33639,Running for the job,operation,double definition,operation
78895,"Time to give the ticker a boost, having it off with Gladys",daylightsaving,assemblage,daylight saving
110152,Paying customer to make severe criticism about rotten first half performance,patron,container,patron
80555,Otherwise take railroad to the Home Counties,else,container,else
27594,Look over tower,keep,double definition,keep
57659,"Just once, do put one out!",exactly,assemblage,exactly
88028,"Redeemed, made amends or converted",ransomed,double definition,ransomed
98121,Christian beginning to pray in bed,copt,container,copt
87570,Daughter's body clock determines when to have food,dinnertime,assemblage,dinner time
20040,Mackerel bait?,sprat,double definition,sprat
75686,I hold teaching qualification - fix?,imbed,container,imbed
29298,A hazard on the table or in the field,potshot,double definition,pot shot
62073,"Flawed agate, black inside, is soaked in boiling water",teabag,container,tea bag
16044,Old king of note,offa,assemblage,offa
21194,Grass performing well?,inform,double definition,inform
130077,Journalists who keep saying cutting things,hacksaws,assemblage,hacksaws
6979,"Wreck's sunk into ground, obviously",undo,hidden word,undo
61280,Dishonest proclivity,bent,double definition,bent
79084,"When free, retire to a place abroad",eritrea,anagram,eritrea
10881,Partners who dance up in close formation,couples,double definition,couples
43852,Creating anger over maximum flight distance,range,anagram,range
122957,Sex in Esquire's spread needs …,requisites,anagram,requisites
118050,Feature of stern father is bottling up love,poop,container,poop
34948,Revolutionary coming back to eat pub grub?,dinner,container,dinner
82689,"One sport he worked on, nearing defeat",ontheropes,anagram,on the ropes
17240,In which pupil appears to flag,iris,double definition,iris
117543,Boatman gets his first crop on the wagon,boatswain,assemblage,boatswain
102073,Work out cricket team's not old,suss,double definition,suss
9656,Belief which may be taken up,tenet,double definition,tenet
33671,Bunny Lake is back and embraced as a formality,ceremony,container,ceremony
110327,Revelations of secret trips,outings,double definition,outings
110318,Homes established in a partnership,nests,container,nests
2439,Fight possibly rigged,spar,double definition,spar
103051,Unusually precise about line for title role,pericles,anagram,pericles
103296,Pressing suit with the devil,impaction,assemblage,impaction
101548,Like warning Liberal about vote,forexample,assemblage,for example
119257,Andy Murray's traditional outfit has no length for tackle,kit,container,kit
15125,"Curved member made of wood, say",bowleg,assemblage,bow leg
134696,"Queen keeled over during a function, one of two in Ulster, perhaps",armhole,container,armhole
25878,"Time saved by unscrambling of a Gemini crossword, primarily cryptic",enigmatic,anagram,enigmatic
67914,Single swimmer's base,sole,double definition,sole
140821,"Rich with a hundred, in truth",fact,container,fact
109614,"The way things stand, a strike's not new",asitis,double definition,as it is
61982,Secret drinker comes to earth in Morecambe?,esoteric,container,esoteric
26759,General concession,grant,double definition,grant
66165,Fearing degree being dropped at university,reading,container,reading
138850,"Youthful rogue has not much ham, lettuce etc - no seconds",bitofalad,container,bit of a lad
18191,Annoyed that shirt's missing from counterfeit Man U strip,upinarms,assemblage,up in arms
3245,Region sadly showing neglect,ignore,anagram,ignore
90110,Zero return after call for capital,dublin,assemblage,dublin
460,Instrument causing damage when attached to one short whip,harmonica,assemblage,harmonica
90521,Charley's Aunt erotic? Take a walk!,saunter,anagram,saunter
10947,Teacher seizes a shirt in uproar,stir,container,stir
44171,Parody old Bob's clothing,skit,assemblage,skit
3898,Clients designed template,stencil,anagram,stencil
56034,Bar snack?,chocolate,double definition,chocolate
30668,"It's poisonous, thanks to natural mutation",tarantula,anagram,tarantula
77136,Repeated knocks make Irish twins retreat,taptap,assemblage,tap tap
80064,Even up things with rate distribution,straighten,anagram,straighten
115907,Dog dirt on park for animals picked up,shihtzu,assemblage,shih tzu
93872,"""Music"", which is derived from the bloody Muse",moodyblues,anagram,moody blues
18828,Meet in a bar,abut,double definition,abut
124513,"Excuse a little colour without energy, maybe, on box",pleating,assemblage,pleating
19735,Gibbon's ailing somewhat due to small growth,bonsai,hidden word,bonsai
98507,Wild cat's feline creature for hiding in tree,leafinsect,anagram,leaf insect
1273,Dealing with urgent checking,repressing,assemblage,repressing
28458,Final appearance of US actress - good!,swansong,assemblage,swansong
116004,"Uppity tramp, devout, hogging entrance to temple",bumptious,container,bumptious
63785,Fanatical attack to capture Baghdad's leader,rabid,container,rabid
52323,"Study comes to an end, keeping good time",digest,container,digest
123133,"Once unit has regrouped, carry on",continue,anagram,continue
52613,Roads meet in confusion round the North; they can improve things,emendators,anagram,emendators
14737,Get to the top on Tyneside?,scalene,assemblage,scalene
65739,Goodly beer right for knocking back,large,anagram,large
121510,Cuts prize given to rugby players,medallions,double definition,medallions
33309,Rowan's character: nothing comic,beano,assemblage,beano
71376,"""Heart of Midlothian"" follows radical dogmatist",bigot,assemblage,bigot
38657,Woman in torment shows spirit,banshee,assemblage,banshee
142,A channel swimmer accepts kiss from the great man,alexander,container,alexander
25422,It's right by the map,eastward,double definition,eastward
50376,Give name with nothing in it to fool with old gold coin,doubloon,assemblage,doubloon
114838,Gathers crowds when speaking,hoards,double definition,hoards
48304,"To prepare, he corrected with eraser",rehearse,anagram,rehearse
107588,"Soap found under bum, which is sweet",spongecake,assemblage,sponge cake
69792,Tilts at hint on drink,tipsup,assemblage,tips up
139034,"Circling island, misplaces cultivated field",specialism,anagram,specialism
101146,Cross about anything but silent silence,muffle,container,muffle
121774,"Settlement of rent, once due needs to be met",encountered,anagram,encountered
116016,"Well I'm blowed! Bald, shaved and pink!",coral,assemblage,coral
137028,Head of government to OK thoroughfare stopping short of scaffold,gallowstree,assemblage,gallows tree
48249,Old instrument needs the sphere to ring,theorbo,assemblage,theorbo
79460,Production of Haydn's oratorio,creation,double definition,creation
16252,Is he up to repairs?,tiler,double definition,tiler
116704,Green University don could become experienced,undergone,anagram,undergone
86793,It's grand to make many holes in a hot plate,griddle,assemblage,griddle
96526,Disk that's not a hit with artless party,floppy,assemblage,floppy
87084,Chairman's out to provide violent opposition to the government,anarchism,anagram,anarchism
46945,Blast engulfing Caribbean islands capital,darwin,container,darwin
117872,"Religious leader (a healer) cured flesh, receiving credit as a teacher",mohammed,assemblage,mohammed
32455,Ask to tear net in pieces,entreat,anagram,entreat
113200,Old skin disease liable to drain confidence,sapego,assemblage,sapego
15131,Dissipated girl in confinement,misspent,assemblage,misspent
91831,Lifting a great weight is false,notso,assemblage,not so
89024,"High frequency range, say, penetrating mum - is sore in the ears",megahertz,assemblage,megahertz
37347,"Some styles return, returning briefly",tersely,hidden word,tersely
123817,"Lively end to working week, heaven",frisky,assemblage,frisky
31567,Expectant boy and European girl set about stir-crazy night hunter,pipistrelle,assemblage,pipistrelle
9187,Biting right into tart,acrid,container,acrid
59047,Common former leader,heath,double definition,heath
106486,Wine that's held up by guys getting tight,tent,double definition,tent
122252,Where to find swimmers showing promise in class on regular basis,lidos,hidden word,lidos
111353,Draw mob and see wild mayhem,disembowel,anagram,disembowel
112794,Game controller's about to take a quick look up,keeper,assemblage,keeper
96120,Always right in story about trouble arising,infallible,assemblage,infallible
113980,A fish in a fiddle in a former city,stalingrad,container,stalingrad
33968,Weapon company gets receiver in,firearm,container,firearm
49038,Agreement primarily sought within marriage,unison,container,unison
105007,Ride off a little way to old city in time to get led up the aisle,marriedinchurch,assemblage,married in church
121371,"Corrects paperwork, putting top of house on in flats",proofreads,assemblage,proofreads
53700,"Like china after the bull, shop being gutted when he's gone",strewn,assemblage,strewn
34214,Pepper's top music arrangement,capsicum,assemblage,capsicum
78502,Of course Nijinsky was one,racehorse,double definition,racehorse
61315,Chain letters?,mail,double definition,mail
103805,"Vexed about European tree such as beech, from what we hear",seashore,assemblage,seashore
13705,"Bar providing energy (sustained energy), almost other-worldly",estaminet,assemblage,estaminet
124729,Astronomical scale of opening novel,analemma,assemblage,analemma
79371,Breathe with difficulty and gag,wheeze,double definition,wheeze
86193,Inspector gives opinion with hesitation,viewer,assemblage,viewer
79649,"Docks associated with locks, we hear",quays,double definition,quays
130415,"Set fire to one reptile in sewer, according to reports",litigator,assemblage,litigator
21082,Sort of spin one thus put on an issue,isotopic,assemblage,isotopic
107834,Snooty head of a religious order,superior,double definition,superior
54819,Performance of coital nous in close contact,osculation,anagram,osculation
7507,Nourishment from fruit worker's consumed,aliment,container,aliment
128679,"Fellow clean, having removed soft muck",manure,assemblage,manure
108648,Fraudulent cutie fled in disarray,deceitful,anagram,deceitful
75968,"Come down heavily, when gathering of hunters is set up",teem,assemblage,teem
80354,I cut out the hard stuff when at work,stonemason,assemblage,stonemason
82313,Body meeting to pledge help to golfers?,committee,assemblage,committee
88362,Never return to issue concerning former volunteers,atnotime,assemblage,at no time
76523,Member worried partner,mate,double definition,mate
72051,Plot developer,schemer,assemblage,schemer
56688,Annoyed at being inconvenienced,putout,double definition,put out
116153,"Small tots, primarily on wheels - in these?",strollers,double definition,strollers
2750,Approval for archbishop when in a hole,plaudit,container,plaudit
44992,Wood that is abandoned somewhere in Africa,natal,double definition,natal
50432,Chicken causing a crowd disturbance,coward,anagram,coward
5223,Ornate enamel apt for sign,nameplate,anagram,nameplate
83215,Elaborate ornament to hang on ventilator,fandangle,assemblage,fandangle
121050,"Compiler's not right, unsound - controversial debate?",polemics,anagram,polemics
49735,What sucker needs a politician?,straw,double definition,straw
101613,English writer hits cart track backing motor,turbine,assemblage,turbine
86013,See one and fancy double?,lookalike,double definition,lookalike
140061,Silly argument over half a small pigeon,squab,assemblage,squab
26153,Criminal gets Gill confused with ale,illegal,anagram,illegal
108393,"Wide path, a mere folly, that has its highs and lows",weathermap,anagram,weather map
91827,"Travelled free to Oxford, say, and got married",hitchedup,double definition,hitched up
90877,Wild flower round by border,oxlip,assemblage,oxlip
15283,Main follower in France with projector,tenon,assemblage,tenon
63244,I'm given picket duty,impost,assemblage,impost
52888,Plant an hour in advance,shrub,container,shrub
138773,Local London football team spurned by Poles,areal,hidden word,areal
120878,Massive thing lit a haven development,leviathan,anagram,leviathan
85419,Novice's a person stupid in the head,loaf,assemblage,loaf
69373,Record poem about island event,episode,assemblage,episode
102003,Living with old Medici reproduction,domiciled,anagram,domiciled
125914,Fold party clothes,dogear,assemblage,dog ear
125578,Many a playground prank ties knot around Maggie's bottom half,wedgies,assemblage,wedgies
59616,Vessels a Scottish poet topped,urns,hidden word,urns
112989,University College during religious festival is brilliant,lucent,container,lucent
34292,Overwork Bob's followers,strain,assemblage,strain
141476,NYPD case to get resolved having been shortened,syncopated,assemblage,syncopated
99236,They take risks travelling outside end of slope,skiers,anagram,skiers
47882,Villainous relative slain - clues available,unclesilas,anagram,uncle silas
27334,"Expression of compliance, almost trendy?",righto,assemblage,righto
53660,"Tall and skinny, first to go fishing",gangling,assemblage,gangling
19872,He planted a tree using these hollow acorns,ancestor,container,ancestor
51494,"Within a year, US college shows understanding",amity,container,amity
22110,Hardy presents most of hoary tale,ollie,assemblage,ollie
65222,Admits top of hanger is missing,allows,hidden word,allows
62044,Tape larks when camouflaged,lapstrake,anagram,lapstrake
38456,Neighbours are in a home,nearest,container,nearest
30526,Minimise importance of function involving food shop,sideline,container,sideline
133273,Speechless about group's bagpipe,musette,container,musette
1880,Lecherous chap took your heart away,satyr,container,satyr
38670,Priestess is one Greek character Angie confused,iphigenia,assemblage,iphigenia
26697,So much room for jogger?,elbow,double definition,elbow
102422,Upset at dense part of London,eastend,anagram,east end
65799,Spirit with which a certain Graf covering court runs,spectre,container,spectre
49333,Schematic representation of articles of faith,catechism,anagram,catechism
120194,Carrying burdens across back of mule that's slow,leaden,container,leaden
34463,Missionary put in mid-Wales,apostle,container,apostle
86654,"Calls sailor back, one's docked",names,assemblage,names
58104,Country sign bearing direction that avoids the centre,lesotho,container,lesotho
52444,Equipment to slice nice ham,machine,anagram,machine
56339,The man leading Earth's revolution is a god,helios,assemblage,helios
53508,Live as a bird and take off,beatit,assemblage,beat it
103092,"I'll pay check - the man's nothing for gas, being held in disgrace without a shilling",havethisoneonme,container,have this one on me
109169,Vocal tribute to Japanese camper van?,nessundorma,double definition,nessun dorma
59873,Friday's child makes you shiver,frisson,assemblage,frisson
97307,Can I take a butcher's consideration?,letmesee,double definition,let me see
141631,"Defenders greeted, sloping off from the front",backswept,assemblage,backswept
46001,Wartime enemy heading off for the firing line,oche,assemblage,oche
130770,"In Devon, a current company leader is business manager",exec,assemblage,exec
128189,"Napier's figures almost right, not entirely wrong",logarithms,anagram,logarithms
134419,Hobo's besotted with bling and spirits,hobgoblins,assemblage,hobgoblins
4244,Party? Try to have one,bash,double definition,bash
77747,Aim for gold? I disagree,objector,assemblage,objector
18500,Serene spirit comes from this,still,double definition,still
59788,Young female FBI agent now gone private employed by Nelson?,glasseye,assemblage,glass eye
135286,"Languages such as Hebrew, including old study of signs",semiotics,container,semiotics
111582,"We object, being placed in improper abode. Why? It's of ill repute!",bawdyhouse,assemblage,bawdy house
83921,"It's of assistance to shepherd or miner, but not king",collie,assemblage,collie
128438,Produced rising bill and butcher sued,caused,assemblage,caused
54449,They feel it's time to have castle refurbished,tentacles,assemblage,tentacles
39179,Wooden tile dashed with pebbles?,shingle,double definition,shingle
78883,Maiden possibly left port with too much luggage,overladen,assemblage,overladen
38803,Raise tax during fight with deposed leader,elevate,container,elevate
28654,Bypass (ring road) crumbling - such a state!,colorado,assemblage,colorado
54161,Philosopher managed last of apple crumble,diderot,assemblage,diderot
107670,Had Belgians (or Bengalis) turned out Asian?,bangladeshi,anagram,bangladeshi
32662,They won't stand for their instruments being played,cellists,double definition,cellists
13101,This address caters for love on the allotment,oration,assemblage,oration
86568,Cut that ensured Macduff's survival,caesarean,double definition,caesarean
42292,Quarrel with composer about second note of major scale,breach,container,breach
31939,Seeming to act as representing another,appearing,double definition,appearing
24203,"Romantic songs in silly riddle, after point for daughter",lieder,anagram,lieder
86852,Kept touring Dorset,stored,anagram,stored
115801,Sex hormone replaced on gander,androgen,anagram,androgen
64382,State nicknamed sooner rather than later: OK?,oklahoma,double definition,oklahoma
23405,Discount English book with set standard jacket,rebate,assemblage,rebate
106788,Shrub grew on river in a month,rosemary,assemblage,rosemary
88138,Stuff about English prince or king?,george,container,george
110695,Ref rants about changeover,transfer,anagram,transfer
96234,"Book about principal, not a strong head maybe, yet beginning",remainsoftheday,assemblage,remains of the day
12071,"Low gear involved, finding place to park?",moorage,assemblage,moorage
60822,A name is called a name,monica,double definition,monica
76701,"Left and left again, lorry finally gets round",portly,assemblage,portly
95333,Here visitors may check in for a social occasion,reception,double definition,reception
673,Lofty range of latest shifts,falsetto,anagram,falsetto
83727,Distress at leaving embassy man following judge,heartache,assemblage,heartache
93612,"One way to prepare food, cold, stopping on the way",encroute,container,en croute
17174,He composed some enjoyable harmonies,lehar,hidden word,lehar
127453,German philosopher's more cheerful,gayer,double definition,gayer
32364,Clue short of perfect,idea,assemblage,idea
93595,Reformed Chapel anthems used to promote the virtues of water,cheltenhamspa,anagram,cheltenham spa
64358,"Being in league, agreed to get rid of leader",allied,double definition,allied
82856,"Polish fruit, cored, is chewy",rubbery,assemblage,rubbery
73695,Boost announced for Alexander's father,philip,double definition,philip
57005,Turn aside right after the avenue,avert,assemblage,avert
32670,No time for checking maxim,saying,assemblage,saying
1309,"Translated ""plastered""",rendered,double definition,rendered
38553,Despicable people on top,scum,double definition,scum
115468,"Awaiting summons from head of court in plain wrapper, to be returned",oncall,container,on call
72114,Amplifier to help retail a service,laser,hidden word,laser
80728,Travel in time beyond it and back from Rome,itinerate,assemblage,itinerate
121676,Combine to restrain a temper,allay,assemblage,allay
84957,Clerical doctor has a bit of a scheme concerned with aspect of language,syntactic,assemblage,syntactic
90475,She would pack a right in a scrap,shred,container,shred
75083,Head of Sheffield Wednesday is meeting Hillsborough's first Scandinavian,swedish,assemblage,swedish
79404,"On North by Northwest, upset over one late director",winner,anagram,winner
51440,Letter put in fireplace reduces to carbon,graphite,container,graphite
32221,Restaurant cutlery,canteen,double definition,canteen
61927,Exploit dwarf,stunt,double definition,stunt
100715,Performance in which the middle section gets the twitch,bellydance,assemblage,belly dance
94065,Doctor can back old GP site,monaco,assemblage,monaco
5968,The Queen needs foreign money for the mission,errand,assemblage,errand
82472,Good place for baby with loop,picot,assemblage,picot
8368,Cloth goes with bathroom items,toiletries,double definition,toiletries
7350,First drops in wood more than adequate,ample,hidden word,ample
27966,False plea men put to a jury,empanel,anagram,empanel
40630,Right nipple brought out as a special favour,treat,container,treat
38945,Lead present in unusual spell of rain - it's blissful,nirvana,anagram,nirvana
20340,Chief island's headgear,topis,assemblage,topis
95135,Giveaway lines?,freeverse,assemblage,free verse
141701,"Dearie me, I'm so disorganised - reminders needed!",aidesmemoire,anagram,aides memoire
40049,Trollop allowed a pie,tartlet,assemblage,tartlet
77809,White boy finds nearest man in blue,skinhead,assemblage,skinhead
112968,"When retired, managed share account",narration,assemblage,narration
73262,"Judge - typical, though not posh - producing a rejection",refusal,assemblage,refusal
100936,Uncultivated to blow off with loud noise,lowbrow,anagram,lowbrow
46130,These islands provide a free love style,faeroe,anagram,faeroe
52610,Endless hilarity over barber's offering,trim,double definition,trim
139370,Complaining about president is exciting,gripping,container,gripping
3955,Result of dropping the charge?,pricecut,assemblage,price cut
138522,Making changes in device isn't encouraged,incentivised,anagram,incentivised
127798,Shank used to position these,skeandhus,anagram,skean dhus
4506,Duck has suffered on island,borneo,assemblage,borneo
44503,Opening vocal variation to Elgar's first,alcove,anagram,alcove
96316,"Paper's written about conclusion to inquiry, little being an inward reference",myself,assemblage,myself
8008,"Tool isn't blue, not black variety",utensil,anagram,utensil
41326,It may reveal hidden charges,minedetector,double definition,mine detector
20677,Trickery's insult to an audience,sleight,double definition,sleight
72045,City of revolutionary in duty list,rochester,container,rochester
126949,Monstrous party on the up through Gulf War not all bad,godawful,assemblage,godawful
57628,Setter finds shelter from fight,melee,assemblage,melee
28186,"To separate, cut outside page",split,container,split
51375,"Consents, but will be a long time coming round again",agrees,assemblage,agrees
86583,Finish off incredible eastern story,tale,double definition,tale
90867,Successful escape requires them to be clean,heels,double definition,heels
105020,Pets regularly bite? Avoid!,eschew,assemblage,eschew
82993,Lowers stock of the hoi polloi,herd,double definition,herd
133314,Produce charged particles and celebrate topless,ionise,assemblage,ionise
57936,Incredibly small club in Finish cape,subatomic,container,subatomic
27317,"Surviving, once one is protected by explosive",extant,container,extant
45931,Screen has crimson centre and unusual rose edging,reredos,anagram,reredos
83264,Look after the ruddy whiskey!,redeye,assemblage,redeye
112817,Trading jargon after Queen is swallowed by distance,mercantile,container,mercantile
138913,Craving for flour - is it regular?,lust,hidden word,lust
94199,"Guided the unholy Tannhäuser on Rome expedition - devastated, primarily",tutored,assemblage,tutored
114206,Greek island with a cat that's externally weightless,ithaca,assemblage,ithaca
101298,Short skirts tempt the clergy!,ministry,assemblage,ministry
123748,Plans where PM lives without owning - tense?,intends,assemblage,intends
50900,Like a mother could lose a point and gain one - it's seriously relevant,material,assemblage,material
90550,"Hide fortune, making run for Cuba",lurk,assemblage,lurk
110569,Indications of a lot of hard drinkers going on spree,harbingers,assemblage,harbingers
104466,"Aggressive libels come out, millions being lost",bellicose,anagram,bellicose
4903,"Game, or six of them, holding local up",tennis,assemblage,tennis
52831,Facial hair reported to county's capital,tashkent,assemblage,tashkent
3357,A French field with sailors: cancel the lesson,unlearn,assemblage,unlearn
125797,Bribe a cricket side - or just one fielder,squareleg,assemblage,square leg
133476,They provide poor accommodation,almshouses,assemblage,almshouses
109042,Book for Sunday opening - put in the one before Easter,psalms,container,psalms
128816,Language used in theatre by Lawrence director tailored to fit again,readapted,assemblage,readapted
784,Women's quarters and hospital are by motorway,harem,assemblage,harem
74487,He says he's a Muslim leader,imam,double definition,imam
46469,Commotion curtailed on American burial place,tumulus,assemblage,tumulus
17832,Josh gets scared,windup,double definition,wind up
24196,Sound conductor of German songs,lieder,double definition,lieder
29423,One good with relief work for delicate ornamentation,filigree,assemblage,filigree
64543,It currently controls rose that is rambling,rheostat,anagram,rheostat
43829,Old instrument: state feminine name,rebecca,assemblage,rebecca
69569,One of those sweet utterances of lovers in love,nothing,double definition,nothing
23822,Where fallen gladiators bit the sand in ancient Rome?,arena,double definition,arena
29321,Amusement park fails to open - how dishonest!,unfair,assemblage,unfair
29253,Weighty communication cut by a lawyer,notable,assemblage,notable
113656,Person taking money,nicker,double definition,nicker
59680,There's nothing stupid in Denmark,odense,assemblage,odense
69633,Islands getting many account transfers,cayman,anagram,cayman
131619,Criminal acts at house in the middle of Trieste,villainies,assemblage,villainies
48979,Spot-checks English river rising fast,speedy,container,speedy
113859,Expecting a delay in start of games,awaiting,assemblage,awaiting
109706,Favourite uncle hurt about aunt's initial pique,petulance,assemblage,petulance
60170,Free terrorists snap title up,emancipate,anagram,emancipate
76473,Boatman's a knave!,jack,double definition,jack
134236,"Mopes about, exiting Olympic Games racked with muscle pain",myalgic,anagram,myalgic
53859,Girl otherwise taking one in,elsie,container,elsie
118608,Reclusive boy taking issue to heart,eremitic,container,eremitic
71281,Old transport on river outside the city walls,extramural,assemblage,extramural
78829,It's sweet of Republicans to keep banging drum,gumdrop,anagram,gumdrop
136821,Key workers?,locksmiths,assemblage,locksmiths
119955,Sounds just so ill,sick,double definition,sick
42117,A rugby player thus taken by surprise,aback,assemblage,aback
108118,They believe further education for sailor one solution,unitarians,assemblage,unitarians
129142,Instant calls blocked by new PM's predecessors,mornings,assemblage,mornings
28452,Gloria's great at the final curtain,swansong,assemblage,swan song
114633,Raise glasses for final drink,bottomsup,double definition,bottoms up
42633,Tries an awful wine,retsina,anagram,retsina
53225,"Sharpen pen, but retain candour",honesty,assemblage,honesty
93707,Help finish a hotel in the country,lendahand,container,lend a hand
29486,Duck below bedcover,eiderdown,assemblage,eiderdown
50866,TV centre cut outside broadcast,studio,container,studio
67372,Aperture letting large number into portico,stoma,container,stoma
50983,"Astronomer, one in ship mostly",galileo,container,galileo
27513,One cuts a person who easily shifts positions,trimmer,double definition,trimmer
27600,Record awful lies about model in writing,epistle,assemblage,epistle
66578,Cook insufficiently good: not a likely winner,underdog,assemblage,underdog
56945,Treating people that are out to make New York happy about alien,hypnotherapy,assemblage,hypnotherapy
21978,"Unconscious, potential killer withholding shelter",asleep,container,asleep
26693,Push out bowel movement,elbow,anagram,elbow
75843,Nonconformist church raised cross - what's the point?,crux,double definition,crux
120004,"It's instinctive with a good many, all called George",automaticpilots,assemblage,automatic pilots
43802,Responding to a phone call about disturbing news,answering,anagram,answering
135398,Longing to trap learner with setter's mystic art,alchemy,container,alchemy
125044,Moved in secret and went ahead after complacent start to game,smuggled,assemblage,smuggled
33631,Find short Arthur Dent's stripped off,unearth,anagram,unearth
100161,They are made to scale,ladders,double definition,ladders
117531,"Fountain tee shot smashed, in the President's words",stateoftheunion,anagram,state of the union
30696,A measure without point,galleon,assemblage,galleon
122941,Cold tea consumed by trite reveller,bacchanal,container,bacchanal
140862,"After briefly not working, a head is in school again",reteach,assemblage,reteach
141773,Plots involve danger close to Paris,gardens,anagram,gardens
21430,"Like ""Gone with the Wind"" for the picture industry?",epic,double definition,epic
6717,"Express approbation of last rose, perhaps",endorse,assemblage,endorse
69673,Mixture of feta and rice served by a restaurant,cafeteria,anagram,cafeteria
65586,Be quick to appear in fashion,looksmart,assemblage,look smart
2040,Make-up (whichever covers a cat),anatomy,double definition,anatomy
93894,"Dancers on stage refrain, in part",chorusline,assemblage,chorus line
75329,Quickly read second novel,skim,assemblage,skim
63800,Sailor getting damaged kept dry,abstained,assemblage,abstained
104535,Test alcohol-free beer at the end (European one),dryrun,assemblage,dry run
22372,Look certain after record brings revelation,disclosure,assemblage,disclosure
116661,"Line in scrap, which might be cut for a cockpit",flightdeck,assemblage,flight deck
30157,Old teaching assistant demonstrating pronouns,usher,assemblage,usher
42104,Burrow in soil,earth,double definition,earth
87338,Fix sort of case that's curtailed,attach,double definition,attach
59237,Mark of small vehicle,scar,assemblage,scar
16227,"Hot in seat, how hot it is!",phew,double definition,phew
136434,"Complex relationship ending in disaster, one in imbroglio",triangle,container,triangle
55791,Body cover for unexpected demise - RIP,epidermis,anagram,epidermis
81090,European noblemen depicted by American author,donmarquis,double definition,don marquis
63844,How soon will women combine with unity? An enigma,anyminutenow,anagram,any minute now
141907,Property of trees in meadows: healthy inside with sun,leafiness,assemblage,leafiness
49933,"Tempestuous character - one found in Lear, perhaps",ariel,anagram,ariel
105222,Artist for the underground?,lowry,assemblage,lowry
66782,Attila upset retired nut gatherer,headhunter,assemblage,headhunter
84102,"Man, the soldier (an amoeba), pointlessly confined here?",guantanamobay,container,guantanamo bay
1972,Conciliate a parish priest with creature comforts,appease,assemblage,appease
35005,Is one prepared to walk out for a wedding?,union,double definition,union
5510,Criticise long dash,panache,assemblage,panache
16107,Money raised by word of mouth,bread,double definition,bread
20188,Freedom encourages my aunt to keep ducks,autonomy,anagram,autonomy
108121,Greek-speaking orator as guide (not to Tyneside),cicero,assemblage,cicero
52130,It's our entitlement,name,double definition,name
85282,Reprimand means no further credit will be given,tickoff,double definition,tick off
65420,Spin prime minister's endless talk,prattle,assemblage,prattle
43607,With lines or the opposite?,inverse,double definition,inverse
46005,"Line drawn in pub, no cheap drinks",oche,hidden word,oche
34925,"It could contain jam, but is certainly not jammed",ajar,double definition,ajar
21975,Disturb please - on the contrary for kipper's state!,asleep,anagram,asleep
122686,"Sofa, perhaps, where Torode's first broadcast rejected by diner",twoseater,assemblage,two seater
88820,Old woman wearing cosmetic? That's hard to digest!,roughage,container,roughage
80669,One like Napoleon artist gets to pose,strategist,assemblage,strategist
46570,Treasure article lost coming from the news agency,reuters,anagram,reuters
90579,"As an old hand, reverse-called on a semiconductor device",gnarled,assemblage,gnarled
133340,Lack of zip in cold ENE winds,indolence,anagram,indolence
69861,"Revival of ""Cats"" includes nothing that's by Puccini",tosca,anagram,tosca
71166,Leaver no longer a soft touch,expat,assemblage,expat
20485,Devon resort's improved with non-drinking element gone,beer,assemblage,beer
17749,Odd starting point for a hobby,trainspotting,double definition,trainspotting
25725,It's commonly wrong in a telegram or a letter,amoral,hidden word,amoral
82148,"As a kebab, after weeks rotten and bloody",skewered,anagram,skewered
113387,Non-U physicist admitted embracing a South American,colombian,container,colombian
65735,Fellow keeps chalet designed for sports event,decathlon,container,decathlon
99648,Travel plan means one can take time on the railway,itinerary,assemblage,itinerary
116070,Tenor in drunken choir fought for fort? Not in such a dialect,rhotic,anagram,rhotic
1176,"After passing, notice cycle right away",obit,double definition,obit
42414,Dependent on having bowel control when eating goat's head,contingent,container,contingent
121353,Rush to interrupt teacher's Grauniad hallmark?,misprints,container,misprints
34982,"Say ""fling about' in Scandinavia",dance,double definition,dance
67109,Nice foreign recipes,precise,anagram,precise
14712,"Previous state of party, originally backed by old Soviet leader",prussia,assemblage,prussia
138451,"Walked like a confined prisoner in stockinged feet, which prevents self-harm",paddedcell,assemblage,padded cell
54894,Mutant rook made a child's pet,tantrum,anagram,tantrum
111297,"Dramatist, needing work shortly, taking partners on as past peak",benjonson,assemblage,ben jonson
84589,Flight for flight?,fireescape,double definition,fire escape
99294,Woman holding magazine cover,sheathe,assemblage,sheathe
7336,"One in poor health, not strong",unit,assemblage,unit
23020,Outlay of former writer extracting Greek character from muse,expense,assemblage,expense
39161,Mean to have home care,intend,assemblage,intend
14196,"About to suffer from alcohol consumption, seeing shrink",wince,assemblage,wince
89459,Main inhabitant's lidless coal store placed at angle,cuttlefish,assemblage,cuttlefish
75627,Instrument of top player gripping India on the radio?,sitar,container,sitar
41271,"Like a giraffe, it's all right to have one half pint",okapi,assemblage,okapi
2097,"Guts, or heart lost in loved one",daring,assemblage,daring
103755,"Fliers like trees in winter (sunless, but retaining temperature)",leaflets,assemblage,leaflets
5548,Support for member to pay balance,footrest,assemblage,footrest
5087,Lamb put on string for princess,cordelia,assemblage,cordelia
94935,Standing of French Queen and significantly smaller,teenier,assemblage,teenier
116488,How church worker can offer praise?,chant,hidden word,chant
110889,Bill and Edward played,acted,assemblage,acted
42770,Motive concerning an endless strain,reason,assemblage,reason
95588,Row developing in court,ruction,anagram,ruction
76813,Two support the church,brace,assemblage,brace
62505,Little boy with a metre-wide hole,chasm,assemblage,chasm
48876,A final note about a fabulous writer,lafontaine,assemblage,la fontaine
97545,Talk garrulously (rabbit on) in part of France,gascony,assemblage,gascony
106090,"I'm sort of top, but going up and down",yoyo,double definition,yo yo
86968,If German is supporting overthrow of EU policy he won't use violence,pacifist,assemblage,pacifist
103224,"Providing funds, though die in the red?",endowing,assemblage,endowing
23234,"In a difficult situation, use hose on grass",tightspot,assemblage,tight spot
36147,Garments Carthaginian leader introduced to African city,tunics,assemblage,tunics
72676,Official voice of the cyclist?,spokesman,double definition,spokesman
95226,Engineer to turn to Preminger,otto,double definition,otto
77553,Flag with a tale of heroism,saga,assemblage,saga
39924,Large old ship is broad and slow,largo,assemblage,largo
89382,Supervised position of lumberjack?,oversaw,double definition,oversaw
72105,Fire at mate? Trouble in due course,afteratime,anagram,after a time
129476,"Capes, which are exactly the same",carboncopies,double definition,carbon copies
90763,Sheepish four regularly breaking new rule,rueful,container,rueful
11124,Humiliating remark was repressive,putdown,double definition,put down
50571,Bar - don't spend!,save,double definition,save
108211,About to get severe cramp,restrict,assemblage,restrict
40465,"Fragile thing, problem leading to fault",teaservice,assemblage,tea service
11122,Recorded snub,putdown,double definition,put down
1230,Talented leading counsel at the bar,clever,assemblage,clever
126223,Italian cathedrals arouse odium,duomi,anagram,duomi
70709,Short programme for the handicapped?,rehab,double definition,rehab
121320,Office worker casually visiting old city to get a deep-fried dish,tempura,assemblage,tempura
80582,Part of Turkey's employed in fencing,wattle,double definition,wattle
36340,Weeping mother returned popular award,niobe,assemblage,niobe
125591,"After hugging guys, one has regret",lamenter,container,lamenter
107957,"African warriors, revolutionary yet showing irreverence",impiety,assemblage,impiety
104237,Canary has number - there's energy in numbers,tenerife,assemblage,tenerife
120225,What sweat will do via pores in transformation,vaporise,anagram,vaporise
129333,Questioning of Socrates most common,coarsest,anagram,coarsest
62010,Reckon without penalties bearing discrimination,faddiness,container,faddiness
79412,Girl looking OK in elfin clothing,felicity,container,felicity
29789,Birds can do it with their eyes shut,peep,double definition,peep
93438,"Native American in prog rock group, wearing relative's shoes",brothelcreepers,assemblage,brothel creepers
81381,Lives in des res I converted,resides,anagram,resides
8242,"Eat from river, as bird",grouse,assemblage,grouse
101937,Be clearly out when turning ball goes to fielder,breakcover,double definition,break cover
43682,Before Man exists … before that? An article of faith,theism,assemblage,theism
7908,Name one Greek island: one with a divided capital,nicosia,assemblage,nicosia
47330,Clean out container on top - it's got a needle in it,binnacle,assemblage,binnacle
44415,"Cross waves in secret to defect, ultimately",intersect,anagram,intersect
37657,"Son was visibly moved, did some housework",swept,assemblage,swept
25616,Pat his arm in error,irishman,anagram,irishman
84484,Suckers for medical treatment,leeches,double definition,leeches
7598,Place for researching our party,labour,assemblage,labour
135587,"Well, what might have me beatified?",mygoodness,double definition,my goodness
141678,"Attacks with a 'furious fastidiousness', ultimately - fine to ignore flaws",assaults,assemblage,assaults
42338,Origins of terrific hubbub below and terrific hubbub above,thunder,assemblage,thunder
86698,"Extremes in heavy drinker, overpowering even, producing gas",hydrogen,assemblage,hydrogen
19113,How much harvested? Give up!,yield,double definition,yield
126362,"They may be sarcastic, when press is across the street",ironists,assemblage,ironists
36262,Head of stable clipped tail,scut,assemblage,scut
118705,Inadequate squad with invading force,unfit,container,unfit
113031,Member enters toilet to find clothes,garments,container,garments
42405,I do without a bit of money,coin,double definition,coin
1001,Drink to a virtuous character,toast,double definition,toast
69862,Operatic heroine cast down about love?,tosca,anagram,tosca
140576,A Hebrew pronunciation of 'Hankies out all over Arizona',ashkenazi,anagram,ashkenazi
135837,Closely follow master's beliefs,dogmas,assemblage,dogmas
106878,Coke party that's thrown by children,snowball,assemblage,snowball
24375,"Emotionally detached, as football stadiums this year, completely empty inside",fancyfree,assemblage,fancy free
106268,Abandon royal dignity,abdicate,double definition,abdicate
2037,Lizard's egg laid in uncultivated land,monitor,container,monitor
75662,Turnabouts in vessels,uboats,assemblage,u boats
141636,"Wet love, devoted cuddles",pluvious,container,pluvious
43975,Some bandit took the same again,ditto,hidden word,ditto
51199,Pay raise - it's Pasquale's premier objective,stipend,assemblage,stipend
75381,A woman's remains,ashes,assemblage,ashes
21072,Titled gentleman losing right to go underground,maquis,assemblage,maquis
96257,Auntie Deb's silly gas,butadiene,anagram,butadiene
69895,"Change ending to hit, one's up for success?",thumb,assemblage,thumb
129180,Revolutionary semi-proletarians stink with doctor's fiery cocktail,petrolbomb,assemblage,petrol bomb
24075,To be drunk neat?,tight,double definition,tight
33088,Order posted by tyrant,despot,anagram,despot
97433,Drivers of the stage knocked out Comanche,coachmen,anagram,coachmen
7929,Journalist covering hostilities deserted old king,edward,Error: Empty response,edward
79299,Cheese in France: what for? All round nonsense!,roquefort,Error: Empty response,roquefort
131896,Exam taken with customary charm,commonentrance,Error: Empty response,common entrance
89940,Court officer's trap catches nothing,coroner,Error: Empty response,coroner
20864,Author quick to get the bird,swift,Error: Empty response,swift
128288,Mistake by a serviceman?,fault,Error: Empty response,fault
4397,Take a secret look around castle,peek,Error: Empty response,peek
139451,"Victoria's Englishman, hair combed back",pom,Error: Empty response,pom
79329,"Trap seen, ran off!",ensnare,Error: Empty response,ensnare
95413,Certain one can't be,agnostic,Error: Empty response,agnostic
32180,In the course of a lacklustre comeback,amid,Error: Empty response,amid
10276,Exclude underworld leader with pass,disqualify,Error: Empty response,disqualify
138906,Disparages player defending snacks,backbites,Error: Empty response,backbites
123559,Bubbly Tory slows down,champers,Error: Empty response,champers
37749,They help to protect viewers from lewd exhibitions,bluespectacles,Error: Empty response,blue spectacles
79281,Weapon of racism (lost without it),scimitar,Error: Empty response,scimitar
57139,Jack and mates scrapped this?,jetsam,Error: Empty response,jetsam
62097,Father seen before getting out of puff,padre,Error: Empty response,padre
55164,What's lost again aroused such a feeling?,nostalgia,Error: Empty response,nostalgia
121571,Adhering to socialist principles following Tories' first victory in part of contest,leftwing,Error: Empty response,left wing
25730,Monk upset about men lacking principle,amoral,Error: Empty response,amoral
46317,Paper towels initially put out,tissue,Error: Empty response,tissue
70528,Mistress turned out in a fancy coat of ruby red,revolutionary,Error: Empty response,revolutionary
14420,Corporations up for filth,smut,Error: Empty response,smut
17049,Fluid mechanics causing unfortunate event,mischance,Error: Empty response,mischance
56489,What may replace toes here,shoetree,Error: Empty response,shoetree
121104,Pilot takes learner through air turn manoeuvre,trialrun,Error: Empty response,trial run
4190,The lowest acceptable price is a pound,reserve,Error: Empty response,reserve
125271,Singular approach of primate-catcher?,softly,Error: Empty response,softly
44062,"Mourner, inwardly, oddly redolent of dog",goldenretriever,Error: Empty response,golden retriever
89929,Heartless competitor in for the money,rial,Error: Empty response,rial
23343,Retribution for setter appearing in two cases separately in the Cape,nemesis,Error: Empty response,nemesis
133861,Doctor healing great ills,allergist,anagram,allergist
65692,Sound punishment for murderer,cain,double definition,cain
134156,Main distance from actual line I'm dancing,nauticalmile,anagram,nautical mile
59825,Background music to be cut to size?,wallpaper,assemblage,wallpaper
10942,Uproar in jail,stir,double definition,stir
83207,"King Edward was exploitative, in the royal habit",ermined,assemblage,ermined
30102,Shut up about our being fostered!,encouraged,container,encouraged
97509,"Sittings needing many smalls? One, I suspect",sessions,assemblage,sessions
15827,Beat cheat that's passed away,outdo,assemblage,outdo
36272,"With backing, shoots in the foot - typical!",serif,anagram,serif
47619,Army unit call intended as a cure,remedial,assemblage,remedial
116376,"Yesteryear's bloke? If Mandela's that, there's a crooked deal",forgottenman,assemblage,forgotten man
100331,Liner fan may be damned,infernal,anagram,infernal
104640,"Writer on computer matters, unknown expert",authority,assemblage,authority
30154,This official must take us with her,usher,assemblage,usher
37791,Refuse assent in the end,object,double definition,object
91846,Top level backing for element in royal revolution,overlay,assemblage,overlay
48535,One happy to include lots of US money with advance?,mercenary,container,mercenary
139257,Laymen deceived shabbily,meanly,anagram,meanly
48746,Recluse carries tons of welding material,thermit,container,thermit
30629,Parson's remedy,cure,double definition,cure
82290,Language of one set to wear back-to-front collar,latvian,assemblage,latvian
113167,To comment on the repulsive - that's a hard thing,toughie,assemblage,toughie
105760,"Expected to come back into season, almost like medieval society",feudal,container,feudal
53545,Sort of figure that changes with time?,hourglass,double definition,hourglass
40012,It could make one extremely tiddly with rum in it,toddy,container,toddy
140072,Makes crazy demand to begin with - called in to get it overturned,deranges,assemblage,deranges
135387,"Doctor, get up and heal this deathly disease",theplague,assemblage,the plague
29009,Ugly duckling?,cygnet,double definition,cygnet
71585,Call ship after capitalist?,dubliner,assemblage,dubliner
65899,It's put on by a better singer,treble,double definition,treble
130332,Swedish chef's starter: an order for food,sandwiches,assemblage,sandwiches
102796,Cities laid out in a way that's impractical,idealistic,anagram,idealistic
12,Completely lost voice and note from anaesthetic,ether,assemblage,ether
36255,Sounded as if they are in agreement and went in order to look,eyesleft,assemblage,eyes left
102482,Vision of motorway madness,mirage,assemblage,mirage
126007,"Comprehend female, in short",fathom,assemblage,fathom
1199,Get rid of Catholic king in play,clear,assemblage,clear
136713,Thatcherite maybe stirring up a rebellion,neoliberal,anagram,neoliberal
6650,Fancy Luxembourg as Utopia?,ideal,assemblage,ideal
38932,Purge over-excited fool within time limits,decontaminate,assemblage,decontaminate
72601,Urban work by sanctimonious boy,oppidan,assemblage,oppidan
40999,"Package turned up, given address with added detail",elaborate,assemblage,elaborate
68996,Singer plugs TV award half-heartedly - it's an important mission,embassy,container,embassy
102844,"Cleo, a girl, becomes symbolic",allegoric,anagram,allegoric
134943,Knocked back soft drink and spirits in drinking bowl,jorum,assemblage,jorum
48116,Blanching stakes,paling,double definition,paling
111338,Shakespearean explorer clutches black instrument,violadagamba,container,viola da gamba
21793,Call for resignation causes uproar,outcry,assemblage,outcry
16523,Leading girl in musical doesn’t start solo,aria,assemblage,aria
13370,A situation troubled dissenter,apostate,assemblage,apostate
15275,Diver caught one coming up for something to eat,iceberg,assemblage,iceberg
112739,"Sexy one to go on about ""me""",erogenous,container,erogenous
34991,"Picture of innocence's debut, wearing shift",movie,container,movie
15725,European caught in this system of morality,ethics,assemblage,ethics
14120,Ludicrous car tax - this hanging round your neck?,cravat,anagram,cravat
7881,"Cause friction blowing top, around you calm",assuage,assemblage,assuage
137929,Greek characters retire operating system,unix,anagram,unix
106799,Almost reverse Jewish experiences,times,anagram,times
79357,Printer's employee being kind to dog,typesetter,assemblage,typesetter
33925,Order pudding,applepie,double definition,apple pie
17732,Sergeant out to part friends,estrange,anagram,estrange
130968,Itinerant magician's prop turned King Edward into Queen Elizabeth!,wanderer,assemblage,wanderer
87626,"Paint cheese without semicircle, half of cheese",gouache,assemblage,gouache
111683,A disease exists on account of rodents,agoutis,assemblage,agoutis
65357,Manoeuvres to win hard races,rushes,double definition,rushes
114936,"A colonic ailment less constant, requiring treatment that's soothing",calaminelotion,anagram,calamine lotion
9482,A crack about the aim to be in vogue,trendy,assemblage,trendy
76634,Licence to overtake,pass,double definition,pass
76257,What was written on role filled by church workers?,parchment,assemblage,parchment
78676,True-to-life articles I reviewed,realistic,anagram,realistic
62317,"They're scaled by companions, but not at first",adders,assemblage,adders
24452,A mountain that's good to climb,alpha,assemblage,alpha
115190,Discuss and OK travel arrangements,talkover,double definition,talk over
78827,"Fearful and upset, I therefore shut up",ogreish,anagram,ogreish
132736,City investments?,sieges,double definition,sieges
110158,Possibly the bed's a place of healing,bethesda,anagram,bethesda
97209,Very many are of minor importance,countless,double definition,countless
62945,Non-alcoholic drink brewed in East,tisane,anagram,tisane
121527,Fractions of the highest order,eighths,double definition,eighths
40781,Aristocrat right to receive monarch,duke,assemblage,duke
33943,Expound about superior work of art,statue,container,statue
92520,Currency that might introduce a list,colon,double definition,colon
22527,Male sheep producing cross,hetup,assemblage,het up
78738,One drunkard turns up to see another,tosspot,assemblage,tosspot
70065,"A bit of spirit needed to climb a peak, which is dangerous and must be scaled",alligator,assemblage,alligator
34624,Footwear by which the Irish may be recognised,brogue,double definition,brogue
65885,It's said to pacify one getting a duplicated present,nownow,assemblage,now now
10120,"Essential for galop, metronome's rising speed",tempo,hidden word,tempo
83151,"Check when one's gone past you, having come to grief",autopsy,assemblage,autopsy
66353,"Capital sum a lender's first withdrawn from Italy, or Monaco?",principality,assemblage,principality
37975,Sounds like conversation has a twist,torque,double definition,torque
97875,Complaint of writer about the British clearing banks,nephritis,assemblage,nephritis
50079,"River runs back, almost reaching top of estuary",rhine,assemblage,rhine
51124,Ulster backing diplomacy without a break,intact,assemblage,intact
119756,"Holding up the Guardian, for instance, is Rusbridger, with efficiency",organised,assemblage,organised
1482,The advantage of retired gentlemen,edge,double definition,edge
19273,"Dead? Yes, possibly, and near to tears",sadeyed,anagram,sad eyed
140751,"One metre down, plant foolish hoax",piltdownman,assemblage,piltdown man
37502,Pay to take residence at university?,settleup,assemblage,settle up
124639,"It's a pleasure to cultivate, taking little time",thrill,container,thrill
32690,Time off for a craftsman,shoreleave,assemblage,shore leave
121020,Dress for presentation?,giftwrap,assemblage,gift wrap
67809,Representation of one small party,icon,assemblage,icon
102881,Address of the woman's joint,ladyship,assemblage,ladyship
25668,"Like one with toes but no middle fingers, say",digits,double definition,digits
87682,Anonymous donor makes an entrance,door,hidden word,door
52394,"Rash of the skin, not initially red",epidemic,anagram,epidemic
15906,Hard worker making veiled threat to PC?,trojan,double definition,trojan
15686,"Worn thin perhaps, so it's included free",thrownin,anagram,thrown in
138803,Good time to change sides with spirit,ghoul,assemblage,ghoul
100630,Eisteddfod venue organised on legal lines by knight,llangollen,anagram,llangollen
99315,The nicest society can show irritability,tetchiness,anagram,tetchiness
83256,Evidence of railroad plant,groundsel,assemblage,groundsel
1470,On which tense?,edge,double definition,edge
133893,Plant turning out eg lasers,eelgrass,anagram,eelgrass
118560,Tucker's best mate put on the covers of large sacred text,bible,assemblage,bible
83684,Superlatively fine art suffering,smartest,assemblage,smartest
24337,Got off just over halfway through dismal government-free existence,reality,hidden word,reality
4779,Thomas is example of one that needs no tender attachment,tankengine,double definition,tank engine
14398,"Fools wasting time on North Carolina headland? Spanning the years, this is characteristic",idiosyncrasy,assemblage,idiosyncrasy
55741,"To a certain extent, the scoundrel wants that woman",rather,assemblage,rather
543,Hurt the billman,ache,assemblage,ache
674,"Culottes Lafayette pulled up somewhat too tight, hence his voice",falsetto,hidden word,falsetto
75890,"Flower show out of place, shortage of air about",poinsettia,anagram,poinsettia
27545,It's shown in diatonic modulation,indication,assemblage,indication
83646,"""Look at tax"", says a Green",lovat,assemblage,lovat
10341,A party bloomer - providing mineral!,alabaster,assemblage,alabaster
116024,Boatman's report on whale found in the Mediterranean,mallorca,assemblage,mallorca
4079,Twice as fair,soso,double definition,so so
102736,Cry off limiting gene modification in a certain style,regency,container,regency
18902,Make off with bits of deck and amplifier,decamp,assemblage,decamp
120440,Choose industrial chemists' solution: we deal with …,opticians,assemblage,opticians
65562,Bow and scrape when news is broadcast between balls,danceattendance,assemblage,dance attendance
54270,She watches old boy with computer,observer,assemblage,observer
94952,"Expectation of rush hour delays, an empty promise?",jamtomorrow,assemblage,jam tomorrow
66965,Dodgy operator catching river fish,trout,container,trout
33905,Explosive component of Ulster on time? On the contrary,nitre,hidden word,nitre
107270,Politician given party lodgings,condo,assemblage,condo
91577,Briefly that extra distance that brings evidence of happiness,smile,assemblage,smile
126052,Revolution Road's dedicated track,cycleway,assemblage,cycleway
121537,Do without minims in the middle bar,banish,assemblage,banish
130713,Tea and toast,drink,double definition,drink
41821,Oil wheel,castor,double definition,castor
62295,Injury puts years on mother,damage,assemblage,damage
47360,"Consider penning lines, any number almost",wellnigh,container,well nigh
94991,Mr North struggling in the grip of deranged genius,mastermind,anagram,mastermind
15174,A positive sign,plus,double definition,plus
129639,Short of three lots of supporters in the cemetery?,sixfeetunder,assemblage,six feet under
92772,Pacific type has to look over endless sea,appeaser,container,appeaser
27958,"First-class book about leading entertainer, of course",aintree,assemblage,aintree
27977,"Repeat one time, then another, one short of ten",iterate,assemblage,iterate
26030,Murphy's digger,spud,double definition,spud
15976,Close time?,night,double definition,night
129940,"Give up crime in Oz, reportedly, and wield pen anonymously",ghostwrite,assemblage,ghostwrite
135714,Climber's endless hunger to be among celebs,alpinist,container,alpinist
32375,Fancy a fish first?,idea,assemblage,idea
36997,Port one kept in casks,tunis,container,tunis
48628,Like following like?,such,double definition,such
56100,No Conservative to stop slide,ease,container,ease
132308,Somewhat minimalist hat? I think I expected more!,isthatit,hidden word,is that it
14173,A friend keeps place that's cut off,amputate,container,amputate
63746,Something to hide under after final bombs can be blown up,inflatable,double definition,inflatable
94043,"Farad's an SI unit, but not of this",flux,assemblage,flux
51953,Missile destroyed depot storing gold,torpedo,anagram,torpedo
29370,"Big build-up in New York, for example",skyscraper,double definition,skyscraper
49637,Itinerant itinerants lose one itinerant,transient,anagram,transient
5396,Contract office boss,stud,double definition,stud
19670,"Put in new position, took a break around one",resited,container,resited
76131,Plain or flash coat for detective on street?,modest,assemblage,modest
60727,Bow out of second-rate finale,bend,assemblage,bend
132053,Order costumes for cases,lawsuits,assemblage,lawsuits
50207,Side needing actual capital,realmadrid,assemblage,real madrid
139736,Securing army officer to rise against one he swore to serve?,locking,assemblage,locking
61403,A quiz night without a quiz? Hardly on the cards,bezique,double definition,bezique
134737,They succeed in their schemes,heirs,hidden word,heirs
80851,Prince appears more wet?,rainier,double definition,rainier
115706,Page wearing drunkard's hat,topper,assemblage,topper
41359,Has manoeuvred an end to the contest: cap that!,shako,assemblage,shako
106776,What cross-country runners do to a boy?,harry,double definition,harry
77141,Something to eat and it's time for a fool to go to bed,apricot,assemblage,apricot
69154,Brother to Uncle Remus,brer,double definition,brer
86282,Piece of brass enclosing ring that's worn by noble,coronet,container,coronet
50407,Famous sons delay leaving,starry,assemblage,starry
85763,A number left on a trip for the pottery,delft,assemblage,delft
14011,"Volunteers of yore, with many suffering",yeomanry,anagram,yeomanry
20135,"Fiddler, it's said, turned on when hugging the leading lady",nero,container,nero
56778,OSCAR?,limo,double definition,limo
90168,Explorer receives very cool tip from Guatemalan tracker,policedog,container,police dog
124080,Second from last in race failing at the finish,closing,double definition,closing
130357,Liqueur I found in Bermuda all over the place,drambuie,anagram,drambuie
32181,Bill swallows note in the thick of it,amid,container,amid
98062,Bound to be recorded,taped,double definition,taped
14998,The issue of offspring,grandson,double definition,grandson
23935,Disposition of uncle to have a fling,flounce,anagram,flounce
61077,Watches Rose dancing - horrors!,eyesores,anagram,eyesores
109308,Previous charge in court bringing feeling of uncertainty,coldfeet,assemblage,cold feet
27861,"Bit of blusher, without changing foundation",basis,assemblage,basis
105027,Nothing dissimilar to ...,notasausage,double definition,not a sausage
30211,Guerrilla starting to enrage king with insolence,cheek,assemblage,cheek
65854,Extract from Kafka or Tallis that comes straight from the heart,aorta,hidden word,aorta
58331,"Pleasure resort, unknown on a poster, very classy",xanadu,assemblage,xanadu
113368,Part of member's time wasted,thigh,assemblage,thigh
81239,Left-wing alliance meeting in promenade,popularfront,double definition,popular front
110828,"Making out, being clever",discerning,double definition,discerning
121711,Southern way out unfit for the voyage,unseaworthy,container,unseaworthy
26075,Some colleges say education is tried,essayed,hidden word,essayed
6290,"Something to lay, given end of life, laid in anger",wreath,assemblage,wreath
24672,Unexpected cash found in boat,gravy,double definition,gravy
11597,Oriental vessel is a mile in length,sampan,assemblage,sampan
11668,Eastern loch side,eleven,assemblage,eleven
66420,Charge sheet?,pricelist,double definition,price list
131704,Colourless church with scent outside,achromatic,container,achromatic
63881,"I am entering E, say, as rough guess",estimate,container,estimate
49657,Ways of life further south,mores,double definition,mores
101786,Evergreen creeper,grasssnake,double definition,grass snake
57004,'esitate with time to turn aside,avert,hidden word,avert
49320,Spread out hat that's turned over and put away,dilate,assemblage,dilate
133045,Appropriate Dickens character,pocket,double definition,pocket
26259,Old soldier - there could be a few neater characters,veteran,anagram,veteran
99415,As vehicles should be when left on the road,righthanddrive,double definition,right hand drive
116934,"Insect on cacti circling round, right where it's very cold",antarctic,assemblage,antarctic
131770,Slings net around birds not able to fly,nestlings,container,nestlings
48223,Is one picky as Patton?,optant,anagram,optant
117164,Where Hamlet slept with no alternative in Somerset?,sheptonmallet,anagram,shepton mallet
127283,Sovereign kidnapped by our Greek revolutionary for Asian communists,khmerrouge,container,khmer rouge
80724,The person who's learned a vehicle may be parked in the street,savant,container,savant
106599,Is a crane needed for this theft?,shoplifting,assemblage,shoplifting
63251,Artificial means of communicating a spiritual talent by Muse without name,esperanto,assemblage,esperanto
103551,Stiffener and preservative in court,starchamber,assemblage,star chamber
137679,Comfortable about weaponry,guns,anagram,guns
99868,Aunt Georgia oddly lacking internal organs,uteri,hidden word,uteri
117694,Part of army base is run down,revile,assemblage,revile
60986,Haiti cops dressed in pale green,pistachio,anagram,pistachio
101417,A number of Germans practised deception,lied,double definition,lied
120819,"New start for magician, one who refuses to swear",nonjuror,assemblage,nonjuror
75468,Direction providing no way without conflict,norward,assemblage,norward
47644,Flair shown when skill is added to effort,artistry,assemblage,artistry
101933,Someone very fond of a Cornish river trip?,fallover,assemblage,fall over
15774,"Sea creature - as usual, it changed after new start",nautilus,anagram,nautilus
47183,Grant is held up by student peccadilloes,accept,hidden word,accept
63991,Retaliation concerning April's odd tricks ultimately,reprisals,assemblage,reprisals
63824,Azed addicts filling vacant bierkeller in fair,bazaar,container,bazaar
19447,Early reading-desk found in back furrow with drum,tambour,assemblage,tambour
141430,Journalist stayed in Parisian stone flats,piedsaterre,assemblage,pieds a terre
14231,"Good person, a laugher showing resilience",stamina,assemblage,stamina
28529,Merchant and traveller displays the spirit o' the game,marcopolo,assemblage,marco polo
125079,Maybe Bristol politician getting exposed is not suffering any damage,unimpaired,container,unimpaired
91393,Wilder top of fallen flower,faster,assemblage,faster
16718,Who the author mentioned in disbelief?,dickens,double definition,dickens
77642,Runs coming with one big hit more likely to get you caught out,riskier,assemblage,riskier
46644,"Come to pass, maybe, in Yorkshire",happen,double definition,happen
81338,Unknown quantity as missile plant,yarrow,assemblage,yarrow
115834,Goldfish buried in mummies' tombs,mausoleums,container,mausoleums
107676,Notify primate about capital abbot originally left,apprise,assemblage,apprise
23803,Middle Eastern fuel qualifier when refined,iraqi,assemblage,iraqi
87622,Shipwreck leading to an oil discharge on a Caribbean island,hispaniola,anagram,hispaniola
78022,Pitch of the road,macadam,double definition,macadam
19444,God right to desert French artist?,odin,container,odin
37287,Look round for a way to throw a fight,castabout,assemblage,cast about
85606,Guy from Dubrovnik hasn't got the right paint,coat,container,coat
23507,Dump resident on old lady - shame,stigma,assemblage,stigma
41593,Pamper commander's circle,cosset,assemblage,cosset
51379,Battle celebrated by Orange type,blenheim,double definition,blenheim
11728,Home depot contains harmful fitting,instillation,container,instillation
108041,Extract item from box of ornaments?,clip,double definition,clip
11735,Smell smoke,reek,double definition,reek
79494,Criterion for replacing dirty cask,yardstick,anagram,yardstick
140959,Watches gathering bee getting stuff from woods,timbers,container,timbers
112631,Run to earth with the lines set in place?,trackdown,assemblage,track down
38853,Seaman in Cork not good member of crew,bosun,double definition,bosun
61266,Stock complaint from canonised cricket commentator?,staggers,assemblage,staggers
121817,Pole dancing with sex? Four charged,explosive,anagram,explosive
30969,"Imposed as a duty on the vicar, for example",incumbent,double definition,incumbent
107653,Accomplished boxers will be upset if they have to be,carriedout,double definition,carried out
36557,Need spin for PM,eden,anagram,eden
37627,Chest protected by father's waterproof,parka,container,parka
6683,Rued looking up Miss Smith's recipe network,bewailed,assemblage,bewailed
113358,"Tale's beginning, in fact, in touching way",tactually,assemblage,tactually
72079,Be very successful at campanology?,ringthebell,double definition,ring the bell
121430,Possible message from holed ship?,sos,double definition,sos
102600,"Showed determination when couldn't complete puzzle, then home",gotstuckin,assemblage,got stuck in
95638,"Close, so raced up to a disturbance",narrow,double definition,narrow
78628,Greedy person swallows leg just out of the oven?,piping,container,piping
77650,Nice walk I'd arranged on unknown Roman road,icknieldway,anagram,icknield way
86637,Arab playing with Brian's rugby team,barbarians,anagram,barbarians
106805,A badger in lift touring hot country,ghana,anagram,ghana
6986,Story told to encourage when caught in this?,tailback,assemblage,tailback
78634,Annoyed at little green man's invitation?,cross,double definition,cross
17037,One is left without a souvenir,remainder,double definition,remainder
100975,"Court crime officer is after ""Cat"", once a champion driver",tigerwoods,assemblage,tiger woods
117806,Clubs unknown - iron or wood?,cypress,assemblage,cypress
5649,A bit of a spur some hero welcomes,rowel,hidden word,rowel
105069,Cannabis grown by extremely hirsute politician,hemp,assemblage,hemp
79280,Cutter from the east,scimitar,double definition,scimitar
42004,Northern sister nursing young sow breaks perfumier's connection with mainland,channeltunnel,assemblage,channel tunnel
92441,What setters get from trying to make clues right?,ulcers,anagram,ulcers
74650,Think of friend about to revise,meditate,container,meditate
131402,Snake-like creature's undiscerning malignant software,blindworm,assemblage,blindworm
84960,Time for virgin to return and break out,erupt,assemblage,erupt
120057,"Ignore wife in labour, longing to be back in Scottish islands",orkney,assemblage,orkney
138719,"Records, say, see Arsenal dribbling around D",calendars,anagram,calendars
118080,Not much distance between spectators at either end: Celtic goes down at the start of extra time,closeset,assemblage,close set
62265,Group going in for ultra-vision,travis,hidden word,travis
39147,Get company in to cork the bottle?,screwtop,assemblage,screwtop
86869,Clinton was here (nothing wrong with former President),oxford,assemblage,oxford
61834,Overturned vehicle on Cyprus with snout,baccy,assemblage,baccy
10131,Farmed in a civilised way,cultivated,double definition,cultivated
137693,"Between back walls, stack and line up masonry",brickwork,assemblage,brickwork
5549,"Tricky maths, introduction to algebra, bringing complaint",asthma,anagram,asthma
136217,Little fellow in conflict with car - this will provide comprehensive support,welfarestate,assemblage,welfare state
44668,"One in three-D version: King Stephen, say",dethroner,assemblage,dethroner
130331,US district and country trades duck for uranium,columbia,assemblage,columbia
120495,Confiscate one thousand quid,impound,assemblage,impound
123428,Clarify dodgy clue that's holding a little back,elucidate,anagram,elucidate
111384,Justify clash and tirade,warrant,assemblage,warrant
27070,Star lacking core providing speed,celerity,assemblage,celerity
86468,Time allowed for preparation once varied with it,notice,anagram,notice
107822,Group wearing famous red dress,clothe,container,clothe
76983,"Find someone to play the scoundrel, old singer",castrato,assemblage,castrato
79319,City life with female arranged in outbuilding,sheffield,container,sheffield
115754,Called back to growl,gnar,anagram,gnar
99605,Wicked fly going around gets zapped,killed,container,killed
80629,"Whale's ear boxed by princess, briefly",beluga,container,beluga
12074,Low gear involved finding place to leave a boat,moorage,anagram,moorage
84378,Veronica is OK after drug use,speedwell,assemblage,speedwell
44675,Perhaps Palin's modern language,python,double definition,python
95823,School's back-up (reserve) computer,notebook,assemblage,notebook
96478,Detective story - read end!,astudyinscarlet,assemblage,a study in scarlet
6322,Greek girl embraced by this Roman,hellenic,container,hellenic
95713,"A blast this, room shelled in sound of mild explosion",atishoo,assemblage,atishoo
30634,"Fix You, Coldplay's left on box",cure,assemblage,cure
103725,To enthral a malicious woman we held back,bewitch,assemblage,bewitch
62370,First to read new Little Miss Punk children's book,rumpelstiltskin,assemblage,rumpelstiltskin
48088,Tesco ragout goes down well in Paris,escargot,hidden word,escargot
13770,"Backbone needed by Campbell, an amateur in the city",birmingham,assemblage,birmingham
127479,Finishing touches in sketch you made - needs colours,hues,hidden word,hues
32190,"Stand up to kilos, metres etc, interfering with holiday",resist,container,resist
18296,Don't hit a girl,miss,double definition,miss
36049,Girl holds information for the programme,agenda,container,agenda
74631,Boy in charge of sound …,sonic,assemblage,sonic
78364,Where trouble's expected to end in a fight,mill,double definition,mill
43665,Wrong colour suit to deliver coal?,blackdiamonds,double definition,black diamonds
64468,Knock what's said on departing into desert,ratatat,container,rat a tat
92180,That's Latin for you!,idest,double definition,id est
44037,Writer finds way into literary festival,hardy,container,hardy
88100,A good line in stock?,pedigree,double definition,pedigree
101972,"Hysteric, overstretched soprano heard as La Bohème?",screamingmeemie,assemblage,screaming meemie
82784,Support for clergy in theatrical setting,backcloth,assemblage,backcloth
55667,Given room but taken advantage of - that's not on,putup,double definition,put up
88900,"A maiden over the top, about to be hugged - I must go after chubby boys",amoretti,assemblage,amoretti
91338,Threaten one member's demise,impend,assemblage,impend
125571,Is in danger of falling for accountants?,totters,double definition,totters
90897,Movable feasts?,mealsonwheels,assemblage,meals on wheels
125222,Heavens above!,skies,double definition,skies
141456,Skin delicate originally on Queen Mother,derma,assemblage,derma
77672,In Strasbourg I must accept one follower of May,june,hidden word,june
62409,Touch bird gently by design,pattern,assemblage,pattern
8588,Ethiopian leader opening tournament,event,assemblage,event
86197,Island where the pub doesn't charge?,innisfree,assemblage,innisfree
72865,Roman general had a hold on father,agrippa,assemblage,agrippa
118808,Enigmatist is heartless bod interrupting circus entertainer - needs to get humbler,climbdown,container,climb down
62037,Morning - chief time to get stuck in,matin,container,matin
3137,Like compilers noticing anagrams with cry of surprise,incognito,anagram,incognito
31754,It was hell before transport came,erebus,assemblage,erebus
16499,"Instead, ancestral afternoon entertainment is provided",teadance,hidden word,tea dance
70510,Set about old devil in the backstreet,snicket,container,snicket
113406,Private correspondence means nothing to the landlord,loveletter,assemblage,love letter
100952,"Miss cheese, served up with wine about one",mademoiselle,assemblage,mademoiselle
100686,"Never, never, never fall for such a euphemism!",easyterms,double definition,easy terms
100373,Indifference of company led by international organisation,unconcern,assemblage,unconcern
132426,"One abandoning throne, wanting occupation",tolet,container,to let
95764,Change popular stimulant for analgesic,morphine,assemblage,morphine
134973,Buoys let loose without much reason,obtusely,anagram,obtusely
110124,"Play golf with Olympian, getting thrashed",pygmalion,anagram,pygmalion
25625,Left words for bride and groom in Venice,lido,assemblage,lido
104626,This man's Merlot perhaps lacking body? On the contrary,edwin,anagram,edwin
34496,"Shrub, one that's in rising demand",lilac,container,lilac
25674,About ten engineers turned to go in,enter,anagram,enter
138837,Race around holding letter finally found at back of study in a cupboard,credenza,assemblage,credenza
33070,Support heavyweight sea creatures,plankton,assemblage,plankton
123259,This is spinning plus a source of radiation,pulsar,assemblage,pulsar
111833,Homer's first poncy hairdo can produce neurosis,hypochondria,assemblage,hypochondria
50888,Tell king to cheer up,relate,assemblage,relate
40578,"Though English, it's Scottish",bute,assemblage,bute
127545,"Everything we hear is ideal, but endlessly complicated",audible,anagram,audible
90837,Reckoned it's deliberate,calculated,double definition,calculated
9451,Up in arms freebooter is beheaded,irate,hidden word,irate
97512,"At this stage, bird injected with drug, finished",hereupon,container,hereupon
112238,Music critic consulted over Beethoven's Fifth,shaw,container,shaw
21897,Executor's first to divulge what's left in the will,estate,assemblage,estate
57481,"Hostile incursions into Greek island, say",inroads,assemblage,inroads
110468,"Suddenly appear depressed, being treated like rubbish?",blowin,container,blow in
47216,Confused tot given guidance,addled,assemblage,addled
96723,Condition of lush sauces by Arab American,dipsomania,assemblage,dipsomania
37601,"Turns to go off at quarter to six, nine short",rotates,assemblage,rotates
99951,Arab statesman involved in womanising,omani,hidden word,omani
3130,In small boat travelling into unknown,incognito,anagram,incognito
128724,Stir miso soup faster,piumosso,anagram,piu mosso
11446,Crimean War settlement here,yalta,double definition,yalta
140063,Most stylish relative I joke about,jauntiest,container,jauntiest
18107,"He will have marked cards, of course",tipster,double definition,tipster
141571,"Initially so passive, I perk up as spring goes on",spirally,assemblage,spirally
19187,See edges taken off by the ears,otic,hidden word,otic
96069,"Nancy takes ego trip, which is lethal",cyanogen,anagram,cyanogen
129300,Exploded with fury when there's commission to pay,brokerage,assemblage,brokerage
8540,Round v-vessels containing silver substitute,stopgap,container,stopgap
65515,"Move unexpectedly, taking nothing from the best room",lunge,hidden word,lunge
19936,"Despite what's been said, a rat fell out",afterall,anagram,after all
141399,South-east Asian fellow's upset young Arab?,foal,anagram,foal
11987,Nark gets clear before legal eagle starts,nettle,assemblage,nettle
18270,Portion of tandoori cottage cheese,ricotta,hidden word,ricotta
122798,Bask with leader in tabloid articles,sunbathe,assemblage,sunbathe
141591,"Quiet and timid, like Mickey, Jerry or Stuart?",mousy,double definition,mousy
42097,Terminal heart trouble,earth,anagram,earth
61738,Friendly address is cold without its first effect on the skin,oldchap,assemblage,old chap
94999,More complex row about instrument,thornier,Error: Empty response,thornier
120396,Caught wild bird or chicken,craven,Error: Empty response,craven
34227,Force leader's an outstanding painter,chiefconstable,Error: Empty response,chief constable
123535,Report of beak on beast with horns where speed limit is likely,builtup,Error: Empty response,built up
108256,"Buffoon's vessel, labeled ""unkind"", not starting",pantagruel,Error: Empty response,pantagruel
7516,Piano tune as duet,pair,Error: Empty response,pair
98845,Actor with head baffled by figures,octahedra,Error: Empty response,octahedra
90209,One won't stand for teacher penning dry English,sitter,Error: Empty response,sitter
26310,Musical instrument missing in Bordeaux,claret,Error: Empty response,claret
49472,Try to look smart in order to go courting?,pressonessuit,Error: Empty response,press ones suit
120633,Girl turns up to iron out place of relief for process that may include relief,mapmaking,Error: Empty response,map making
72562,Married to conceal broken hearts - that's the point of separation,watershed,Error: Empty response,watershed
99043,Shed puts paid to the island,islay,Error: Empty response,islay
125669,Score recorders almost speak to me in resurrecting New York line,tallymen,Error: Empty response,tallymen
55354,Young female accompanist,duenna,Error: Empty response,duenna
56984,Entry of piece from Navarone turns soprano into tenor,pavarotti,Error: Empty response,pavarotti
137141,Release includes one volume that's reserved,secretive,Error: Empty response,secretive
101517,Boring publicity men I take into account,prosaic,Error: Empty response,prosaic
15984,Perhaps Lancelot ousts king in the dark,night,Error: Empty response,night
36068,Plan made by spy without time to meet lawyer,agenda,Error: Empty response,agenda
61967,Comprehends how company politician makes progress,comprises,Error: Empty response,comprises
47891,Stuff the Swiss rolled out for breakfast?,muesli,Error: Empty response,muesli
97876,One with a dead-end job?,kamikazepilot,Error: Empty response,kamikaze pilot
11733,Smell from bay about to go,reek,Error: Empty response,reek
62479,Contemplated minute and second hand,mused,Error: Empty response,mused
58291,Capital atmosphere in a small business house,cairo,Error: Empty response,cairo
125288,Estimated cost of passage taken,quotation,Error: Empty response,quotation
105194,Bottomless pit accessed through baby's mouth,abysm,Error: Empty response,abysm
84887,Economist's suggestion for a cannibal's feast?,friedman,Error: Empty response,friedman
6664,"Contents of a pack including drink - that's ironic, to say the least!",litotes,Error: Empty response,litotes
86266,A coin found by idler becomes a collector's item,album,Error: Empty response,album
41260,Animal took a piece of food inside,okapi,Error: Empty response,okapi
121507,Drama student may be fast to embrace translated Greats,stagestruck,anagram,stage struck
125698,Sweetie admitting passion for dependant,hangeron,container,hanger on
89158,"Way to serve potatoes, just stuffed with game",duchesse,container,duchesse
134694,Turn back slow runners between defensive lines,midfield,container,midfield
6213,Sweet Manx language,maltese,double definition,maltese
97891,Drops put underground in the West Riding,dewsbury,assemblage,dewsbury
108234,A bird could be harmful if headless,fulmar,anagram,fulmar
64458,Press turns up outside UN and it's a bit sticky,gunge,container,gunge
1812,Body in vehicle trunk?,carcase,assemblage,carcase
82861,Meadow has first of primroses in spring,leap,assemblage,leap
85769,French monarch's solution? Fighting not fleeing,louis,double definition,louis
141154,Raided by the police and broken,busted,double definition,busted
111658,Fix a business chap a drink,pinacolada,assemblage,pina colada
124190,Does song show elements of commendable quality?,goodness,double definition,goodness
39400,If darling gets left out in dance that's unbecoming,infradig,assemblage,infra dig
35277,Wood is often hard,knotty,double definition,knotty
41159,It brings a lump to one's throat,adamsapple,double definition,adams apple
821,"Unfortunately, dieter's eaten last of gateau, it's learned",erudite,anagram,erudite
123418,"Decorate from top to bottom, or vice versa",repaper,double definition,repaper
122487,"In ceremony, noise interrupts speech",ordination,container,ordination
134050,Boy to instruct officer over deceit? The dog!,bordercollie,assemblage,border collie
90176,"Particle gives spy clue, perhaps",molecule,assemblage,molecule
36826,"Walk, finding way to turn",stroll,assemblage,stroll
29368,"Stupid dunce, holding creative skill up, not yet found out?",untraced,container,untraced
44848,Original character in lady encapsulated by bright talent,flair,container,flair
131403,A bit of rubbish Les cast outside,snaffle,assemblage,snaffle
20160,Foretold about one that made affirmation,predicated,container,predicated
50671,An artist takes in abandoned ships,armada,assemblage,armada
47412,"Design takes month, with gold",decor,assemblage,decor
133918,Acts that violate acts,crimes,double definition,crimes
102149,He turned on blokes breaking dad's spectacles,phenomena,container,phenomena
7291,I am stuck in traffic - abusive words result,tirade,container,tirade
129750,"It was honourable, for Japanese double-decker was open-top?",bushido,assemblage,bushido
43990,"Dancing girl lay behind house, the object of desire",holygrail,anagram,holy grail
135548,Entertainer who needed a get-out clause?,harryhoudini,assemblage,harry houdini
84137,Votes about further education? About Desperate Dan!,referenda,assemblage,referenda
81517,"Protest, showing some degenerate tarts no mercy in return",remonstrate,hidden word,remonstrate
15822,Better or worst?,outdo,double definition,outdo
128709,Hitchcock's work? Be upset in parts,thebirds,container,the birds
25838,First set off Bob to list Answer's Blowin' In The Wind,oboist,anagram,oboist
79774,Royal meeting leaderless immigrant finally changed his nationality,scottish,assemblage,scottish
39340,Beam first on roof then,rafter,assemblage,rafter
86176,Time to look outside cell,peter,container,peter
61995,Dame Edna's initial career as terrible mother,medea,anagram,medea
86380,Logic duo displayed in volunteer's mission statement,icouldgo,hidden word,i could go
121324,One studying most of ancient Britons observes publicans,licensees,assemblage,licensees
114240,"Fighting, setter gets dessert back out of the oven again",warmedup,assemblage,warmed up
83571,"Live author, hard to follow like the Jabberwock slayer",beamish,assemblage,beamish
137299,Quarter aspiration after jet engine starts,jewish,assemblage,jewish
104834,"In need of a life, you seize broadcast of old Jewish party",sadducees,anagram,sadducees
141527,Born to Run in tights? Journalist is very drunk,bladdered,assemblage,bladdered
101487,Be charitable to soldier leading calf by hand,givealms,assemblage,give alms
102997,Words initially put together in a piece of writing about friend,acronyms,assemblage,acronyms
59333,Bird needs heart with wings clipped,erne,assemblage,erne
74762,It may catch one in the act,safetynet,double definition,safety net
88119,Real gunfire shot having taken turn here?,riflerange,assemblage,rifle range
23126,Tea licence for Swiss Cottage,chalet,assemblage,chalet
16889,I tape record criminally?,pirate,double definition,pirate
15626,Rome's fateful date in Gobi desert,ides,hidden word,ides
9751,Don't take what's taken on departure,leave,double definition,leave
23817,Oscar set puzzle for philosopher,socrates,anagram,socrates
130614,Outbreak blocked by resistance of the outer skin,epidermic,container,epidermic
95416,Sceptic acting so badly,agnostic,anagram,agnostic
138759,Accompanying date naked? Absent yourself!,withdraw,assemblage,withdraw
104652,Pains will penetrate rigid trunk,seachest,container,sea chest
52567,Church leader in Ireland not in favour of red,chianti,assemblage,chianti
85829,Come to a party,wake,double definition,wake
81064,Referee with his belt turning to cow?,whistleblower,assemblage,whistle blower
44881,"Welcome to Cleveland, darling!",redcarpet,assemblage,red carpet
109124,Guy on shed from town in Somerset,taunt,assemblage,taunt
130504,Gym users taking oxygen for energy are arguably a dispiriting lot,exorcisers,assemblage,exorcisers
28260,Lively son to be nosy,spry,assemblage,spry
96587,Corporation has pan for meat dish,potroast,assemblage,pot roast
132607,Positive attitude in small company letters,cando,assemblage,can do
125770,Produced doctrine about Advent's limits,created,container,created
20886,Assail doctor in committee,bombard,container,bombard
26094,Resentful god overthrown,sore,anagram,sore
52570,Vital energy versus wine,chianti,assemblage,chianti
90559,Cold lake embraced by stupid swimmer,coalfish,container,coalfish
15439,"Out of curiosity, one's raised by English twins ordered on line",eyebrow,assemblage,eyebrow
24534,"Large stone lion, possibly circled by winged creature",monolith,container,monolith
115272,"Joining the Globe, aim to be a writer",ballpoint,assemblage,ballpoint
73328,Twin Cities captured by first-rate artist? That's capital,accra,assemblage,accra
2417,Group's chiastic rhyme scheme,abba,double definition,abba
82538,Upwardly mobile salesmen seize vehicle and do a bunk,scarper,container,scarper
65487,Long story without point,yearn,container,yearn
88932,Person wobbling had to shilly-shally,humandha,assemblage,hum and ha
138987,Qualification from writing about movement in European arts,masters,assemblage,masters
45401,Fine man,eric,double definition,eric
116229,One of the ship's company has a possible cut limb,crewmember,double definition,crew member
109011,"Party taking knock about European Union, following victory",raveup,assemblage,rave up
69663,Get Margaret off the line?,unpeg,assemblage,unpeg
140682,Does rascal show on TV small round bottom?,impersonates,assemblage,impersonates
48178,"American guys, they deal with business",agents,assemblage,agents
126867,Classic comprises great lines,saintleger,double definition,saint leger
110745,"A lunatic, crazy about the sea",nautical,assemblage,nautical
47629,"""Port's stolen"", boozer admitted",hobart,container,hobart
99495,French novelist working for Biblical judge,gideon,assemblage,gideon
2362,A pound of sultanas?,seraglio,double definition,seraglio
28811,Be in the first parts of contest - that's where it's at,battleground,assemblage,battleground
130260,Opportunity for murder? Nothing else to do,timetokill,assemblage,time to kill
83348,Schedules mean items will be thrown overboard,timetables,assemblage,timetables
140132,Accounts by modern-style English lawmaker,isaacnewton,assemblage,isaac newton
57190,Clouds rising from Maghrib mines,nimbi,hidden word,nimbi
57145,Bar call demanding response,counterclaim,assemblage,counter claim
32849,Peak shortly after taking professional qualification,proviso,assemblage,proviso
61181,Plan a porno picture?,blueprint,double definition,blueprint
9342,River swallowed up fine material,taffeta,assemblage,taffeta
120919,Laugh at dummy,mock,double definition,mock
15872,Year in prison shade,cyan,container,cyan
112102,Shaken Queen restrains one of the horses,equine,anagram,equine
71575,Pasta recipe created for tyrant,satrap,anagram,satrap
111209,"At first, Megan upset Harry, throwing away a gift of perfume",myrrh,anagram,myrrh
40261,Round the Cape and turn in late,overdue,assemblage,overdue
90226,"Exhibition of Spode's ""Troy"" ersatz vessels",destroyers,anagram,destroyers
136050,Was a disheartened Dave Cameron his work?,boccaccio,assemblage,boccaccio
76801,The crew went sick and died in misery,wretched,assemblage,wretched
56538,Strong drink,stout,double definition,stout
36563,West Country project in part of Scandinavia (not the south-west),eden,assemblage,eden
25543,Settle on a solution in the crossword,alight,double definition,alight
118346,Tiny little advertisement Sky used five times,weekdays,assemblage,weekdays
91888,"Fan finds a fish, say, at island party",aficionado,assemblage,aficionado
42130,Poles separated? There's clue in that!,antipodes,double definition,antipodes
8497,Small island turning black,sable,assemblage,sable
7007,Beat nervous tension,stress,double definition,stress
54793,One church's method of entertainment,iceshow,assemblage,ice show
33315,Emphatically he who could be Flemish...,himself,assemblage,himself
86983,Holy record found in European community - English message of a religious nature?,epilogue,assemblage,epilogue
5326,Song with piece of lyric that uplifts and moves lots of people,airline,assemblage,airline
91188,"A blues composition, fit for purpose",usable,anagram,usable
26504,(rank outsider) The Undertaker,trier,double definition,trier
29690,Theatre of the obscenely rich,lyric,double definition,lyric
3533,Provide two servings of dry wine in a jiffy,bisect,assemblage,bisect
107453,Bruce's namesake's got one a plant,forsythia,assemblage,forsythia
41317,Stumble on crude oil in Africa,tripoli,assemblage,tripoli
91390,Superficial drawback to being frank about one's orientation,outward,assemblage,outward
118883,Quick drinks for horses?,snorters,double definition,snorters
17656,Musical with a little bit to learn in a little break,hairline,container,hairline
40437,Salt one had put on bird's tail,titanate,assemblage,titanate
113484,German turns up keeping a vehicle in grassland,savannah,container,savannah
16028,Made redundant by a cross editor,axed,assemblage,axed
105322,Drug firm has one in to flog,cocaine,container,cocaine
84722,"""Crossing a Line"" by a dramatist",traversal,double definition,traversal
34615,Tongue of stout shoe,brogue,double definition,brogue
46833,Let care be arranged for tragic female,electra,anagram,electra
56742,Playing live together,inconcert,double definition,in concert
139313,State of Orbán leaving American wanting to scoff,hungry,container,hungry
86042,"Made an obeisance - on the short side, perhaps",curtsied,assemblage,curtsied
30147,Not allowed cheers? I don't like that!,taboo,assemblage,taboo
2088,Nearly everybody's calm drinking hot drink,alcohol,container,alcohol
98695,They show frightening ability in their field,scarecrows,double definition,scarecrows
85512,Sound opening pace,gait,double definition,gait
44543,This man may advertise food and old port,sandwich,double definition,sandwich
66744,Expenditure on song that's no longer popular,outlay,assemblage,outlay
60169,Free call-back in charge reversal by the crown,emancipate,assemblage,emancipate
92908,The man from whom Samuel imbibed wisdom,eli,double definition,eli
90399,Applicant's hostile answer struck out in court,client,assemblage,client
114979,"Like an egg from duck, empty",ovoid,assemblage,ovoid
104059,Man met end making revision,amendment,assemblage,amendment
9065,Initially desirable residence for study of china,dresden,assemblage,dresden
86853,Filth in America is up - it's past the time to be chirpy,stridulate,assemblage,stridulate
8943,Singular-looking giant?,cyclops,double definition,cyclops
62008,Last of the vintage in the shade,ecru,assemblage,ecru
72926,Pub where brown cleric gets round in,tavern,container,tavern
101103,"Concrete assessment of politician's setback, ensnared by loose woman",slumptest,container,slump test
64161,Blade's about to become increasingly promiscuous?,claymore,assemblage,claymore
26779,A point made about old railway network needing to be up-to-date,abreast,assemblage,abreast
11051,Any number going round in one's head,noggin,assemblage,noggin
18751,Poet's unworthy of town in South Wales,neath,double definition,neath
105237,Get second chicken from this butcher,slayer,assemblage,slayer
28043,Don''t grant a prayer or. . .,refusecollector,double definition,refuse collector
101734,I provide maintenance for previous winner that doesn't start,upholder,assemblage,upholder
62247,Short story gripping English student group,year,container,year
5843,Make a pot worth ordering,throw,anagram,throw
68062,Limited cure,specific,double definition,specific
136504,"Like a rabbit, say, albeit modified in corporeal form",bobtailed,container,bobtailed
42860,Record holder's go on board,turntable,assemblage,turntable
11387,Confuse leader moving tool,adze,anagram,adze
88110,Bird to stain vessel,martin,assemblage,martin
111079,Little girl in circus is mounted,riding,container,riding
28816,Lens capturing some pachyderm in toto,telephoto,container,telephoto
99982,Publishing house introducing historian to journalists,clarendonpress,assemblage,clarendon press
76346,Heard lots about garrison town,aldershot,assemblage,aldershot
84283,Speaker keeps one drink for founder,originator,container,originator
23159,"Inn evidently fully booked? On the contrary, atmosphere charming",debonair,assemblage,debonair
40481,Bird to miss out catching insect,fantail,container,fantail
103918,"Latin scholar makes note on ship in italics, perhaps",classicist,assemblage,classicist
84529,Potential risk one in France may take in winter,skirun,assemblage,ski run
59206,Weak thing - buck up!,reed,anagram,reed
121427,"Still available to accommodate the German, as promised",undertaken,container,undertaken
27021,Composure of bishop getting a puncture,balance,assemblage,balance
34310,A number work very hard,strain,double definition,strain
29119,Fuss from supporter about where French hotel has fallen short,brouhaha,container,brouhaha
121784,It was used to make links at Gretna Green,forge,double definition,forge
11059,"Has time, when taking silver, to be shocked",aghast,container,aghast
132506,"Going like a rocket, when fitted with carbon tip",ascending,assemblage,ascending
140755,High level of the gender problem,nthdegree,assemblage,nth degree
104327,Manage to exercise,run,double definition,run
99261,Position of mystic meeting transmuting energy into time,stance,assemblage,stance
60426,Where children are to be found between two and five?,creche,double definition,creche
25756,It requires courage to have one - rather than love!,battle,double definition,battle
53500,Underwear? We may well have seconds,boxers,double definition,boxers
73455,US city not entirely accepting south has a rotten atmosphere,miasma,container,miasma
123215,Orchestra gets direction to its venue,halle,assemblage,halle
14086,"Kiss a number, coming back round after that",next,assemblage,next
56590,Calamitous reverses with no time for a smoke,cigar,assemblage,cigar
115555,"Pasture ultimately silent, as ground needed",essential,anagram,essential
116608,Pushy parent ultimately spreading disease,typhus,anagram,typhus
52765,Time ran out for muezzin supporter,minaret,anagram,minaret
28312,Write music: a little number for the gallery,notate,assemblage,notate
39948,Staff regret keeping key money,retinue,container,retinue
77729,"Plum wine, we hear, which flies off the shelves",bestseller,assemblage,bestseller
74610,Mishandled pistol went off,spoilt,double definition,spoilt
104907,"Revolutionary cardinal imprisoned at Queen's address, perhaps for leftwing ideology",marxism,assemblage,marxism
85629,Famous person's family title,householdname,assemblage,household name
29935,Parliament has money for the wine,chambertin,assemblage,chambertin
11686,Never let backs go round the team,eleven,hidden word,eleven
68411,"Porky? It is something cutting through little sister, say",sparerib,assemblage,spare rib
127254,Sun has to be demeaning to women?,sexist,assemblage,sexist
57400,A number without the ability when rising to get on,entrain,assemblage,entrain
139064,Police team having wildly exciting time?,riotsquad,assemblage,riot squad
127900,"Pronounced as ""venson""? I haven't a clue!",noidea,double definition,no idea
30890,"Spell ""trinket""",charm,double definition,charm
125308,Take care over truck being recorded,minuted,container,minuted
97652,"Scab found in plant? Alas, not as friendly!",fraternal,container,fraternal
2107,Children go back to front on slide,skid,anagram,skid
3095,Welsh go dancing the cancan?,legshow,anagram,leg show
8851,Worker first gets requests to be agreeable,pleasant,assemblage,pleasant
979,Heartless head cook,chef,double definition,chef
89634,Meal left for two couples maybe to consume,flour,container,flour
60975,"Dance with hat out west, nothing more",bolero,assemblage,bolero
79891,"In prayer, deified sun, gazing up a little",agnusdei,assemblage,agnus dei
91923,One who jumps man with gun,starter,double definition,starter
58512,One's included in slight difference of opinion - it's a problem,nuisance,container,nuisance
57366,Temporarily dismiss person who's paid villain,prorogue,assemblage,prorogue
73757,"Guide rope finally put in place, ton secured",escort,assemblage,escort
79545,God's in love with Punch,carthorse,assemblage,carthorse
137079,"One who offers praise, waving team's icon",encomiast,anagram,encomiast
65631,Races when going to bed,ascot,double definition,ascot
55827,"Before victory, South led amazing trick",swindle,assemblage,swindle
121004,Prize for sexagenarian finding spring in a kiss,buspass,assemblage,bus pass
91790,"Fruit has gone off - lemon, too",ogenmelon,anagram,ogen melon
15502,"""Bit of a Bloomer Arising"" (Lawrence Harris)",floret,double definition,floret
118935,Plate inserted in stomach to sense craving for food,gluttonous,assemblage,gluttonous
35795,Target a friend of the family?,auntsally,double definition,aunt sally
26743,Result of many taking risks,crash,double definition,crash
69007,Some fanciful name for part of the arm,ulna,hidden word,ulna
65320,The strain of the French Revolution,marseillaise,double definition,marseillaise
46656,Faked evidence of factory growth,plant,double definition,plant
34957,Noble game in song reflected by precocious score,earlygoal,assemblage,early goal
137428,Realign energy in turn with love across the channel,reorientate,assemblage,reorientate
85219,Roman judgement days satisfied constituents,diesfasti,double definition,dies fasti
85179,Silly clue I had for geometry master,euclid,anagram,euclid
96830,"Extremely wary, in case needing to cross lake",leeriest,container,leeriest
127290,Garden tools bound to go after opening of spectacular retail outlet,shoeshop,assemblage,shoe shop
53089,A group often described as vicious,circle,double definition,circle
129362,Light source attached to heel of glass slipper?,sled,assemblage,sled
48969,"Card trick involving ace, the same being turned over in advance",comedian,assemblage,comedian
111934,Take advantage of 'obgoblin's stockings,impose,hidden word,impose
111973,Sporty types in pub or South Devon railway?,dartsteam,assemblage,darts team
127144,Phone about disruption of trade causing delay,retarding,container,retarding
70537,Fractured if ice grips building,edifice,assemblage,edifice
4663,Rent hall in order to mesmerise people,enthrall,anagram,enthrall
62687,Piece of harness,bit,double definition,bit
29054,Colour of Sherlock's study?,scarlet,assemblage,scarlet
107762,Mature student good for English in two advertisements,postgrad,assemblage,postgrad
8440,Provision of much else as well,chelsea,hidden word,chelsea
75601,Flora Dean arranged a dance,farandole,anagram,farandole
57409,"Support, from chair, fuss about sick animal",armadillo,container,armadillo
9749,Surrender the French way,leave,assemblage,leave
131674,"Bad weather that's most cold, right?",icestorm,assemblage,ice storm
133019,Put a foot wrong doing right about turn,err,assemblage,err
116935,Propeller of jumbo jet?,elephantstrunk,assemblage,elephants trunk
110516,Pelt with dried berries,pepper,double definition,pepper
107335,Dramatist has entree cooked with a tiny slice of chervil,terence,anagram,terence
4510,Type of paste used by salmon daily,almond,hidden word,almond
75295,Book adapted for millionth serial,thesilmarillion,anagram,the silmarillion
135061,Moment when these birds became extinct,moas,assemblage,moas
48804,Language used for little entrance in Scotland,lingo,assemblage,lingo
67063,"Ultimately golf, not cricket, is a source of entertainment",funfair,assemblage,funfair
95786,Rub Pat the wrong way? That's sudden!,abrupt,anagram,abrupt
59820,Bank right to reject payment,reef,assemblage,reef
71408,Greek relative circling island under the moon,ionian,container,ionian
28659,State how Trump refers to race? Trouble follows,colorado,assemblage,colorado
57921,Favour partner for girl,grace,double definition,grace
72634,"Somewhere in Germany, solid wood splits",cologne,assemblage,cologne
47587,"Tropical vegetable, say, design in high performance car",eggplant,assemblage,eggplant
62997,Old Peruvian potentate writing two articles about Utah's poor mountain climbing,atahualpa,assemblage,atahualpa
121302,"Fruit soaking up one's drink, disperses",dissipates,container,dissipates
13909,"Yes, truly an inspiration",yeah,double definition,yeah
80572,"Use force about turning in, that's fine",punish,container,punish
121636,Order to breeder coming round after time assumed,postulated,assemblage,postulated
96934,Great snake suffering 'eat loss - comprehend?,grasp,assemblage,grasp
100047,Fish appeared to be off,smelt,double definition,smelt
93540,Raise yokel to strangle duck,hoick,container,hoick
66370,Knock over sketch and get let off,skittle,assemblage,skittle
20602,Initial typeset without reversion,stet,double definition,stet
107635,Proceed to do as the GP might do with a recent graduate,putintopractice,double definition,put into practice
593,Manage without an intermediary,direct,double definition,direct
107134,Policy covering aliens and some of their homes,planets,assemblage,planets
19390,Firm sent round to preserve incomplete old instrument,cembalo,container,cembalo
812,Call to account for a weather report,arraign,assemblage,arraign
21467,Perhaps the worst disease in living memory,alzheimers,double definition,alzheimers
42163,Chop up dates and finally enjoy being regular,steady,anagram,steady
14451,A close shave?,scrape,double definition,scrape
107135,A regiment prepared to shoot,germinate,anagram,germinate
96524,What Coleridge's wedding guest did with suspect bones,metatarsus,assemblage,metatarsus
75099,Take courses in French and Armenian initially,eat,assemblage,eat
109473,Idiot breaking rule put in new post,reassign,container,reassign
136333,"Time to get mixed up letters, but not advanced puzzles",tangrams,assemblage,tangrams
11035,Nebraska upset over appeal result,ensue,assemblage,ensue
68482,"Naughty child to lie when in trouble, being insolent",impolite,assemblage,impolite
45993,Flag some citizens ignore,ensign,hidden word,ensign
66303,Swim before one can walk,crawl,double definition,crawl
48649,French setter keeping various echelons for hotelier Basil,johncleese,assemblage,john cleese
73763,Quiet sort of arboreal animal,polarbear,anagram,polar bear
69339,"Bread I order inside, belonging to one shedding tears for offspring",niobean,container,niobean
135594,Esteem shown for those that are fit,healthyrespect,assemblage,healthy respect
10012,"Under Prohibition, without an audience, it's very boring",dreary,container,dreary
112972,Boy raised hand entirely for his own indulgence,selfist,assemblage,selfist
46968,Three-minute warning before breakfast?,eggtimer,assemblage,eggtimer
88457,"Doctor is apt, going round part of hospital, to see them?",patients,anagram,patients
32575,Instrument for a pound a point,althorn,assemblage,althorn
5406,Rastafarian held at more than arm's length,afar,hidden word,afar
110591,Churchman's rendering of waterway,decanal,assemblage,decanal
121051,Attended a glittering performance and was knocked out?,sawstars,double definition,saw stars
27858,Fish one consumed in foundation,basis,container,basis
82995,The masses listened to broadcast,herd,double definition,herd
34632,"Bobby's unhappy, in need of courage",bluebottle,assemblage,bluebottle
126227,Hairy man's sanctimonious daughter,hispid,assemblage,hispid
65166,Smart attempt to encircle a city,chicago,assemblage,chicago
20423,Eleventh hour revival from the side,laterally,assemblage,laterally
4040,Origin of colourful designs? Just a tissue of lies,fairisle,assemblage,fair isle
36215,"Have great respect for Paul, perhaps",revere,double definition,revere
89830,Bouquet for patient fellow's work on hooter,nosejob,assemblage,nose job
6748,Status of small container set out,caste,anagram,caste
103030,Car and lorry close after crash,rollsroyce,anagram,rolls royce
57288,Writhe on crumbling doorstep,threshold,anagram,threshold
11699,MP teased about mad rush,stampede,anagram,stampede
71802,"Lever needs push, we hear",pedal,double definition,pedal
51365,Stay true,staunch,double definition,staunch
476,Day's impression sees pack down,datestamp,assemblage,date stamp
13897,What yours truly does after wearing gussets,insets,container,insets
37457,"Change for a quid at the ""Flag"" from drinks",daiquiris,anagram,daiquiris
86528,Program gives computer company trouble initially,applet,assemblage,applet
84333,Appropriate cut-out for a computer,laptop,assemblage,laptop
28815,Long shot at pachyderm dropping insect in toto,telephoto,assemblage,telephoto
111605,Keeps warm and quiet,muffles,double definition,muffles
131987,"Put cover over well, like an old hand",capably,assemblage,capably
29624,It can be converted into a cupboard,cabinet,double definition,cabinet
92392,Monarch deprived of gold holds up an incinerator of rubber,emerypaper,container,emery paper
43557,Make love at opening of door in cave,wookeyhole,assemblage,wookey hole
74467,Even cleaner shows delicacy,rollmop,assemblage,rollmop
123825,Hoarder - gentleman collecting right and left,squirrel,assemblage,squirrel
4643,Head of oldest and most outlandish prehistoric beast,mastodon,anagram,mastodon
55319,"A number smash up the inn, yet set free",ninety,hidden word,ninety
14875,Fish raised temperature so correct,edit,assemblage,edit
121032,Food includes cold stuffing,farce,container,farce
73712,Aggressive female banker,amazon,double definition,amazon
100946,Rank play by forwards,lineout,assemblage,line out
78234,A hewer of wood and a drawer of water,turner,double definition,turner
38393,"In speech, commend one in the Upper Chamber",lord,double definition,lord
90828,Half-heartedly remedy smell in street,crescent,assemblage,crescent
32048,Grain yield report,seed,double definition,seed
35090,Gets in information about object of savings policy,nestegg,assemblage,nest egg
88695,Women moved out of complete dump,hole,container,hole
78877,Ancestral building - a royal house,lancaster,double definition,lancaster
114649,Conclude the meeting of French and Italian leader,deduce,assemblage,deduce
23617,Partition between pigs and birds,swallows,double definition,swallows
94420,Green at heart? Jealous ego? It could make you ill,ecoli,hidden word,e coli
76753,Fail to qualify and get the bird,pipit,assemblage,pipit
17708,"Girl from outer parts of London, we hear",ellen,assemblage,ellen
27170,Protect college from criticism,ensure,assemblage,ensure
48441,He saw himself as winning on the pools,narcissus,double definition,narcissus
129970,Frank lugs Elsie around,guileless,assemblage,guileless
100484,Nags drunken tinker for no good reason,needlessly,anagram,needlessly
35083,Cope with pub that's used by bikers,handlebar,assemblage,handlebar
126049,"With hot drinks, listen out for the largest fish",whaleshark,assemblage,whale shark
87390,Love a fair helping of bother?,adoration,assemblage,adoration
107875,"A lifesaver, as bloom catches showers",brainsurgeon,container,brain surgeon
71965,Reportedly pedal president's buggy,pushchair,assemblage,pushchair
108682,"It could be folded once, or twice - it's ambiguous",doublemeaning,double definition,double meaning
91120,"Vessel's drink, hot inside",ship,container,ship
138072,English run grim economy badly: things'll get ugly!,nomoremrniceguy,anagram,no more mr nice guy
