Index,Clue,Solution
136586,Policy Americans go wild for,reaganomics
135668,"Middle Eastern nirvana in it's elapsed, somewhat in recession",palestinian
134856,Aristocrat to protest over troublesome noises,marchioness
61172,Medical professional has the assailant on film,psychotherapist
91107,"Officer conveying Her Majesty, one behaving as conductor would?",ohmic
1860,Good book for figures,numbers
84808,Performed ditty about lady's teeth,gnashers
40201,States small change in school is doubtful,suspect
1349,"Interior decoration, pretty as can be",tapestry
550,The suffering a preacher tries to hide,ache
51643,Noisy reveller for whom dawn herald gets one for nothing,roister
59685,Spider that reaps?,harvester
100920,Tropical novelist and playwright,miller
117791,"Scrap with new head, French politician",giscard
76291,Achievement of one who doesn't miss a trick,grandslam
128393,Want to go after a fifty-pound kiwi,allblack
123979,Where bloomers are made like the fourth and sixth incarnations of Dr Who?,bakery
118241,"Driver's last seen going into roundabout, causing a lot of pain",torturous
139493,Part of organ not quite audible around old church,cochlea
88081,A coal tit changing gear,tailcoat
96274,Is inquisitive about the tank and soldiers,privates
139002,Powerful Catholic overwhelmed by weakness,forcible
10029,A poster to show where the big ships come,seaport
66498,Study shows doctor is English,treatise
96821,No little girl reported to have special knowledge,gnosis
13166,French stop over in getting the lie of the land,terrain
53457,Go through battle without army suffering reverse,comb
120056,Alternative name held by island archipelago,orkney
62264,Group outlets retained by partner,westlife
64999,Ada being nasty? Just having a laugh,badinage
92234,Pistol faced with Big Bertha would be so overwhelmed?,outgunned
140603,Lead singer's notes?,heavymetalmusic
29313,Wedge-shaped block holds Catholic University together - that's definite!,clearcut
116613,Hormone replacement for bird,moorhen
34881,Example of man in nice predicament,instance
120826,"""Pass him, anyway"" - how accidents result",mishaps
120636,"Concisely written ultimately, French produce cracking poem",inbrief
55623,"Uproar from black and white endangered instrument, might you say?",pandemonium
80700,Spiel includes point in sprinkling chips with salt,salespitch
52602,Fight with nurse after party,contend
130745,"Source of prosciutto supplied by mail, say?",parma
3559,A steep fluctuation in old currency,peseta
83573,Not the genuine Robin? That's a bit of a relief,falsehood
25653,Ask to hug companion seen at the ballet,entrechat
61469,Porridge makes good person feel sick,stretch
109295,Faction is first-rate without the French,sect
7794,One accountant has daughter pinched by another - a chirpy creature,cicada
108146,Argue about holding stake in contract,guarantee
30095,New length lines that material,nylon
1313,Woman in credit with a selection of wine,cellar
77029,"Stone from a ring, replaced before the centre's fallen out",granite
11644,"Queen's favourite isle? Crete, possibly",leicester
135532,Cells turn to fix as drug dealt externally,guardrooms
34715,Depression sure to develop after hip contracts,indentures
30176,Not in the pink,offcolour
112074,Author of Great Expectations?,hope
107027,"Rising, or just turning over?",revolution
88450,"Anti-government group still rising, securing a role",teaparty
131217,"Surgeries' tender, qualified as medical worker",registerednurse
97107,Party in which lovely lass is injected with drug,finegael
121984,Crosspiece with front for model,perfection
2603,Right one in cultured surrounds ã one in a million?,rarity
112080,Lodging for friend in disgrace?,doghouse
67755,Tree associated with one king,acer
65010,Its shadow was a sign of the times,gnomon
77076,Prom performers duck out of this world,temporal
35412,Exploding grenade creates disorder,derange
105382,"Unsteady, like teetotaller drinking more rum, mostly",doddery
25388,Authorisation required for this sort of sale?,clearance
118625,Cruel followers of a so-called marquis,sadists
80412,Shabby trio carrying plug and soap?,threadbare
99179,Spread arranged by oil producer - the aggressive goat!,peanutbutter
41297,Current squeezes right hot and steamy!,tropical
63551,A poisonous creeper,snake
123986,US TV celebrity losing heart for fish,opah
85229,Perhaps Cherie starts to write lampoons and satirical verse,clerihew
90719,"Neon in its natural state, element initially inferior to fellow element",manganese
136903,Annalist busy acquiring old papers,nationals
39635,Is perversely advanced still,silent
106762,"Attractive person on a poster, primarily exposed in a state of undress",dishabille
26857,Nodding off in the Cowes road? A thousand times no!,somnolent
76927,Clothes worn in topless TV programme?,gear
21980,Like to strip off when retiring or having a snooze,asleep
132163,Daisy's relative's crazy over crazy girl about love,marigold
2569,Leave opera singer for naked lady,godiva
25255,Thou - quietly - not upright?,grandpiano
18713,"Happy with goal, flip",upend
94761,Theft from canonized studio,stealing
93581,Saw mishap jumping over sort of gate,aphorism
133714,Part of American train track's fine,taillight
100966,Point out drunk has answer to clue,highlight
47987,Revolutionary Dame,trot
45758,"Wearing fewer clothes, for example?",lesson
51639,"Act less, try broadcast for radio once",crystalset
79348,China supporting offensive game,badminton
105842,Opening date that is desperate,doordie
77545,Like going over Guardian leaders after a fight with spears,asparagus
62488,"At a function, carrying shabby clothes",astatine
59915,Pamphlet man placed outside,sheet
117883,Film on Aussie experts - they help keep the wheels of industry turning,greaseguns
112670,Educational degrees give support in retirement,beds
134727,A quantity of drink is both good and bad,gill
88446,Points to one of several children as being bright,sequin
38576,Cancel a do strangely retaining odd bit of finale which is forgettable,oldacquaintance
98379,Literary traveller initially altered Eliot's character,tulliver
40925,Piece of music has to carry a sound,toccata
102611,Cricket sides seen occasionally,offandon
90840,Pioneer showed the way in a state of shock,startled
35700,House of Lords is backing contents of your letter in outline,silhouette
23491,Portable power source for teetotal assault,drybattery
22964,Some telephones transmit direct,honest
27159,Agree about journalist being taken in by star,accede
62684,"Short, tailless dog",cur
55194,Aim to identify shuttle,endeavour
139259,Removes difficulty with brief direction,rubsout
61620,Those vanquished by the Spanish head east as a precaution,incase
24469,Lose control at breakfast? Have a drink!,eggflip
101117,Was book's content order intended to be restrictive?,asbo
111945,No alternative,yes
29932,Room can be found for plonk,chambertin
141270,Arms trade leaders entertained by numerous delegates,legation
130069,"Some ran badly, running not being their sport",oarsmen
27925,Chance in rugby game to get head ripped off,evens
12548,One grows up and blooms,irises
59880,Don't stay on the road - it's a bore,turnoff
48884,Drink and a biscuit for royalty,bourbon
15537,Speed up in home improvement regimen,dietary
141893,"My sonny's ill - tired and worn out, maybe",synonyms
89361,It turns green once church leaves Devon town,tiverton
102674,Slam outside hospital with a narcotic,bhang
102969,Screamer used the current hustings - the tops!,sutch
16421,"You may see a hunchback, perhaps, double",ringer
123234,"Tiny pigs swallowing coin, nuts and bolts",rudiments
124309,Turtle's head fit for consumption - on this?,teatable
125340,Gives up about pet in trouble from bugs,centipedes
62450,Land or borough in Holland for Spooner,touchdown
67167,Moderate entertainment,fair
127533,Such a suit might make Ian pretty upset,paternity
68770,"What the Israelites went through the wrong way round, getting cooked very fast",seared
25691,Record some inadvertent errors,enter
135939,Survive a heavy blow,weatherthestorm
686,Time off for parties in secluded spot,recess
67811,Representation in holding company,icon
73753,Partner would make supermarket run if opening of tills moved to the earliest slot,escort
62090,Party unknown to a foreign country,libya
70926,"Friendly, am I? - Vince",amicable
38475,Officer knowledgeable about voucher,coupon
51051,Everlastin?,endless
52575,They entertain a tourist on board,strippers
29226,Standard artillery pistol held up,regular
68503,Author on track of plants,greenery
112624,Accommodation unlet - perhaps it's windy,flatulent
129099,Old economist keeping nothing at English distillery,malthouse
15585,Would it take another like him to be of one mind?,halfwit
83590,Thus honour deceased invalid's support,sickbed
78083,Traffic controller's lines set in committee,bollard
7191,Mythological princess performed with nothing on,dido
124909,That chap's very quiet round caged beasts,hippos
103040,Antonio's vessels from ancient city that is to south,argosies
114354,Very nice romp - and hard all the way,everyinch
127098,"Legendary royal butt raised in support of performance by Callas, say?",ariadne
66853,Plot to blow up prison in church,conspire
93883,Tenant clutching bottle's last to come in again,reenter
93592,A sweet girl's name for a flier,airman
35559,Circus artiste's value is tumbling,acrobat
82154,Level playing field,pitch
38163,Skeleton said to be a man,draught
39544,"Even question being in Europe; from set of data, it's time to leave",equable
1878,"Lecherous man with sex appeal - despot, not half",satyr
124662,Pirate boy in previous day across the water,hijacker
30903,Partner going off when there's no going on,stalemate
93748,"Refreshing place, Newgate Forest",teagarden
46247,Flower girl is seen in time,daisy
41383,Attractive bars,magnets
106331,Legal successor heard to gain from flying hazard,airpocket
38854,Hairstyle covers very retro crew member,bosun
63718,"More stylish going over line, one who finishes nicely?",polisher
54865,"Being completely taken aback, girl admits the sport's attraction",allure
30371,Subsequently the French turned sideways,lateral
50444,Came clean: he'd worse troubles,showered
1424,Cut for a game of cards,abridge
115759,Blue stain,dirty
108673,Academics accepting old work of mathematicians,proofs
57162,Junction in electricity supply service,matins
64559,Hermit endlessly rejected Indonesian buyer's furs,ermines
67571,Railway served by Scots police?,metro
95075,Kind of servant one keeps,retainer
36402,Extreme Right following United Nations,undue
94582,"Pack, card player works out, lacking spades",wolves
117659,A scolded bishop ignored bubbly,aerated
103891,One causing trouble in a washing machine?,agitator
34605,Transport for Conservative replacing miners' leader in union,carriage
88178,Some characters in Tristram Shandy are flipping clever!,smart
131864,Copies I need to revise at times,imitates
48571,Old instrument's gloss masking rising cut,seraphine
134717,Rich soup in unfinished pottery,bisque
29506,Control shown as others fall,restrain
72199,Lime and cats affected plant,clematis
140029,"Carbon tip in abseil device, suitable for climbers",ascendible
14377,Reportedly bright criminal devised means of support,livelihood
129321,"Making pie, I'd most bananas made best use of",optimised
1999,Honour account company''s to deal out,accolade
107131,Work on an island operation,manoeuvre
65306,"Sweet, flat fish",pomfret
101991,"Highly strung, one whose life may be in the balance",tightropewalker
138319,"Herb we eat with bliss, when cooked",sweetbasil
118079,"Idiot concealing brains but not heart, almost touching",closeset
21346,"One always on hand for a date, say",palm
131031,Kid cradles rook in bower,dupre
129687,"Black liquid, supplied by Native American, old drunk swallowed",creosote
25462,Want symbolic home to have entrance changed,dearth
66238,Thus I list Rodin's silent retrospective of noted works,oratorios
8277,Bird seen on street in pushchair,stroller
60209,Lambretta-rider taking exercise on one?,moped
15359,Cyclist's condition?,rider
123071,Redhead swimmer nets redhead German boy,carrottop
99813,Hefty cow loses firm figure,weighty
39977,Rose and disconnected speaker,rambler
116022,Support for hovercraft's vent shield,aircushion
3976,Rise lest soldiers invade,increase
25813,The theatrical profession includes one from long ago,stoneage
70638,"Went off and again stood around, say",retreated
23035,Dutch Redcoat on board,edam
69643,Controlled by the computer stealthily?,underthecounter
40313,Food out East,eats
111998,"Different girl, one in Italy, to approve of",unalike
88238,Mean to entertain Indian poet,pindar
3715,Utterly base and gruesome moral tale,allegory
96041,"Short of time, they run about in stadia",greyhounds
13152,Nearly caught involved in crime,larceny
79168,Lady of ill report,porter
117783,Irregular design - zigzag on reverse,wayward
20586,Penny puts on weight in spring,pounce
124968,Exciting? No!,turningon
121490,"Eager to embrace quarrel with some elders all about tattooing, say",needlework
4189,Book not one's first choice,reserve
137104,They're presently taking up space,stockingfillers
4911,"Game, part of it inspiring local backs",tennis
45949,Poppy's first piece has some musical backing,opium
88323,Fire starting on haystack engulfs busted dam of European monarch,frederick
123644,Daughter admitted to knowing online programs,adware
137631,"Out of uniform, mark down artist for head of state",devalera
67732,The Spanish invested in second-rate capital,belgrade
124169,Incidental information in window by door,sidelight
119878,"Henry joins in expression of disapproval, missing nothing",catchall
73672,Footwear's the making of Sal,sandal
38045,US composer into percussive sounds,ives
32002,Where we hear the canopy of power may be brought down,overthrown
140260,Short-changed minor name in finance,rothschild
99957,Sturm und Drang applied to mopheads?,shocktactics
65634,Place for finding big hats and misshapen coats,ascot
117993,Physicist has current going to earth cut short,dirac
29966,Hide away from the French and American tax service,lair
46941,"Priest leaving church leader a true tale translated for Alfred, Lord Tennyson once",poetlaureate
60136,It's what it does to another Rev,butterfly
140921,Pharaoh dips into sea and a lake in the morning,matutinal
141633,Apply water to cut flowers,spray
73557,Ban citation right away,except
17849,Producing elastic,yielding
20425,It's what could snatch victory from one side,laterally
119552,Musicians' dosh reportedly censored,brassband
130920,Registers failing to show separate A&E charges,indicts
43928,Swallow single drink,martini
108131,Such a church can omit choral composition,romancatholic
43206,Cheese is strong when expected,feta
139778,Conservationists with the confidence of the country?,nationaltrust
124816,"Cryptically, what might one do with a Cornish pasty and where? That's bliss!",beatitude
128450,One advocates love with it on tart,hippie
116829,Query the manner in which I turn red,erythema
54482,It's not normal to make dancing bear caper without money,aberrance
76111,On strike? Pass!,overhit
123861,Salt that may be extracted from china clay?,sodiumchloride
52465,Snare ten squirming fish,entangle
26492,Ask for ring the French held sacred,inviolate
102194,Some protection for annoying person with paramilitary involvement,cuirass
124634,Pregnant warbler? It's the sound of spring!,boing
16183,"Sam's wife Sally, perhaps",aunt
107925,"Fake left behind lorry: if pinched, one heading for auction",artificial
116650,"Is beyond the reach of social services, which is inevitable",cantbehelped
109401,Child torturing mice is symbolic,totemic
110656,This month every edition is placed,installed
53359,Free trade - comic sort of rule,democratic
111929,"Intermediary's game gamble with small gain, ultimately",gobetween
78774,It could include Red Queen,royalflush
65271,Pipe obtained from branch that is by river,brier
46630,"Rationing being distributed, one cannot be seen in the dark",ignorant
110058,You'll hardly find whips as tolerant as this,aslaponthewrist
109340,Catastrophic changes to a musical,calamitous
62379,"Unhealthy state of America, briefly",ill
18563,Teams in drinks break after last pair dismissed,elevens
131737,Grabbed one McDonald's in a hurry,impressed
75905,"Brewer's lad, eg working as a flier",sedgewarbler
71754,Tiresome magistrates get used to it,trying
149,I held wrong capital,delhi
87234,Foreign Office backed in media claim,profess
123563,Completely virtuous plus ’aving the wherewithal to make tricks?,goodand
45864,He suffers from a lack of balance,bankrupt
111069,"Show best speed, perhaps?",topgear
75502,Plant in a vertical line at back,plumbago
24614,Cure for extreme dyslexia,remedy
54394,"Atypical girl, grave with minimal yen to admit love",tomboy
51309,Invitation to trencherman,digin
93972,"From barn, as horse led out, they steer",handlebars
107363,Might contain live wire?,powerhouse
2592,"Action of a lowdown, gutless cowboy",agency
67039,Bird making rude noise,ruff
54186,Silver ring on the floor,aground
104607,Opera house chap that was lauded by Betjeman?,metroland
67873,Old girl working as model,damosel
65705,Further instruction in drinking?,refreshercourse
123585,Behold Victoria and Albert's framed painting,voila
102150,Tea - its anagram - tea?,eatbetweenmeals
39078,Rap song and wild flower,snapdragon
131166,Old Irishman describing rugby with the ultimate in ugly savagery,cruelty
92775,One offers concessions in a shopping centre to wipe out first of retailers to go back,appeaser
126391,Deer takes one for a ride,does
86581,Porky's tip on the radio,tale
32041,Shipmates upset on the Queen Elizabeth?,steamer
124757,Endless succession of agency clerks,cycle
70552,A trail that leads to the summit,ascent
47432,"Article written about the professional stage, perhaps",apron
117459,Club menu the AA had changed?,athenaeum
109517,Spooner's municipal sewer prescribed for a lazy student,downtrain
122312,The lady writer short on ideas may inhibit growth,herbicide
126445,Leading at snooker - a conspiracy?,frameup
67268,Communist statesman spread gold around,castro
15253,Big hitter trimmed hedge in prison,sledgehammer
49343,Film awards back to front at the back,abaft
54922,It's strange in Scotland and is found around lake where it winds down,uncoils
96483,Signal that could be great help,telegraph
120759,Girl including work on piano for ballet,coppelia
17524,Run over?,extra
94586,Partisan located outside Iraqi capital,biased
113229,Protect against wild speculation (odds off),inoculate
67801,"The little devil! Telling stories, making insinuations",implying
64232,"One supporter stands for Judas, but not one judge",arbitrator
37376,Charm in French song,enchant
65388,Transported sheets by tube? It doesn't have much hope,pipedream
100024,Seen and heard in a Kentish garden?,canterburybells
5964,Sort of rate boy's bad behaviour,goingson
107638,Poor quality drinking water in river,tatty
84642,US city turning up in atlas,saintpaul
139443,"Legless man, one goes into pub to participate",joinin
50161,A small bird's behind,astern
98673,Greek citizens' interjections to take notice over voting?,hoipolloi
67328,"Import teak, say, brought in by sea",driftwood
35806,Name backing European exit,gate
98588,Unnecessary words? Not about bear,paddington
83158,Nameless bone in substance virtually like another,fibular
131950,Kind offer to pick up Edward,tenderhearted
13314,Groundbreaker I used in wharf,pioneer
139340,Statesman's charity rolling in money once,floridian
105714,A royal holding first place in Law,principle
103966,Plant poles in river,tansy
138420,Examine local yokels - to put through the wringer,lookcloselyat
27748,Difficult universal and timeless tale is deceptive,illusory
95045,"Street covered in rotten food, aside from the majority going downhill",offpiste
28763,"Hundreds into riding here and briefly golf, say",lincolnshire
55022,Furnishing periodical with set of figures,occasionaltable
48173,They don't mind their own business,agents
15566,French and German articles appear below,under
119427,Look into top player's huge pulsating body,xraystar
40174,Man without shape having a little defect?,malformed
95272,"House is virtuous, no drug being found",clan
46693,Leaves courses without one point!,deserts
24165,Many get permission to unite,cleave
38443,When the gracious appear to make a point in a study?,tuesday
115649,"I err, made drunk and getting more vague",dreamier
57712,Sail across this or surf several?,channel
47005,Mock attempt to reverse in vehicle,bogus
35487,"It's comparatively skilful to take head off a header, you say?",abler
22136,"Paul, perhaps, threw wobbly - blimey!",strewth
76130,Small in two ways?,modest
29978,Dramatist arranging central part for top actor,star
30440,Stable chap stole pickled cucumber in the end,ostler
18900,New Testament stories about money,talents
126370,Loss of player - perhaps from something that disagreed with him?,foolsparsley
98828,"Flighty young woman says: ""Father swallows bad apple""",flapper
41651,Mate captured by crew coming back for incendiary fuel,napalm
77077,Material in test given to secretary?,temporal
103136,Supply a team reserve,putononeside
118824,Ought queen to enter plump and slumped?,roundshouldered
114157,Hills split internally by floods,torrents
14291,Stop a squad playing,abandon
13137,Disrupt current London theatre offensive,intrude
5181,Two monarchs giving sovereign's first greeting in long ago county,yorkshire
44972,The power of a waterfall,force
49011,Free … or the BBC's heading for extinction,untie
65753,"Conductor, oddly, became hot",beecham
88513,Fellow restraining good one with irregular blows,gusty
135631,Result of depression whilst husband's away? Could be,lowspiritedness
118064,Airdrie resident's more in need of liquid refreshment,drier
84948,Beginning of the Hindu festival in round buildings,tholi
126563,"Composer putting king in check, brought back knight alongside queen",bruckner
32296,Mother puts a fellow in the shade,magenta
32982,Heartless poet performed,done
10063,Creditworthy?,believable
110534,Small section of church upset theatrical dame,evans
125845,Native close to joining argument in pub,ingrown
92841,"Its subject: in messy warfare, male lost",afarewelltoarms
68110,"Without lid, drain jug",ewer
24845,Elaborate blossom,develop
28089,Mathematician starts to expand upon Lagrange's extraordinary results,euler
97412,A party opening up a temple,pagoda
92599,A reason to corner the woodchuck,groundhog
128356,Sporty car's first one produced for islanders,cypriots
77645,Snow vehicle to slide out of control into ducks,skidoo
50740,Old navigator giving coiners trouble,ericson
13464,Stop New York baseball team getting turned over,stem
88776,Hooligan displays sheer audacity on part of the golf course,roughneck
103123,"Chance minimal change in New York, bringing in detectives",accident
130272,Pansy among daffodils is symbolic,sissy
87055,Horse sick around the withers initially; get a cloth!,cavalrytwill
138607,"After study, no women find time for revision",readjustment
87653,We're told sailor's girlfriend may be dressing,oliveoil
92598,Light reveals sick bird looking up,illume
129752,Here's the latest deplorably bad ratatouille!,readallaboutit
93788,"Ultimately, Marilyn Monroe had to appear ditzy - never mind!",noharmdone
72400,Gregarious agents in the sun,social
123902,It is found growing next to the trunk,tusk
134158,Battle between black and white bags Lidl supply without issue,childless
49672,Retired men need purpose to get up,rouse
66950,Everyone bound to be properly organised,alltiedup
47073,Prince enters flat of major,staple
60023,Propose relocation,move
132726,"Cash substitute, if Kent got hit",gifttoken
12846,"Seasoned beef as ""Armpit Stew""",pastrami
73796,Back seats worth their weight in gold?,tonneau
125049,"Because investing billions inspiring you and I, certain things gathering dust",cobwebs
46135,In which train times are disrupted!,transit
140232,"Flipping dull, echoing gong",tamtam
47033,Monkey's beginning to pick apples up,scamp
62608,"Rupert Bear, say?",brooke
18905,Leave city's wet environment,decamp
105188,"Foolish American boy, who makes you think of Wallis?",simpson
81650,"Novelist nicking lines from Moliere?, lazy hack!",emilezola
1689,It can result in call for reserve,netcord
6025,How the rise is transformed with this beastly carving!,whitehorse
58982,"Cave in Spain, base for one male tramp",implode
76857,Women's work in underground river in Wales,distaff
82605,Club gets tennis champion further,everton
36218,Admire a fast rider,revere
102531,Blooming monarch abdicating as movement arriving,inflow
99187,"River grass encircling path, not a river grass",deepthroat
88555,Mineral (barium) taken from church,silica
72148,It keeps its mouth open to strike victim,lamprey
123466,Pacific republic drink tipped to get gold,palau
135266,Formal protests about gifts,representations
58811,Place where dangerous plot may be hatched,hotbed
88350,Authors announced titles,writes
48851,Listlessness can make one reject help,acedia
81200,Stir a large watercourse,canal
51763,Rock band followed by American uncle telling folk stories,remus
134676,Again Emperor's given order - Congress won't be restricted by it,openmarriage
37720,It secures a superior item for ladies,hatpin
62992,Delegate seen briefly by river to get rid of insects,delouse
62463,Places of danger to sailors suffering with sore heels,leeshores
61792,Refuse to reply at notorious flash point,balkans
49709,Love writer accessible to everyone,open
119150,I'm cold - I move home,domicil
44655,Primarily demonic and wicked - the master from hell?,devil
21627,Payment going up - aim to adjust paperwork,origami
67716,"From Istanbul, a way of getting to African city",bulawayo
86152,"Game, or its start, as heard on radio",golf
68427,"Leaving home, freeloading daughter made ungracious remarks, all concluding",egress
26718,Aim to impress girl in skin-treatment establishment,tannery
102285,Island for outcast in Copperbelt,corfu
138037,"Arbitrary comment, I agree, is kind of average",geometricmean
26388,Engage in rigging,tackle
1599,Drop in standards scratching head in church,apse
37990,US lawman conceals memory of tragedy?,drama
67742,Engineering graduate is an elaborate fraud,besancon
60027,Choreographer's position in the company,cranko
48614,Fool has faith leader hold recruits' capital,moron
103277,Part of Spain's rainy and scandal-wracked,canaryislands
122587,Advocate appearing for a Venetian explorer gains essential point,apologist
105606,Shocking word repeated in error,booboo
28996,Audibly voiced low spirits,mood
84538,Heap makes a bushel,epha
35728,Strongly experienced entre-left alignment,heartfelt
105085,Vessel placed in middle of maidservant's drawer,sketcher
59774,One getting into expensive car to compete,racer
96564,Network Rail's inner workings?,entrails
117755,Drop of wine,plonk
86571,"Set Australian into popping crease, anticipating an incutting delivery",caesarean
60173,Free bananas came in savoury paste,emancipate
99991,God has little room to turn round where battle heroes feast,valhalla
71771,Shuffling feet in the bazaar,fete
25783,"First male (Adam) had no ma, surprisingly",head
73171,Main part of a resort,seafront
20066,"Man of rank paints silver, they say",coloursergeant
133091,Gives clue to fill bottom,assigns
142366,Mood in which artist visualises his painting exhibited?,frameofmind
113933,Prize chicken perhaps that's quickly produced for money,potboiler
37609,"Lower with awful dread, for example",degrade
101394,Mediterranean plant propagated in sea,anise
11983,Rash Hotspur's danger?,nettle
117275,"Warm around volcanic rim, so may be asserted",affirmable
2854,On hill we pick every second flower,nile
119605,Country in which blouse is confused with sari,belorussia
133283,A number work out how to delegate,devolve
78882,"Having too much on, even a lord can go to pieces",overladen
122001,Raider unfortunately behind time - becoming more so?,tardier
98832,Got together and improved,rallied
92629,"I, would-be president Ralph, losing my head as testing starts, am not up to the job",inadequate
133188,Former president from whom no traveller returns,peron
109795,"Listed as sick, unable to get up?",billed
125194,Conservative with funny pants,crummy
109988,"When out of order, bleating evident",tangible
43811,New arrival has me pinching my own bottom?,settler
108300,Old singer's about to take ours in error,caruso
10645,Record overseas resident returning when vote is lost,tape
34034,Wooden strip holds king fast,starve
35350,Kind of party animal,stag
83490,What's French and saucy incited Americans' glee,cremeanglaise
95692,Buses start running irregularly out of the centre,suburbs
4988,Junk food,spam
24803,Keep going in Felixtowe Road,tower
29833,Coin for pig,napoleon
10193,Payment for artist making a comeback,reward
83340,André Gide initially appears in quiet street in French capital,prague
65050,Animal put out by the ear,ratel
16654,"Bareheaded, going after crooked horse",skewbald
135840,Worker restores ends in new building,stonedresser
20090,Deal possibly set aside,offcut
116500,Ferocious avian charge on hill,raptor
104990,"Much of day is left, leaving remaining horses happy",satisfied
70515,Subverting enemy country,yemen
135444,Dryden character in a note on work he left,achitophel
36729,It is bound to show the titles,peerage
139377,"Fabric items, manufactured stuff for Germany",macrame
54128,Idol given name of bird,heron
39838,Hero Elsie had declared,elcid
114276,Unimportant part of indicator at motorway junction,minor
80680,Blameless watering hole given zero cash in US,innocent
31047,Water with jolly blue colour,aquamarine
121110,Tiddley explosive,lyddite
59427,Frosty waitress in old corner house,nippy
85790,Steak went off stuffed with duck (extra large),tournedos
24037,Supporter's grand boast,brag
94069,Shooting failure in the Caribbean?,tobago
124574,Fix up starter of pilau with reduced packaging. Spices strong with it?,girlpower
139567,"Men score, cutting through Harlequins' sides, or Wasps",hornets
107823,Emptied cocktail over the dress,clothe
13154,Apparent disgust often betrays enthusiasm,gusto
11892,Realist to upset philosopher,aristotle
61989,The way people talk of miracle food,manna
113257,"For me, goal is to tuck into health food",brendan
34412,Go after switching neon sign,noentry
120129,Looking to understand card,seeking
45501,"Detectives in US agency retired, remaining sharp",acidic
112244,Ecological group plant northern vegetable in a Mediterranean country,greenpeace
33425,Wife abroad? Cheat endlessly!,frau
91652,Drains designed to reach the lowest depths,nadirs
118053,Be aware of a calf keeping its head in the shade,haveaclue
35821,A bus broken down on the way is ridiculous,absurd
53153,Cheat to get violin,fiddle
33327,Doctor's prescription for management,treatment
62753,"With a degree, true: his work is not polished",amateurish
95995,Reluctant to have a port with philanderer,lothario
19057,Club member doing a good turn?,rotarian
16622,Percy's resistance to push for change in advance,hotspur
24382,Hero achieves eminence amongst top men,achilles
16075,Weapon did its job on maiden,cutlass
63484,Note down new present,endow
77958,"Make merry, as lyricist bags English girl",rejoice
14704,French model Nicole stripped for casting?,clio
41007,English tea break keeps US workers involved,elaborate
36206,"Recalled shorter answer, stuck with leading pair from Audreus, in the bath!",sauna
67521,Attempt to cage wolf in peace deal,treaty
141737,New painting captures Queen - that's concerning,pertaining
63400,Leading Republicans' euphemism naively downplaying illegal torture in other nations,rendition
67987,Fighter pilot with boat crew,flyweight
25488,No encore for such a performance? That's gross!,unrepeatable
98213,Explorer is eating last of the sledge dogs,scotties
31326,"King Lear's opening, rubbish",offal
44343,One is well rid of it,illhealth
74878,"It could be eaten sailing, or it could be sweeping",generalisation
96863,Woman kept by journalist enters hard work with toy animal,sleevedog
80036,A lot of filth by leader of Lords causes brief storm,squall
77968,Hollywood's top director exhibiting arrogance,hauteur
90158,Soldiers follow one in specialist trial,experiment
125198,Awkward to do then with precision,onthedot
122902,"Following closely, a lot on site for development",nosetotail
22793,Left before recess - a blunder,lapse
43716,Carry round goods for one who can't afford them,beggar
76833,"Supply what was wanted, for instance, including clenched fist?",satisfy
84706,Get lady confused with poet,lydgate
130622,"In front of mirror, taking advantage of reflection",musing
46932,Relief organisation for the hot and peevish?,redcross
126022,Becoming attached to band after getting head turned,adhering
114096,Woman takes motorway into city,emily
71144,"Some papers are amusing, to some extent",ream
141355,Mars - a visit (ET) to be arranged?,vitiates
58597,"Cloak for wife, South African style",capedutch
28713,He will see what others have to say,lipreader
109433,"Doing backstroke, swim round lake with fish - such as this",pilchard
54368,Sound beast carrying rubbish carrier,orthodox
123944,People wanting a new landlord,publican
55185,Meet with elected scoundrel,incur
38004,Rude and very Scottish sort of hut,uncouth
53082,"Talented Lib Dem, no longer the leader",able
124133,"Impure, I quietly run away and sleep at home when he calls",muezzin
60250,"Begin to sparkle, as smoker might?",lightup
108914,"Construct a house as advertised, we hear",build
989,Revolutionary with fish head to cook,chef
67503,Engineer left broadcasting: one's unable to stick it,teflon
5855,Unwanted growth has proceeded round the whole street,gallstone
105452,Criminal underground starts many a feud in America,mafia
56720,A driven out intruder,invader
22400,The foreign fashion revealed by a singing John,elton
85136,Drink order placed in ancient language,homebrew
82285,A little animal taken in island,malta
29650,Parody about Liberal providing winter sports facility,skilift
104651,Silly gag about Wossy's comeback - he started it!,aggressor
93785,Gas enveloping a part of Spain,aragon
6344,Team given extra exam,elevenplus
43035,Strikers going round pit take a dip,pickpocket
118953,Something added on the end of affectionate princess's letter?,annex
111529,A venerable name in our illustrious past,bede
4515,Seed that's old removed from a loch,almond
114711,Work's inside and out which is good for plant,topsoil
136938,Billionaire's first to not offer tip in bar,blacklist
16704,Aim by listener to win affection,endear
102993,Irish operator is such a person in trade,shopkeeper
9830,Insect biting back inside cave,beware
60087,"Robson beating Williams, for example, winning at least six games",upset
51355,Stay faithful,staunch
89120,"Likely to give an answer, especially in revised version",responsive
133412,Bluish-grey bench one removed from row,pewter
79822,Supporters with lots of hard facts,brasstacks
123901,You'll find me introducing very French measures,metres
60795,Plant fruit trees here? One for middle of park,orchid
95541,The girl to take action,sue
20070,"Condemned? Not right, put on trial",accused
17555,A band from the capital to boot,also
89473,Bush harbours condition that's half Arab offered,gifthorse
106550,Does up building that's not authentic,pseudo
87740,Prejudice runs riot - body of law needed,jurisprudence
25097,The temporary accommodation I have outside the army is not definite,tentative
54498,Horse put in pen to struggle,writhe
46034,Relative of the weasel even more outrageous?,otter
70853,Dubious heirs to Switzerland's treasure,cherish
33639,Running for the job,operation
78895,"Time to give the ticker a boost, having it off with Gladys",daylightsaving
110152,Paying customer to make severe criticism about rotten first half performance,patron
80555,Otherwise take railroad to the Home Counties,else
27594,Look over tower,keep
57659,"Just once, do put one out!",exactly
88028,"Redeemed, made amends or converted",ransomed
98121,Christian beginning to pray in bed,copt
87570,Daughter's body clock determines when to have food,dinnertime
20040,Mackerel bait?,sprat
75686,I hold teaching qualification - fix?,imbed
29298,A hazard on the table or in the field,potshot
62073,"Flawed agate, black inside, is soaked in boiling water",teabag
16044,Old king of note,offa
21194,Grass performing well?,inform
130077,Journalists who keep saying cutting things,hacksaws
6979,"Wreck's sunk into ground, obviously",undo
61280,Dishonest proclivity,bent
79084,"When free, retire to a place abroad",eritrea
10881,Partners who dance up in close formation,couples
43852,Creating anger over maximum flight distance,range
122957,Sex in Esquire's spread needs …,requisites
118050,Feature of stern father is bottling up love,poop
34948,Revolutionary coming back to eat pub grub?,dinner
82689,"One sport he worked on, nearing defeat",ontheropes
17240,In which pupil appears to flag,iris
117543,Boatman gets his first crop on the wagon,boatswain
102073,Work out cricket team's not old,suss
9656,Belief which may be taken up,tenet
33671,Bunny Lake is back and embraced as a formality,ceremony
110327,Revelations of secret trips,outings
110318,Homes established in a partnership,nests
2439,Fight possibly rigged,spar
103051,Unusually precise about line for title role,pericles
103296,Pressing suit with the devil,impaction
101548,Like warning Liberal about vote,forexample
119257,Andy Murray's traditional outfit has no length for tackle,kit
15125,"Curved member made of wood, say",bowleg
134696,"Queen keeled over during a function, one of two in Ulster, perhaps",armhole
25878,"Time saved by unscrambling of a Gemini crossword, primarily cryptic",enigmatic
67914,Single swimmer's base,sole
140821,"Rich with a hundred, in truth",fact
109614,"The way things stand, a strike's not new",asitis
61982,Secret drinker comes to earth in Morecambe?,esoteric
26759,General concession,grant
66165,Fearing degree being dropped at university,reading
138850,"Youthful rogue has not much ham, lettuce etc - no seconds",bitofalad
18191,Annoyed that shirt's missing from counterfeit Man U strip,upinarms
3245,Region sadly showing neglect,ignore
90110,Zero return after call for capital,dublin
460,Instrument causing damage when attached to one short whip,harmonica
90521,Charley's Aunt erotic? Take a walk!,saunter
10947,Teacher seizes a shirt in uproar,stir
44171,Parody old Bob's clothing,skit
3898,Clients designed template,stencil
56034,Bar snack?,chocolate
30668,"It's poisonous, thanks to natural mutation",tarantula
77136,Repeated knocks make Irish twins retreat,taptap
80064,Even up things with rate distribution,straighten
115907,Dog dirt on park for animals picked up,shihtzu
93872,"""Music"", which is derived from the bloody Muse",moodyblues
18828,Meet in a bar,abut
124513,"Excuse a little colour without energy, maybe, on box",pleating
19735,Gibbon's ailing somewhat due to small growth,bonsai
98507,Wild cat's feline creature for hiding in tree,leafinsect
1273,Dealing with urgent checking,repressing
28458,Final appearance of US actress - good!,swansong
116004,"Uppity tramp, devout, hogging entrance to temple",bumptious
63785,Fanatical attack to capture Baghdad's leader,rabid
52323,"Study comes to an end, keeping good time",digest
123133,"Once unit has regrouped, carry on",continue
52613,Roads meet in confusion round the North; they can improve things,emendators
14737,Get to the top on Tyneside?,scalene
65739,Goodly beer right for knocking back,large
121510,Cuts prize given to rugby players,medallions
33309,Rowan's character: nothing comic,beano
71376,"""Heart of Midlothian"" follows radical dogmatist",bigot
38657,Woman in torment shows spirit,banshee
142,A channel swimmer accepts kiss from the great man,alexander
25422,It's right by the map,eastward
50376,Give name with nothing in it to fool with old gold coin,doubloon
114838,Gathers crowds when speaking,hoards
48304,"To prepare, he corrected with eraser",rehearse
107588,"Soap found under bum, which is sweet",spongecake
69792,Tilts at hint on drink,tipsup
139034,"Circling island, misplaces cultivated field",specialism
101146,Cross about anything but silent silence,muffle
121774,"Settlement of rent, once due needs to be met",encountered
116016,"Well I'm blowed! Bald, shaved and pink!",coral
137028,Head of government to OK thoroughfare stopping short of scaffold,gallowstree
48249,Old instrument needs the sphere to ring,theorbo
79460,Production of Haydn's oratorio,creation
16252,Is he up to repairs?,tiler
116704,Green University don could become experienced,undergone
86793,It's grand to make many holes in a hot plate,griddle
96526,Disk that's not a hit with artless party,floppy
87084,Chairman's out to provide violent opposition to the government,anarchism
46945,Blast engulfing Caribbean islands capital,darwin
117872,"Religious leader (a healer) cured flesh, receiving credit as a teacher",mohammed
32455,Ask to tear net in pieces,entreat
113200,Old skin disease liable to drain confidence,sapego
15131,Dissipated girl in confinement,misspent
91831,Lifting a great weight is false,notso
89024,"High frequency range, say, penetrating mum - is sore in the ears",megahertz
37347,"Some styles return, returning briefly",tersely
123817,"Lively end to working week, heaven",frisky
31567,Expectant boy and European girl set about stir-crazy night hunter,pipistrelle
9187,Biting right into tart,acrid
59047,Common former leader,heath
106486,Wine that's held up by guys getting tight,tent
122252,Where to find swimmers showing promise in class on regular basis,lidos
111353,Draw mob and see wild mayhem,disembowel
112794,Game controller's about to take a quick look up,keeper
96120,Always right in story about trouble arising,infallible
113980,A fish in a fiddle in a former city,stalingrad
33968,Weapon company gets receiver in,firearm
49038,Agreement primarily sought within marriage,unison
105007,Ride off a little way to old city in time to get led up the aisle,marriedinchurch
121371,"Corrects paperwork, putting top of house on in flats",proofreads
53700,"Like china after the bull, shop being gutted when he's gone",strewn
34214,Pepper's top music arrangement,capsicum
78502,Of course Nijinsky was one,racehorse
61315,Chain letters?,mail
103805,"Vexed about European tree such as beech, from what we hear",seashore
13705,"Bar providing energy (sustained energy), almost other-worldly",estaminet
124729,Astronomical scale of opening novel,analemma
79371,Breathe with difficulty and gag,wheeze
86193,Inspector gives opinion with hesitation,viewer
79649,"Docks associated with locks, we hear",quays
130415,"Set fire to one reptile in sewer, according to reports",litigator
21082,Sort of spin one thus put on an issue,isotopic
107834,Snooty head of a religious order,superior
54819,Performance of coital nous in close contact,osculation
7507,Nourishment from fruit worker's consumed,aliment
128679,"Fellow clean, having removed soft muck",manure
108648,Fraudulent cutie fled in disarray,deceitful
75968,"Come down heavily, when gathering of hunters is set up",teem
80354,I cut out the hard stuff when at work,stonemason
82313,Body meeting to pledge help to golfers?,committee
88362,Never return to issue concerning former volunteers,atnotime
76523,Member worried partner,mate
72051,Plot developer,schemer
56688,Annoyed at being inconvenienced,putout
116153,"Small tots, primarily on wheels - in these?",strollers
2750,Approval for archbishop when in a hole,plaudit
44992,Wood that is abandoned somewhere in Africa,natal
50432,Chicken causing a crowd disturbance,coward
5223,Ornate enamel apt for sign,nameplate
83215,Elaborate ornament to hang on ventilator,fandangle
121050,"Compiler's not right, unsound - controversial debate?",polemics
49735,What sucker needs a politician?,straw
101613,English writer hits cart track backing motor,turbine
86013,See one and fancy double?,lookalike
140061,Silly argument over half a small pigeon,squab
26153,Criminal gets Gill confused with ale,illegal
108393,"Wide path, a mere folly, that has its highs and lows",weathermap
91827,"Travelled free to Oxford, say, and got married",hitchedup
90877,Wild flower round by border,oxlip
15283,Main follower in France with projector,tenon
63244,I'm given picket duty,impost
52888,Plant an hour in advance,shrub
138773,Local London football team spurned by Poles,areal
120878,Massive thing lit a haven development,leviathan
85419,Novice's a person stupid in the head,loaf
69373,Record poem about island event,episode
102003,Living with old Medici reproduction,domiciled
125914,Fold party clothes,dogear
125578,Many a playground prank ties knot around Maggie's bottom half,wedgies
59616,Vessels a Scottish poet topped,urns
112989,University College during religious festival is brilliant,lucent
34292,Overwork Bob's followers,strain
141476,NYPD case to get resolved having been shortened,syncopated
99236,They take risks travelling outside end of slope,skiers
47882,Villainous relative slain - clues available,unclesilas
27334,"Expression of compliance, almost trendy?",righto
53660,"Tall and skinny, first to go fishing",gangling
19872,He planted a tree using these hollow acorns,ancestor
51494,"Within a year, US college shows understanding",amity
22110,Hardy presents most of hoary tale,ollie
65222,Admits top of hanger is missing,allows
62044,Tape larks when camouflaged,lapstrake
38456,Neighbours are in a home,nearest
30526,Minimise importance of function involving food shop,sideline
133273,Speechless about group's bagpipe,musette
1880,Lecherous chap took your heart away,satyr
38670,Priestess is one Greek character Angie confused,iphigenia
26697,So much room for jogger?,elbow
102422,Upset at dense part of London,eastend
65799,Spirit with which a certain Graf covering court runs,spectre
49333,Schematic representation of articles of faith,catechism
120194,Carrying burdens across back of mule that's slow,leaden
34463,Missionary put in mid-Wales,apostle
86654,"Calls sailor back, one's docked",names
58104,Country sign bearing direction that avoids the centre,lesotho
52444,Equipment to slice nice ham,machine
56339,The man leading Earth's revolution is a god,helios
53508,Live as a bird and take off,beatit
103092,"I'll pay check - the man's nothing for gas, being held in disgrace without a shilling",havethisoneonme
109169,Vocal tribute to Japanese camper van?,nessundorma
59873,Friday's child makes you shiver,frisson
97307,Can I take a butcher's consideration?,letmesee
141631,"Defenders greeted, sloping off from the front",backswept
46001,Wartime enemy heading off for the firing line,oche
130770,"In Devon, a current company leader is business manager",exec
128189,"Napier's figures almost right, not entirely wrong",logarithms
134419,Hobo's besotted with bling and spirits,hobgoblins
4244,Party? Try to have one,bash
77747,Aim for gold? I disagree,objector
18500,Serene spirit comes from this,still
59788,Young female FBI agent now gone private employed by Nelson?,glasseye
135286,"Languages such as Hebrew, including old study of signs",semiotics
111582,"We object, being placed in improper abode. Why? It's of ill repute!",bawdyhouse
83921,"It's of assistance to shepherd or miner, but not king",collie
128438,Produced rising bill and butcher sued,caused
54449,They feel it's time to have castle refurbished,tentacles
39179,Wooden tile dashed with pebbles?,shingle
78883,Maiden possibly left port with too much luggage,overladen
38803,Raise tax during fight with deposed leader,elevate
28654,Bypass (ring road) crumbling - such a state!,colorado
54161,Philosopher managed last of apple crumble,diderot
107670,Had Belgians (or Bengalis) turned out Asian?,bangladeshi
32662,They won't stand for their instruments being played,cellists
13101,This address caters for love on the allotment,oration
86568,Cut that ensured Macduff's survival,caesarean
42292,Quarrel with composer about second note of major scale,breach
31939,Seeming to act as representing another,appearing
24203,"Romantic songs in silly riddle, after point for daughter",lieder
86852,Kept touring Dorset,stored
115801,Sex hormone replaced on gander,androgen
64382,State nicknamed sooner rather than later: OK?,oklahoma
23405,Discount English book with set standard jacket,rebate
106788,Shrub grew on river in a month,rosemary
88138,Stuff about English prince or king?,george
110695,Ref rants about changeover,transfer
96234,"Book about principal, not a strong head maybe, yet beginning",remainsoftheday
12071,"Low gear involved, finding place to park?",moorage
60822,A name is called a name,monica
76701,"Left and left again, lorry finally gets round",portly
95333,Here visitors may check in for a social occasion,reception
673,Lofty range of latest shifts,falsetto
83727,Distress at leaving embassy man following judge,heartache
93612,"One way to prepare food, cold, stopping on the way",encroute
17174,He composed some enjoyable harmonies,lehar
127453,German philosopher's more cheerful,gayer
32364,Clue short of perfect,idea
93595,Reformed Chapel anthems used to promote the virtues of water,cheltenhamspa
64358,"Being in league, agreed to get rid of leader",allied
82856,"Polish fruit, cored, is chewy",rubbery
73695,Boost announced for Alexander's father,philip
57005,Turn aside right after the avenue,avert
32670,No time for checking maxim,saying
1309,"Translated ""plastered""",rendered
38553,Despicable people on top,scum
115468,"Awaiting summons from head of court in plain wrapper, to be returned",oncall
72114,Amplifier to help retail a service,laser
80728,Travel in time beyond it and back from Rome,itinerate
121676,Combine to restrain a temper,allay
84957,Clerical doctor has a bit of a scheme concerned with aspect of language,syntactic
90475,She would pack a right in a scrap,shred
75083,Head of Sheffield Wednesday is meeting Hillsborough's first Scandinavian,swedish
79404,"On North by Northwest, upset over one late director",winner
51440,Letter put in fireplace reduces to carbon,graphite
32221,Restaurant cutlery,canteen
61927,Exploit dwarf,stunt
100715,Performance in which the middle section gets the twitch,bellydance
94065,Doctor can back old GP site,monaco
5968,The Queen needs foreign money for the mission,errand
82472,Good place for baby with loop,picot
8368,Cloth goes with bathroom items,toiletries
7350,First drops in wood more than adequate,ample
27966,False plea men put to a jury,empanel
40630,Right nipple brought out as a special favour,treat
38945,Lead present in unusual spell of rain - it's blissful,nirvana
20340,Chief island's headgear,topis
95135,Giveaway lines?,freeverse
141701,"Dearie me, I'm so disorganised - reminders needed!",aidesmemoire
40049,Trollop allowed a pie,tartlet
77809,White boy finds nearest man in blue,skinhead
112968,"When retired, managed share account",narration
73262,"Judge - typical, though not posh - producing a rejection",refusal
100936,Uncultivated to blow off with loud noise,lowbrow
46130,These islands provide a free love style,faeroe
52610,Endless hilarity over barber's offering,trim
139370,Complaining about president is exciting,gripping
3955,Result of dropping the charge?,pricecut
138522,Making changes in device isn't encouraged,incentivised
127798,Shank used to position these,skeandhus
4506,Duck has suffered on island,borneo
44503,Opening vocal variation to Elgar's first,alcove
96316,"Paper's written about conclusion to inquiry, little being an inward reference",myself
8008,"Tool isn't blue, not black variety",utensil
41326,It may reveal hidden charges,minedetector
20677,Trickery's insult to an audience,sleight
72045,City of revolutionary in duty list,rochester
126949,Monstrous party on the up through Gulf War not all bad,godawful
57628,Setter finds shelter from fight,melee
28186,"To separate, cut outside page",split
51375,"Consents, but will be a long time coming round again",agrees
86583,Finish off incredible eastern story,tale
90867,Successful escape requires them to be clean,heels
105020,Pets regularly bite? Avoid!,eschew
82993,Lowers stock of the hoi polloi,herd
133314,Produce charged particles and celebrate topless,ionise
57936,Incredibly small club in Finish cape,subatomic
27317,"Surviving, once one is protected by explosive",extant
45931,Screen has crimson centre and unusual rose edging,reredos
83264,Look after the ruddy whiskey!,redeye
112817,Trading jargon after Queen is swallowed by distance,mercantile
138913,Craving for flour - is it regular?,lust
94199,"Guided the unholy Tannhäuser on Rome expedition - devastated, primarily",tutored
114206,Greek island with a cat that's externally weightless,ithaca
101298,Short skirts tempt the clergy!,ministry
123748,Plans where PM lives without owning - tense?,intends
50900,Like a mother could lose a point and gain one - it's seriously relevant,material
90550,"Hide fortune, making run for Cuba",lurk
110569,Indications of a lot of hard drinkers going on spree,harbingers
104466,"Aggressive libels come out, millions being lost",bellicose
4903,"Game, or six of them, holding local up",tennis
52831,Facial hair reported to county's capital,tashkent
3357,A French field with sailors: cancel the lesson,unlearn
125797,Bribe a cricket side - or just one fielder,squareleg
133476,They provide poor accommodation,almshouses
109042,Book for Sunday opening - put in the one before Easter,psalms
128816,Language used in theatre by Lawrence director tailored to fit again,readapted
784,Women's quarters and hospital are by motorway,harem
74487,He says he's a Muslim leader,imam
46469,Commotion curtailed on American burial place,tumulus
17832,Josh gets scared,windup
24196,Sound conductor of German songs,lieder
29423,One good with relief work for delicate ornamentation,filigree
64543,It currently controls rose that is rambling,rheostat
43829,Old instrument: state feminine name,rebecca
69569,One of those sweet utterances of lovers in love,nothing
23822,Where fallen gladiators bit the sand in ancient Rome?,arena
29321,Amusement park fails to open - how dishonest!,unfair
29253,Weighty communication cut by a lawyer,notable
113656,Person taking money,nicker
59680,There's nothing stupid in Denmark,odense
69633,Islands getting many account transfers,cayman
131619,Criminal acts at house in the middle of Trieste,villainies
48979,Spot-checks English river rising fast,speedy
113859,Expecting a delay in start of games,awaiting
109706,Favourite uncle hurt about aunt's initial pique,petulance
60170,Free terrorists snap title up,emancipate
76473,Boatman's a knave!,jack
134236,"Mopes about, exiting Olympic Games racked with muscle pain",myalgic
53859,Girl otherwise taking one in,elsie
118608,Reclusive boy taking issue to heart,eremitic
71281,Old transport on river outside the city walls,extramural
78829,It's sweet of Republicans to keep banging drum,gumdrop
136821,Key workers?,locksmiths
119955,Sounds just so ill,sick
42117,A rugby player thus taken by surprise,aback
108118,They believe further education for sailor one solution,unitarians
129142,Instant calls blocked by new PM's predecessors,mornings
28452,Gloria's great at the final curtain,swansong
114633,Raise glasses for final drink,bottomsup
42633,Tries an awful wine,retsina
53225,"Sharpen pen, but retain candour",honesty
93707,Help finish a hotel in the country,lendahand
29486,Duck below bedcover,eiderdown
50866,TV centre cut outside broadcast,studio
67372,Aperture letting large number into portico,stoma
50983,"Astronomer, one in ship mostly",galileo
27513,One cuts a person who easily shifts positions,trimmer
27600,Record awful lies about model in writing,epistle
66578,Cook insufficiently good: not a likely winner,underdog
56945,Treating people that are out to make New York happy about alien,hypnotherapy
21978,"Unconscious, potential killer withholding shelter",asleep
26693,Push out bowel movement,elbow
75843,Nonconformist church raised cross - what's the point?,crux
120004,"It's instinctive with a good many, all called George",automaticpilots
43802,Responding to a phone call about disturbing news,answering
135398,Longing to trap learner with setter's mystic art,alchemy
125044,Moved in secret and went ahead after complacent start to game,smuggled
33631,Find short Arthur Dent's stripped off,unearth
100161,They are made to scale,ladders
117531,"Fountain tee shot smashed, in the President's words",stateoftheunion
30696,A measure without point,galleon
122941,Cold tea consumed by trite reveller,bacchanal
140862,"After briefly not working, a head is in school again",reteach
141773,Plots involve danger close to Paris,gardens
21430,"Like ""Gone with the Wind"" for the picture industry?",epic
6717,"Express approbation of last rose, perhaps",endorse
69673,Mixture of feta and rice served by a restaurant,cafeteria
65586,Be quick to appear in fashion,looksmart
2040,Make-up (whichever covers a cat),anatomy
93894,"Dancers on stage refrain, in part",chorusline
75329,Quickly read second novel,skim
63800,Sailor getting damaged kept dry,abstained
104535,Test alcohol-free beer at the end (European one),dryrun
22372,Look certain after record brings revelation,disclosure
116661,"Line in scrap, which might be cut for a cockpit",flightdeck
30157,Old teaching assistant demonstrating pronouns,usher
42104,Burrow in soil,earth
87338,Fix sort of case that's curtailed,attach
59237,Mark of small vehicle,scar
16227,"Hot in seat, how hot it is!",phew
136434,"Complex relationship ending in disaster, one in imbroglio",triangle
55791,Body cover for unexpected demise - RIP,epidermis
81090,European noblemen depicted by American author,donmarquis
63844,How soon will women combine with unity? An enigma,anyminutenow
141907,Property of trees in meadows: healthy inside with sun,leafiness
49933,"Tempestuous character - one found in Lear, perhaps",ariel
105222,Artist for the underground?,lowry
66782,Attila upset retired nut gatherer,headhunter
84102,"Man, the soldier (an amoeba), pointlessly confined here?",guantanamobay
1972,Conciliate a parish priest with creature comforts,appease
35005,Is one prepared to walk out for a wedding?,union
5510,Criticise long dash,panache
16107,Money raised by word of mouth,bread
20188,Freedom encourages my aunt to keep ducks,autonomy
108121,Greek-speaking orator as guide (not to Tyneside),cicero
52130,It's our entitlement,name
85282,Reprimand means no further credit will be given,tickoff
65420,Spin prime minister's endless talk,prattle
43607,With lines or the opposite?,inverse
46005,"Line drawn in pub, no cheap drinks",oche
34925,"It could contain jam, but is certainly not jammed",ajar
21975,Disturb please - on the contrary for kipper's state!,asleep
122686,"Sofa, perhaps, where Torode's first broadcast rejected by diner",twoseater
88820,Old woman wearing cosmetic? That's hard to digest!,roughage
80669,One like Napoleon artist gets to pose,strategist
46570,Treasure article lost coming from the news agency,reuters
90579,"As an old hand, reverse-called on a semiconductor device",gnarled
133340,Lack of zip in cold ENE winds,indolence
69861,"Revival of ""Cats"" includes nothing that's by Puccini",tosca
71166,Leaver no longer a soft touch,expat
20485,Devon resort's improved with non-drinking element gone,beer
17749,Odd starting point for a hobby,trainspotting
25725,It's commonly wrong in a telegram or a letter,amoral
82148,"As a kebab, after weeks rotten and bloody",skewered
113387,Non-U physicist admitted embracing a South American,colombian
65735,Fellow keeps chalet designed for sports event,decathlon
99648,Travel plan means one can take time on the railway,itinerary
116070,Tenor in drunken choir fought for fort? Not in such a dialect,rhotic
1176,"After passing, notice cycle right away",obit
42414,Dependent on having bowel control when eating goat's head,contingent
121353,Rush to interrupt teacher's Grauniad hallmark?,misprints
34982,"Say ""fling about' in Scandinavia",dance
67109,Nice foreign recipes,precise
14712,"Previous state of party, originally backed by old Soviet leader",prussia
138451,"Walked like a confined prisoner in stockinged feet, which prevents self-harm",paddedcell
54894,Mutant rook made a child's pet,tantrum
111297,"Dramatist, needing work shortly, taking partners on as past peak",benjonson
84589,Flight for flight?,fireescape
99294,Woman holding magazine cover,sheathe
7336,"One in poor health, not strong",unit
23020,Outlay of former writer extracting Greek character from muse,expense
39161,Mean to have home care,intend
14196,"About to suffer from alcohol consumption, seeing shrink",wince
89459,Main inhabitant's lidless coal store placed at angle,cuttlefish
75627,Instrument of top player gripping India on the radio?,sitar
41271,"Like a giraffe, it's all right to have one half pint",okapi
2097,"Guts, or heart lost in loved one",daring
103755,"Fliers like trees in winter (sunless, but retaining temperature)",leaflets
5548,Support for member to pay balance,footrest
5087,Lamb put on string for princess,cordelia
94935,Standing of French Queen and significantly smaller,teenier
116488,How church worker can offer praise?,chant
110889,Bill and Edward played,acted
42770,Motive concerning an endless strain,reason
95588,Row developing in court,ruction
76813,Two support the church,brace
62505,Little boy with a metre-wide hole,chasm
48876,A final note about a fabulous writer,lafontaine
97545,Talk garrulously (rabbit on) in part of France,gascony
106090,"I'm sort of top, but going up and down",yoyo
86968,If German is supporting overthrow of EU policy he won't use violence,pacifist
103224,"Providing funds, though die in the red?",endowing
23234,"In a difficult situation, use hose on grass",tightspot
36147,Garments Carthaginian leader introduced to African city,tunics
72676,Official voice of the cyclist?,spokesman
95226,Engineer to turn to Preminger,otto
77553,Flag with a tale of heroism,saga
39924,Large old ship is broad and slow,largo
89382,Supervised position of lumberjack?,oversaw
72105,Fire at mate? Trouble in due course,afteratime
129476,"Capes, which are exactly the same",carboncopies
90763,Sheepish four regularly breaking new rule,rueful
11124,Humiliating remark was repressive,putdown
50571,Bar - don't spend!,save
108211,About to get severe cramp,restrict
40465,"Fragile thing, problem leading to fault",teaservice
11122,Recorded snub,putdown
1230,Talented leading counsel at the bar,clever
126223,Italian cathedrals arouse odium,duomi
70709,Short programme for the handicapped?,rehab
121320,Office worker casually visiting old city to get a deep-fried dish,tempura
80582,Part of Turkey's employed in fencing,wattle
36340,Weeping mother returned popular award,niobe
125591,"After hugging guys, one has regret",lamenter
107957,"African warriors, revolutionary yet showing irreverence",impiety
104237,Canary has number - there's energy in numbers,tenerife
120225,What sweat will do via pores in transformation,vaporise
129333,Questioning of Socrates most common,coarsest
62010,Reckon without penalties bearing discrimination,faddiness
79412,Girl looking OK in elfin clothing,felicity
29789,Birds can do it with their eyes shut,peep
93438,"Native American in prog rock group, wearing relative's shoes",brothelcreepers
81381,Lives in des res I converted,resides
8242,"Eat from river, as bird",grouse
101937,Be clearly out when turning ball goes to fielder,breakcover
43682,Before Man exists … before that? An article of faith,theism
7908,Name one Greek island: one with a divided capital,nicosia
47330,Clean out container on top - it's got a needle in it,binnacle
44415,"Cross waves in secret to defect, ultimately",intersect
37657,"Son was visibly moved, did some housework",swept
25616,Pat his arm in error,irishman
84484,Suckers for medical treatment,leeches
7598,Place for researching our party,labour
135587,"Well, what might have me beatified?",mygoodness
141678,"Attacks with a 'furious fastidiousness', ultimately - fine to ignore flaws",assaults
42338,Origins of terrific hubbub below and terrific hubbub above,thunder
86698,"Extremes in heavy drinker, overpowering even, producing gas",hydrogen
19113,How much harvested? Give up!,yield
126362,"They may be sarcastic, when press is across the street",ironists
36262,Head of stable clipped tail,scut
118705,Inadequate squad with invading force,unfit
113031,Member enters toilet to find clothes,garments
42405,I do without a bit of money,coin
1001,Drink to a virtuous character,toast
69862,Operatic heroine cast down about love?,tosca
140576,A Hebrew pronunciation of 'Hankies out all over Arizona',ashkenazi
135837,Closely follow master's beliefs,dogmas
106878,Coke party that's thrown by children,snowball
24375,"Emotionally detached, as football stadiums this year, completely empty inside",fancyfree
106268,Abandon royal dignity,abdicate
2037,Lizard's egg laid in uncultivated land,monitor
75662,Turnabouts in vessels,uboats
141636,"Wet love, devoted cuddles",pluvious
43975,Some bandit took the same again,ditto
51199,Pay raise - it's Pasquale's premier objective,stipend
75381,A woman's remains,ashes
21072,Titled gentleman losing right to go underground,maquis
96257,Auntie Deb's silly gas,butadiene
69895,"Change ending to hit, one's up for success?",thumb
129180,Revolutionary semi-proletarians stink with doctor's fiery cocktail,petrolbomb
24075,To be drunk neat?,tight
33088,Order posted by tyrant,despot
97433,Drivers of the stage knocked out Comanche,coachmen
7929,Journalist covering hostilities deserted old king,edward
79299,Cheese in France: what for? All round nonsense!,roquefort
131896,Exam taken with customary charm,commonentrance
89940,Court officer's trap catches nothing,coroner
20864,Author quick to get the bird,swift
128288,Mistake by a serviceman?,fault
4397,Take a secret look around castle,peek
139451,"Victoria's Englishman, hair combed back",pom
79329,"Trap seen, ran off!",ensnare
95413,Certain one can't be,agnostic
32180,In the course of a lacklustre comeback,amid
10276,Exclude underworld leader with pass,disqualify
138906,Disparages player defending snacks,backbites
123559,Bubbly Tory slows down,champers
37749,They help to protect viewers from lewd exhibitions,bluespectacles
79281,Weapon of racism (lost without it),scimitar
57139,Jack and mates scrapped this?,jetsam
62097,Father seen before getting out of puff,padre
55164,What's lost again aroused such a feeling?,nostalgia
121571,Adhering to socialist principles following Tories' first victory in part of contest,leftwing
25730,Monk upset about men lacking principle,amoral
46317,Paper towels initially put out,tissue
70528,Mistress turned out in a fancy coat of ruby red,revolutionary
14420,Corporations up for filth,smut
17049,Fluid mechanics causing unfortunate event,mischance
56489,What may replace toes here,shoetree
121104,Pilot takes learner through air turn manoeuvre,trialrun
4190,The lowest acceptable price is a pound,reserve
125271,Singular approach of primate-catcher?,softly
44062,"Mourner, inwardly, oddly redolent of dog",goldenretriever
89929,Heartless competitor in for the money,rial
23343,Retribution for setter appearing in two cases separately in the Cape,nemesis
133861,Doctor healing great ills,allergist
65692,Sound punishment for murderer,cain
134156,Main distance from actual line I'm dancing,nauticalmile
59825,Background music to be cut to size?,wallpaper
10942,Uproar in jail,stir
83207,"King Edward was exploitative, in the royal habit",ermined
30102,Shut up about our being fostered!,encouraged
97509,"Sittings needing many smalls? One, I suspect",sessions
15827,Beat cheat that's passed away,outdo
36272,"With backing, shoots in the foot - typical!",serif
47619,Army unit call intended as a cure,remedial
116376,"Yesteryear's bloke? If Mandela's that, there's a crooked deal",forgottenman
100331,Liner fan may be damned,infernal
104640,"Writer on computer matters, unknown expert",authority
30154,This official must take us with her,usher
37791,Refuse assent in the end,object
91846,Top level backing for element in royal revolution,overlay
48535,One happy to include lots of US money with advance?,mercenary
139257,Laymen deceived shabbily,meanly
48746,Recluse carries tons of welding material,thermit
30629,Parson's remedy,cure
82290,Language of one set to wear back-to-front collar,latvian
113167,To comment on the repulsive - that's a hard thing,toughie
105760,"Expected to come back into season, almost like medieval society",feudal
53545,Sort of figure that changes with time?,hourglass
40012,It could make one extremely tiddly with rum in it,toddy
140072,Makes crazy demand to begin with - called in to get it overturned,deranges
135387,"Doctor, get up and heal this deathly disease",theplague
29009,Ugly duckling?,cygnet
71585,Call ship after capitalist?,dubliner
65899,It's put on by a better singer,treble
130332,Swedish chef's starter: an order for food,sandwiches
102796,Cities laid out in a way that's impractical,idealistic
12,Completely lost voice and note from anaesthetic,ether
36255,Sounded as if they are in agreement and went in order to look,eyesleft
102482,Vision of motorway madness,mirage
126007,"Comprehend female, in short",fathom
1199,Get rid of Catholic king in play,clear
136713,Thatcherite maybe stirring up a rebellion,neoliberal
6650,Fancy Luxembourg as Utopia?,ideal
38932,Purge over-excited fool within time limits,decontaminate
72601,Urban work by sanctimonious boy,oppidan
40999,"Package turned up, given address with added detail",elaborate
68996,Singer plugs TV award half-heartedly - it's an important mission,embassy
102844,"Cleo, a girl, becomes symbolic",allegoric
134943,Knocked back soft drink and spirits in drinking bowl,jorum
48116,Blanching stakes,paling
111338,Shakespearean explorer clutches black instrument,violadagamba
21793,Call for resignation causes uproar,outcry
16523,Leading girl in musical doesn’t start solo,aria
13370,A situation troubled dissenter,apostate
15275,Diver caught one coming up for something to eat,iceberg
112739,"Sexy one to go on about ""me""",erogenous
34991,"Picture of innocence's debut, wearing shift",movie
15725,European caught in this system of morality,ethics
14120,Ludicrous car tax - this hanging round your neck?,cravat
7881,"Cause friction blowing top, around you calm",assuage
137929,Greek characters retire operating system,unix
106799,Almost reverse Jewish experiences,times
79357,Printer's employee being kind to dog,typesetter
33925,Order pudding,applepie
17732,Sergeant out to part friends,estrange
130968,Itinerant magician's prop turned King Edward into Queen Elizabeth!,wanderer
87626,"Paint cheese without semicircle, half of cheese",gouache
111683,A disease exists on account of rodents,agoutis
65357,Manoeuvres to win hard races,rushes
114936,"A colonic ailment less constant, requiring treatment that's soothing",calaminelotion
9482,A crack about the aim to be in vogue,trendy
76634,Licence to overtake,pass
76257,What was written on role filled by church workers?,parchment
78676,True-to-life articles I reviewed,realistic
62317,"They're scaled by companions, but not at first",adders
24452,A mountain that's good to climb,alpha
115190,Discuss and OK travel arrangements,talkover
78827,"Fearful and upset, I therefore shut up",ogreish
132736,City investments?,sieges
110158,Possibly the bed's a place of healing,bethesda
97209,Very many are of minor importance,countless
62945,Non-alcoholic drink brewed in East,tisane
121527,Fractions of the highest order,eighths
40781,Aristocrat right to receive monarch,duke
33943,Expound about superior work of art,statue
92520,Currency that might introduce a list,colon
22527,Male sheep producing cross,hetup
78738,One drunkard turns up to see another,tosspot
70065,"A bit of spirit needed to climb a peak, which is dangerous and must be scaled",alligator
34624,Footwear by which the Irish may be recognised,brogue
65885,It's said to pacify one getting a duplicated present,nownow
10120,"Essential for galop, metronome's rising speed",tempo
83151,"Check when one's gone past you, having come to grief",autopsy
66353,"Capital sum a lender's first withdrawn from Italy, or Monaco?",principality
37975,Sounds like conversation has a twist,torque
97875,Complaint of writer about the British clearing banks,nephritis
50079,"River runs back, almost reaching top of estuary",rhine
51124,Ulster backing diplomacy without a break,intact
119756,"Holding up the Guardian, for instance, is Rusbridger, with efficiency",organised
1482,The advantage of retired gentlemen,edge
19273,"Dead? Yes, possibly, and near to tears",sadeyed
140751,"One metre down, plant foolish hoax",piltdownman
37502,Pay to take residence at university?,settleup
124639,"It's a pleasure to cultivate, taking little time",thrill
32690,Time off for a craftsman,shoreleave
121020,Dress for presentation?,giftwrap
67809,Representation of one small party,icon
102881,Address of the woman's joint,ladyship
25668,"Like one with toes but no middle fingers, say",digits
87682,Anonymous donor makes an entrance,door
52394,"Rash of the skin, not initially red",epidemic
15906,Hard worker making veiled threat to PC?,trojan
15686,"Worn thin perhaps, so it's included free",thrownin
138803,Good time to change sides with spirit,ghoul
100630,Eisteddfod venue organised on legal lines by knight,llangollen
99315,The nicest society can show irritability,tetchiness
83256,Evidence of railroad plant,groundsel
1470,On which tense?,edge
133893,Plant turning out eg lasers,eelgrass
118560,Tucker's best mate put on the covers of large sacred text,bible
83684,Superlatively fine art suffering,smartest
24337,Got off just over halfway through dismal government-free existence,reality
4779,Thomas is example of one that needs no tender attachment,tankengine
14398,"Fools wasting time on North Carolina headland? Spanning the years, this is characteristic",idiosyncrasy
55741,"To a certain extent, the scoundrel wants that woman",rather
543,Hurt the billman,ache
674,"Culottes Lafayette pulled up somewhat too tight, hence his voice",falsetto
75890,"Flower show out of place, shortage of air about",poinsettia
27545,It's shown in diatonic modulation,indication
83646,"""Look at tax"", says a Green",lovat
10341,A party bloomer - providing mineral!,alabaster
116024,Boatman's report on whale found in the Mediterranean,mallorca
4079,Twice as fair,soso
102736,Cry off limiting gene modification in a certain style,regency
18902,Make off with bits of deck and amplifier,decamp
120440,Choose industrial chemists' solution: we deal with …,opticians
65562,Bow and scrape when news is broadcast between balls,danceattendance
54270,She watches old boy with computer,observer
94952,"Expectation of rush hour delays, an empty promise?",jamtomorrow
66965,Dodgy operator catching river fish,trout
33905,Explosive component of Ulster on time? On the contrary,nitre
107270,Politician given party lodgings,condo
91577,Briefly that extra distance that brings evidence of happiness,smile
126052,Revolution Road's dedicated track,cycleway
121537,Do without minims in the middle bar,banish
130713,Tea and toast,drink
41821,Oil wheel,castor
62295,Injury puts years on mother,damage
47360,"Consider penning lines, any number almost",wellnigh
94991,Mr North struggling in the grip of deranged genius,mastermind
15174,A positive sign,plus
129639,Short of three lots of supporters in the cemetery?,sixfeetunder
92772,Pacific type has to look over endless sea,appeaser
27958,"First-class book about leading entertainer, of course",aintree
27977,"Repeat one time, then another, one short of ten",iterate
26030,Murphy's digger,spud
15976,Close time?,night
129940,"Give up crime in Oz, reportedly, and wield pen anonymously",ghostwrite
135714,Climber's endless hunger to be among celebs,alpinist
32375,Fancy a fish first?,idea
36997,Port one kept in casks,tunis
48628,Like following like?,such
56100,No Conservative to stop slide,ease
132308,Somewhat minimalist hat? I think I expected more!,isthatit
14173,A friend keeps place that's cut off,amputate
63746,Something to hide under after final bombs can be blown up,inflatable
94043,"Farad's an SI unit, but not of this",flux
51953,Missile destroyed depot storing gold,torpedo
29370,"Big build-up in New York, for example",skyscraper
49637,Itinerant itinerants lose one itinerant,transient
5396,Contract office boss,stud
19670,"Put in new position, took a break around one",resited
76131,Plain or flash coat for detective on street?,modest
60727,Bow out of second-rate finale,bend
132053,Order costumes for cases,lawsuits
50207,Side needing actual capital,realmadrid
139736,Securing army officer to rise against one he swore to serve?,locking
61403,A quiz night without a quiz? Hardly on the cards,bezique
134737,They succeed in their schemes,heirs
80851,Prince appears more wet?,rainier
115706,Page wearing drunkard's hat,topper
41359,Has manoeuvred an end to the contest: cap that!,shako
106776,What cross-country runners do to a boy?,harry
77141,Something to eat and it's time for a fool to go to bed,apricot
69154,Brother to Uncle Remus,brer
86282,Piece of brass enclosing ring that's worn by noble,coronet
50407,Famous sons delay leaving,starry
85763,A number left on a trip for the pottery,delft
14011,"Volunteers of yore, with many suffering",yeomanry
20135,"Fiddler, it's said, turned on when hugging the leading lady",nero
56778,OSCAR?,limo
90168,Explorer receives very cool tip from Guatemalan tracker,policedog
124080,Second from last in race failing at the finish,closing
130357,Liqueur I found in Bermuda all over the place,drambuie
32181,Bill swallows note in the thick of it,amid
98062,Bound to be recorded,taped
14998,The issue of offspring,grandson
23935,Disposition of uncle to have a fling,flounce
61077,Watches Rose dancing - horrors!,eyesores
109308,Previous charge in court bringing feeling of uncertainty,coldfeet
27861,"Bit of blusher, without changing foundation",basis
105027,Nothing dissimilar to ...,notasausage
30211,Guerrilla starting to enrage king with insolence,cheek
65854,Extract from Kafka or Tallis that comes straight from the heart,aorta
58331,"Pleasure resort, unknown on a poster, very classy",xanadu
113368,Part of member's time wasted,thigh
81239,Left-wing alliance meeting in promenade,popularfront
110828,"Making out, being clever",discerning
121711,Southern way out unfit for the voyage,unseaworthy
26075,Some colleges say education is tried,essayed
6290,"Something to lay, given end of life, laid in anger",wreath
24672,Unexpected cash found in boat,gravy
11597,Oriental vessel is a mile in length,sampan
11668,Eastern loch side,eleven
66420,Charge sheet?,pricelist
131704,Colourless church with scent outside,achromatic
63881,"I am entering E, say, as rough guess",estimate
49657,Ways of life further south,mores
101786,Evergreen creeper,grasssnake
57004,'esitate with time to turn aside,avert
49320,Spread out hat that's turned over and put away,dilate
133045,Appropriate Dickens character,pocket
26259,Old soldier - there could be a few neater characters,veteran
99415,As vehicles should be when left on the road,righthanddrive
116934,"Insect on cacti circling round, right where it's very cold",antarctic
131770,Slings net around birds not able to fly,nestlings
48223,Is one picky as Patton?,optant
117164,Where Hamlet slept with no alternative in Somerset?,sheptonmallet
127283,Sovereign kidnapped by our Greek revolutionary for Asian communists,khmerrouge
80724,The person who's learned a vehicle may be parked in the street,savant
106599,Is a crane needed for this theft?,shoplifting
63251,Artificial means of communicating a spiritual talent by Muse without name,esperanto
103551,Stiffener and preservative in court,starchamber
137679,Comfortable about weaponry,guns
99868,Aunt Georgia oddly lacking internal organs,uteri
117694,Part of army base is run down,revile
60986,Haiti cops dressed in pale green,pistachio
101417,A number of Germans practised deception,lied
120819,"New start for magician, one who refuses to swear",nonjuror
75468,Direction providing no way without conflict,norward
47644,Flair shown when skill is added to effort,artistry
101933,Someone very fond of a Cornish river trip?,fallover
15774,"Sea creature - as usual, it changed after new start",nautilus
47183,Grant is held up by student peccadilloes,accept
63991,Retaliation concerning April's odd tricks ultimately,reprisals
63824,Azed addicts filling vacant bierkeller in fair,bazaar
19447,Early reading-desk found in back furrow with drum,tambour
141430,Journalist stayed in Parisian stone flats,piedsaterre
14231,"Good person, a laugher showing resilience",stamina
28529,Merchant and traveller displays the spirit o' the game,marcopolo
125079,Maybe Bristol politician getting exposed is not suffering any damage,unimpaired
91393,Wilder top of fallen flower,faster
16718,Who the author mentioned in disbelief?,dickens
77642,Runs coming with one big hit more likely to get you caught out,riskier
46644,"Come to pass, maybe, in Yorkshire",happen
81338,Unknown quantity as missile plant,yarrow
115834,Goldfish buried in mummies' tombs,mausoleums
107676,Notify primate about capital abbot originally left,apprise
23803,Middle Eastern fuel qualifier when refined,iraqi
87622,Shipwreck leading to an oil discharge on a Caribbean island,hispaniola
78022,Pitch of the road,macadam
19444,God right to desert French artist?,odin
37287,Look round for a way to throw a fight,castabout
85606,Guy from Dubrovnik hasn't got the right paint,coat
23507,Dump resident on old lady - shame,stigma
41593,Pamper commander's circle,cosset
51379,Battle celebrated by Orange type,blenheim
11728,Home depot contains harmful fitting,instillation
108041,Extract item from box of ornaments?,clip
11735,Smell smoke,reek
79494,Criterion for replacing dirty cask,yardstick
140959,Watches gathering bee getting stuff from woods,timbers
112631,Run to earth with the lines set in place?,trackdown
38853,Seaman in Cork not good member of crew,bosun
61266,Stock complaint from canonised cricket commentator?,staggers
121817,Pole dancing with sex? Four charged,explosive
30969,"Imposed as a duty on the vicar, for example",incumbent
107653,Accomplished boxers will be upset if they have to be,carriedout
36557,Need spin for PM,eden
37627,Chest protected by father's waterproof,parka
6683,Rued looking up Miss Smith's recipe network,bewailed
113358,"Tale's beginning, in fact, in touching way",tactually
72079,Be very successful at campanology?,ringthebell
121430,Possible message from holed ship?,sos
102600,"Showed determination when couldn't complete puzzle, then home",gotstuckin
95638,"Close, so raced up to a disturbance",narrow
78628,Greedy person swallows leg just out of the oven?,piping
77650,Nice walk I'd arranged on unknown Roman road,icknieldway
86637,Arab playing with Brian's rugby team,barbarians
106805,A badger in lift touring hot country,ghana
6986,Story told to encourage when caught in this?,tailback
78634,Annoyed at little green man's invitation?,cross
17037,One is left without a souvenir,remainder
100975,"Court crime officer is after ""Cat"", once a champion driver",tigerwoods
117806,Clubs unknown - iron or wood?,cypress
5649,A bit of a spur some hero welcomes,rowel
105069,Cannabis grown by extremely hirsute politician,hemp
79280,Cutter from the east,scimitar
42004,Northern sister nursing young sow breaks perfumier's connection with mainland,channeltunnel
92441,What setters get from trying to make clues right?,ulcers
74650,Think of friend about to revise,meditate
131402,Snake-like creature's undiscerning malignant software,blindworm
84960,Time for virgin to return and break out,erupt
120057,"Ignore wife in labour, longing to be back in Scottish islands",orkney
138719,"Records, say, see Arsenal dribbling around D",calendars
118080,Not much distance between spectators at either end: Celtic goes down at the start of extra time,closeset
62265,Group going in for ultra-vision,travis
39147,Get company in to cork the bottle?,screwtop
86869,Clinton was here (nothing wrong with former President),oxford
61834,Overturned vehicle on Cyprus with snout,baccy
10131,Farmed in a civilised way,cultivated
137693,"Between back walls, stack and line up masonry",brickwork
5549,"Tricky maths, introduction to algebra, bringing complaint",asthma
136217,Little fellow in conflict with car - this will provide comprehensive support,welfarestate
44668,"One in three-D version: King Stephen, say",dethroner
130331,US district and country trades duck for uranium,columbia
120495,Confiscate one thousand quid,impound
123428,Clarify dodgy clue that's holding a little back,elucidate
111384,Justify clash and tirade,warrant
27070,Star lacking core providing speed,celerity
86468,Time allowed for preparation once varied with it,notice
107822,Group wearing famous red dress,clothe
76983,"Find someone to play the scoundrel, old singer",castrato
79319,City life with female arranged in outbuilding,sheffield
115754,Called back to growl,gnar
99605,Wicked fly going around gets zapped,killed
80629,"Whale's ear boxed by princess, briefly",beluga
12074,Low gear involved finding place to leave a boat,moorage
84378,Veronica is OK after drug use,speedwell
44675,Perhaps Palin's modern language,python
95823,School's back-up (reserve) computer,notebook
96478,Detective story - read end!,astudyinscarlet
6322,Greek girl embraced by this Roman,hellenic
95713,"A blast this, room shelled in sound of mild explosion",atishoo
30634,"Fix You, Coldplay's left on box",cure
103725,To enthral a malicious woman we held back,bewitch
62370,First to read new Little Miss Punk children's book,rumpelstiltskin
48088,Tesco ragout goes down well in Paris,escargot
13770,"Backbone needed by Campbell, an amateur in the city",birmingham
127479,Finishing touches in sketch you made - needs colours,hues
32190,"Stand up to kilos, metres etc, interfering with holiday",resist
18296,Don't hit a girl,miss
36049,Girl holds information for the programme,agenda
74631,Boy in charge of sound …,sonic
78364,Where trouble's expected to end in a fight,mill
43665,Wrong colour suit to deliver coal?,blackdiamonds
64468,Knock what's said on departing into desert,ratatat
92180,That's Latin for you!,idest
44037,Writer finds way into literary festival,hardy
88100,A good line in stock?,pedigree
101972,"Hysteric, overstretched soprano heard as La Bohème?",screamingmeemie
82784,Support for clergy in theatrical setting,backcloth
55667,Given room but taken advantage of - that's not on,putup
88900,"A maiden over the top, about to be hugged - I must go after chubby boys",amoretti
91338,Threaten one member's demise,impend
125571,Is in danger of falling for accountants?,totters
90897,Movable feasts?,mealsonwheels
125222,Heavens above!,skies
141456,Skin delicate originally on Queen Mother,derma
77672,In Strasbourg I must accept one follower of May,june
62409,Touch bird gently by design,pattern
8588,Ethiopian leader opening tournament,event
86197,Island where the pub doesn't charge?,innisfree
72865,Roman general had a hold on father,agrippa
118808,Enigmatist is heartless bod interrupting circus entertainer - needs to get humbler,climbdown
62037,Morning - chief time to get stuck in,matin
3137,Like compilers noticing anagrams with cry of surprise,incognito
31754,It was hell before transport came,erebus
16499,"Instead, ancestral afternoon entertainment is provided",teadance
70510,Set about old devil in the backstreet,snicket
113406,Private correspondence means nothing to the landlord,loveletter
100952,"Miss cheese, served up with wine about one",mademoiselle
100686,"Never, never, never fall for such a euphemism!",easyterms
100373,Indifference of company led by international organisation,unconcern
132426,"One abandoning throne, wanting occupation",tolet
95764,Change popular stimulant for analgesic,morphine
134973,Buoys let loose without much reason,obtusely
110124,"Play golf with Olympian, getting thrashed",pygmalion
25625,Left words for bride and groom in Venice,lido
104626,This man's Merlot perhaps lacking body? On the contrary,edwin
34496,"Shrub, one that's in rising demand",lilac
25674,About ten engineers turned to go in,enter
138837,Race around holding letter finally found at back of study in a cupboard,credenza
33070,Support heavyweight sea creatures,plankton
123259,This is spinning plus a source of radiation,pulsar
111833,Homer's first poncy hairdo can produce neurosis,hypochondria
50888,Tell king to cheer up,relate
40578,"Though English, it's Scottish",bute
127545,"Everything we hear is ideal, but endlessly complicated",audible
90837,Reckoned it's deliberate,calculated
9451,Up in arms freebooter is beheaded,irate
97512,"At this stage, bird injected with drug, finished",hereupon
112238,Music critic consulted over Beethoven's Fifth,shaw
21897,Executor's first to divulge what's left in the will,estate
57481,"Hostile incursions into Greek island, say",inroads
110468,"Suddenly appear depressed, being treated like rubbish?",blowin
47216,Confused tot given guidance,addled
96723,Condition of lush sauces by Arab American,dipsomania
37601,"Turns to go off at quarter to six, nine short",rotates
99951,Arab statesman involved in womanising,omani
3130,In small boat travelling into unknown,incognito
128724,Stir miso soup faster,piumosso
11446,Crimean War settlement here,yalta
140063,Most stylish relative I joke about,jauntiest
18107,"He will have marked cards, of course",tipster
141571,"Initially so passive, I perk up as spring goes on",spirally
19187,See edges taken off by the ears,otic
96069,"Nancy takes ego trip, which is lethal",cyanogen
129300,Exploded with fury when there's commission to pay,brokerage
8540,Round v-vessels containing silver substitute,stopgap
65515,"Move unexpectedly, taking nothing from the best room",lunge
19936,"Despite what's been said, a rat fell out",afterall
141399,South-east Asian fellow's upset young Arab?,foal
11987,Nark gets clear before legal eagle starts,nettle
18270,Portion of tandoori cottage cheese,ricotta
122798,Bask with leader in tabloid articles,sunbathe
141591,"Quiet and timid, like Mickey, Jerry or Stuart?",mousy
42097,Terminal heart trouble,earth
61738,Friendly address is cold without its first effect on the skin,oldchap
94999,More complex row about instrument,thornier
120396,Caught wild bird or chicken,craven
34227,Force leader's an outstanding painter,chiefconstable
123535,Report of beak on beast with horns where speed limit is likely,builtup
108256,"Buffoon's vessel, labeled ""unkind"", not starting",pantagruel
7516,Piano tune as duet,pair
98845,Actor with head baffled by figures,octahedra
90209,One won't stand for teacher penning dry English,sitter
26310,Musical instrument missing in Bordeaux,claret
49472,Try to look smart in order to go courting?,pressonessuit
120633,Girl turns up to iron out place of relief for process that may include relief,mapmaking
72562,Married to conceal broken hearts - that's the point of separation,watershed
99043,Shed puts paid to the island,islay
125669,Score recorders almost speak to me in resurrecting New York line,tallymen
55354,Young female accompanist,duenna
56984,Entry of piece from Navarone turns soprano into tenor,pavarotti
137141,Release includes one volume that's reserved,secretive
101517,Boring publicity men I take into account,prosaic
15984,Perhaps Lancelot ousts king in the dark,night
36068,Plan made by spy without time to meet lawyer,agenda
61967,Comprehends how company politician makes progress,comprises
47891,Stuff the Swiss rolled out for breakfast?,muesli
97876,One with a dead-end job?,kamikazepilot
11733,Smell from bay about to go,reek
62479,Contemplated minute and second hand,mused
58291,Capital atmosphere in a small business house,cairo
125288,Estimated cost of passage taken,quotation
105194,Bottomless pit accessed through baby's mouth,abysm
84887,Economist's suggestion for a cannibal's feast?,friedman
6664,"Contents of a pack including drink - that's ironic, to say the least!",litotes
86266,A coin found by idler becomes a collector's item,album
41260,Animal took a piece of food inside,okapi
121507,Drama student may be fast to embrace translated Greats,stagestruck
125698,Sweetie admitting passion for dependant,hangeron
89158,"Way to serve potatoes, just stuffed with game",duchesse
134694,Turn back slow runners between defensive lines,midfield
6213,Sweet Manx language,maltese
97891,Drops put underground in the West Riding,dewsbury
108234,A bird could be harmful if headless,fulmar
64458,Press turns up outside UN and it's a bit sticky,gunge
1812,Body in vehicle trunk?,carcase
82861,Meadow has first of primroses in spring,leap
85769,French monarch's solution? Fighting not fleeing,louis
141154,Raided by the police and broken,busted
111658,Fix a business chap a drink,pinacolada
124190,Does song show elements of commendable quality?,goodness
39400,If darling gets left out in dance that's unbecoming,infradig
35277,Wood is often hard,knotty
41159,It brings a lump to one's throat,adamsapple
821,"Unfortunately, dieter's eaten last of gateau, it's learned",erudite
123418,"Decorate from top to bottom, or vice versa",repaper
122487,"In ceremony, noise interrupts speech",ordination
134050,Boy to instruct officer over deceit? The dog!,bordercollie
90176,"Particle gives spy clue, perhaps",molecule
36826,"Walk, finding way to turn",stroll
29368,"Stupid dunce, holding creative skill up, not yet found out?",untraced
44848,Original character in lady encapsulated by bright talent,flair
131403,A bit of rubbish Les cast outside,snaffle
20160,Foretold about one that made affirmation,predicated
50671,An artist takes in abandoned ships,armada
47412,"Design takes month, with gold",decor
133918,Acts that violate acts,crimes
102149,He turned on blokes breaking dad's spectacles,phenomena
7291,I am stuck in traffic - abusive words result,tirade
129750,"It was honourable, for Japanese double-decker was open-top?",bushido
43990,"Dancing girl lay behind house, the object of desire",holygrail
135548,Entertainer who needed a get-out clause?,harryhoudini
84137,Votes about further education? About Desperate Dan!,referenda
81517,"Protest, showing some degenerate tarts no mercy in return",remonstrate
15822,Better or worst?,outdo
128709,Hitchcock's work? Be upset in parts,thebirds
25838,First set off Bob to list Answer's Blowin' In The Wind,oboist
79774,Royal meeting leaderless immigrant finally changed his nationality,scottish
39340,Beam first on roof then,rafter
86176,Time to look outside cell,peter
61995,Dame Edna's initial career as terrible mother,medea
86380,Logic duo displayed in volunteer's mission statement,icouldgo
121324,One studying most of ancient Britons observes publicans,licensees
114240,"Fighting, setter gets dessert back out of the oven again",warmedup
83571,"Live author, hard to follow like the Jabberwock slayer",beamish
137299,Quarter aspiration after jet engine starts,jewish
104834,"In need of a life, you seize broadcast of old Jewish party",sadducees
141527,Born to Run in tights? Journalist is very drunk,bladdered
101487,Be charitable to soldier leading calf by hand,givealms
102997,Words initially put together in a piece of writing about friend,acronyms
59333,Bird needs heart with wings clipped,erne
74762,It may catch one in the act,safetynet
88119,Real gunfire shot having taken turn here?,riflerange
23126,Tea licence for Swiss Cottage,chalet
16889,I tape record criminally?,pirate
15626,Rome's fateful date in Gobi desert,ides
9751,Don't take what's taken on departure,leave
23817,Oscar set puzzle for philosopher,socrates
130614,Outbreak blocked by resistance of the outer skin,epidermic
95416,Sceptic acting so badly,agnostic
138759,Accompanying date naked? Absent yourself!,withdraw
104652,Pains will penetrate rigid trunk,seachest
52567,Church leader in Ireland not in favour of red,chianti
85829,Come to a party,wake
81064,Referee with his belt turning to cow?,whistleblower
44881,"Welcome to Cleveland, darling!",redcarpet
109124,Guy on shed from town in Somerset,taunt
130504,Gym users taking oxygen for energy are arguably a dispiriting lot,exorcisers
28260,Lively son to be nosy,spry
96587,Corporation has pan for meat dish,potroast
132607,Positive attitude in small company letters,cando
125770,Produced doctrine about Advent's limits,created
20886,Assail doctor in committee,bombard
26094,Resentful god overthrown,sore
52570,Vital energy versus wine,chianti
90559,Cold lake embraced by stupid swimmer,coalfish
15439,"Out of curiosity, one's raised by English twins ordered on line",eyebrow
24534,"Large stone lion, possibly circled by winged creature",monolith
115272,"Joining the Globe, aim to be a writer",ballpoint
73328,Twin Cities captured by first-rate artist? That's capital,accra
2417,Group's chiastic rhyme scheme,abba
82538,Upwardly mobile salesmen seize vehicle and do a bunk,scarper
65487,Long story without point,yearn
88932,Person wobbling had to shilly-shally,humandha
138987,Qualification from writing about movement in European arts,masters
45401,Fine man,eric
116229,One of the ship's company has a possible cut limb,crewmember
109011,"Party taking knock about European Union, following victory",raveup
69663,Get Margaret off the line?,unpeg
140682,Does rascal show on TV small round bottom?,impersonates
48178,"American guys, they deal with business",agents
126867,Classic comprises great lines,saintleger
110745,"A lunatic, crazy about the sea",nautical
47629,"""Port's stolen"", boozer admitted",hobart
99495,French novelist working for Biblical judge,gideon
2362,A pound of sultanas?,seraglio
28811,Be in the first parts of contest - that's where it's at,battleground
130260,Opportunity for murder? Nothing else to do,timetokill
83348,Schedules mean items will be thrown overboard,timetables
140132,Accounts by modern-style English lawmaker,isaacnewton
57190,Clouds rising from Maghrib mines,nimbi
57145,Bar call demanding response,counterclaim
32849,Peak shortly after taking professional qualification,proviso
61181,Plan a porno picture?,blueprint
9342,River swallowed up fine material,taffeta
120919,Laugh at dummy,mock
15872,Year in prison shade,cyan
112102,Shaken Queen restrains one of the horses,equine
71575,Pasta recipe created for tyrant,satrap
111209,"At first, Megan upset Harry, throwing away a gift of perfume",myrrh
40261,Round the Cape and turn in late,overdue
90226,"Exhibition of Spode's ""Troy"" ersatz vessels",destroyers
136050,Was a disheartened Dave Cameron his work?,boccaccio
76801,The crew went sick and died in misery,wretched
56538,Strong drink,stout
36563,West Country project in part of Scandinavia (not the south-west),eden
25543,Settle on a solution in the crossword,alight
118346,Tiny little advertisement Sky used five times,weekdays
91888,"Fan finds a fish, say, at island party",aficionado
42130,Poles separated? There's clue in that!,antipodes
8497,Small island turning black,sable
7007,Beat nervous tension,stress
54793,One church's method of entertainment,iceshow
33315,Emphatically he who could be Flemish...,himself
86983,Holy record found in European community - English message of a religious nature?,epilogue
5326,Song with piece of lyric that uplifts and moves lots of people,airline
91188,"A blues composition, fit for purpose",usable
26504,(rank outsider) The Undertaker,trier
29690,Theatre of the obscenely rich,lyric
3533,Provide two servings of dry wine in a jiffy,bisect
107453,Bruce's namesake's got one a plant,forsythia
41317,Stumble on crude oil in Africa,tripoli
91390,Superficial drawback to being frank about one's orientation,outward
118883,Quick drinks for horses?,snorters
17656,Musical with a little bit to learn in a little break,hairline
40437,Salt one had put on bird's tail,titanate
113484,German turns up keeping a vehicle in grassland,savannah
16028,Made redundant by a cross editor,axed
105322,Drug firm has one in to flog,cocaine
84722,"""Crossing a Line"" by a dramatist",traversal
34615,Tongue of stout shoe,brogue
46833,Let care be arranged for tragic female,electra
56742,Playing live together,inconcert
139313,State of Orbán leaving American wanting to scoff,hungry
86042,"Made an obeisance - on the short side, perhaps",curtsied
30147,Not allowed cheers? I don't like that!,taboo
2088,Nearly everybody's calm drinking hot drink,alcohol
98695,They show frightening ability in their field,scarecrows
85512,Sound opening pace,gait
44543,This man may advertise food and old port,sandwich
66744,Expenditure on song that's no longer popular,outlay
60169,Free call-back in charge reversal by the crown,emancipate
92908,The man from whom Samuel imbibed wisdom,eli
90399,Applicant's hostile answer struck out in court,client
114979,"Like an egg from duck, empty",ovoid
104059,Man met end making revision,amendment
9065,Initially desirable residence for study of china,dresden
86853,Filth in America is up - it's past the time to be chirpy,stridulate
8943,Singular-looking giant?,cyclops
62008,Last of the vintage in the shade,ecru
72926,Pub where brown cleric gets round in,tavern
101103,"Concrete assessment of politician's setback, ensnared by loose woman",slumptest
64161,Blade's about to become increasingly promiscuous?,claymore
26779,A point made about old railway network needing to be up-to-date,abreast
11051,Any number going round in one's head,noggin
18751,Poet's unworthy of town in South Wales,neath
105237,Get second chicken from this butcher,slayer
28043,Don''t grant a prayer or. . .,refusecollector
101734,I provide maintenance for previous winner that doesn't start,upholder
62247,Short story gripping English student group,year
5843,Make a pot worth ordering,throw
68062,Limited cure,specific
136504,"Like a rabbit, say, albeit modified in corporeal form",bobtailed
42860,Record holder's go on board,turntable
11387,Confuse leader moving tool,adze
88110,Bird to stain vessel,martin
111079,Little girl in circus is mounted,riding
28816,Lens capturing some pachyderm in toto,telephoto
99982,Publishing house introducing historian to journalists,clarendonpress
76346,Heard lots about garrison town,aldershot
84283,Speaker keeps one drink for founder,originator
23159,"Inn evidently fully booked? On the contrary, atmosphere charming",debonair
40481,Bird to miss out catching insect,fantail
103918,"Latin scholar makes note on ship in italics, perhaps",classicist
84529,Potential risk one in France may take in winter,skirun
59206,Weak thing - buck up!,reed
121427,"Still available to accommodate the German, as promised",undertaken
27021,Composure of bishop getting a puncture,balance
34310,A number work very hard,strain
29119,Fuss from supporter about where French hotel has fallen short,brouhaha
121784,It was used to make links at Gretna Green,forge
11059,"Has time, when taking silver, to be shocked",aghast
132506,"Going like a rocket, when fitted with carbon tip",ascending
140755,High level of the gender problem,nthdegree
104327,Manage to exercise,run
99261,Position of mystic meeting transmuting energy into time,stance
60426,Where children are to be found between two and five?,creche
25756,It requires courage to have one - rather than love!,battle
53500,Underwear? We may well have seconds,boxers
73455,US city not entirely accepting south has a rotten atmosphere,miasma
123215,Orchestra gets direction to its venue,halle
14086,"Kiss a number, coming back round after that",next
56590,Calamitous reverses with no time for a smoke,cigar
115555,"Pasture ultimately silent, as ground needed",essential
116608,Pushy parent ultimately spreading disease,typhus
52765,Time ran out for muezzin supporter,minaret
28312,Write music: a little number for the gallery,notate
39948,Staff regret keeping key money,retinue
77729,"Plum wine, we hear, which flies off the shelves",bestseller
74610,Mishandled pistol went off,spoilt
104907,"Revolutionary cardinal imprisoned at Queen's address, perhaps for leftwing ideology",marxism
85629,Famous person's family title,householdname
29935,Parliament has money for the wine,chambertin
11686,Never let backs go round the team,eleven
68411,"Porky? It is something cutting through little sister, say",sparerib
127254,Sun has to be demeaning to women?,sexist
57400,A number without the ability when rising to get on,entrain
139064,Police team having wildly exciting time?,riotsquad
127900,"Pronounced as ""venson""? I haven't a clue!",noidea
30890,"Spell ""trinket""",charm
125308,Take care over truck being recorded,minuted
97652,"Scab found in plant? Alas, not as friendly!",fraternal
2107,Children go back to front on slide,skid
3095,Welsh go dancing the cancan?,legshow
8851,Worker first gets requests to be agreeable,pleasant
979,Heartless head cook,chef
89634,Meal left for two couples maybe to consume,flour
60975,"Dance with hat out west, nothing more",bolero
79891,"In prayer, deified sun, gazing up a little",agnusdei
91923,One who jumps man with gun,starter
58512,One's included in slight difference of opinion - it's a problem,nuisance
57366,Temporarily dismiss person who's paid villain,prorogue
73757,"Guide rope finally put in place, ton secured",escort
79545,God's in love with Punch,carthorse
137079,"One who offers praise, waving team's icon",encomiast
65631,Races when going to bed,ascot
55827,"Before victory, South led amazing trick",swindle
121004,Prize for sexagenarian finding spring in a kiss,buspass
91790,"Fruit has gone off - lemon, too",ogenmelon
15502,"""Bit of a Bloomer Arising"" (Lawrence Harris)",floret
118935,Plate inserted in stomach to sense craving for food,gluttonous
35795,Target a friend of the family?,auntsally
26743,Result of many taking risks,crash
69007,Some fanciful name for part of the arm,ulna
65320,The strain of the French Revolution,marseillaise
46656,Faked evidence of factory growth,plant
34957,Noble game in song reflected by precocious score,earlygoal
137428,Realign energy in turn with love across the channel,reorientate
85219,Roman judgement days satisfied constituents,diesfasti
85179,Silly clue I had for geometry master,euclid
96830,"Extremely wary, in case needing to cross lake",leeriest
127290,Garden tools bound to go after opening of spectacular retail outlet,shoeshop
53089,A group often described as vicious,circle
129362,Light source attached to heel of glass slipper?,sled
48969,"Card trick involving ace, the same being turned over in advance",comedian
111934,Take advantage of 'obgoblin's stockings,impose
111973,Sporty types in pub or South Devon railway?,dartsteam
127144,Phone about disruption of trade causing delay,retarding
70537,Fractured if ice grips building,edifice
4663,Rent hall in order to mesmerise people,enthrall
62687,Piece of harness,bit
29054,Colour of Sherlock's study?,scarlet
107762,Mature student good for English in two advertisements,postgrad
8440,Provision of much else as well,chelsea
75601,Flora Dean arranged a dance,farandole
57409,"Support, from chair, fuss about sick animal",armadillo
9749,Surrender the French way,leave
131674,"Bad weather that's most cold, right?",icestorm
133019,Put a foot wrong doing right about turn,err
116935,Propeller of jumbo jet?,elephantstrunk
110516,Pelt with dried berries,pepper
107335,Dramatist has entree cooked with a tiny slice of chervil,terence
4510,Type of paste used by salmon daily,almond
75295,Book adapted for millionth serial,thesilmarillion
135061,Moment when these birds became extinct,moas
48804,Language used for little entrance in Scotland,lingo
67063,"Ultimately golf, not cricket, is a source of entertainment",funfair
95786,Rub Pat the wrong way? That's sudden!,abrupt
59820,Bank right to reject payment,reef
71408,Greek relative circling island under the moon,ionian
28659,State how Trump refers to race? Trouble follows,colorado
57921,Favour partner for girl,grace
72634,"Somewhere in Germany, solid wood splits",cologne
47587,"Tropical vegetable, say, design in high performance car",eggplant
62997,Old Peruvian potentate writing two articles about Utah's poor mountain climbing,atahualpa
121302,"Fruit soaking up one's drink, disperses",dissipates
13909,"Yes, truly an inspiration",yeah
80572,"Use force about turning in, that's fine",punish
121636,Order to breeder coming round after time assumed,postulated
96934,Great snake suffering 'eat loss - comprehend?,grasp
100047,Fish appeared to be off,smelt
93540,Raise yokel to strangle duck,hoick
66370,Knock over sketch and get let off,skittle
20602,Initial typeset without reversion,stet
107635,Proceed to do as the GP might do with a recent graduate,putintopractice
593,Manage without an intermediary,direct
107134,Policy covering aliens and some of their homes,planets
19390,Firm sent round to preserve incomplete old instrument,cembalo
812,Call to account for a weather report,arraign
21467,Perhaps the worst disease in living memory,alzheimers
42163,Chop up dates and finally enjoy being regular,steady
14451,A close shave?,scrape
107135,A regiment prepared to shoot,germinate
96524,What Coleridge's wedding guest did with suspect bones,metatarsus
75099,Take courses in French and Armenian initially,eat
109473,Idiot breaking rule put in new post,reassign
136333,"Time to get mixed up letters, but not advanced puzzles",tangrams
11035,Nebraska upset over appeal result,ensue
68482,"Naughty child to lie when in trouble, being insolent",impolite
45993,Flag some citizens ignore,ensign
66303,Swim before one can walk,crawl
48649,French setter keeping various echelons for hotelier Basil,johncleese
73763,Quiet sort of arboreal animal,polarbear
69339,"Bread I order inside, belonging to one shedding tears for offspring",niobean
135594,Esteem shown for those that are fit,healthyrespect
10012,"Under Prohibition, without an audience, it's very boring",dreary
112972,Boy raised hand entirely for his own indulgence,selfist
46968,Three-minute warning before breakfast?,eggtimer
88457,"Doctor is apt, going round part of hospital, to see them?",patients
32575,Instrument for a pound a point,althorn
5406,Rastafarian held at more than arm's length,afar
110591,Churchman's rendering of waterway,decanal
121051,Attended a glittering performance and was knocked out?,sawstars
27858,Fish one consumed in foundation,basis
82995,The masses listened to broadcast,herd
34632,"Bobby's unhappy, in need of courage",bluebottle
126227,Hairy man's sanctimonious daughter,hispid
65166,Smart attempt to encircle a city,chicago
20423,Eleventh hour revival from the side,laterally
4040,Origin of colourful designs? Just a tissue of lies,fairisle
36215,"Have great respect for Paul, perhaps",revere
89830,Bouquet for patient fellow's work on hooter,nosejob
6748,Status of small container set out,caste
103030,Car and lorry close after crash,rollsroyce
57288,Writhe on crumbling doorstep,threshold
11699,MP teased about mad rush,stampede
71802,"Lever needs push, we hear",pedal
51365,Stay true,staunch
476,Day's impression sees pack down,datestamp
13897,What yours truly does after wearing gussets,insets
37457,"Change for a quid at the ""Flag"" from drinks",daiquiris
86528,Program gives computer company trouble initially,applet
84333,Appropriate cut-out for a computer,laptop
28815,Long shot at pachyderm dropping insect in toto,telephoto
111605,Keeps warm and quiet,muffles
131987,"Put cover over well, like an old hand",capably
29624,It can be converted into a cupboard,cabinet
92392,Monarch deprived of gold holds up an incinerator of rubber,emerypaper
43557,Make love at opening of door in cave,wookeyhole
74467,Even cleaner shows delicacy,rollmop
123825,Hoarder - gentleman collecting right and left,squirrel
4643,Head of oldest and most outlandish prehistoric beast,mastodon
55319,"A number smash up the inn, yet set free",ninety
14875,Fish raised temperature so correct,edit
121032,Food includes cold stuffing,farce
73712,Aggressive female banker,amazon
100946,Rank play by forwards,lineout
78234,A hewer of wood and a drawer of water,turner
38393,"In speech, commend one in the Upper Chamber",lord
90828,Half-heartedly remedy smell in street,crescent
32048,Grain yield report,seed
35090,Gets in information about object of savings policy,nestegg
88695,Women moved out of complete dump,hole
78877,Ancestral building - a royal house,lancaster
114649,Conclude the meeting of French and Italian leader,deduce
23617,Partition between pigs and birds,swallows
94420,Green at heart? Jealous ego? It could make you ill,ecoli
76753,Fail to qualify and get the bird,pipit
17708,"Girl from outer parts of London, we hear",ellen
27170,Protect college from criticism,ensure
48441,He saw himself as winning on the pools,narcissus
129970,Frank lugs Elsie around,guileless
100484,Nags drunken tinker for no good reason,needlessly
35083,Cope with pub that's used by bikers,handlebar
126049,"With hot drinks, listen out for the largest fish",whaleshark
87390,Love a fair helping of bother?,adoration
107875,"A lifesaver, as bloom catches showers",brainsurgeon
71965,Reportedly pedal president's buggy,pushchair
108682,"It could be folded once, or twice - it's ambiguous",doublemeaning
91120,"Vessel's drink, hot inside",ship
138072,English run grim economy badly: things'll get ugly!,nomoremrniceguy
15280,Bold trapeze artists have this up for projection,tenon
25915,See flow chart is repositioned straight,asthecrowflies
94677,"Bertha, if asked, provides port",haifa
6052,The fuzz appear in blue,down
112278,"Breaking rule, I brought up complaint",wail
112966,Account arrives into state,narration
69071,Finish off film and drive away …,shoo
136560,Curved instrument or tool that's cut off outside,shoehorn
4081,"Very, very fair",soso
38479,"Office worker, former model",template
86240,Anger shown by blackleg in women's hospital,wrath
71638,"Date lacks a very soft, soothing influence",ointment
89191,Everything in exhibition is superficial,shallow
88300,"Read law carelessly, leading to unfair treatment",rawdeal
31165,"A mule, say, carrying king on the beach",ashore
118416,"""Beautiful game"" quoted by leading journalist, referring to Beckham, usually on top",fairhaired
54954,Attractive aspect of fairly old England?,engaging
119460,"Survivor's inheritance, it's raised in metric weight",tontine
46930,Drink left on coaster,port
79004,"High-class crew returned, having lost little time",deluxe
129627,"Be hot, turning crimson and irritated",bothered
29120,Happy hour in pub right away leads to hugs and excitement,brouhaha
29997,Dealer's left distributing the LSD and ecstasy,eldesthand
66149,Israel dissolved in drink when loosening up,liberalisation
2572,Game prima donna made revealing tax protest,godiva
2357,One gets in a flap at its opening time,envelope
117451,"Living dangerously, the last refusnik joined rebellion",risking
61633,English-style college,eton
40066,I can start after reversing aggregate score,music
90968,He left Jew a drink,brew
50639,Bit of pink pottery used by writer?,inkpot
115540,Girl and boy with ducks,evades
31486,Examination about part of Israeli city,viva
109012,Point so widely accepted the amateur way,southeast
121183,Coordinates new colour schemes,decorations
123464,"Repellent poisoner spiking drink, source of beer in it",hopsack
75678,"People referred to date, or perhaps as far back as can be remembered",theyeardot
29798,Ultimately Sheriff Woody in film's dead,fallen
50681,A fellow overtakes third in marathon to get silver,argent
112818,Mail centre becomes profit oriented,mercantile
134902,"After more shots, touring international's pathetic catch",tiddlier
106600,Camel from Afghanistan has the humps,bactrian
94458,Have insufficient funds and don't finish the course,runshort
129912,Path rather difficult claiming benefits in the end for poor Americans,trailertrash
120514,"Seized food back, having got shown the way",burgled
56274,Follow quiet girl round ancient city,pursue
102397,Bird that's said to play that game?,toucan
15557,Dodge Row,racket
39540,Not easily disturbed when it leaves fair,equable
14902,They improve vision by using longer test,lorgnettes
134465,Bloke gets the way things are done in small part of Cornwall,bodminmoor
7445,It's impertinent to get in so fast,insolent
46593,Blustering Trojan warrior cringes at heart,hectoring
59554,Gin - rampant disabler for earlier generations,mantrap
23136,Top course manager does this,cope
28991,Move to break concentration,disperse
98457,Wrongly posted to headquarters,depots
64920,"Minor difference in identical situation, finally",incidental
22858,Weaver caught in Peterloo massacre,loom
72862,"When confused, she'd appear out of kilter",pearshaped
45611,Something very enjoyable is still second best,scream
96252,Fabric that's soft is displayed in london School,plisse
66129,Zeus's lover had returned in state,idaho
110978,Climber creating a system of tracks on small mountain,hillary
73264,"Audible neigh, say, from horse at Hickstead?",refusal
107802,Some licks from a Gibson? On the contrary,mel
126053,"Pushy string player's action, having finished with acknowledgement of applause?",upbow
119770,I'd a way to help poorer countries,foreignaid
118352,Sands (new for start of athletics) settle,bench
70294,"It's bad, tucking into something to eat - very bad",devilish
40833,"Did brain operation, albeit with limited time",thought
68186,Set to work with new tutor after assembly,turnto
127586,"Among clues I do dreadfully, one is to be savoured",delicious
63273,Barrels used for target practice,butts
63662,"Unqualified, drunken fortune-teller",sheer
60867,Engineer reading about another soldier,grenadier
138023,Roman coins and dinosaur Einstein excavated,aurei
114262,Lacking a centre of gravity?,lighthearted
2367,Bubbly galore is found in women's quarters,seraglio
69395,Counterclaim as TV not functioning,setoff
125754,Keen to see monster swallowing vessel,biting
141347,"Bird, parrot's first sweetheart",plover
52037,Edited fifty diaries of Victorian novelist,disraeli
87237,Capsule incorrectly programmed for supporters at ground level,laceups
140190,Heading for touring car (no need for cab) - that's poetic,triolet
67210,Wader again following current,ibis
137780,Identify and approve,recognise
121472,One who perplexes could live with me,besetter
95422,Chemist called to give agricultural help,pharmacist
21679,Breather in the exercises required for a dive,plunge
23450,"Drink, long and light",flippant
7730,Rice familiarly covering carriages with new cadet wanting what isn't good for him,contraindicated
127023,Say copper on street in drag turned up for food?,eggcustard
97145,Hearing bums on seats …,audience
47702,"Wear this river, river wearing success",teeshirt
63740,Find touch,putonesfingeron
103574,"Name etched into a bracelet, possibly for a portable box",tabernacle
130528,Their victims got it in the neck,thugs
45198,"Apt clue, maybe, for feuding family",capulet
64620,No soldier given order for poison,venom
69866,Some of the altos carry on singing something by Puccini,tosca
13083,Slight injury is no handicap,scratch
20284,Susie opened front door and emerged,issued
41211,Dug up some strong fabric,denim
61773,Bear locked up inside craft,carpentry
126130,School has Germany blocking German with old chancellor,schmidt
75799,Italian magistrate has to follow direction,doge
24659,Baron bets foolishly when imbibing,absorbent
20959,Reorganise back row,rearrange
2722,"I arm USA criminal, an old swordsman",samurai
81354,Crucial point about children in pack,bunch
115569,Cuts covering sole of unusual old footwear,galoshes
12909,Want a little time,shortage
132303,Celebrated musician goes rocking through,segovia
135577,"Writing first version of paper, not out wearing women's clothes",drafting
61984,Strong drinks won't keep your legs warm,shorts
30577,Intended return of innocent child effectively starts,fiance
28762,A county handicap,lincolnshire
126300,"Old-fashioned ""please"" becoming tripe, eh?",prithee
51402,Pastry containing meat for picnic,clambake
119949,Actor sees drunken viscount caught out,ustinov
128210,Hitler's bodyguard held rigorous bodily pleasures,sexacts
51288,I am man gone to struggle,agamemnon
225,The French doctor with the peculiar kind of walk?,lambeth
46564,Doctor finds slimy mess in girl's dress,gymslip
70957,Sex goddess very exciting at first to students,venus
45274,Means to travel quickly? It's hard,carapace
117480,Votes for,yeses
127597,Said to be understood by few auditors,whispered
37413,Speaker keeps royal box for the organiser,orchestrator
81866,She may be recalled in pantomime,cinderella
132905,Food for drab grooms wandering round Swedish capital,smorgasbord
136006,Aired jumper on box (notice rest splitting),skippy
2385,Like have a degree in sums,adds
50146,Appropriate French square,seize
137238,"Tiny Tim's first single, oddly playing around America right now",instantly
141960,"Man impressed to have left sport, quiet epic hero",gilgamesh
36572,Character has sly look when holding Tourist Trophy,letter
42253,Dismal as a crocodile?,longfaced
28417,Perfect stage villain accepting money,imago
132145,To perform a pop genre really badly could mean quite a stretch,murderrap
29549,Deny making tour of women's prison earlier,newgate
140739,"Go on social network, head buried",witter
18413,Italian dish with instruction underneath in Italian,risotto
33716,Long stretch for deserter caught in Minorcan capital,marathon
51590,Pick out location,spot
55216,Come to terms to do with time-out,agree
126316,Leaving instructions about change of mind for green energy sources,windmills
42336,Provision for baby agreed during brief correspondence,layette
141200,The soul of Great North Run returns to Bury,enurn
140329,Fill with passion and have lofty aim?,fireup
94748,Wrong road for the mountain,sinai
71206,Instruments curbing long-term depression,doldrums
140667,"Other art, I suspect, is rougher",throatier
13282,A rule uniformly applied?,martiallaw
52339,"Burn unseen, as sculptor under sun",smoulder
51917,Total immersion is one day's work,noyade
89388,Port's responsible for smug Dan's kind heart,gdansk
66338,Upkeep's a personal problem; love is child's play,peekaboo
17185,Ball the West Indies' opener hit for six,white
52938,Social class? Sign of Labour ignoring southeast backing,order
27975,Repeat it in front of English judge,iterate
71749,Attempting something difficult,trying
14090,Nearest shop,next
33614,Deal with cars etc,traffic
46111,Cross section surveyed about opening feature,trapdoor
41071,Musicians and the like upheld in scriptures,octet
69527,"Ships and, in them, pirates",brigands
4224,"After a turnaround, one's trade boomed",resonated
140432,Egyptian in prison in France,caen
67724,Name man in power,arnhem
88162,Helpers in mess supply seconds,replenish
109969,Instrument scans round barrel,panpipes
139694,Fight with male judges and don't get picked to perform …,warmthebench
22877,First part of course postponed - very unusual,outre
43934,Chap beginning to imbibe cocktail,martini
138589,"In blue, fanatical football supporter",uefa
4623,Troops occupying shipshape Oriental ship,trireme
118351,Settle in court,bench
97878,I don't understand this strike in desperate times,itbeatsme
139857,Immoderate vices enlivened with sex close to bedtime,excessive
25686,Tenant has no right to come in,enter
124530,"Raised squadron leader, concerned with Children In Need, to adopt Mr Nazi's bully-boys?",stormtroopers
111300,"Texas city where herb covers kind of bread, half of loaf",sanangelo
27346,Animal kept by uncultivated country child,bushbaby
80905,"Gang found in Cheshire town, reportedly",crew
17642,Palmer's trek does brim over with awful years,pilgrimage
116983,"Like a dead parrot, held back by pheromones?",nomore
40380,It's hardly surprising there's a lack of awe,nowonder
142345,"With cases of holiday diarrhoea, tandoori ultimately contained tapeworm larva",hydatid
137516,It transfers rotations to wellie he'd thrown,idlewheel
128278,Live to become father,beget
47522,"Bloomer affecting most of nuptial agreement, essentially",petunia
29416,"Frenchwoman's distant, a bit of a cow, perhaps",loin
29528,A meeting of yes-men,agreement
125080,Classic Loach film about sex and birds,kites
35555,Bill joins Bill or retired performer,acrobat
62955,A bird in motion,astir
38974,The result of being stoned,hangover
114530,"Broken by nasty sequel, old lady is mocked",burlesqued
133129,Writer was emotionally affected by clue,felttip
131600,Pastoral events demanding reform,peasantsrevolt
89108,He keeps quiet about the waiter,preserver
61820,A feudal lord in Belgium,liege
102707,"Fortune-teller is back with Bill, we're told",sibyl
107348,Surprised comment on a conclusion of artery problem,coronary
88508,Appraisal Nutmeg's given in online post?,estimation
126238,Large fake with small checks,limitations
98119,"The British, perhaps, ponder limits to unilateralism",museum
104486,Costume made initially to get a part performance,rigmarole
18530,"Grumble: lacking money, say",utter
55693,Congress in recess - why?,nooky
38898,"Cool river by college, where memorable items are preserved",hippocampus
11185,No longer unit to be included?,ounce
74994,A Scottish couturier returns without mercury,aneroid
81300,Willing person put up timetable after trial,testator
22751,Radiation unit provides information after Head of Oncology participates in opening,roentgen
129548,"Stretcher required, as setter in decline?",downwarddog
113021,Entertainer's son's in what manner female?,showgirl
86225,"""Tuft"" becoming ""uft"" when written up?",tassel
66664,Hacks through grass that's kept down,repressed
128687,Most likely asleep after disheartening match,aptest
14154,Lean over the edge,list
50101,Number coming in went out far from numb,excited
68668,Unruly hordes in the Mediterranean,rhodes
118774,What the very thin girl eats - to get fat?,everything
100520,Present girlfriend gets round the law endlessly,dedicate
112136,Might an East End trichologist treat this for nothing?,thinair
82027,Hard to go back round Provençal town without crying,tearless
101074,"I sit and chop nuts, hungry, marginalised and unworldly",unsophisticated
30035,Just water,mere
67464,Boy making girl eat cheese,gabriel
98509,Character of the Right participating in Chancellor's success?,brownshirt
26524,Hen Nicola chopped up for reptile,chelonian
106496,A lovable disposition may be most important,aboveall
5992,Finished deliveries in Llandovery,over
66077,Eighth of dentists busy with small cavities,sinuses
118685,Film director wants Cruise for African location,ivorycoast
92096,Vocalist enlists pair that should raise game,springer
53288,Old boat equipment that assists in sound passage,arcade
98921,It is put down to a piece of paper or string,portwine
138233,"Things discharged from cortege, startlingly",egesta
138264,"Loose horse, another on the outside?",baggy
49674,Drink Irishman tipped inside escort's footwear,beetlecrusher
138009,Wide open space in hospital department,agape
141386,Biblical fisherman longs to catch golden fish,johndories
29199,New gadget that's to be given a name,tagged
132666,Right to ignore bosses - they're not with us,foemen
68499,In Kent it's made no difference...,maidstone
19869,Strong point in favour of long hair,fortress
103629,Stunner covering rear in picture puzzle,teaser
74025,Female born to endless necessity,nee
111404,"Choice articles from museum science room, including original urban man",valuables
71426,"""Stop it!"" Youngsters do show shame",pity
124650,Charlie takes a break from making insignia,crests
117749,Fighter for flier in trance not cut short,combatant
121974,Wickedness - it's completely keeping us bunged up,sinusitis
41016,Count brass (mine regularly goes missing),basie
99595,I can get in trouble for being stimulating,antigenic
23495,"Silvery metal carrier, one with peculiar surroundings",rhodium
22155,Regarding Enigmatist being only half-drunk: therapy's required,regimen
136057,New classes seeing how films are recorded,intakes
27581,Brief sleep at work? No lying!,catnap
10163,Test side batting needs help in upset,india
122288,Verbal degeneration following Oscar's brain disease can be noticed,observable
85060,Answer thus to one in town,solution
100154,Use deception to get university place,lieu
135515,"Pirate, attention-grabbing moaner!",searobber
118256,"Girl has no bananas for Persians, perhaps",longhairs
106286,Irish house cleaner with no end of blarney,dail
99234,Might they risk slaloming round the top of Everest on Sunday?,skiers
82759,A message those in education may come to terms with,backtoschool
77679,Agreement to unit working the instrument,accordion
79966,Storyteller's rung up,liar
54661,Embodiment of a tax on argon,avatar
95993,Seducer's short length hair too wavy,lothario
38775,The GI spat out food,spaghetti
128856,"Search for food, turning to large caviar sandwiches",rootle
74778,One blow to end a fight in pure slapstick,knockabout
62152,Trendy ex is one who'll spill the beans,informer
75907,"Differences found in, that is to say, his manuscript",schisms
96866,Act the soup-maker and keel over,turnturtle
52706,Wayward boy about to betray one's trust,erratic
29411,"Spider, if black, say, a feature of Dracula?",widowspeak
42061,Very big chap who went down to a stone,goliath
22392,Top man to kill in the US,bodice
78622,Tropical tree where monkey died,tamarind
88575,Be affected by meat that isn't?,mince
133466,"Given support as in difficulties, evidently distressing on every front",aided
28576,Spot of sympathy from predator?,teardrop
59842,Small truck carrying right tool for decorator,stripper
72638,Turn to law to get moorland shrub,ulex
65508,Abstainer to swan up to the Prince is tense,nephalist
8080,Peruvian in Spain cannot be understood,inca
83246,"Sorry, failing to keep a Catholic devotion",rosary
51429,Gaudy containers online,tinsel
3980,Where Strauss may add to the score,increase
30945,Could be Sixth Form to politically correct young woman,topclass
7164,Backer of good old coin,angel
92856,Birds mating rasp bizarrely,ptarmigans
26429,Soldiers pedal to avoid the dump,recycle
114387,At home senior family member will be terminally ill,insensible
19890,Rues a failure in efforts to make lots of money,treasuries
41527,Language that goes badly in the hillside,braille
125762,Live test match beginning after embarrassment of real unknown getting a duck first,oralexam
52043,"Prominent Victorian dancing ladies, one entertaining Queen",disraeli
28971,Entice one into a club,bait
60105,"Bound to, as it might otherwise be put",nodoubt
11803,Pub room where those with barrels rolling,snug
8218,Grieving widow echoing my expression of pain,naomi
90785,"Name taken by poet, strangely unread",neruda
90040,Bit of pastry on outside of cake,piece
14146,"Cheating companion, one taking money",chiselling
34606,Limit trade union backing more than any other,utmost
21403,"Greek character, first to get into row, a barbarian!",philistine
38849,"One who'll sing and dance, given a buck",balladeer
48905,"County, one unknown, in unidentified language",anglosaxon
95997,Working girl cycling round picks up current lover,lothario
81448,The local biosphere?,ecosystem
136227,A striking defeat that's embarrassing,abashing
133594,Arts graduate mugs up on new work rated very highly,magnumopus
86368,Achieve success? I have to get a top car first,arrive
111997,Some propagandist not operating in good faith?,pagan
117979,If Whitehall sent out penalties now … ?,thefinalwhistle
121443,Temptations to guide for international,testtrial
137269,"It's a very old wicket, so declare",avow
29238,"Fire, or part of one",element
300,Parts that can't be matched,oddments
52441,Organisation of people in church in American state,machine
54842,"Sounds attractive, but one would take you for a ride",hansom
132039,Certain people crash Tim's stag do,dogmatists
73310,Legislation to control activity instigated by letters,rentact
1213,Fit of wild pique,equip
79885,Attack thus with a long preparation,onslaught
1165,Roar about journalist and female partner in hanky-panky?,bedfellow
71689,Staff supplies found after plane crash,alpenstock
2285,"Literary lions, classically, are troubles wished on brides",littleones
46597,Rear Posh as a believer?,hindu
131875,Reticent prisoners studied,constrained
11381,Chipper tots being heard,adze
13290,Like No Time to Die,peer
112815,Trading company leader opposed to be eaten by blackbird,mercantile
57118,It's deeply opposed to the devil,bluesea
64664,"Head of house, recent pupil and Head mix informally",hobnob
1941,Henry is entering bike race? The French might be prickly,thistle
63648,"Swindler, slow-witted, has to concentrate",condense
9984,Smallest article's broken in case,least
138459,Seats from this property,fixedasset
34741,Top beetle?,whirligig
105141,Consecration of a healing cream?,anointment
91556,Bond reportedly stole gold,rapport
92232,"From the first, usually recognisable stars, actually major or minor",ursa
126974,Writer to stuff in names of magical figures,pentagrams
41037,Bridgetown has crazy paving stones with steps somehow missing,avignon
63657,Man's snored dreadfully - feature of irregular noise,randomness
92105,Company with nil return's a blow to shepherd boy,colinclout
8686,Safe investment for pigs?,gilts
90077,Likely consequence of defective hearing,retrial
81510,The worst place one can be - in pocket of thin coat,shellac
44773,Enthusiast embraced right partner,friend
19482,Force politician into clumsy lie,impel
94933,Correct to accept son is to succeed,prosper
130108,Reader's country home shortly erected,peruser
48516,An animal must have some means of defence,rampart
27556,"August: one month before April, unusually around end of June",imperial
81005,"In the main, it's classed as vermin",sewerrat
4513,Most of this nut is needed by a large fish,almond
27889,What inspired pin-up to enter love feast?,aganippe
87624,Blocked creek's first cleared of trees,clogged
79106,Buck keeping wife within call,oribi
77752,"Doctor, getting to work on solution, communicates",dropsaline
55875,Folk lacking new leader's moral values,ethic
67329,"Doctor, having provided couple with excess of drugs, may be washed up",driftwood
136432,"Clansmen continue south, crossing road",gordons
43272,Plant supporter turned into homely xenophobe,xylem
139260,Simple language from bird heard on the Big Breakfast?,pidginenglish
91798,Playing soldiers on this battlefield?,theatre
7525,Side given drink for morale,teamspirit
6386,A plant Sam has to look out for,sesame
99776,Using room that's turned out huge,ginormous
109793,Complain persistently of Yankee's drive ’ome,yammer
26481,Packed house in Liverpool given up,igloo
58725,Host of parasites seen on the move,licensee
112787,Internet software for the arachnoid cow?,webbrowser
34771,General form of increase,enlarge
93584,What the Sun produces is reporter's ruin,rays
32422,"Possible explanation from politician, full of gas",theory
125297,Eccentric person eating only skimmed milk-based sauce,custard
4577,A cut above the other ranks?,commission
43077,Time to regret being faithful,true
71959,Island where fish return? Yes!,anglesey
120125,"Any girl, sadly, won't want one bent like an old man",gnarly
102622,The men put out first? Far from it,umpteenth
95055,Rarely digress from prima donna scandal?,divagate
30397,Swipes hose,socks
111410,Capital cover for retirement?,nightcap
122094,How people may call us in explosive competition,tournament
24266,No point adding point to pointed items,needless
112903,Ex-champ is a legend wanting a comeback,agassi
7828,An officer comes in to snoop? That's mean!,paltry
136651,Cargo transported up small road in small fast vehicles,gocarts
13202,Footballers' magazine?,arsenal
14010,"In terror, disorderly go to pumps?",footgear
12320,Measure a plot,allotment
40306,Rich king keeps it dark when standing up,midas
136704,Trump's British counterpart's the woman for you - an old nag!,shergar
111495,Cornish village said to change nobody,altarnun
89560,Fertiliser? It's thrown in the bedroom,bedspread
74308,Number on watch,digit
7271,Boy king in need of an airing,dank
4021,Instrument used only under fire,sackbut
32933,"Derivative, tasteless film-making process",offshoot
49499,Wind nothing like this before capturing legendary bird,sirocco
40333,Almost lost to charity,alms
58378,Bury was his objective,markantony
48510,One who gives drink to Arthur during spree,bartender
36038,Secret meeting offering opposing line in chamber,conclave
57006,Turn away from right way when other way round,avert
127461,Get rid of insignificant question in speech,weedout
62282,Ship's commander gets personal with the Queen,privateer
128772,"Slippers on, if your houses represent someone",personify
73958,Resulted in bell ringing loud note,befell
80256,"Author of ""The Blue Dahlia""",dahl
58023,Sponsor heading north saw hammerhead in receding waves,backwash
63277,Old man provides me with so sound an uplift,methuselah
87814,Upper-class type may be such a wonder,chinless
21486,Cents and shillings have forerunners,cash
29744,Request lowly worker to hold it up twice,petition
67191,Work attitude to resist,oppose
119404,"Nag disposed of, about a hundred",scold
134938,Acts of duplicity?,duos
120039,Speculated on girl aloud getting help,madeabet
130325,"Refuse to be kept here training with racket, holding a pound",pedalbin
133807,Fielder way past his best?,longoff
22718,Resign about pound's rapid deflation,blowout
117707,"Having taken a lot of demerara rum, marshal admitted murderer",sweeneytodd
60877,Beetle having married insect is sleeping,dormant
48662,Cautious movement of ship over river,wary
54234,Advanced position for hide: badger annihilated,bridgehead
15621,Killing time in Rome (ie wasting time),ides
81169,Taking part temporarily,acting
18063,European river drowning many trees,timber
5190,Painting technique Pam is to become involved in,impasto
70347,Difficult partner no longer playing,exacting
109393,Complementary remedy involves back rubber,emery
82358,Large bunches of bananas over us,handsome
74372,Creole tune originally played as synthesised music,electro
26183,Finish behind full back to protect the goal,defend
58041,Bob grasped sharp tool,jigsaw
106698,Former archbishop spoke of a split,fissure
106119,Complaint voiced by overexercise to ancient physician,imhotep
100275,"Wide, large prison for the strumpet's child",wosbird
67781,Take another course in sewing,tack
117535,Exposed to disrepute for having made mutual concessions,compromised
140891,Follows from what parrots are said to do?,succeeds
95754,Understanding French,entente
105370,"Receiver now at ease, they say",presentee
82826,Kind granny's ultimate drink,brandy
122336,Translate utilising large number of languages,linguistic
77390,Unreliable person to send anything back,twotimer
118654,Rhetoric of a socialist or otherwise ...,oratory
136804,"Gents running around in penalty area, where wingers are",nestingbox
61784,New sale man backed up over crumbling property under contract,leasehold
70007,Call independent Northern Ireland painter,bellini
111263,"At school, not using head, so in work",earning
115915,"Catch up, then strike hard in proportional representation",bargraph
84890,Screen cast getting to grips with Latin,shield
36168,Migratory insect seen in tree,locust
139750,Offer rickety tumbrils without sides,submit
44026,Fabulous bird (male) reaches astronomical limit,roche
46942,Inward-turning scientist,darwin
2818,Discipline one lout with art lesson in small group,tutorial
17975,It holds the lead throughout,pencil
27896,Left out wood in a type of plant - Lorca's work,bloodwedding
25003,Brief winter season - victory a boy delivered,terse
115235,"Flattery overwhelms daughter in cute pants, it's learnt later",adulteducation
107901,"Mae West film for Sondheim, eh?",shedonehimwrong
83936,"Finished outside, the listener drew closer",endeared
115948,Old woman's skirt-pocket,placket
56641,"To be sure, an unreal place by the sea",eastbourne
124812,Doris and Grace going topless,lessing
30019,Bet in old Irish money,punt
19807,"Frank's garments, half of the sixes",clovis
65028,Actor with heart of gold and one rival,olivier
24239,Sages blame bad company,assemblage
128179,Wait to drop two rivers - for one?,tay
110200,Bear use of ringback?,pooh
32694,Fallen arches may be difficult to photograph,camerashy
107267,Letters found in Secretary of State's apartment,condo
101554,"Port where sailor has a car, reportedly",osaka
124617,Digs holes,burrows
75481,Solitary person would be left with this single thing,oner
135554,It echoes some features on a tortoise,resonator
20158,Refrains from making sailors accept taint of guilt,abstains
77675,"Punter gets around, winning first at a quiet, out-of-the-way place",backwater
93895,There'll be talk if this is broken,ice
70005,Ringer at home to one composer and three painters,bellini
55949,The majority of ministers have a modest abode,cabin
36643,"Anxious for the future, say",tense
98672,House originally insisted no one supports voting for the masses,hoipolloi
129211,Master standing to admit dereliction of duty in sanctum sanctorum,adytum
7156,"Backer provides a new stage, after reflection",angel
90114,Local tour that goes swimmingly?,pubcrawl
6199,Reliable time to get out of condition,trusty
126272,Small bottle without a name,phil
123411,Setter's excavation,mine
38149,"No beauty, but she was ill-used in some degree",medusa
93631,"Mel Gibson's lead becomes paltry part in ""The Crucible""",meltingpot
20965,Move the bottom line,rearrange
96956,Final section of joint unfinished choral works,roach
83581,Author of romances claiming page has English construction,steeple
68306,"Material, we hear, had influence",swayed
115542,Enjoy yourself with Kremer's problem in a month,makemerry
32303,"Thanks for gathering a velvet starfish, maybe",harvestfestival
83586,Journalist gets first sniff of scandal probing cardinal,newsman
96684,One big transport aircraft,boeing
58416,Injured old man calls wizard in,damaged
13235,Wonder if motor reverses within the distance,miracle
16379,"Brown, an old joke",chestnut
74879,Scene of mutiny's to last month - there wasn't enough play,noresult
77573,"Like amphibian in river, when it's very misty outside",froggy
53608,"Foundations of life on radio - 'diverting, robustly educational, informative' - that's him",lordreith
104196,It's used to press home the charge,ramrod
64561,"Increasing exercises, needing to run around",deepening
28828,Replaced lagging round that which shocks,grandguignol
54357,"Looking for some cannabis, troublemaker orbits restaurant",bistro
100929,Limit prisoner's punishment,confine
7502,Worker admits fruit gives sustenance,aliment
140012,Elders perhaps protect sisters after small hassles,stresses
19031,With which to admit in France that's just not cricket,passport
129505,"Praising old racing driver, politician",laudatory
70008,Composer's voguish impromptu's beginning after gong,bellini
112383,Suggestive look at electronic tablet held in both hands,leer
138997,Albanian pirates tortured refugee,palestinianarab
97751,Leo and Rupert nobbled dealer in game,poulterer
57438,Game many take to,lotto
135952,Vehicle reversed by man taking car from Cary Grant,subsidy
87445,Previous majority a game of chance?,twentyone
109680,Old sailor's nightmare - Electronic City eating energy up,seasnake
45919,Fibre in unopened drawer,rayon
40941,"Virgin, topless and bottomless, to show not Jewish?",aryan
95727,Chap is hot from the wall erector,adrian
118841,Night visitor with cash for discarded item of dining equipment,toothfairy
72360,"Fellow Lithuanian, perhaps, is blue",cobalt
62867,Flock's home with a capital H,parish
114550,"After a break, players struggling for the ball again made a hit",restruck
87152,"So, presumably, I'm there to speak in passing water?",urea
2616,Obtain safe,secure
29964,Blairite's lie kept secret,lair
76264,Drive Earl in California? That's sweet!,caramel
82518,A bank hold-up?,riverwall
132286,Bereaved man gets fatter without old wife,widower
103656,"Good idea waving with an arm, as he got away with it!",diegomaradona
55599,Grass turned to Raffles,draws
48283,Arrange time for a lot of prancing about?,dressage
59748,Work on a piece of verse that's milky white,opaline
118320,"Close to terror under settee, until now",sofar
24751,Agree to provide cloth on account,accord
46011,Thatcher as Red Queen absorbing energy,reeder
113539,"Rugby player's given talk, which is painful",lockjaw
18850,Diamond tip,rock
114255,Starts on the green and accelerates away,drivesoff
121489,Italy yet to be beaten after second half,moiety
113455,"Complain, putting away hot drink",wine
23325,"Cupid, in encompassing love, can be wearing",erosion
9590,Offence taken at failure to have good time,dudgeon
119684,Become natural? Lie on one side,unilateral
69660,Lacking energy to have any real gumption yourself leads to it,lethargy
86943,Abandoned hope with live satellite,phoebe
40110,They may well appeal to the public,orators
113185,Information given to us in class,genus
9024,Early promotion,advance
43444,"One may be caught out, losing this",wicket
72343,Foolish girl being drunk won't make up her mind,shillyshally
1387,Poet wanting old penny for stake,ante
73668,Settle dispute with some little tart I brashly picked up,arbitrate
76613,Elevated teacher installed in fairly quiet block for light work,prism
53770,One regularly taking cannabis before a dose of medicine,potion
119542,"Many votes cast, very weird ploy during therapy",heavypolling
25913,Quickest way out of Lot's wife's reach,asthecrowflies
45118,"Judge, after tip-off, goes by - heading for Specsavers?",assess
46496,Connection in which hands held?,bridge
50663,"Invite approach, running after stream",beckon
12070,"Storm low overhead, keeping boats secured",moorage
88411,Could be hand-reared by the sweat of one's brow,hardearned
31140,A chart covering North America looking north - country further south?,panama
34441,Striking appearance of one expelled from society,outcast
26788,Timeless children's author upset by playwright,ibsen
931,"Sound fruit, they say",plumb
128539,Left-side entry made by old-fashioned socialite with sex appeal,debit
56474,Food items Jack Straw cooked up?,tarts
81608,"John-Boy, the exhibitionist",jackthelad
88043,Middle Eastern leader who planned raid on America,darius
105694,"I was spinning on both sides, like an eddy",aswirl
50436,Cry of pain stifled by eccentric dramatist,coward
15750,Unforeseen hitch involving lid of brown sauce,blip
62362,Fear losing gold card in house row,terrace
65504,Son has convulsions seeing carnage,slaughter
129949,"Contortionist's leg wins, gripping top of upper arm",lewisgun
68757,Accept English recipe,take
94731,"Runs from old Mexico's line, ""Test ze cowpat content""!",aztectwostep
45934,Egg producer wants nothing to change,ovary
129947,One with teeth hadn't been biting one back,tenonsaw
7740,Aquatic animal has to trap sea monster: boy missing,muskrat
124155,Took back on medical ground,reclaimed
140005,One spy that is now clear,isee
54204,Sunday shop serving ice cream?,scoop
66715,Correct a chess move - take it back!,chastise
60845,Piper with Montezuma's air force?,aztec
59384,Flag of a military man we lay claim to,colours
103237,"Smart answer picked up, then sleepy characters start to yawn",snazzy
65093,"Cultural Revolution's end, in principle",ethnic
16380,Box fan is brown,chestnut
72834,Don't think much of unfairly breaking V&A nude rule,undervalue
66924,"Run through Cumbria, say - it's rural",country
91919,Nutrient could be a lemon squash,bonemeal
39449,Theatre worker part of the furniture?,dresser
42118,You'll surprise someone by taking him this,aback
22576,He was involved in jailbreak in biblical times,elijah
63821,South Africa blocking Arab free market,bazaar
75950,Battleground victory sign under review,verdun
134911,Appropriate clothing a little short,trouser
113981,"Film award for flier, flower cut for sound",bluemax
70598,European finesse,polish
45837,Label outlining conclusion of anal pedant,stickler
12421,Splendour of remarkable result,lustre
121586,Address of the Quakers,thee
2375,Stone causing the French river to flow backwards,opal
92484,Scaffolder reported stiffness,rigour
67723,Ask again about port,nagasaki
58460,"Latitude given by king, subject admits",tropic
86386,"Warlike, they are not extremely transparent",impi
3865,Feigns current case of tinnitus,acts
97937,Roisin's reported radiance,sheen
100702,Supervisor put contents of bag in feeding trough,manager
42214,Gregarious prisoners?,chaingang
3624,These days that woman's sweetheart is in limbo,nowhere
8098,A company registrar ought sometimes to issue cheques initially,acrostic
39521,Upset as hell over lock,distress
9730,Handle trophy,title
73473,Robin is prepared to install central heating pipes,bronchi
126224,"Dull, hard, faceless men make female grouse",greyhen
46347,I will fish around for scarf,mantilla
83465,Don't start casual topless nooky in here: not in this condition!,asexual
7588,Increase the strain,breed
89775,"Wasting time upstairs, Pa! Messing about together",paripassu
122186,"Having shaved head, servile type reveals part of the skull",inion
137905,Private chamber I reserved to host first of ladies in extravagant fashion,lavishly
31149,Hitch second carp,snag
11765,Point blank Protestant,orange
60536,Perform in a long kind of boat,gondola
7194,Royal wedding brings a lump to the throat,windsorknot
88067,Old tennis champion is upset,evert
58239,Obviously not Oxbridge material,redbrick
133149,Useful narrow section of a bone,ulnar
90504,"Did rail overrun, as some may say?",inveighed
126067,Ham bone I cooked in unconventional way,bohemian
123304,A lot of writing first to last on beliefs,creeds
33654,Medical treatment in battle,operation
77215,"Star's very small part, theatre's last panto role",whitedwarf
7201,An allusion that some are for the chop,echo
79938,"Tip of tail, shall we say?",cue
41088,Fatuous reflection in Lent penitential season,inept
125450,Size of girl stuffed with green bananas,largeness
26667,Study currency of the country,denmark
58573,Aura of game on public transport,nimbus
117904,Oo!,circularletters
64196,What's produced by cartographers equally immersed in their jobs?,isobath
37616,I head off home,lodge
17090,Weapon in sack,rifle
73518,Love letter found with tie in dull box,billetdoux
82469,Heartless wildebeest about to eat fish in fishy feature,unfeeling
109297,Little nonentity not in clique,sect
3011,Resignation statement in house - be very active thereafter,hohum
71015,"Boat containing sailors in the woodwork, perhaps",turning
46949,Put away for safety?,imprison
17689,Quasi-autonomous part of the East,asia
28053,No end of a true blue property dealer,realtor
91675,Establish there's point in new Latin,instal
101832,File short garbled report,rifleshot
121618,"Not really at all queer, I figure that's the same on all sides",equilateral
20035,Dicky traps a modest catch,sprat
105588,Publicist covers new lines in lager,pilsner
125455,Lumps potentially boundless? Boundless!,nodules
46217,Gathering round about a friend,rallying
13768,Massive space for badgers in Yorkshire,ossett
111741,Part of toilet cold on one's rear,cistern
54331,Authorise the Jewish religion round a new court,sanction
100594,"Be hesitant, empty and sick at heart",vacillate
116597,Seeing sense a prophet becomes a tourist,sightseer
123388,"Nearly broken, holding the same sort of memory",readonly
117717,"Be a good cook, cutting pastry",bakewelltart
38431,A trail possibly taken by cowboys to the rodeo,lariat
13072,Mark of the Beast?,scratch
35142,Claim of someone looking happy with building structure,ibeam
457,Keep swapping joint of meat with coppers,chopandchange
26683,A second mowing around at the farm,aftermath
116856,Fur supplier has head shaved precisely,toat
116696,Jazz fans' musical,cats
122244,Flipping major road's no good for getting stuck,jamming
124044,"It doesn't matter which here, it turns out",either
46765,Country house had a charming interior,dacha
58567,Old flame on the rebound splits leading part of weapon,axehead
14442,Rake's predicament,scrape
22475,Tips from Tom Hanks: film a character,theta
33902,Tyrant captures northern retreat - it's hopeless,despondent
95636,Contract a bishop enters into immediately,narrow
33854,Star going round in luggage van,vega
31239,Show contempt for doppelganger,spit
74602,"Two records, one after the other",singlefile
5052,Arranged hotel for Adamson?,seth
2340,Energy drink a bit special is inside talk,gossip
122131,Crab has gone to scuttle past mongrel on soft earth,curmudgeon
138021,Pal drinking shake ordered to get a move on,makehaste
98888,Bank's peak rates tumbling? It's a front,breast
91488,Rebus nearly found in cockney's dense shrubbery with extinguisher,firebucket
36082,Repeated encouragement from reactionary person,dodo
94121,Something pointed - I am able to provide a defence,barbican
53827,Fight about drunk returning weapon,stiletto
95083,Pork sandwich - missing fragment is replaced lest it should comes,pigsandwhistles
6034,"Litter with green rubbish on Mercury, perhaps",messenger
7911,Capital is raised in form of a coin,nicosia
136350,"Why, say, a setter here is disturbed about a Spanish uncle - it’s enough to take one’s breath away",asphyxiation
16742,Gone to a meal,pasta
47268,Plod catch male breaking in,tramp
29353,Present left during function over which there's an icy reception?,snowline
99698,"Policeman is in hell, as was his exciseman",robertburns
2746,Approval of archbishop being in hell?,plaudit
2687,"The genitals, we hear, of a mole?",groyne
88390,Britain's first drive to become a Mecca for actors,broadway
11541,Mountain climbing before meal? They say you reach a level,plateau
52024,Peter's in no peril,safe
140759,This man turned over region chasing ultimate in psychopathic monster,chimaera
53933,Informer went quickly round to back of nick,nark
71151,A much bigger ’and tool?,auger
30687,Joint study produces scope for expansion,elbowroom
69644,"What the board could be in the game, surreptitiously",underthecounter
125299,Stern monarch has promise for rider,afterword
125152,Give ground feeding cow? Popcorn aficionado!,moviegoer
19010,Unattached little girl's holiday island,discrete
60983,Secure link,tieup
73922,Wear down the Queen with long poem,erode
12110,Governor put transport officer in uniform,regulator
116034,One who steals gets frantic if he's taken,sneakthief
38347,My unit represented in strike,mutiny
123413,Puck's choice of pseudonym in evidence,mine
28297,Become aware that lies are untrue,realise
112806,Joiners check topless beach,ampersands
85638,I shall be among the French here,lille
92428,Tests of French in viva voces,ordeals
49721,Capital of South Africa with tailless bird,zagreb
28044,"My old man (suitably clad) said: ""Don't put money in the tin""",refusecollector
108999,Happen to gamble on fish,betide
103527,Look back in Middle Ages for capital savers,geese
38530,Present leaders of synod display non-conformist belief,heresy
40219,Old storyteller makes one sit up,aesop
90191,I lark with hob cooking vegetable,kohlrabi
92110,Gossip on board? They'll follow relentlessly,stalkers
111610,Soldier finds controversy in new edition,reissue
102998,An old friend - title and initials,acronyms
94012,Impressed with vessel by English port,bowledover
18821,"The current trend, naturally",downstream
46603,"Like a jewel one time, seized by US agent",faceted
108901,"Cheap vessel comes with food, tons laden",cutprice
6047,"Ran into debt, concealing bill",raced
17723,Bent gent's ear to cause dissension,estrange
2246,It could run down wall? Wee covering floor having missed opening,gecko
22445,"In Nepal, it's a sacred language",pali
90076,Right light on ship?,starboard
106628,One solution takes turn for article avoiding the rest,isolation
108909,Handyman sailor taking wheel on autumn winds,jackofalltrades
2259,Understood there are no bounds to simplicity,implicit
61502,It's a more unusual spray,atomiser
41137,Discover original of really thin walls,learn
114245,Quite unusual to have half of food before meal,oddish
120851,Sort of man that can be relied on to be far from sinister,righthand
29268,Spite found in many a girl,malice
34529,Sleuth goes round Queer Street to get some chicken,drumstick
60231,Russian front east of Iceland's capital,ivan
28319,Like it? One drink,assai
59510,Excite love clad in reddish brown,roust
38845,"Hot, like South African capital?",randy
31616,The coming of the Christian faith,advent
70630,Long bridge-builder gets Twombly to sleep,dormancy
13620,Go spare -- paid badly,disappear
112438,"Old age has come in, rocking, beginning to explode",miocene
33816,Hats (not soft) and footwear worn in ministry,cassock
59403,Putting a stop to what dog and pig do?,ending
30654,Tucked into sirloin steaks this month,inst
125500,"Some work contributing, either way, to greater good",erg
69033,Country area putting pressure on female in control,wheatfield
89693,Ultimately deficient stock gets one worker begging,suppliant
67304,Make listener put on number,earn
62339,Whopper claimed when odds are ignored,lie
139705,County routine on moor,rutland
32164,"Being prejudiced is only right, say",onesided
81639,Attic studio ideal for this artist?,elgreco
39408,Worker working on musical show nearly backed another,operative
78056,"With victory secured, Hector returned a hero",adventurer
121117,Left small ducks in toaster,forsook
48587,Beat man to the touchline,tangent
113029,"Comic's full of spirit, carrying on",waging
12682,Necessitate volunteers being included in line-up,entail
32362,Fancy model endlessly,idea
50158,One with rigid behind,astern
514,Intrude by chance or mistake,encroach
87345,Belt out incomplete bird call,baldric
102240,Uruguayan (a guy having emigrated) comes back from another country,nauru
43225,English paper boys to be without round in the near future Gadzooks!,eftsoons
5551,A maths problem? Its victims think it's a wheeze,asthma
89823,Usury appears to be very serious,meanbusiness
13222,A plant for the said occasion,thyme
101481,Ruin unusual plaid Ida Lawrence made,dilapidate
7020,Is accountant in Florida relating to public revenue?,fiscal
11527,No one scores with this girl,maiden
131072,"Censor's on to author, who supplies stand-up material",gagwriter
20206,The bookkeeper's version supported by the social worker,accountant
36885,Independent action by one who may have just one suit?,lonehand
88239,Old nag and deer infested by evil insect,rosinante
29291,See Aussie PM once said to be a frequent flier,seahawk
9777,Mistake involving a flower,bloomer
111621,Net redesigned as it's stopped in the last month dual crime,indecentassault
119638,"Nellie, or other with fewer friends",lonelier
48151,Dispute about key change,altercation
13782,Mistakes once common for lady cyclists,bloomers
19835,Anger in turning cold is male pacification,irenicism
5865,"Modelling a solo performance, according to the Just So Stories",catwalk
115976,Parts of solutions put across for areas with social problems?,innercities
90476,Scrap when Communist is told to be quiet!,shred
85903,One done up like a kipper?,necktie
15247,Half-hearted council holds money back,tepid
15996,Cheat collected energy in alternative measuring device,odometer
100985,Heroin found on spy: a high risk security,junkbond
3325,"Disgusting, like the ending of Hamlet?",obscene
61730,Filmed drunk outside hotel,shot
113722,Fool set about things of value,assets
34669,"Strive to keep right, united in integrity",virtue
2186,Percival's about to stop fool finding a way to help,lendassistance
91712,Supply power to breakdown equipment,towrope
79589,One cream primarily applied to injured patients?,antiseptic
130276,Cheeky sort of paparazzo pursuing person tanning,whippersnapper
64245,Set off explosive without gel and died,ignited
42787,Prepare to shoot a bird,cock
140436,"During work, drops greasy product",trainoil
119286,Look again at magazine,review
97725,People collecting books by symbolic system,notation
63189,"Joyful, having told Republican to get lost",elated
29801,Regret over Rome's destruction,remorse
117425,"Step back taking in a rendition of ""My Favourite Things""? Quite the opposite!",petaversions
92490,The hazard of New Age remedies,wager
112544,See eg red and white Sierra carrying tonnes,witness
71747,Fly first by way of the original Terminal One,aviate
4080,Average appeal gets nothing,soso
108560,South African plant for a meal,protea
138273,"Part of Man in Black stood out, as a collector",shinbone
43260,Sensuous city bar is demolished,sybaritic
111885,Have leaders of the opposition waiting nervously,own
47270,"Backing role, embracing male - one of slender means",tramp
34774,Increase general confusion,enlarge
39084,One cutting a trim figure?,topiarist
17594,"Initiate a set, having the support beforehand",teethe
42832,Note a father with time for what's on TV,soapopera
33022,Ship opening line,icebreaker
28173,Animal doctor nearly gets degree about ways to communicate,massmedia
112598,Spooner's music teacher? He's six feet under!,cockroach
16187,Family member is cow (not daughter),aunt
105867,He can't stand either parent losing capital on horse,hater
19529,Authoritarian ploy mostly accepted by revered person,strict
102216,Copy cure in order to take again,reoccupy
26236,Bottom of target,butt
55906,The medicine goes down,drops
126588,"Fully committed, dad and I join Unionists",paidup
51217,Stable form of electricity,static
90549,Left and right in this country go unnoticed,lurk
38895,"Some brain required, where the students wallow?",hippocampus
135811,"German philosopher covers the Spanish, English or Finnish instrument",kantele
74991,Tax loss,toll
21862,New trio with Man United's legendary menace,minotaur
2875,Killing of many people over a defined area,massacre
130530,I decry the making of gas for stage effect,dryice
40418,Society reaching nadir in rabble-rousing publications,editions
128299,Untoward?,from
77625,Book that's recalled in English test,tome
30790,Purpose at home? Cutting grass,point
21372,Badly ventilated returning from scene in Twelfth Night,illyria
129088,Work occupies troublesome Luther in cell,neutrophil
107479,Sign page with former European monarch,leopold
22349,Refuse to steal a ship before first escaping,bagasse
134588,They trail along behind - hospital department hours being trimmed a long time,entourages
126963,"Dubious, like the filth?",suspicious
19354,"National laser treatment in two eyes, say",israeli
61512,"A student, say, set up female support in maths subject",algebra
110395,Excellent soft covering,phat
115072,"Tall and thin and large, awkward Yank",lanky
41865,Offensive son lost friend,ally
110816,Rude retorts flow freely in some answers here,fourletterwords
3733,"Start of the card game called ""cheat""",twist
82075,"Holy work, taking the source of sin in hand",psalm
91289,Dirty passage,defile
96909,"As in spoken art and Roman English, such verse is disconnected",asynartete
50979,Bob twice gets this old piece of silver,florin
119194,Importance of sex in monastery,priority
65336,"Chicken or canary, perhaps",yellow
16769,It's known to charge money,rhino
69348,Irrational response when cop pockets a nickel,panic
119946,Trousers almost all will wear out east,shalwar
21700,Not for one getting over sex,anti
66838,"Cricket side needs total to rise, that's plain",llano
138090,Stops only child Penny filling in part of crossword,occludes
120534,"Property of some unstable materials, possibly lithium or iron",halflife
1155,Cause an inflammatory situation after friction? Gosh!,strikealight
60080,Completely ready for trouble,upset
140233,"In shelter, female with long fingernail given a wide berth",leftalone
15435,"This might be raised by the disdainful Cockney intellectual, we hear",eyebrow
97632,Mild reproof from the present to the past,nowthen
19066,One who serves food outside Ulster,menial
66949,"Top of chimney grabbed by roof worker slipping over, one's survived",relict
33060,"Tense speaker will, with a banterer",illatease
90471,"Writer repeatedly included by lover, never neglected",verne
93111,How one may be in response to a sudden disaster,astounded
36239,Solve Enigmatist by guesswork,estimating
30282,Wattle one spies under bill,acacia
6194,Order whose disorder is spread about by whatever means,somehow
76450,Groom up-and-coming youngsters bottling new cure,spruceup
29169,River direction not right,oder
27198,One habitually taking things did wrong in law,addict
6537,"Deep topic for grammarians, one noun primarily",intense
6329,One can tell when a pupil isn't working,oculist
72565,"Vital fluid spilled, a decisive juncture",watershed
38396,Two-foot tropical tree,pawpaw
60073,"Old money does badly, if copper is involved",escudo
90872,Plant seen in neat border,oxlip
28759,To take a course like this is humiliating,eathumblepie
55266,"Very exciting, filthy habit",nailbiting
22739,Carpet rolled up to reveal a fire hazard,petrol
4060,"Get rid of command, having lost time after time",eradicate
65329,Shocked at airborne defect,aberration
90428,"Kind of luck that we discover, finally, in charming schoolboy",potter
17562,Item found in hospital sometimes,also
2937,Members of this society have a lot in common,affluent
44483,Attached to a refined redhead,adhered
2643,Scottish football team loves red suit,hearts
134935,Understood one has been punished,gotit
8018,He painted a vessel with a little boat on board,stubbs
7031,Give euro to screen actor,donate
43692,A sum of money to act as umpire on what to put up for the best view,grandstand
78516,This evening drink is drawing near,tonight
67619,"Helpful software about transport, something that bears fruit in market",applecart
111571,Horrible German to be sorry? A little,gruesome
3076,Pan winter sport Archer's backing,skillet
1574,"Start to yawn on a course, showing lack of interest",apathy
90966,Grown-up Sunday clothes!,togs
113715,A second TV show's top target for stripper,assets
126847,An element of jazz in concert,zinc
25669,"Numbers it amongst ""likes""",digits
82717,Publicist arranged more port,promoter
131840,Underwear back to front one king removed for a laugh,snicker
23295,Light support,beam
118676,Pointy-headed staff in shop (IKEA),pike
123742,Purge has racist components,catharsis
44292,Swelling stops here,organ
118626,"Being dizzy sixteen, extremely cute",existence
71732,This fabulous bird reciprocates a surprised expression,roc
42236,Agree money to go on drink mainly,coincide
99553,Unearths an odd name for Wagner's minstrel,tannhauser
63274,More than one barrel used in shooting,butts
72955,"On way in, proceed to have a drink",stingo
72124,"Estate workers, including gardeners, finally dive into the river",demesne
102782,"He cheats, using more than one pack of cards?",doubledealer
118781,Pick off the bird,snipe
4704,Responsibility we can't avoid?,onus
62701,Chemical company about to take on the French - result of the big freeze?,icicle
131929,"Models earn, so exposed figure",reasonout
14682,"Not the top grade old game, ""Smashed""",blotto
76376,Cobbler's farewell ceremony?,lastrites
65916,Thin disc make of iron used in fighting,wafer
33765,"To drink loudly, not quietly, is an insult",slur
63847,Society meeting the objective in Merseyside,sthelens
45727,This place was nothing out-of-the-way-,washington
24380,Pains gripping sick old Greek,achilles
129775,Such weather brings change of air to New York,rainy
46860,"In summary, harvest's about to be gathered in",recap
125598,To find Conservative leader in benefit would be sweet,dolce
103732,Sensitive area gynaecologist's first to see,gspot
32530,Bored Cockney geezer in dark shed,brownedoff
91984,In which I find a means to play music,hifi
52246,Associate priest sat with Irene at sea,fraternise
74788,Any girl so mistreated might react thus,angrily
12908,The inadequacy of fleeting time,shortage
93283,Steal and use card,swipe
52333,"Markets dramatist, getting a reasonable cut",fairshare
92275,Cosy place where the heads of French Intelligence live,fireside
8306,Bird may be hitch for hikers,shrike
117294,No pressure to maintain large part of boat,keel
140965,They once made music in bed having got end up,sackbuts
98040,Eat out of house and home,picnic
52498,Does this young animal creep?,fawn
59512,Stir up right and throw out of office,roust
48552,'Eavy up in the far north,tundra
86490,Take no action about multinational that's open to the public,laicize
47170,Cover a scene of confusion,encase
119765,"Possible scrubber in fishwife, say, occupying seat",steelwool
63395,Young bird at home with fish,nestling
34086,"Browse, finding horse I'd back first",dipinto
18818,"Unhappy to rest, am swimming with the current",downstream
75584,Bereavement a second after sunrise,loss
128660,Died with violin play and forgetfulness,oblivion
21989,Hot vent attached to social beehive?,hairdo
115602,"Terror, certainly, underneath a couple of females",affright
57001,Sidle round to bag lounger,idler
48549,Home one left when decree nisi brought round,residence
81900,Question about rampant greed that divides the land?,hedgerow
47910,Johnny stripped after right piece of music,rondo
10254,"At intervals, Neptunian geographical feature that explodes",etna
114172,One person receives correspondence,parity
56990,One who decides about uncharged energy being put in,referee
21941,Records found before Ezra,chronicles
115061,Bovine given double sex change becomes Bombay duck,bummalo
115170,British state's contribution to continental breakfast?,butter
121795,Franglais patients contact policemen about bird,dickcissel
4478,Prohibition: having three in charge,interdict
124712,"Not the way to walk or speak, surely?",falter
12246,"Shakespearean sea creature concealing identity, after reflection",bardic
66888,"Might one be touching up the Queen on Christmas Day, perhaps?",decorator
90460,"Half-doubtful misgivings, which may suggest hostility or peace",vsign
122835,Make statement about Vulcan being monotonous,samey
43325,Able to admit jump's dive,fleapit
53299,Call operator first needs to make?,local
59637,Piece of mosaic Greek god put back,tessera
91696,Retreat following old army girls and workers,staff
112826,"A goal up, during which I gave fire to fighting men",militia
139660,Danced beginning and end of bolero with retired film star,bopped
24059,Where to play the mating game,chessclub
33852,Partially unmask rancidly repellent police spies,narks
115486,"Cover skin of backside with trousers, back to front",bestrew
69768,"Miniskirt enthusiast, one gathered, is attractive but not modern",quaint
107964,Part of satire unfair on youngster's clothing,irony
63947,Call up second person sure to interrupt,evoke
131602,Thorough work of a cleaner,sweeping
31258,Plants do in Guernsey region,cacti
108428,Mini breakfast served up in favourite pub for political opportunist,carpetbagger
99327,Inferior article press chief turned down,rejected
77824,First job-finder for the unemployed,satan
89387,Greek centre replaced by French in Polish port,gdansk
82592,Singer or horned beast,orbison
24181,Poet supports anti-union sword-bearer,scabbard
126393,Bucks' consorts spoil poodles: lop pieces off,does
75735,A way to be on a horse? Yes,astride
39111,Drop Arab leader's story,parable
122938,Odd Frenchman interrupts pop musician playing the guitar,strumming
54977,A king badly hurt at the end,arthur
12051,Grave robber's introduction into undead East End rabble,earnest
98767,Scoundrels hide debt? Strange!,curious
51144,Clothes to suit a pretty little daughter,tweed
115791,"Senior administrator's weakness, to risk register being rejected",vicechancellor
42463,Secret police observe postage irregularities,gestapo
141957,Volunteers mutant superhero to be one overseeing duty,taxman
7395,Oddly torn by sex psychologist Rose's support?,trellis
112349,Shropshire town destroyed in flash,shifnal
6432,River runs into all the seas?,severn
92877,Postmortem on rise of currency over harvest,necropsy
26058,Worker not happy with reinforcement,beefedup
121919,Girl in pink beginning to serve drinks,cordials
56744,Like conspirators doing a gig?,inconcert
103595,Glow from off-peak heater nice - one's out of it,radiance
73585,Nobel prizewinner could be lost in a tabloid,sulston
108789,Furious because someone stepped on your toes?,hoppingmad
50358,Do rise above debts admitted to be bad,odious
58412,"Horrifying figure, character rising up, calculating to the core",dracula
565,One holds husband in pain,ache
115656,But is it suitable wear for a square dance?,ballgown
33116,Matt finish in mind around one card,diamond
54668,Manifestation of a French department receiving thanks,avatar
105435,Devil and earl in encounter,fiend
48558,Plain fish to catch way back,tundra
141979,Error from Messi's header and team's back in the lead,mixup
47516,Back massage involving student leads to confused impression,blur
35312,Game may be caught by a man with craft,chess
24760,In the beginning is my beginning and my end,cremation
109482,"Churchman gets a pass, yet goes astray",acolyte
112212,No cutting trumps: these decide the outcome,runoffs
48212,Composer of many variations has cultural snobs dropping in,brahms
122729,Celebrated without her in ramshackle farmhouse,famous
78415,"Groom, before reaching conclusion, not reaching conclusion",preen
45464,A late crop scattered by Egyptian ruler,cleopatra
106383,West Country's first to get noticed: mad about it,occident
4058,Destroy one caught - time to see catch,eradicate
109409,They manage sir's pain,aspirins
40947,Horse eating a quarter of a tree,rowan
13433,Top-liner trained to fight crime?,interpol
51130,He''s gone into spasm! He's drunk too much tea!,theic
79890,"Part of the Mass that is sung standing up, with a large number involved",agnusdei
109830,"Young setter, perhaps a future monarch?",pupa
93119,Rustic poem of king short by one cent,georgic
10106,Members' position leads to all kept in ministry backing opposition,akimbo
138588,Short fellow against guys being attached to this troublemaker,malcontent
37809,"Moulding seen in old book - short, with rounded shape",ovolo
42614,"Feminist offers snarl, having got poor grades",greer
64240,Squeal about sham dealing - that's jolly good,smashing
110016,Goodbye to a vehicle maker,tata
131849,German involved with ghost story set in a fantastic castle,gormenghast
140472,Great flow under construction,wonderful
76393,Strike that didn't come off?,mishit
3054,"Country tense, no doubt",tibet
51583,Small amount in a small container,spot
127179,Helped hide the claret?,furthered
3182,Nothing's caught by rod from boat,canoe
94722,"Cacophony from infant, school's ending",babel
56443,Wise people need some imagination,magi
15152,Centaur,horseman
130067,"Saddle initially I forced out of shape, small problem for horse",strangles
67623,"Old prior, as hermit losing a wee amount",ere
133773,Twilight of the Gods depicted in cloth over holy book,ragnarok
130517,PG Tips found on wino due home,wodehouse
16831,Utah's sure to be incorrect in this reference book,thesaurus
131588,The monster's wobbly bottom,nethermost
28027,Disgusting row about old man,noisome
142234,"Spoil appearance of part of the cafe, disabled needing a lift",deface
70051,Curtain-raiser sees flower open first,overture
21914,I had love left for one greatly admired,idol
92078,Stickler getting on with the most celebrated people,legalist
80566,Tours by cheap rail go to the islands,archipelago
130490,"Superheroes, followers of Ximenes' lead?",xmen
65021,"Snap providing quiet hoot, perhaps",photo
18576,Holy man gets widespread support for violent struggle,strife
31324,"Waste a bit of fruit loaf, sadly",offal
101210,"Doctrinaire setter, perhaps, has it set up in computer",dogmatic
56024,Blinking hooter is hard to find!,owlish
134207,They're often engaged in the movement of transport,gears
116310,One of God's frozen people!,eskimo
42324,Did Halliwell perform nothing on an instrument?,didgeridoo
80437,Great player joining line running backwards before pace cut,maestro
45488,Early piece of advertising to avoid,prelude
76577,Reflective note,minim
103419,"Halfway through the available time, it's badly trimmed",midterm
866,Bound to score in this game,hopscotch
110912,"Settled to live as a theologian, bounded by eastern sea",embedded
50284,"Time off, taking time off",noon
13735,"Talking cat, of course!",links
38631,Money has power and it preserves,tincan
112969,Result of Republican fighters entering race? That'd be telling,narration
122199,Messed around with English in ten poems,rondeaux
70307,"Shades of Clementine, K-K-K-Katy etc",sunglasses
96562,Sympathise with number drawing unemployment benefit,condole
39881,Cleverdick king needs no barricade,knowall
16443,Vamp to make good dilapidated JCB,golddigger
21979,Like to strip - backed out,asleep
8034,"Restorative sort of oyster, it's plain",prairie
79388,Breakfast TV continuing to report?,cereal
58605,Take to arms!,embrace
132072,Bums for deals without energy,freeloads
140787,Foot as party leader was somewhat untidy,paw
67481,Established group,set
39145,Bottle for sailors in bar,screwtop
114571,Possibly why trousers were taken back to tailor (bespoke): an illusion of depth,foreshortening
67415,Effete blockbuster direction,epicene
120186,Essay by former Secretary of State supporting cake,ricepaper
35962,"Puck, lusty creature, into female birds in the area",avifauna
9175,Room for betting on the ranch,spread
21136,One area of open land and another given up for place of recreation,commonroom
90595,"Polar explorer's troubled, so going back outside",oates
130462,Say in what way it's a gun,howitzer
4548,A complaint I'd not put in a guide,ague
10182,Democracy one's not found in island nation,india
43213,Greek character after fine food,feta
40164,Leave for a drink,forsake
107720,US support for old parliament causes commotion,sumpus
74670,Criticise sporting achievement,slam
99343,One trapped by Plato in discursive medium,oilpaint
57166,Where the money hangs in the balance?,suspenseaccount
68641,Monitor shot girl,goanna
53097,Charming female needing extra pound for rounded figure,circle
98058,Way-out accommodation?,gatehouse
76991,"Strip off gear, appearing in Sun, right?",unrig
54404,A grand may be a profit one makes,pianoforte
104248,Enormous disaster struck it,titanic
126211,I'm calling with a certain qualification,inameasure
73722,See man on board,bishop
117052,Appeal to a feminine element good with these words,sosaying
107066,Top political leader has trouble with spies in an antique land,cappadocia
4745,Strain of my recouping the job-seekers' allowance,melody
107032,Provide inspiration for puzzle,bemuse
122091,One getting into awful scrape in competition between US and USSR,spacerace
122469,Curve in road about to get warning sign,camber
28749,Prone to deception?,lying
86535,State capital not on river,trent
112382,Lascivious look of Bluebeard oddly vanishing,leer
47075,Secure a basic commodity,staple
61548,Modify part of 'orse's equipment,alter
94159,Measure appropriate for Cockneys,halfinch
131694,"Board member, having no money, right, becomes dealer in securities",pawnbroker
8241,Find fault in game,grouse
126739,Recognition for clean water in dirty sink,blueflag
134029,"After time, gets down ski run, crashing into old pro's midriff …",drinksup
105441,"""Deuce"" likewise announced",two
27661,Gather muddle's about having power outside,assemble
127976,Some gambit I learned that can be used in board game,tile
104589,"In dire trap, a nobleman's backing emperor",bonaparte
132022,Family members back in part of church,apsis
31991,Bandage for ambassador after sharp blow,swathe
53549,Scotsman with a ***wife and a bird,macaw
38499,Unknown result of a French vote,anon
134157,Having three sides after filling in test,trilateral
24775,Graze on a lot of South American capital first,abrasion
26569,Group of schoolchildren stumped by paper,stream
95853,"Initiator of balladry? On the contrary, doggerel, collected in ...",badverse
48174,They may be after estate - amen!,agents
59935,Volunteer converting to republicanism?,offer
42613,Food I turn into stew …,nutrition
72066,Sailors' register includes Egyptian embroiderer,crewelist
47286,One inside conceals a Trojan horse's cover,caparison
71099,Play leads to joint restriction,hamlet
72989,"Smart group among freshmen, say",mensa
73253,"It would be stupid if mother leaves, in a manner of speaking",idiomatic
90782,Bail out sovereign with money - bread,pumpernickel
106938,Dispose of fish food,dumpling
58699,Spoon allowed as personal adornment,necklet
83367,He floated a company to avoid liquidation,noah
124794,"Expression of concern about despairing gasp, but they're not yet croaking!",frogspawn
136929,Gamble with a contraceptive method? A brainwave!,betarhythm
111313,Chap set about pursuing diamonds in frozen waste,icesheet
15008,One's own business in a jam?,preserve
42752,Shows at which glasses are required?,spectacles
127512,Ireland's captured by Italian king put back into the water,rerinse
40125,Old container brought round before getting pig out,overeat
92626,"Missing toy, possibly, but I don't want a woman",misogynist
82310,Thrill of thirteenth rally,enthral
28589,Gas creates fuss among sailors,radon
115322,One needs knowledge to classify herbicide,agentorange
54803,Loathsome leader with blemish surrounding his name,stalin
139517,Accumulates trouble below and on high,pilesup
141375,Messengers and companions wasting time,couriers
37963,Money for prostitute,brass
128167,Seizes egg collections,clutches
50532,"Look mean, having no weaknesses",airtight
74331,You'll find a lot of holes in this cryptic puzzle,riddle
139729,Displays bowls of healthy breakfast food,brandishes
7875,Wine presented by female is in the right hand,rhenish
75867,Carry on and scrape it off,practise
16783,Starting price put on ancient German sequin,spangle
24348,Shoot several mostly training,tendril
32587,"Time and money, that's what's wrong",trouble
41782,Find company in one churchman or another,deacon
31053,How to amuse people other than motorists?,divert
92082,Postgraduates may hope for such camaraderie,fellowship
126296,Parishioners come together,flock
126977,Insects under teacup,chalice
83995,Action in a struggle with tobacco,nicotiana
16667,Wood to sell back disco?,golfclub
15102,Digression from set phrase in translation,parenthesis
125565,Hesitation about pamphlet before editor's disowned,retracted
11286,Sort to get married and miss embracing dairy worker,milkmaid
100255,"Swimming round ship, cat in sea requires help",assistance
95942,Heartless fugitive on airfield,runway
84550,"Embraced by a friend, supporting with very positive response",approval
77285,River bend makes a neat arc,oxbow
57722,"Coming over a river, which may be exciting",adventure
128988,"Pink organ inelastic, if man excited",financialtimes
81569,Cut down when damaged,hewn
2997,"Stately bird - for example, one brought up in Dorset",swanage
1852,Tory disrobed in and around church ceremony,ordinance
98050,Some tin? Tin once found in Peru?,inti
98532,It could be safe almost to oust one politician,depository
86014,Seem to enjoy swallowing a double,lookalike
39306,Little bit of discrimination,taste
113233,Chargers for old records,platters
40232,Coach for the theatre,stage
128477,Audible drop in harmony,sync
120645,"Pregnant? From one point of view, round? Very much so!",inabigway
11103,Shed sees crawler in Blair,leanto
58797,Implication makes many quarrel,drift
43009,Panto dame's outsize accoutrement makes her an important person,bigwig
3842,Nothing for nothing where there's no commitment,freelove
46504,Non-bowler put in to bowl,batter
16607,Make heavy demands on island transport,taxi
13822,Cut out new diet eaten by much reduced chap,edited
118172,"Weak sun out, perhaps, around the East",tenuous
96094,"Cut and run, lacking energy",lop
129327,Attractive woman needing a lot of money to strip,bombshell
24207,Where an archbishop keeps his books?,canterbury
110459,Take the pill?,evadetheissue
12560,"Is around? That's odd, as it disappeared a long time ago",dinosaur
83878,"Description of bap containing Inuit, or Arctic tern, we hear?",eskimoroll
43047,A small credit note on which little can be raised,acre
21176,Body's virtual middle (approximately),torso
94619,With Howard's leader-ship chaotic Tory epic describes many a politician,hypocrite
82929,I collected rent for Peter Rachman?,profiteer
103174,Delicious snack using last of meat for priest,tasty
123285,King Edward's voice worn out?,tattie
72411,English portico included in refurbishing of yard always,foreverandaday
48881,Jetty about to slip into the water,perrier
71113,Actor's grim speech,doer
26970,Deterioration reported beneath a building,rotunda
35722,Composition of this faculty is from all quarters,sense
95414,Christmas carol coming up in a moment? One doubts,agnostic
89483,Set up an unusual source of protein,peanuts
87807,Change your mind about fast,relent
93131,Making snow from bituminous fuel?,coking
53879,Regret about side being broken up: what's left?,residue
83288,Peter out to follow popular musical genre,indie
76083,Verbal criticism of the show,revue
110979,Making poor start - finally good fish caught,beggaring
84208,Philosopher is always right,ayer
56001,Vandals tearing apart items in fast-food outlet,saltandvinegar
81640,Oh! A Red Beret's ascending: that's brave!,arapaho
67515,Agreement for attempt to catch swallow,treaty
54046,Rage of East End gangsters reported,craze
112038,Several lines as standard on a chart,paragraph
44691,"Where there are platforms for actors Claude and Jacques, not backing out",trainstation
134547,Either side of Channel I voiced disapproval aboard water vehicle,jetski
62455,Shortens sail on seeing dangerous rocks,reefs
43247,Campanologist on holiday? I want a lift,dumbbell
89625,Top notch communist broadcast,aired
69471,Hold ball? Never! I'm dispersing these so-called musicians,lavenderhillmob
62478,"Considered emus edible, in part",mused
123171,Directs different ending to film,credits
99453,Even a large quantity ends up as a fair bargain,straightdeal
45526,Scallop or salmon?,pink
22100,Falcon of the yellowhammer/linnet family,merlin
38957,Look for a feature about double parking,appear
79296,Primate uniting church with devil,chimp
93253,Take one Bass (Burton brew) and there's no going back,burnonesboats
49480,Programme with poor graphics and no animated CGI? What a con!,cardsharp
135235,First phase of Stone Age building,stageone
33649,Musical production turned into theatrical work,operation
83145,Dance? They say we did with topless dress!,hoedown
9600,Where goat is deprived of cereal,capri
30124,You might say it when offering a gift or present,here
5464,Spend time together in Chinese - stomach's empty,hangout
122943,Islander putting a dead bird in tin,samoan
110774,"Classy medic and artist tour Italy, or part of it",umbria
17648,"After grand gambling game, setter's down",gloomy
9688,"Genuine, because given religious education",sincere
8776,Crazy going back for knife,stab
95421,"In a religious sense, he believes in coasting freely",agnostic
43355,Not the first two ancillary cooks to be enthusiastic,lyrical
98274,One who used to be known for keeping insect close to extinction,hasbeen
15884,"Burdened dragging pole, so rested",slumbered
115352,National party - any change could finish it,libyan
31561,Players one team dropped,castaside
90390,Mushroom cultivated in earthen cell,chanterelle
77683,It's pivotal to one in eight,rowlock
29981,Horse's blaze of celebrity,star
3118,Starts to make all disciples look yonder with ardour,madly
80139,Composer with anxiety over French place,bergerac
53584,"Sassenach like Chapman or Fitzgerald, maybe single lady",englisher
29141,Girl carries on in Juliet's place,verona
126852,See Swansea girl being heavenly,elysian
78087,"I want a free, democratic island",taiwan
1413,"Making endless noise about rubbish, backing Victoria?",station
55338,Violin fitted with new string,strand
82973,"Properly ejected, though smart",wellturnedout
124826,"Team described by Sibyl as ""more tempting""",sexier
103815,Give a superlative performance using rod and poles - to empty space!,barnstorm
74183,Dating an old tennis champion's cool,courtship
69113,Having much of the same quality?,equal
67134,Forcibly propel what could well be a long hop?,frogmarch
60516,Dope and sex orgy gets uncovered,exposed
86601,Cover too many a circuit,overlap
119713,Practice with slow movements from sonata I chiefly selected,taichi
51904,Enjoy yourself! I've gone out to get drunk,litup
1630,Arachne became this reclusive hispid eremite,spider
105472,Result of a tongue-tied journalist missing restaurant experience,eatingout
116672,"Roosevelt's initiatives exposed something slippery, by the sound of it",newdeal
45159,Student I quoted OK?,licit
116077,German subdued ardour,glow
116239,Nazis were armed with these,swastikas
4961,Paul leads in trickery?,daniels
82395,Guard of honour provides tea for each individual,chaperone
73409,Weary with complete lack of space,tire
39779,Boredom is universal during unlimited sport,ennui
110072,Bottom or top in US assembly,situpon
14385,Lodge in this meeting place?,boardroom
16895,Where cost is about to come down,scotland
87828,Prison's famous mounted guards went in without cover,detention
77,Mother ordered sail fabrics,materials
105957,American grave contains sixth of victims in TT,somber
16970,Writing lines,script
74547,Church article's lamentation about liturgical music,plainchant
4404,I'm employed in the theatre,scalpel
43371,"Writer, number one, describing punishment",penance
60367,Displayed last of art framed by retired artist,staged
92189,Comply with notice,observe
129470,"Red setter, did you say?",rufous
936,Sound colour: black,plumb
48711,Whicker bowled our man next door,neighbour
42471,Set free in space with zero repressive force,gestapo
108152,Flying medal for everyone to wake up,alarmcall
97840,People in serious offence,mortalsin
95717,"Her squeak at random, caused by passing plates?",earthquakes
42601,"One of two, for example, turning up with a bit of conscience?",twinge
116423,"An animal, not a vegetable",potto
12469,Move to a new country home,emigrate
112455,Botched test creates what one can't write home about,statesecret
117875,Plant ice axe initially under murder victim,abelia
114002,Animal quarters?,hind
98307,Locks may be the key to their existence,canals
68527,"Nostradamus calling within: ""Fly from the house!""",musca
1457,It floated a company to avoid liquidation,noahsark
25623,Swimming pool with nothing under cover,lido
45729,Here president saw nothing amiss,washington
73716,"Giantess, great runner",amazon
53211,Road rage grips Pole? That's unusual!,strange
60251,Look happy to get solution to clue over,lightup
75322,Blue Planet back on telly,earthy
59806,Musical I composed with incidental material,calico
117346,Gather round fighter from Biblical region,galilean
82106,Applying polish - that's what Lancing does!,finishing
101220,"Start to crow, as very cautious bird",cassowary
117678,"Catastrophe for officer, partner to Jones, among other ranks?",meltdown
74913,Mean to be cutting down dairy produce,cheeseparing
46269,Tree that's between poplar and chestnut,larch
97594,Search for a little girl in Yorkshire town,google
112071,Catch on topless grate,rasp
95126,His enemies got fatally jarred,alibaba
102953,Superman retains interest in painter,titian
82417,Frenchman and Yank upset one managing plots,gardener
34834,Nuts? You'll need these,crackers
118091,"Deprived community's song of work comes to nowt, sadly",shantytown
1332,Very backward name of female god,osiris
126220,Way home from the inn,roadhouse
96166,Way to incorporate wood in old instrument,spinet
66142,Henry Jr. understands,cottonson
50485,Scrap outmoded books,oddment
94871,The rest of the hussies take part,siesta
6965,It's right to keep a bit back to have something for the auditor,receipt
74555,Drove police off,rancid
74580,Opera singer cries over article,callas
80825,Soldier accepting everything about the French,gallic
50507,Train ready? Go for ticket,dayreturn
65529,Lug crone to Eastern city of yore,carthage
60852,"She ""kissed me when we met"" and without saying why. O, Eliot! This is your queen!",jennyanydots
118979,Ancient Chaucerian,olde
94511,Vehicle has to veer across motorway,skiplane
12799,Foresight shown by epicene SCR?,prescience
38303,Poet's home for d___ bad girls rising to the top,stratford
110646,It's built up extensively and has a flat end,shaggydogstory
48370,"Dismal scientist: ""Dynamite to incomes!""",economist
60093,Follow the 'ounds with compassion; is that wrong?,untruth
108475,Help I had with an article,aid
97787,Estate agent with cups and saucers,teaset
16316,Struggle with fine? See below,flounder
50398,Extravagant poet?,spender
88389,Kissing Point's low feature finally submerging,smooching
16412,Apron for local tucking into tart,pinnie
96358,Frenzied macho types kept in check,vehement
95104,"Sculptures or other form of art, say, divided by working group",statuary
130868,Blue-pink endless island,skyros
140598,Organised peace tours where atmosphere's lacking,outerspace
58368,"Join, in a way, when one gets admitted in private",soldier
85651,Inveigh against medical treatment,declaim
83754,Start to make a speech without a single drink,originate
58427,Not unparalleled range?,latitude
13513,System for better transport,tote
108250,"Bankers of old played dice, in a way",medici
36642,"Very strong, but not in past or present, say",tense
105851,Historian of The Quiet American?,tacitus
129739,Courteous staff accept it,polite
28826,Laurel never a feature of Cornwall,stannary
81051,Love at first sight sought on this appointment?,blinddate
121263,Cut in gnarled tree without having to be intrusive,interlope
113837,Family doctor warns about seafood,kingprawns
33016,Suspended writer to make an impression,pendent
43544,"Like final person appearing, having left a big game",latest
58297,Delays return of sewer rat we abandoned for one,tarries
120217,"They would fight, though comrades refused?",armedforces
40427,The queen in an old corset wanders off,strays
79122,"Homework upset handsome man, hence the language",yiddish
113246,They are whimsical notes,crotchets
13812,Rich senator upset about a bit of news,resonant
105275,Capable of doing no more?,upto
98624,Surely search in combination with skill,unquestionably
83882,Audition of black horse,knight
40534,Sphere in which to commit matricide,domain
88404,"American chap, a respected politician",statesman
70020,Lard that is besetting bloke mostly responsible for enervation,fatigue
17860,They may be running the moment race is organised,commentaries
108184,"Grooved without lid, then sealed with clay",luted
75042,One's into lounge music that's sticky sweet,lollipop
35004,Create extra strain for a biologist,crossfertilise
86699,"They stuff canines with, say, two things: about as much as they can eat",toothfillings
4175,Court cases to start in northern town,consett
102418,A character starting trade needs to organise a bit of capital,eastend
22496,Gun or rot can finish soldier,tommy
34538,Signal rise in English meat sandwiches,beacon
25014,Art form that generates spirit and zest,stilllife
90273,One covers up for Tory leader …,thatcher
76168,Sort of images producing discrimination,ageism
36333,All for one person,monopolist
24695,Where to write down this girl's name,ingrid
57141,America's first couple on aircraft discarded material,jetsam
56277,Religious movement is coming stealthily to capture a saint,gnosticism
45675,Of Peruvian ancestry? Brilliant!,incandescent
20980,"Clothes drier - horse under another name, say",wringer
112737,"In retirement I try kebabs, certain to be easily excited",erogenous
32496,Shelf of software affected by virus?,windowsill
27919,"Odds may be, oddly",evens
28126,Sleuths retreating in wind will part,codicil
43238,It's natural for hotel to have a tea break,innate
60863,Icon I rebuilt in an old style,ionic
109280,Bottomless pit upset Red Guard,minder
60499,Lover subsequently put out?,oldflame
14636,"Funny story about Oriental, one spending life in bed",oyster
63546,Broken chairs in the way here by the Irish Sea,lancashire
31684,Woman volunteers to take control,thelma
33764,Slight drawl,slur
8311,Wild feline put in a pen,scatty
115330,Routine in Royal Mint changed,normality
20944,Better name reserve side,nicer
52859,French cars use this oil,essence
122745,More than one holiday destination makes further arrangements?,resorts
14136,Try to stop my old Dutch being resolute,determined
64570,Get up around noon and have a swill,rinse
42217,Prisoners closely linked at work,chaingang
47263,Crossword setter's craft,tramp
74803,Tom has these lines tangled with vine,ninelives
88346,Intimidate thousands in business,commerce
140348,Enemy broadcast 'fake'!,faux
44478,Scaredy-cat's admission to the country,iran
98911,A friend one may make much of,chum
35432,"Looking ahead, is gene changed to give new finish to Irish loaf?",farseeing
74752,Awful woman novelist has blue veins,gorgonzola
124817,Wholesale or singly stocking pipe,sweepingly
82972,"The Graduate originally uses powder in hospital, getting off with staff",dustinhoffman
141097,Ace place to go for Indian food,aloo
88042,One enthralled by left-winger repeatedly turning up as a mocker,derider
19384,"United, except a student who is single",alone
45632,Musical director finally hurried up? That's the story,narrative
68279,It's said to clash with band logo,symbol
21920,"Promise made by Liberal, one that could be false?",idol
101789,They may offer protection when a girl's in distress,railings
28501,Ersatz meat loaf endlessly cooked for breakfast,oatmeal
86292,Suggest in error Posh had dinner,insinuate
36840,Sort out line by the main character in Long Walk,stroll
51002,Indian city on a river? On the contrary,poona
102851,Smiled wryly when given the wrong directions,misled
105463,Remain in the reclaimed land,thwaite
119477,Shrink is repressed by smaller version of self,minimise
70,"Holder of a bladed item, one in dispute?",rower
115809,"Excellent double comes up, demonstrating skill",laudable
116805,Try again to work out setter,retest
79411,London life crumbles before achieving happiness,felicity
11168,Spanish-speaking area of city - except for a Portuguese-speaking city,barrio
110865,Conclusion of anonymous alcoholic - one going dotty?,stippler
81207,Rotating proton pen champion,proponent
71937,Weeps at politicians's tale of woe,sobstory
9481,Cool finish in Test,trendy
14042,Beetle to traumatise backward scholar,scarab
133212,Measure dealing with small matter of a cat originally common in Siam's stews,atomicmass
123623,I smell foul Chinese political all-rounder,imrankhan
82402,Walk all over male animal wearing shabby pelt,trample
135454,"Frightened about agent returning, did a bunk",scarpered
141267,Male in nude dancing in the centre of wood,duramen
28182,Lance accepts coppers in shop,split
1164,Moved slowly - big end's conked out,nosed
66340,"Wee-wee, then sound of explosion dropping rear for baby's amusement",peekaboo
3833,Composer with acoustic pitch,liszt
60651,Streetwise leader's entreaty to graffiti artist?,sprayer
30316,Alarm when engineers put in anything worn,apparel
13600,Best or worst contribution to innings?,overthrow
114728,Shares drug and is quite sick,equities
89542,Girl from Welshpool went away,olwen
63508,Spread phony information to one about going to entrance,hypnogenic
72722,Frisk doctor entering prison,gambol
78180,"Analysed figures but not, I see, old politicians",statists
103029,Highly planned escape route?,flightpath
140303,A nice sitcom about worker in beauty salon,cosmetician
130900,Cries of old boy wearing socks inside out,sobs
89922,Extremely talented mate with new business,startup
71254,Science endlessly produces medicine,physic
92642,Journalist's self-introduction to make a stir,impress
36103,Abeam on a ship?,aboard
123341,Support is in sink,subsidise
24786,Legend behind uprising needing no introduction,motto
47167,"'These boats have a wickerwork frame' - see, they are founts of wisdom",coracles
48096,Exercise for posture included in charge,practice
69750,"No-go in state, no-go by day?",nocturnal
96073,No kind of confidence trick is unnaturally odd,eccentric
70778,The point in running is to win,gist
55562,Artist gets bowl for plant,radish
23046,Global production in the red - it's simply made up,edam
3581,Very excited starter?,soup
23843,Knight enters sector of the battlefield,arena
20334,Christian song corrupted by editor might elicit such a question,isnothingsacred
111548,Court winner remains for hearing,ashe
120686,Withdraws from an agreement in which officers are involved,criesoff
71920,Make an alteration in some clothes? Terrific!,tremendous
91913,Chest he put out in simple joy,ecstasy
2740,Drop out of old US university,omit
132824,Cheers cross by footballer left out for one who contributes?,taxpayer
120892,Starting to embrace a lot more,tenfold
133718,Loon gets out,gents
113875,Formal description of the people in talkies,alcoholics
22726,Co-operate in production of drama and dance,playball
71845,Shaky performer in call for ardency gone to pieces,bellydancer
135410,Stench from a red flower in washbasin,lavabo
122797,"Two-way cooker to throw away at island in lake, taking nearly nine days",combinationoven
40444,Glance at half-removed scanties,scan
78814,Hotel singer keeps working round island capital,honolulu
115091,Half of the train travellers lost on the way out,passe
1540,Woman's part of mass,gloria
86088,Benedictine question with place about right?,liqueur
11547,"About to become bachelors, blow it!",bassoon
56431,English lord crashed a party in affluent place,eldorado
60685,Broke the ice when on them,rocks
51212,"Gutsy man went ahead, leaving wife behind",enteric
71465,Cut short series about to be shown in gallery,truncate
71467,"""What nonsense! Just a place to sleep,"" reflected one with a mortgage",debtor
75146,Artist employed in the mines,emin
123081,"Given little time to get a great deal, participant rarely starts to appear attractive - in …",theapprentice
111143,Men dare to change what Windscale was,renamed
59781,Bill's particular not to be seen? Bill's not this then!,itemised
128718,Item worn in shower by son of king?,mack
129164,See Zapruder film oddly edited - he might have removed guns?,disarmer
102587,Country with party one may get in time,liberia
86712,Have influence over title I am sorting,militate
70302,Help me to get a holiday,mayday
124950,"Part of engine bad, inadequate - trouble car rescue team to return",carburettor
136796,Get back into the habit of playing to lecher,reclothe
20992,Merchant seaman reported sound ahead,wholesaler
58208,Crop of unrefined cocaine going west,craw
106196,What Esau took from Jacob without hesitation?,broth
133762,"Turn to play, as I'd a term off",dramatise
69533,Gold coins used in round-the-world trips,orbits
94720,Put out man not working with child,uptheduff
7476,Summon attendant,page
66387,Let Noah produce mood-modifying drug,ethanol
42826,Drama as Father Time takes American,soapopera
97754,"Drinking, eating pasty and surveying the birds",swanupping
86017,"Double I, double K, double O, double L, a different E",lookalike
39317,Sense of time wasted knowing no bounds,taste
3007,His plight could be a warning,lightship
86463,"See something that's melted, then?",notice
34351,Absent-minded little girl's characteristic,distrait
27538,This major passed away,spades
39431,Tree with flat surface,plane
2968,Concert's ending with delicate tune,tweak
176,Mussels and lychees for starters at The Fat Duck?,mallard
77542,It's manageable when wrongly coiled,docile
26441,Dance company never gets awards at first,conga
62558,American berry grower's moving along,logan
5667,"Vessel, part of which Captain Bligh terrorised",lighter
37507,The crime of the generously proportioned girl,bigamy
124628,Kitchen oddly disposed of stores and old refrigerators,icehouses
129057,"Eating heartily, scoff as setter, perhaps?",jeweller
5168,No new gang or criminal guilty of violent behaviour,aggro
96314,"Dainty Irish thing, seemingly chirpy?",tweeting
120407,Violent desert wind in middle of Sahara leading to blunder,haboob
42841,"Variety of red wine, say, in an excessive amount",lake
15894,It's common to ponder for an informer,fink
96247,Test elastic bra and top on one running,probation
63540,"Calls for fool to receive smack, finally",asks
23296,Sunny smile?,beam
19776,Leave a milder recollection of so-called Iron Lady,goldameir
86930,A bright little pupil,beadyeye
72012,Water tower includes a receptacle for pipes,tubing
76417,"A bilingual graduate, put off but not disconcerted",unabashed
33023,Vessel for taking away Naval Reserve?,icebreaker
103477,"What's cheeky, penetrating, comparatively bold and not at all salty?",freshwater
87130,Argon is part of antidote to poison,curare
123619,"Corrupt bishop, when caught in action",debased
37937,One kills when crack troops go astray,assassin
10999,"Clumsy German, hurt when touring university",gauche
55287,Good weapon gets the once-over,glance
8517,A rock film that's not especially big on the lens,verglas
60905,Cheap stuff containing poor material,tabaret
10157,"Appeals for casual worker, a good man, to return",tempts
64753,A little mollusc: it crawls backwards when very cold,arctic
43387,Let us admit becoming excited,stimulated
29823,Origin of lover of animals (donkey is one),assisi
78848,"Chapter in Steppenwolf, or a German sustenance seeker",forager
112483,Gallery idols,gods
33127,Thoughtless Gazza initially left one German with space in goal,negligent
26043,Always includes ten on the outside,external
70992,Penalty clause?,sentence
108320,Very exciting game for occupant of bed,redhotpoker
19774,"Berry's description: graduate, county councillor and mischief-maker",baccate
60094,Lie in furrow with hunt milling around,untruth
30707,Plea to hold small party in first-class accommodation,alibi
3994,Exotic travel in space,interval
76082,Always keeping turn up in sequence of turns,revue
39176,Give the OK to insect as heraldic beast?,passant
40575,It's off south-west Scotland: except it's east,bute
121848,Those let down by tatty odd bits in trousers,flattyres
69821,Ship's bell's old first note falls within range,lutine
97680,Hardy novel about capital of Ireland - or of somewhere else?,riyadh
133459,Set One was scuppered when the rains came,wetseason
59297,Covering people with dung is reasonable,composmentis
87441,There's nothing in the insurrection leading to speculation,theorising
109260,Finder (and loser) of America? A saint!,columba
59981,Disease possibly spread by water,seaside
14341,"Choral work: ""The first word in champagne?"" About time!",motet
76335,Supporter after job,post
119628,Hindu magistrate at university in desert,rajput
63013,Part of poem about Antony leaving New York,canto
41513,Popular entertainer gets minor rise,draw
124100,The right word's unspoken in this country,motjuste
79456,After unusually nasty deed one gets caught - but it's far from resulting in a proper sentence,asyntactic
117493,"Takes the car, beetles off and whoops it up",celebrates
69041,"PM accompanies man selling sugar, without teeth",edentate
120930,Putting effort into somehow shoring up two rivers,exertion
71987,It brings the house down,demolition
26500,Crew try fruit,mango
80183,A pointless intrigue?,loveaffair
91429,"Stationery for writers, engineers and poets",notepads
55616,Examiner reported to be a smoker,censer
102694,"A South Slav doing combinatorial analysis, not limbo dancing",croatian
11886,Trunk transporters,jumbos
27638,How to make do?,compel
57401,Board transport in a violent rainstorm,entrain
121562,"Head out in car: to turn left, faced eight ways",octahedral
127802,Lover has to fight for music-maker,squeezebox
114570,As often experienced by astronauts on the house steps,freeflight
45966,Hourglass likely to be pensioned off,oldtimer
62332,"Run with complacent delight, almost",smuggle
135812,Encircle part of Britain or Belgium,inorb
57208,Film star's comparatively affectionate broadcast,fonda
81854,"Courageous display, which gives lift against difficulty",bravado
6684,Right! Name a beast evolving from the aardvarks,antbears
89968,Sweet thing isn't introduced when meeting Charlie Brown,coffee
113894,Setter's finding moose hunter's good for sticking,impaling
49782,"Players' practice over, hitched round London's theatreland",westend
102584,Nature's rich mixture: 'obi' clued cryptically?,biodiversity
96868,State - or don't - say the extent of my debt?,iowa
52543,Curve on mineral is coming up in images,simulacra
20216,What a conscript wants is new kit etc,ticket
111737,Head for lavatory - is tension breaking into location of hadron collider?,cistern
2447,"Astronomer's job, giving celebrity Georgia energy",stargazing
25882,Smooth journalists,press
84455,Burning a celebrity takes loathing at first,aflame
46601,"One who has faith in house God destroyed, sacrificing goose",hindu
73962,Backs back with those eating 'ay?,endorses
53962,"One by the side of the road, drinker boozily guzzles",kerb
11269,Chip that's passed quality control eaten by round figure,token
34107,Act as host by letter,emcee
119462,"Tousles hair swept back, then nature uplifted",ruffles
2230,Stray sheep no good in ancient city,ephesus
92427,Fail to cotton on?,losethethread
121627,False note? Ring up with promises to pay,fallacious
141989,"Support wickedness, bumping off one in proximity",propinquity
99422,Shortly to compete with notable college from Scandinavia,vikings
54657,Bitter criticism - I'd bear it somehow,diatribe
106870,Hear simple story swapped on an aircraft,tailplane
113269,Source of iron item the AA replaced,haematite
82411,Dress up for York,ebor
76710,Hunt ignoring hospital patient,case
128159,Staff on strike over computing go to the bitter end,stickitout
103242,"Agreed, so healthy",verywell
91783,Mount a siege to join society?,beleaguer
26791,He wrote about British Isles in French,ibsen
46955,Cheap papers enjoyed by students,rags
41389,Lame duck's third to make waves,cripple
1589,A sitting? Nothing's cancelled - it's the recess,apse
119541,"Here splits and twists reoccur, splitting piece of turf",divorcecourt
57510,Follower of Helios not so quick to embrace riotous fun,sunflower
89546,Devotee separately wrapping partner and himself in the middle? That's extraordinary,fantastic
103228,Jock (not PC!),mac
47892,Mule is going crazy for mixture of cereals etc.,muesli
79806,The sultan was a great guy,osman
101111,"Non-aspirational, smells bad, getting court order",asbo
18347,"Alcoholic drink, sweet without ice",liquor
140709,A later train?,afterthought
110439,Footwear on black market?,bootleg
104821,Publish that Scottish-American author,runyon
10972,Cars crashed with golden slumber caused by this?,cradlesong
71545,Bemoan king imprisoned by soldier and never discovered?,grieve
12116,Composition represented in recital,article
73407,Exhaust seen on an American car,tire
22675,Gulf that vessel floats on,canyon
16126,Handy warning to drivers arriving at Calais?,adroit
71189,Letter on top of desk is prominent,noted
11469,Keeping one's plate is a beast,lioness
122331,Extremely enjoyable new holiday centre that's in France,nicest
46704,Keen soldier on the front line?,trenchant
43630,"Present time, or one time after noon?",nonce
43947,Stones set round small pudding,sweet
76824,Worker in dock the day before taking penny in shop,stevedore
274,Get engaged to make setter quiet,mesh
81952,"Nowadays, treat it as comparable with plenty",adequate
90172,Fish taken back to jetty more likely to be a kipper?,sleepier
90959,Keep quiet about controversial plane,smooth
29939,Road over a river in the country,rural
86376,Supporting comedian Henry,with
139279,Pasquale boring? Aged brainy bits!,medullae
99037,Hate in province with rabble rising in the grip of a troublemaker,abominate
920,"Copy original recipe, cooking plaice",replica
4281,Either way it was once of some value in India,anna
105721,No end to the peculiar beat,thrum
133598,"Unfortunate youngster totally concentrated, they say",neet
18843,Reliable sort of music,rock
50349,Succeeded heading off bully in area,sector
42079,Standing order's established in this system,hierarchy
110931,"Minor error, result of crossing chicken with armoured animal, might you say?",peccadillo
86058,Girl swore when not admitted,unavowed
134500,"Print union leader, not fit for purpose, making a point",focus
20351,Prince playing for Oxford or Cambridge?,royalblue
42091,"Couch stuffing controversial topic, actually",ipsofacto
113122,To surpass score is excellent,topnotch
68722,Individual's own story of where his income went?,personalaccount
101463,Etruscan cast out as dissenter,recusant
85299,Put off by sight of French referee turning colour,deferred
103234,Overhead workers reported to Norman king,rufus
24788,Little boy in oven starts yowling in place of cat,kilkenny
27362,Ironclad rice pudding could be threatening,fierce
58748,Devote one's car etc for recycling,consecrate
80489,Dislike the journalist returning before the trial,detest
21567,"Deceives teetotal reformer, a Conservative, who done it?",detectivestory
76058,"Music playing, initially, con brio in pub",pibroch
44768,"Play instrument, backing …",loot
32062,Honk from both ends,toot
50838,A footballer stores new canopy,awning
123995,Fair in which is a tightrope walker,blondin
19211,The Castilian retains reputation for fast finish,enamel
136519,"As solver, sound hesitant to get into second-rate stuff",sherlock
128609,Stamps to commemorate Prince George's birth?,newissue
80065,Tidy up after shattering into pieces,straighten
39928,Slow start for legendary ship,largo
133803,Steers clear of second drama queen turning up to accept Oscar,avoids
80245,Small wizard railway nerd?,spotter
92892,A place for treatment where there's no dip,aclinic
4645,"During Christmas, to donate, give an extinct mammal",mastodon
120600,Suffered broken toe? See!,takenote
95427,Goddess fails to finish a first course,astarte
28354,Delicious food makes Maria sob uncontrollably,ambrosia
94060,Her kissing takes a lot of beating,gunnersdaughter
24217,Lacking capital as a result of being axed,headless
17437,Edit without day to respond,react
109946,Boatman's swallowed a number of coins,money
137613,Most needing company switched tellies on,loneliest
124053,Persuasive speech of royalist working on a farm?,pitchforking
64122,"Clergyman Paul, an American hero going to North Dakota",reverend
134800,"Uprooted old Irishman, ready to drop trousers",extirpated
50474,"Boss circulates, sanctimonious, thick",stupid
94337,Told police about male meeting bishop for affair,shebang
48939,"Ploughed fields can, without a bit of earth",arable
25707,Formal dress what's needed - I bet casual is out,blacktie
14621,"Noble is tense, saving nothing for later",aristo
99414,"Traversing Waltham, say",crosstown
54192,"About to embrace girls, touching bottom",aground
43132,Cryptically go for the sod?,ground
37366,Ascetic is away collecting money,abstinent
107865,"Where airline having joke in retrieval of, say, miracle transference?",baggagereclaim
97832,"One of fifteen, number attending party held by employees",standoff
20468,Midshipman called about the crash,prang
72375,Book for music: TS Eliot losing special composition about brother,libretto
3940,We hear it's bound to be a current variation,tide
85854,Turn down female? He won't,wolf
109223,Type with motor tested in measurements of vision,optometry
20355,Colour of prince's blood?,royalblue
39030,Old Bill nabbing revolutionary for one,aged
69420,A legal right put down and put away,alienate
32327,Tar gets nose broken in mutiny,treason
46161,Sailor on an oil rig turning native,aboriginal
98606,Stupid shape said to be due to its implant?,silicone
139832,"Man the pumps regularly, having finished the lot",ateup
22253,Committed to complete wearing a glove,engaged
29143,City visible from river on arrival,verona
56046,Lie initially told every second by party supporter,tallstory
36664,Heavenly present in a case of mixed ale!,ethereal
2328,"Infant (tiny) drops back a pound, which is dreadful",abysmal
14765,Prepare to fire a hole in old sports centre,cockpit
126834,"Dealer, one with unhappy lot, half-hearted?",coper
35066,One of the care providers?,teacher
133238,Book about leaders of note in conurbation like St Helens,volcanic
111366,"Clear the mess made by Flash, the dog?",mopup
139158,Choose the Guardian's first game in case of brief visits,whistlestoptour
101493,What people say about playing by ear as a tranquilliser,worrybeads
77772,"Work in the concert hall, having no time for mucky books",eroica
29694,Cyril's odd ode,lyric
50285,Twelve going both ways,noon
72413,Frank's one in the play,candida
95674,Revolutionary society provides dope,news
24908,Well-founded arrangement of numbers includes small space,tenable
33002,A bit of music when school's over,note
1954,Flying man?,rook
131106,"Peelers' practice of immersing the underworld in biblical content, briefly",nudism
123541,Decaying star in dock after recorded statement,reddwarf
35960,One's through keeping the noise of a little beast from the birds,avifauna
84668,Returned stuff left over from wine making,marc
6054,Blue drink,down
26059,Mark on tongue seen before a fever,scarlatina
42054,"In Kazakhstan, Uzbekistan etc, or it's in the north and south of East London?",incisor
28509,Oscar presumably eating cereal,oatmeal
132275,Exhausted when deliveries get impounded,overspent
57138,American aircraft are first that got ditched,jetsam
127627,Payment to pope or crown - either way girl has setback,annates
99506,Record the range of one's voice,register
1089,Came in to change the pictures,cinema
73342,"Zero food required, provided plugs hole",orifice
23444,Onion ring found in Jerusalem,scallion
112427,Staff complete score for instrument,mandoline
40082,"A macadamia initially squeezed between buttocks, when doing a backflip, he scored!",smetana
92443,Undemocratic Italian dabbling with tarot,totalitarian
111853,Labour leader in a hole - produce new poll?,calve
118446,Losing to drunk is a disgrace,blot
130682,Pet notes for fliers,spoonbills
125398,Journalists keeping record of TV staff,presenters
11796,Result involved in hitting a six?,upshot
43624,Occasion for dissent?,nonce
47992,Pace is wrong on the rebound,trot
38370,Rudeness is unimportant,slight
27471,Seduce casual worker over time,tempt
17819,Provided backing when company merger is failure,fiasco
97090,"Literarily rounded, more than enough topless in dress",compleat
44910,Cruise? Get overexcited!,rove
36932,"Wheels, four in number, with big guns for predators",carnivora
39057,Caught on pliant sort of plant,climber
19454,Young woman for the most part elegant,chic
127405,"Fine sound, yet jerks jeer",ticketyboo
10454,Slips when heading off naughty children,errors
42007,Drunk goes for pre-salted nuts,plastered
10776,Last year's ailment,stye
20235,Quaker colonialist on flag,pennon
112638,Isn't poet poorly? Hurry!,steponit
18301,Fail to take advantage of girl,miss
140908,"Dog left to bite bespectacled nebbish, one nowadays missing a lead?",fallenidol
39045,"Secured by screwed screws, nails come back",answer
101557,Goes back regularly to a place in Japan,osaka
85323,Confidential comment smade when team entered,asides
1205,Provide some point to a joke,equip
138199,Calibrate in a different way regarding micro-organisms,bacterial
88282,Stroll round to see the cave-dwellers,trolls
38762,"Touring circuits, clock up passes",elapses
12277,Piece left in social system,castle
110476,I transfer property and I learn somehow to keep nothing,alienor
86833,I dream about esteem,admire
51398,They never oppose head of state in republic,yesmen
38783,A western pie that's good cooked,spaghetti
58423,Scope that helps determine where one is,latitude
115406,A West Indian friar,dominican
1411,Conservative leader to suffer defeat? Time for recess,closet
55288,A cricket stroke - this cursory look could tell,glance
17172,King Henry embraced composer,lehar
22080,Weave corsets producing tension on ship,bobstays
114631,Shakespearean drink cheers,bottomsup
125982,Growth of scripture teaching among lawyers?,briar
34153,"Frequently stops with not much money raised, though it will cover accommodation",rooftop
43040,A scoundrel not worth bidding for,badlot
12601,Take out a hundred socks with a hole in,choose
97226,"""Stuff it!"" - a public school saying",stow
85682,Hard homme de lettres climbing a tree,sumach
77460,What a cucumber produces to raise the spirits (and inspirit one!),elaterium
35982,Lady-killer in hospital after project embracing princess,judith
93512,Even good ground produced this area,negev
39382,Find beasts on this Animal Farm so oddly moving,safari
8684,Angostura put out for Jason's crew,argonauts
74770,Very serious internal trouble?,civilwar
33417,"Late king finally coming out for princess, a northerner",geordie
28674,Is there no end to such a hint?,tipoff
28518,Masculine element taken into account by criminal,malefactor
6576,Soldier wearing coat with mysterious powers,magic
18159,Where groom may be found in uniform,stable
81901,Expression for madman accepting commission on island,locution
26694,Crook from extremely eventful cockney area,elbow
127767,Remaining with a certain Captain Slug,lefthook
112916,"Conductors in a body after some dinner, missing ten Titians",nervecells
48213,Half-drunk barman?,brahms
62516,The ruination of parties a sprig of mistletoe can be,parasite
107996,Extremely irritable?,edgy
8703,Saw Bill decline,adage
127583,Play Vladimir or Estragon in mime?,thedumbwaiter
103418,A tree northerners long for,scotspine
136396,Account on agency model in essence is prepared Italian-style,cacciatore
7243,Waller's rising note: I'll hear it in the Hebrides,staffa
32677,Yet on stage she might be a curvaceous performer,straightactress
104553,"Fool catches a smacker, which isn't very bright",twilit
80517,Plant used for arbours?,avens
109276,A Latin American president is just the same,alike
114411,Just the wear for prime roustabout?,rompersuit
27890,Remained (we are told) sober,staid
16763,Animal's hip described in Aristotle's letter,rhino
111312,It contains cheese spread to make a slippery surface,icesheet
55563,Ingredient of salads I'd served up in quick succession,radish
6582,"What Woodgate did with Leeds, noted transfer",letthesidedown
72850,"Salt, ie sailor, given special treat",tartrate
70718,Airline lady's mounted remedial course,rehab
33334,"Handling exotic matter, CERN regularly gets tritium",treatment
34840,He's against accepting royalties,republican
51307,Look at pupil's place,eyeball
40092,"Smuggler from isle (Lewis, say)",rumrunner
121049,People mature in a family unit,menage
107142,Weapon that may be attached to a rifle,sling
18739,Leather cloak,hide
10762,Something sharp - one with cold's swallowed the medicine,bicarb
90953,They never forget when the planes crashed,elephants
129911,Flower border carrying disease beyond back of house,effluence
50880,Financial backer doesn't win without City,losangeles
37777,A drug-taking artist: one revered as a visionary,idealist
41468,More willing to peg out in the back,readier
37612,Pride in its arrival is no sin for the parents,lioncub
55887,Rolled gold ware of inferior quality,lowgrade
131900,Makes things balance and quits to eat late meal,evensup
15794,Examined fashionable drug seen round odd parts of city,inspected
69729,"Bush, being well on right, let off",myrtle
39894,Took action against trader after outing each cheat,diddler
61979,I set core cryptic!,esoteric
130631,Clergyman promises to be acting for another,vicarious
141342,Post-hermaphrodite gender reported?,snailmail
124774,Irish girls against eating fish left over on Saturday?,colleens
40250,Local vessel that can be managed single-handed,tankard
31502,People in depression love this vegetable,pimento
91961,Present capacity,gift
120364,Numskull dashed about in a tizzy,harassed
128264,"Small number of hens, you might say, for an ice cream serving?",scoopful
26910,Essayist is framed by accessory,addison
76114,Draw conclusion - no place for the wicked!,inferno
94103,Fakes a healthy looking colour to get hugged by boy leaving Spain,charlatans
36802,"Bacon, say, last of meat eaten by short lady, perhaps?",artist
79202,Slattern with no nurse around to get milky coffee,latte
68057,No score in even game,quoits
87199,Muffle sound of punishment,wrap
87786,Shelter soldiers put up over obsolete weapon,embower
82330,Burn more than a pirate,searover
16511,Part of Bavarian song,aria
79101,The other way the old chap ran,managed
41272,"A wild animal but it's all right, a quiet one",okapi
102110,Hamper holding spare garments,clothing
52491,Girl restrained but persistent,unabated
4658,Result of making mini bats for children's game?,tiddlywinks
110235,Character featuring largely in book by Rabelais,gargantua
113937,Extraordinarily wonderful guy who could make hope surer,superhero
141826,Vehicle's run times troubled conservationists,instrument
129902,"Find fault with small, not medium, snacks",panini
139987,"Initially, our series where you may question Vishy sacrificing a queen",nandq
108781,Might prisoner meet the Queen?,power
23945,Express longing with first glimpse of the view,sight
87608,Once an island bird losing half its tail?,macau
78246,Elevates one among many,hoists
29537,One who rescues a dog,retriever
133256,"Hot dog prepared with English, fatty mishmash",hodgepodge
103736,"Novel format for TS Eliot, though he is novel",tothelighthouse
126655,"Left in south London district, going here and there",tootling
63622,Depressed spirit sinks off without energy into the gloom,murkiness
11922,Deeply involved with capturing rook in opening,intro
139141,Slovenly maid to struggle with disapproval,adimview
37956,People do what they like with it,jobsatisfaction
104598,"Artificial intelligence, holding degree: key to manufacturing old computers",abaci
104455,Straight hit in international cricket - going for a run,testdrive
27422,Steady partnership,firm
105930,Making it all go round if income short,omnific
87040,Bloody chamber vacated by setter's relative,crimson
21154,Stop wife getting kiss off cheat,whoa
77620,Novice in Alpine region? Not quite!,tyro
96385,Argument for grill,broil
131009,"Article shared by heathen, atheist and others",the
36762,Wages doubled though homeless - it's said to be reassuring,comecome
90201,"Gender is in question, so philosophical",resigned
73780,They profit from their workers' operations,beekeepers
33068,Doctor never reimposing herbal remedy source,eveningprimrose
47158,"Guillotine out to slice through vessel, sliced into pieces",cutup
56272,Follow when uncle dips into wallet,pursue
35418,Order cited in order,edict
6100,Vessel to put to sea,launch
90400,Treat disease with drug backed by crab's foot?,exopod
133137,"Relating to drink, I bloat badly - I try avoiding it",libatory
95022,Time to question the mission,task
85852,Turning tide on predator,wolf
94943,Acquire art and have one's eyes opened,getthepicture
111862,Against the rules to have one buried in the neighbourhood,notfair
26960,Has be been charged with knowing too much?,insider
75903,Eat into racket with threats at its core,dine
83132,"Dance as pair, looking up and left between them",salsa
28472,Believe credulously in bird,swallow
15579,Transport patiently awaited?,ambulance
88739,Horse which is valueless,junk
75319,They are mostly awfully coarse,earthy
33011,"Must be A, B, C, D, F, or G then?",note
109404,Impish girl portrayed in Enigma Variation,gamine
69993,"Academy's recognition for picture from Kokoschka, say",oscar
90611,Helpful girl half concealed by wicked goblin,obliging
84174,Holiday money spent abroad is raised in Houston,whitney
21785,Go back after parking to take the lead,precede
56916,Capital awarded apple,paris
127333,"Boys drink to Conservative, entertaining fellow, one playing records by Queen",tomandjerry
52783,Flower of Hebron,ebro
41195,Goddess offering wine to make man live,hebe
124370,"Caught in tornado, poor fellow's head is moving both ways",toandfro
77334,The casual worker has to move fast!,scamper
20356,Russian girl with some facial hair in North America,natasha
29127,Dairy product cheat takes absolute millions,buttermilk
94912,Is one a complete swine to go this?,wholehog
35356,Quaker's companions?,friends
42570,Twice give a quiet admonition - it's confidential,hushhush
128110,Trot around figure that's metamorphosed,reshaped
78773,Action taken by queen vacating throne that's on the cards,royalflush
52411,Send a letter at once to the auditor,writeoff
68445,Fish arrive on deck,garland
57485,Hostile incursions where the fleet lies at anchor?,inroads
42784,Turn up a pile of hay,cock
83387,Clue to father of animal?,panda
132999,Angry trade unionist abandons revolutionary ideas to become …,turninto
7550,Still not quite happening,even
141601,"Ooh! I love purchasing, initially getting cash out",shopaholic
62350,Church member finds its head an attractive person,charmer
128067,Repeating computer science with English tar,iterating
57727,"Why, some say, a French priest has the right to talk nonsense",yabber
72520,Collector's opening bid for chest,coffer
134538,Play lead in Othello as famous actor,brando
52961,Miserable Les; no German holds with backing this composer,nielsen
67397,Eve learns to change being subject again,reenslave
19732,Such trees show no great variety,bonsai
55275,Distressing twitch about to irritate,tragic
93741,Ruth upset after ruining the joyful holiday abroad,julythefourth
44496,First home international to divide most of country,initial
112761,Sidney's battle in France unfinished,poitier
42992,Cannon and Ball for decoration?,pompom
46103,Charged after having departed Roman site,lateran
5884,Little good in head worker - bad,malignant
16528,Librarian stifles vocal outburst,aria
117016,Such taste is amateurish?,hammy
129588,Male is part of the group arranged to provide lies,misinformation
14324,Banks leaving Barbados to move overseas,abroad
118541,Erotica and porn rubbished by new generation,procreation
105022,Dame Edna Everage's excellent bronze bust,bonzer
102403,Overstimulated spin doctor?,hyper
61288,"New girl gets stuck with ""dragnet restoration""",avantgarde
108273,"Challenged Catholic leader on ""Father Ted"" carries on",confronted
78404,Drive's big - what may follow?,approachshot
83157,Caught dodging racist slur about countrymen,ruralists
7230,Alien student coming in from Boston?,strangler
36849,This shows us the way outside,streetsign
139565,County towns content to leave drinks,clarets
122159,Extreme sportsperson's home on Jersey,basejumper
4116,Good number joining expedition,chaste
7547,"Description of number, but not the first?",even
83715,Boy reflects on having offended,sinned
92136,Famous place to get divorced quickly then married around noon,renowned
63323,Locks principal in reception,mane
15415,Build a lead in tennis?,setup
71909,"Having been made shipshape, it turned round and departed",tidied
100841,Bread for which leper loses heart,naan
80998,Getting on a scrambled egg with popular filling,ageing
17389,Number making heck of a racket in exam,ordinal
96145,Bacon's Orlando Furioso,lardoon
118434,"West Yorkshire town, disparate, lacking leadership",otley
105715,"One place keeps royal member out, as a rule",principle
13821,Revised diet arranged with Edward,edited
108284,The fool has broken toe,sapote
44163,Code-breaking in stately home's inner shell,seedcoat
74391,"Idiot, say, offered perfect weapon",assegai
96082,Uncommonly tight,drunkasalord
67773,Quiet holy man eradicated disease,illness
94248,Set tone with appropriate neckwear for college students,etoncollar
7738,"Posh, posh car breaks exhaust, losing power - Queen to give up",surrender
83461,This compiler going to the stake? Quite the reverse!,bookmaker
25174,Police officers once last in exams - still time!,stasis
22990,Irritation with communication system used by church,itch
88748,There's no winter without including some precipitation,snow
95829,Spirit shown by Arab facing torture,arrack
63343,"Port in northern Massachusetts, beer in southern Massachusetts, initially",salem
131817,"From youngsters (no child), huge cheer for makeover",renovation
129422,It can stop you from drinking,hydrophobia
65425,"Rough one succeeding, grabbing contents of sack",inexact
18820,Has time in fancy with the flow,downstream
86614,Pulls to one side then another,tows
117880,A suitable vehicle for Kermit?,amphibian
78721,Rows erupting over a sultanate's athlete,oarswoman
116405,"Starts to smoke, eventually saw someone tranquillised",sedated
99710,Gin mixed with some tonic in the matter of a mobile sound,ringtone
6667,Bohemian syncopation?,offbeat
114911,Masters the conversion of hectares,teachers
17222,Deep sea fish,bass
126409,"Back always taken away, it's said, without difficulty",reeledoff
94059,"Heartless king with wives, excepting last Catherine of varied stock",hybrids
32311,Point to untrained traitors mounting futuristic defence,starwars
60141,One who punts puts only the last bit of gas in meter,gamester
132853,War zone that is right away from country's boundary,front
123021,Penny and the others put back what's moved during earthquake,plate
26137,It may be called for as the situation changes,haste
110118,"Retractable shutter, a novel puzzle",dilemma
6969,Proof one's settled right round westward part,receipt
52033,Edited diaries involve Liberal PM,disraeli
122987,At lecture I see (with peachy rear) a vision of loveliness,eyecandy
36467,Duck eaten by greedy duck,avoid
111135,Helpful piece that needs no words,instrumental
84197,"Great man, one out and about the bank",gatsby
105731,A tipper distributed the old charm,periapt
140130,Scientific pioneer drinks behind empty trough,thales
80309,My sword I wield to deal with noisy behaviour,rowdyism
3995,A break catered for at Lord''s,interval
76053,"One needs capital, becoming number one in France",propernoun
48525,Get rid of pest with sodium injection,terminate
63194,Story about journalist on top of the world,elated
72011,Annual time to arrest,yearbook
126708,"Charlie gets back around mid-morning, overdue - turning a dull grey colour",gunmetal
68006,Poles go round thumping loonies,nutters
2339,Force large drink on loose talker,gossip
135428,Irresistible filling of tenth piece of cake,enticing
7277,Drug brought 'rush' for each self-indulgent person,egotripper
7180,Republic one's established inside another,indonesia
49495,"Mixture to decant into pan, covering for ravioli",potpourri
14054,"Finish drinking with actors, a bit depressed",downcast
15643,Limited edition is about great inventor,edison
45584,"Georgian building, perhaps, with water laid on",bathhouse
118246,"Play game with energy, holding lead of Dalmatian dog",toypoodle
125024,Conflict in which countercharges may be decisive?,pricewar
83354,Second person involved in family outing,you
72472,We object to long period of employment,usage
116925,Deepest part of script in story likely to crumble,friable
1181,Contemptible person steals one from a woman,louse
110338,A thousand demands for foxes' heads,masks
18491,Woe is me going round on reduced public transport,misery
101405,Eating in almost dingy surrounding,dining
101007,Serving soldier,batman
94928,Flourish of Carmen's creator,prosper
80927,Church Militant?,templar
82034,Thin slice of meat less well considered,rasher
30861,Name for river in Flynn's register,enrol
42783,Bird sometimes under the weather,cock
138555,Where they scientifically test Corbyn's speeches?,laboratories
71999,Bunter's form is to change houses,remove
77996,Military encounter in the fashion of the moment,alamo
131736,One man begged to be moved,impressed
28034,Skilled worker and master in reconstruction,tradesman
2872,Scream as disturbance results in blood bath,massacre
7924,You do what you like with it,freewill
113480,Painter of body of land in the Seychelles,sisley
105254,Loafer vandalised plants,florae
107672,Constant puffing - evidence of frantic cycling?,chainsmoking
2801,Hair preparation doctor uses after treatment,mousse
67316,Drink to huge success involving Pole in drink displaying decent conduct,sportsmanship
48027,A case of pin and needles,etui
82053,A singer poorly with two new heads - it's catching,ensnaring
33515,His work is bound to receive public attention,author
7326,One upper-class twit,unit
56077,Passes on the foreign fuel,diesel
127047,Songs terribly sad after dance,ballads
14953,A course at Oxford,isis
93751,Beat up workers in sober performance,enactment
70399,Lines of ten numbers reversed,sonnet
109994,"Thoroughly wet turtle, half engrossed in swimming at sea",saturate
35060,"To conceal meaning of record, PC had to swap two letters",encrypt
19877,Holidays that fall in the autumn,leaves
38522,Story about an island race that's mere gossip,tattle
104037,Careless to cut into eye,sloppy
113007,First man in right key,opener
1348,Take a revolutionary step in attempt to procure material,tapestry
26164,"All the players express mild disapproval, before taking it back",tutti
33946,University in the country gets representation,statue
93472,Common umlaut design,mutual
86514,Civvies reportedly miss it out,mufti
20496,Mount finest horse,bestride
85418,Idle pate,loaf
40405,Without exception one's abandoned building,barn
119651,Time to hold court - start for London on foot,dactyl
129989,Edible fungus - upset after eating it?,shitake
20849,Burden of success for Tiger Woods?,albatross
21794,Cricket's appeal?,outcry
4872,"In Spain, the goal appears delicate",elfin
38104,Young female animal in fiction,lassie
109431,Traveller's joy seeing damn bad loser upset,oldmansbeard
83079,"Lap dancing, familiar actress shows humour",placate
80357,Manual worker translated Mao sonnets,stonemason
88167,Device used in bridge,spanner
27759,A way through on foot,arch
139575,Son ungrammatically accepted bet,staked
108826,Ground near Selby that's out of fashion? Kiss performed there often,blarneystone
6456,"Having died, learned to strike out",obliterate
39171,Clothing to boast about,garb
9959,Olympic diplomacy avoiding this being read?,riotact
128551,Where they have female grooms?,hebrides
50691,"Brave, attempting the banjo?",plucky
115570,Key person in society joint is very bright,shockingpink
89706,Artist going to bank once in a blue moon,rarely
39189,Sign of life after sappers drive back,repulse
39105,I learned one's maybe bust,image
40184,Remover of heat makes Tory less intelligent,condenser
128269,They turn hummingbirds jaws without resistance,offbreaks
59001,"Restraint for animal, or ring in its place for a bull",noose
71574,Shah's man in Sparta murdered,satrap
111856,Left in hollow to give birth,calve
25900,Somehow air tele-workshop,atelier
43810,"Line crossed by me, not an inhabitant initially",settler
83163,Put flags on battered red ship,dress
134527,Unpublicised fact about golf championship that everyone knows?,opensecret
109549,Test cholera out in filthy hole,earthcloset
63895,Jailing fascists caught in specious activity?,confining
13557,Exercise in Art Nouveau,train
106291,Mail sent astray produces complaints,ailments
22843,"A resort of sound film, audio-wise",torquay
31154,Catch navy in decline,snag
86410,"Stalwart Tory earl shunned by Camilla and her old man, mistakenly",haroldmacmillan
90822,Do a number of jewels make a fair vehicle?,dodgems
63453,Reduce the impact of American greeting that fool accepts,cushion
121871,Top champion horse raised,murder
123511,Birds with glossy appearance heading north - half of those off course will be trapped,kestrels
64103,Motley collection causing little woman disgrace,joblot
41492,Kind person of a particular sort,type
46200,Use iron for part of computer,chip
111921,Rook takes heart from others - because these birds won't fly,rheas
21805,They are hot and cold - that is the start of something,chillies
51872,Rich and having the power to fire,loaded
34305,Try hard to produce melody,strain
74416,Spanner used by motorists,roadbridge
68720,Penguin's blueish ruffles breaking up pair?,publisher
84048,A halting apology?,lameexcuse
17989,Shady nook concealing old bishop's debtor,borrower
101720,"Cromwell and co., say, in charge during journeys",regicides
6903,Cover small vessel,span
9652,Opinion held by Left and Right,tenet
6510,"New after change of leaders, fleet is fast",ramadan
41330,Church keeps lists free from impurities,cleanse
129017,"Inexperienced male put into position, inadequate person lacking substance",strawman
112957,Turn against at all times,veer
71977,Let learner driver move gradually,lease
102120,Consequence of queen tucking into cooked eels,sequel
60156,"As a heretic, worshipping cricket, perhaps?",insect
124252,Rubbish about a Scottish island where you'll see Christians regularly turning up deluded,paranoiac
134725,"Homework holding me up, little time to get in before the rest",preempt
127070,Get the better of berk at Balliol?,outwit
137969,"Looked up on the web: ""Move both ways, under direction""",googled
107355,Cut from yesterday's joint?,coldshoulder
97996,"Always three feet short? Yes, as usual",everyday
82580,Copper in dealing with fur is not wholly lost,rescuable
36535,Clement's penalty,fine
126157,Pen name for Proust's hero,swann
1034,Frying in these? About time for brief garment,hotpants
49799,Window put up in terrible ironworks,oriel
81716,Sign up before Head of State comes in,enters
71518,Friend coming out of the river will be reasonable,moderate
64000,Segregate something that may be present,easteregg
50131,With the last one you've had it,gasp
88308,Pager perhaps causing apiarist to emit cry of alarm?,beeper
55484,"Analysis of what's wrong in digs, as nothing else can be seen",diagnosis
91863,"He noted essentially: ""See Kim Novak in disguise across road""",verdi
37576,Increase pitch of instrument in three different ways,sharpen
99063,Weather-beaten but carpeted?,rugged
37862,Exclusive command of the game,monopoly
74978,Outburst unfortunately seen by disheartened Zeke?,sneeze
99381,Guardian supported by American in prayer,angelus
63792,A charge will be made for this case,cartridge
51611,Peter Pan?,piper
46444,"Dire rep players ""like concrete blocks""",precast
37797,One acted on making protest,object
21634,Volunteers having to hang around a large area once,tartary
23273,Initially confine raptor in hood,cowl
120340,Sailor not fussed about cutting hair,tonsorial
2544,Buoyant whale riding in front,upbeat
100207,Covering lieutenant's rank being put up,shelter
120706,Haitian settler brought back narcotic (ecstasy) stuffed in duck,gourde
119792,Scour rocks after meat and drink,lambrusco
59517,Four-letter word used by Margaret raised with final twist by model,tetragram
70340,Most of city girl's old song,madrigal
41285,Shelter in shady spot after end of March,harbour
109745,Marriage of French betrothed in the resistance,defiance
60553,Way call-up is put together is lamentable,pathetic
69397,Start to show to advantage,setoff
41899,Piece of Beethoven in the Choral,ninth
81045,"It's suggestive of repression, by George!",orwellian
49451,Radio makes sound use of them,effects
6526,"Sometimes boys win, girls lose - or it can go the other way",swing
37842,Something fishy about this duck? Try some old port,bombay
132395,Fit? Yes! Possibly spirited,feisty
39835,Delicacies half-cooked by hero,elcid
15113,Complaint odds have been switched,murmur
33906,"Returned, somewhat disconcertingly, to the compound",nitre
87149,"One might treat this model, picking up Penny on important date",therapist
48816,Stream in university to produce a painter?,utrillo
76158,Various kinds of person entitled to a pension,manifold
56883,Journalist gets chop,hack
76505,Clothes may be spared,drapes
103867,Israeli prime minister finds British getting soaked?,rabin
10294,"Some news, a bit of excitement",item
63618,Commentary about the mother of two monarchs,remarking
96493,Garment for Wayneee and Terryyy?,longjohns
37794,Article evoking protest,object
119138,Top flight writers long out of fashion?,quills
61780,Scots girl from Zimbabwe,shona
134414,Wee small hours? No!,minutes
31197,Street name needs changing - it's a bit flowery,stamen
24907,Board admits points can be kept,tenable
68632,Naughty hog intent on getting food!,yoghurt
62733,He dresses Mother and Child,mason
27824,Spurs' nightmare - a fragile defence?,eggshell
22274,She very much values chap with access to money,treasurer
116155,Distance travelled around university with first piece of chewing gum,mucilage
128439,Famous last words initially covering a weakness,flaw
4421,"Cow, perhaps, a pest on the lawn",buttercup
30345,Opening base sounds truly brilliant,silvery
128680,Pen secret deception?,falsepretences
126243,Victorian singer not finished with vessel in old European capital,melbourne
17514,Bit player gets former friend to go half way,extra
59836,Provocative person canonised criminal Jack,stripper
109774,Current study replacing first in Divinity,rheology
69316,"Scenic tone is seen initially, working to provide harmonies",consistencies
32170,"Number Ten about to be occupied by Whitehead, the scientist?",newton
5146,Organises us a minder - for a small charge?,nursemaid
43795,Dr Hill has transport,motor
45320,Drink abroad and get out lots of drink for game,vingtetun
79328,Nearness nearly results in tangle,ensnare
93047,Cosmetic for girl entertained by libertine,rouge
77955,Be glad about James's announcement,rejoice
49048,"Crawl into water, good animal",hedgehog
116889,"Copy felt bad, so told off",reproached
88265,"In the current circumstances, fool takes one in",asis
16382,Doctor again involved with point of sewage system,drainage
57535,Vegetable containing a drug results in farcical performance,charade
28146,"Bird with grit, a music-maker",sandpiper
113260,"I concentrate power, as moderate protecting a Liberal",centralist
74578,Working hard with officer in Cabinet,chiffonier
89251,"Dog gets to lie with dog, both bottoms wiped",fido
16001,Edifice of English bishop,temple
100176,"Expert with special interest in Sheffield Wednesday, Norwich and Newcastle?",ornithologist
43901,"As Turing deciphered Enigma, initially used to identify someone",signature
6191,"Two characters, both Poles, in European city",essen
53442,Indian nationalist heading for reform without English involvement,gandhi
109451,(first place) Piece by Piece,particle
30275,It's worn by sailor in a blow,habit
79740,Good and bad,wicked
36718,Detains suspects,apprehends
12789,Corner portion turned over,trap
45550,Put up in church but it may be loose,change
95811,"When speaker is introduced, lady freezes",moratoria
92964,"Not stormy, but quite changeable",quiet
72678,Wheelwright's representative?,spokesman
102901,A graduate ordered don to beat it,abscond
72533,Creature to stake a territory,anteater
39751,Break up book with gloomy oriental covering,dismantle
71919,"Paint a toad, which is not exactly fitting",adaptation
120981,Speedy boat turned up having caught nothing,tonup
25891,Smooth journalists importune crowd,press
57149,Point at end of cone,east
118332,Lay to rest in loo youth wearing scarf and gloves?,winterclad
6852,Hotel in attractive position,niche
3071,Horse rider always covers slit in jacket,eventer
32257,Wild West Indian right for daughter,barbarian
140333,Monastery gambling with a million that is shrewdly invested,smartmoney
51821,Learned man tripped over wife,fellow
88142,Keeping paste for Christmas morning?,stockingfiller
20015,Student able to change designation,label
15862,The way in which political journalists sometimes speak publicly?,downingstreet
59368,Faith in chapter on instrument,creed
99701,Proof of crime in newspaper - monarch grabbed by cat,smokinggun
2707,"Bible translator, the first person in French and Latin city",jerome
69554,Stress it's money on account,accent
11572,Beaten miner agreed with the police,gendarmerie
61253,Upset star and make-up people?,avon
127249,"Finding damp round pole, I believe all's one",monist
62619,Preparing for exam? That makes a change,revision
42512,Cadet drops in aid for driver,trainee
67183,Do away with tax,excise
137494,Hiding case of luxury gin? Silly moo!,lyinglow
108858,"Cleaner? One does up Oxfam, Barnado's etc.",charities
96577,He'll tell us when it's over,umpire
133585,Elegantly decadent discovery: unnamed licensee has been sacked,findesiecle
1747,Key pattern on a guitar?,fret
5930,Nothing in the meter? Far from it,remote
96814,Cheese curtailed by death,demise
11014,Dog left to play with stones on the ice,curl
94658,Development that's gutted George and Victoria?,gestation
17605,Practise agriculture in religious community and produce flower,fritillary
37546,His word is law at a court assembly,autocrat
14529,The power of each royal is paramount,reach
52886,Bush mad? That's about right!,shrub
71436,Island capital served by less bright medico,palermo
89453,Reptile that attacks people in the street,mugger
41294,Like where it's right to wear a sun hat provided by the state?,tropical
66478,Confused sunbather misses bus to capital,tehran
57374,"Two US leaders, Australian long jumper and Spanish golfer left gutted",roosevelt
102989,Lots of food on board,stacks
77970,"Gallic arrogance is hard on Balzac, perhaps",hauteur
45211,Put up wager with gold sovereign,royal
91323,Reference works from which man copied wrongly,compendia
56716,Head profits from a form of taxation,capitalgains
10793,"Last year, contracted medical problem",stye
41910,One thus may show soppy demeanour,enamoured
52608,Opposing sides of Northern Ireland's county and politician appearing orderly,trim
139472,"Frantically on the go, I see, like the Houses of Parliament",neogothic
101515,Dull advertising comprising small bits with no heading,prosaic
31344,"Firm in the red? Just the opposite, I believe",credo
78036,Idler tore around? Not right - dawdled,loitered
1584,Processed peas found in church,apse
134684,Redevelopment of East End integral to total object of perception,sensedatum
127887,Par for Windsor flag?,royalstandard
102807,"Two or three prepositions, altogether",intoto
123275,"Call ""drink's ready"" before driving",teeup
73154,Diver recoiled from iceberg,grebe
46675,Fearful of cut in wages,panicky
81417,Slightly exaggerate an account and blush,colour
46081,Detective uses bug to catch copper with gold,inspector
42006,For each journalist finally admitted getting drunk,plastered
85758,All tense at foreign hotel,thelot
81829,"May be ten out of ten are docile, playing in friendly agreement",ententecordiale
89513,Cross? Could be a pet,lurcher
27311,"Navigational aid, with top missing, is still in use",extant
5821,"""Lift the beams"", we're told",raise
18775,Hothead in Chinese secret society gets the lash,thong
70374,Always be brave and don't worry,neverfear
14594,Something cast in gold - the last word in France,adieu
29037,Places hosting one's fights,resists
80237,Beastly accommodation for Spooner's beast with squeaky voice on steroids?,monkeyhouse
117392,Emperor and unruly kid at home,themikado
86731,It provides no latitude for the navigator,equator
131293,Former student in manual work,alumna
22494,Capital to hear tom-tom act,katmandu
56484,Stretcher made of sandalwood?,shoetree
79443,A name conferred on leader of totally imperial rule,trajan
77739,Significant base in Gulf disorder,meaningful
25468,Complaints made after professional matches,protests
123656,"Removes waste material, say - Steven Spielberg's opening sequence dovetails with film?",egests
3885,A kind of English flag,standard
34619,Bishop's shoddy accent,brogue
53071,Skilled apprentice in Lincoln,able
137394,"Writer's account, one side claimed, not at all measured",alcott
103316,"Book, or a bishop, or a Pacific island",borabora
139559,Botanical expert with itemised qualifications of female scholar?,herbalist
49331,An examination involving several questions,catechism
27540,Ground-breaking quarterdeck?,spades
50544,Advantage at which disagreement arises,odds
126114,"Wife, decline to carry on!",wage
39217,Small creature captures heart of support vet,inspect
31987,Sort of hats we put bands round,swathe
19791,"Piano is left in back, an oversight",slip
96179,Art dealer's conclusion: jazzy stuff collected by highlander,garfunkel
113543,"Following river to channel, I have to find high position",executive
45868,"You'd be done for, being laid out by such a professional",undertaker
29748,Sods can fly? Unlikely - there's little substance to it,candyfloss
90861,"Top man, by not retiring, starts to lack authority, increasing resentment",tonyblair
47069,Principal fixer,staple
49467,Fielder caught a few balls,cover
140357,Rash came up on legs and heads,roseola
103346,Muslim ascetic put Queen Victoria's head in bowl,dervish
10145,Stupid baronet plunged in river,obtuse
11855,Shortage of nitrogen up-river,need
106010,"In Mexico, peninsula having whip-round for foreign currency? On the contrary",yucatan
121843,"Dog when kept by Disraeli, say, familiarly?",basenji
104408,"State number being brought to head, having taken drug repeatedly",tennessee
133947,"""No more pills!"" - birth control campaigner",stopes
127086,Wrongfully take them in as killers,hitmen
38164,A drink for the doctor! Anything at all!,draught
20072,The defendant also made charges,accused
133511,"Glandular infection's outbreak, one about to be caught by tot",adenoid
99334,Old exercise about to change and quicken,expedite
93376,Largely off course about sanctimonious little man returning with plant,aspidistra
12950,"It's unusual, Marilyn, but not unknown - have it out",italianvermouth
90247,To get a number in Smith's place is divine,forgive
31200,"Flowery organ, one in canon ending at prayers",stamen
138016,"On foot, they're bound to steal from depots for Spooner",bootlaces
124488,They may be jolly good in crew not heading for Wolverhampton,rogers
70122,Punch about the body,belt
46899,Game of wits,marbles
41652,Ally in war zone's weapon there,napalm
136860,Dogged policemen?,handlers
24023,Audition not just for the bride these days?,hearing
77101,American trapped in device for capital punishment,impalement
10513,Main inhabitant has work after a month,octopus
71763,Further education class on computer work - why it's monotonous,uniformity
103825,Brand of squash,stamp
1807,Untypical examples of games,sports
114967,Birds don't start fighting around edges of the lake,ullswater
16617,Reckless person pulled up short,hotspur
11405,"Old standard? Colditz, for example",oflag
85218,Emanations of a primitive primate going quietly,aurae
51808,Group of office workers about to supply part of computer program,loop
54293,Wound up like a compass?,needled
42499,Artist keeps a boat by the bank,painter
60402,Plays around in company dance,calypso
10964,Trial held during Mao Tse Tung's revolution,test
39031,"Being old, agreed about being dropped",aged
65235,Sisters burdened with old names,nouns
171,"Commercial opportunity opening up, of course",newmarket
125026,Done to death?,executed
102319,Confined space?,quadrangle
141964,Not to one's taste and bad for one: two severe blows,oversweet
38612,Tone of green state party after eggs tossed,avocado
51204,"Find all cleaned out - the fruit of war, it's said",declineandfall
25614,Hilary's husband allowed to retire,mantel
104539,Trees - that's his fixation,shittahs
116498,Faith school in French city erected by a railway,seminary
83594,Force to renew involvement with fruit,greengage
30947,Back English measures to score a duck,smee
94988,"About to go in wash, underwater one can't do it",breathe
139749,Present of diamonds possibly overwhelming doctor,submit
140438,Suit(e) trio,threepiece
102321,Prison dispute heard in courtyard,quadrangle
93021,High-speed diet?,fast
25679,Log on Kirk's star-ship only half complete,enter
91078,Steady! Unsteady rider needs a fling,girlfriend
123203,Spirited gadabout swallowing bone,dashing
128272,"After a little rotation, sharpen the file",dataset
18412,King turned to Emperor for Italian dish,risotto
100148,"Silently indicates the difference between ""forwards"" and ""bellicose""",nods
141138,"Putting self-portrait on display, bashfully",hangingoneshead
95750,Duck from down under about to be introduced to west,zero
1256,Superior woman to crush and escort to the door,usherout
83033,Finish military training and faint,passout
59139,Rolling Stone always provided work for him,sisyphus
46419,"What we put in for a rise, as yet unsettled",yeast
48572,Crooked practitioner's almost heading for emotional breakdown,shyster
107180,Deceptive skill shown in composition of endless German lieder,legerdemain
41093,It's useless putting catmint in it,inept
120614,Ponder o'er strange formation of spaced-out men,openorder
108764,Support a rugby player,prop
71085,Destroy reputation of French nonsense,debunk
124960,Late riser hit the shops?,retailers
78076,"Lie back, having eaten - whacked!",biffed
7064,"Artist without art, sort of arresting",ingres
18092,Man in headgear of little value,cheap
95514,Wildly met relations outside with explosive outcome,semtex
25670,Numbers of computers in temporary home,digits
132236,"The world his stage: filled with cold, he'd become a fifth here",jaques
118892,"Flaming, as red",bloody
138632,"Nurse, a beauty, stern inside",lookafter
59642,Father waits outside for fruit,papaws
12455,Appearing on different channels when performing in concert,multimedia
29435,Agree to form a colony,settle
16688,Wilder's comeback in comical Dear Outlaw,renegade
61925,Cattle round-up was carried over,rodeo
49447,Formerly stout model,example
130684,"Newly-delivered cargo brought over, including last of money and diamonds",dayold
54011,Two card games one may come across,pontoonbridge
704,It's clear from Dover to Calais,overt
37598,"Hot leaves, grain and aromatic consumed with elemental battering",weatherbeaten
99325,Some grates are designed to save fuel,gasometers
112774,"Hollywood, where thespian ultimately is after money, lowest rank",tinseltown
141390,Invitation postponed when sewer inspection fails to start,raincheck
62343,Empty space on island to hide,secrete
99436,As iron is wrought for sure,ferrous
21117,Flourish in US state prison,ripen
11425,Hangover chiefly to restrain incipient corpulence of the stomach,gastric
135788,theguardian.com is one no man made work,domainname
138534,Submarine group very hot,searing
23962,Outcome of set rule endlessly applied,result
17138,Strengthen and control troops,reinforce
111138,Chat about following that is cold-hearted means to suppress rising,icebag
102562,Cheats seen -- watch pockets,fobs
106771,Hospital with a fence sunk by Paddy Clarke,hahaha
11491,Lure using trick outside someone's ’ouse,comeon
139022,"Side finally leading game - having changed side, won again",regained
13996,"Besotted, they pop without introduction up chapel!",thehappycouple
16458,Afternoon test,exam
13900,Type of order sent with letter,enclosed
26692,Formal greeting in Spanglish joint?,elbow
97941,Precise form of culinary instructions,recipes
69884,Poem about dead woman,lady
140243,Bother in big house having a plant with narcotic properties,mandragora
7448,Showing disrespect in the waterway,insolent
38903,"Where to yawn, when it's late",behindhand
51266,It's important to get out when carrying information,exigent
19818,Hang about to see the Queen of Italy?,loiter
91318,Short-time employer of vermin catcher,mouser
256,After endless affront there's a right to be detached,insular
40146,"Boy cut by crazy inmate given protection, in a way",laminated
102581,As head teachers collectively enjoy,nutlike
82780,One may turn over in bed,spade
117289,Rosemary here? Gig's beginning in where she normally drinks at lodge,herbgarden
131670,"Introduced to hunts, minor tragedy at first beguiles",sweettalks
63161,Cold after the start of a month is rotten,septic
85423,"Bread and butter, possibly",loaf
122591,"Marking on baize, plenty of casual designs",doodles
64128,Vicar's right and always on target,reverend
11445,Leaders of Yanks always left their allies conferring here,yalta
26193,Chips are heavenly served like this,seraphic
64730,What train speed may turn out to be,pedestrian
112034,"Circling eastern enclosure, mount rose sharply",steepened
50895,Marriage guidance service for clergymen getting their ends away,relate
35956,"Good heavens, my jo! No doctor in the house?",byjingo
113085,Some great construction?,gasometer
124373,Gets hold of Greek snakes,grasps
78232,"Say farewell, having heard Scottish runner split",takeleave
105195,Morning drinks next to small pit,abysm
6143,Notice split is loose,adrift
79420,"Male involved in provisions for the table, right?",farmer
141076,"Airman is back in line in bedlam, born to oversee vessels",bainsmarie
50991,Wants to be seen returning about five hundred,needs
44461,Ape hides article in top branches,canopy
8617,Try while there's time to get in one's last word,testament
46731,Swimmer that is holding party for Nelson's talent,brilliance
102850,"Man, say, appearing on Monday - many beguiled",misled
58773,Blighters start to court publicity,cads
11617,Tug of war team member weighed before departure,anchor
109286,Domestic workers to whom mugs are taken?,cleaners
17781,Metal press,iron
89829,Leader embracing endless looting gets endless hanging and you can tell no-one's making a row,hearapindrop
78339,Preparation for documents once Spooner's transporting luggage,sealingwax
8464,Monkey given drink,saki
30061,Did it attract boys to Bunter?,magnet
126768,Verbally attacked by man of God over shoplifting,reviled
85129,Return of old king without note in a group,enbloc
120092,"Off-road vehicles carry fruit for horses, typically",quadrupeds
21165,"Part of body of actors, or players",torso
73547,Dish out pies cooked by daughter new to the Home Counties,dispense
15112,Repetition of odd upsetting medical abnormality?,murmur
940,"Fruit bat home? Not in, definitely out",plumb
36414,Party being organised,binge
39976,Rose like a parson in a pulpit,rambler
60825,Marine life in Guinea?,squid
53964,Bile gland trouble can be shocking,liverail
2581,"So slim, mobile and supple",lissom
110467,Various components from USA installed in a volcanic archipelago near Alaska,aleutianislands
65543,Greek character to shock bird,nuthatch
31683,She made her name in production of Hamlet,thelma
76171,Is game playing a bias against the elderly?,ageism
6291,Making water hot for band,wreath
29508,The others have sound rule for control,restrain
11505,"To the audience, bend over darling",beau
94563,"Porous rock, pale blue with iron and a touch of radon",aquafer
64318,One's macho in silly hairstyle,mohican
87642,To speak of nobility is fruitless,barren
60676,"Cuba always will accept travel document? On the contrary, quite the opposite",viceversa
117380,Transplant donor pool - my free way to a quick buck,moneyforoldrope
88609,"One's played blooming hard, pirate claims",mouthorgan
8852,"Satisfying drug, as in cannabis, for example",pleasant
22252,Busy but still agreed to get married,engaged
71970,Let energy fields come first,lease
73125,"Setter's just the thing, having polished off ape",imitate
98813,Guinea pig cages with limitless space,cavity
91091,"Love lies bleeding, but it never fades",amaranth
66078,"New arrival is ""in vitro"", perhaps",visitor
21030,Bird observes its predator swallowing hard,chat
36778,Jam is what you're filling with hair,gridlock
65571,Car plant,lotus
73199,"Ban hare coursing, a Cuban speciality",habanera
31311,Standard is incessantly naive,evergreen
9400,Good-looker redresses wrong after trouble,adonis
55481,All agreed to distribution of a union sum,unanimous
37773,Dreamer sailed about in it,idealist
38727,Herb loves holding Shakespearean,oregano
123610,Cryptic giant having joined Times - has he?,enigmatist
59960,Not off in time for worship,honour
12808,Put it on to stop most of family nonsense,kibosh
91034,"In brief half-light, stop to catch first bit of warbling - like this?",dawnchorus
96210,Family man briefly seen with a daughter - barely so,unclad
111127,Dispatches produce merriment on board,slaughters
36838,Constitutional Senate leader's an ugly thing,stroll
42713,Dexter by the book,right
119620,Fellow following Judah's son continuously,onandon
78964,"Attentive old boy, the butler?",observant
11704,Run caused by panic in the stock market?,stampede
12933,"Travelled on boat or horse, say - preferably the latter here",road
60583,Sadly spoil cape of a bishop,episcopal
43104,Track a bird,rail
134040,Jet noise ban,pitchblack
45448,A mousy grey,ashy
8350,The Odyssey is its destination with king in charge,homeric
28078,"Ultimately joyless sex in retirement, tender embraces from behind prove unsettling",disturb
38322,Blame a financial institution's greed,rapacity
118136,"State place with enclosures, which has vocalist buzzing",kazoo
133419,Anticipate turning over of repeat,forerun
68537,A student veto on being martyred,alban
22530,"What to do with dead ringer? Go easy at first, blossom",canterburybell
55870,Code in English almost impenetrable?,ethic
59311,Cryptic setter's not getting love tablet: something for sex drive?,testosterone
142124,What Scot does in street - refuses to budge,holdsfirm
11130,Purple and gold mixture of beer and gin,aubergine
111726,These officers end by leaving James Brydon out,majors
7149,"Effervescent powder hardened around mint, perhaps",sherbet
105268,Guard ordered to breached line,sentinel
113360,"As material, get serge or get terry in part",georgette
100437,C-clamour around a French port,dunedin
47666,Type of wine,ruby
30303,"Devil is cruel, if disturbed",lucifer
112225,Overplay muddle over old Frenchman,parleyvoo
43017,Want pig to interrupt junior theologian's old teaching aid,blackboard
113146,South American admitting new crime over instrument,snaredrum
100949,"The French miss the wine, including one produced first",mademoiselle
54650,Stream of invective over assistance at race,diatribe
87131,"Something reddish-brown, very red poison",curare
92109,Domestic had a mind to cook,handmaid
14114,Responsibility for tax,duty
132545,"At sea, so plunders magnificent stuff",splendours
32685,Trainee pet bites revolting little man,cadet
51153,Cool chap with the force has battle with militants' leader,lukewarm
123370,"Meagre agent concealing misdemeanour, almost",scrimpy
8773,Go for knife,stab
114498,Mystery of exclusive order?,closedbook
87145,"Most unusual, smuggling dope in threatened area",rainforest
127801,"As to that extent, very deep then?",insofar
30333,Constant contributor to employ alumni,loyal
129313,"Presented headless first, it's said, for the dead came back",riposted
4419,"A flower that's yellow and black, say, is given a prize",buttercup
124688,"Make a horticultural graft, caused by chain reaction round tip of tuber",inarch
35528,Publicity given to official run,administer
96118,"Coil of ribbon, which follows Regulation N, we hear?",rouleau
45399,Get hot about Constable - he's cool,hepcat
97059,Caught hams switching at the back for operating valves,camshaft
24145,The favoured way to cover the ground is on foot,instep
30820,Green brought over into blue via navy,naive
139245,"Woollen item pulled up, one lacks pants with kilt for a start",anklesock
20094,Odd bit of canal that's turned?,offcut
123596,"Scottish, might you say? That's funny!",jocular
80042,Interest in soldiers' act,return
55551,Fictional sleuth dealing with transport,rebus
105321,"Without question, old books deteriorate",ontrust
63321,Frozen fish left inside,cold
8859,Staff society,club
50523,Unbelievable performance of a drunkard?,staggering
2158,"Orange, say, ending on purplish flower",house
6292,Defect in porcelain has Oriental in temper,wreath
72385,Firmly attach Lancashire town,bolton
43742,Rambling with company in a natural setting,incoherent
83966,They could be tied while waiting for release!,tenantry
38466,Rubbish sci-fi film watched after promotion,waste
97714,"He'd a treaty drawn up, poised for action",attheready
2137,"Having failed, pleased to see passed",elapsed
52547,Group that's left in dark,unlit
43160,Sally is girl needing a head transplant,raid
36226,"Worship Araucaria, say, with a quarter going for Paul in the US?",revere
95741,Type coming first in cut for source of cash,milkcow
33647,Undertaking a speech about training,operation
120660,He's in charge of rigging sterling over in Balkan region,bosnia
52490,"Girl taking time out faced the bowling, no less",unabated
110143,Determined loser backed pick-up down under,resolute
63167,Favourable maternity report for Mary's husband?,bothwell
66041,Justice obtained by a soldier in various matters,magistrate
117075,Work to repeat work,operetta
87397,A beast's childish game in progress,tigon
134992,"Paul's a pothead, stoned somewhere in Sweden",uppsala
100564,Metaphysical poet queen included in her speculation,herbert
62036,Cardinal accepts Protestant ending of the service,matin
58278,"Green turnover, the sweet of Napoleon's exile?",dupable
109189,Come across behind horse,bumpinto
27067,Speed created when centre of star drops out,celerity
13198,Ways artist can go around the side,arsenal
43456,Useful when boy goes to hospital,handy
41601,Party axes stars here,galaxy
97670,"Immoderate, but natural to snatch Dior creation",inordinate
11903,Happen to come across sum left for old teacher,aristotle
92159,Mythical vessel written about in biography,argo
86908,Comment of friend on the web,woof
46187,Taken up again with Frenchman and got married,renewed
68532,Once sober geezer who reformed?,ebenezerscrooge
9911,Sweet to eat something fragrant,aftershave
115519,"Discontented fairy keels over in pub, leaving the rest standing",byfar
57218,Kind of thinking lacking a thread for dreams coming true,wishfulfilment
132634,Muscle spasm produces acid sort,pectic
120002,Underwear that is covered with fine flowers,frillies
115040,Drive with speed beyond roundabouts?,oomph
21898,What's left in Parisian art gallery,estate
125749,"Vegetarian food in flower, obsolete",outofuse
15510,A guy crossing river is lost,astray
72159,Tory leader went mad with Scot - an actor,tragedian
72774,Demand for attention with lips stuck partially?,psst
83148,One who'd have to change for the dance,hoedown
19561,Retired friend of Pythias in charge of travelling,nomadic
21620,In the beginning mostly collecting American and oriental art,origami
111425,He has nanny for the kids,billygoat
75917,Deposit unwelcome from this main fool,seagull
30719,Defence plea of many a libidinous character?,alibi
125713,Scott's reserve in reduced game,slimbridge
10220,"Display of arms, perhaps?",tattoo
123874,Sequences of film about upper-class family,montagues
50306,Mention a weird present,nominate
63398,"Large, thick, oboe-shaped vegetable",globeartichoke
128891,We shall shortly be having gin cocktail - here's health!,wellbeing
89455,Crocodile's a hazard on the pavement,mugger
95574,Computer prize awarded by Paris,apple
25245,Traveller briefly repelled girl viewer,spyglass
29267,Married woman showing ill will,malice
88190,Throw food in the wagon,chuck
110891,"Chuck wed to Brummie Bob once - in church, not civil",churlish
92186,Keep watch,observe
100046,Separate metal from fish,smelt
38504,Girl without love in due course,anon
83680,"Come back and gather a whopper, say",reply
115682,Inadequacy of Tom consuming one over the eight,puniness
114156,Ring for Leslie when inappropriately interrupted,carillon
67828,"Dinner, tea - time is variable",indeterminate
107439,Life of religious minister English Society's elevated,esprit
108562,"Chanted by audience impatient with compére of satire show, to ruin any chance of success?",putthemockerson
95795,"Flinch, though still game",quail
84177,Draw into pub where there are shops etc?,intown
82571,Gorilla heading for zoo held by girl from behind - appearing calmer?,diazepam
102516,Witches can't start cooker,oven
132333,Troops hard to move - they've no backbone,arthropods
24170,Chopstick,cleave
44821,Sound as a bell,clang
5503,TT (travelling by truck?),onthewagon
86546,"On average, cold thus acts in a healing way",medically
92251,"Inclined to swear, making for cooler atmosphere finally",profane
125761,Heartless sinner is no angel?,saint
36209,A Spanish female with appeal? This'll get hot,sauna
106867,Trees one talks about,conifers
6323,Greek fetching Trojan having left one cold,hellenic
26159,Together with those who know the score,tutti
4050,Twin soldiers in film,gigi
24823,"Exhausted genius, before going to bed finally",knackered
3686,Old comic welcomed on the golf course,eagle
71083,The sign that twins are on the way,taurus
34242,Having no effect on sick person,invalid
42745,"Marked ""articulated""",pronounced
115704,Boozer grabbing soft hat,topper
112933,American girls seen in Norfolk,broads
92909,"Declaim regularly, being a priest",eli
100794,Girl keeps king safe,sure
34976,A liking for the Parisian taken in by fortune-telling,predilection
69605,What's got into a parasite at the pub?,alehouse
98594,Not a nice woman turned reputable novelist,galsworthy
52819,Young man taking single bird out,swain
72513,People with broad following all over the country,nationwide
73478,"Having something of pitch, can one compose? He did!",tartini
128875,"New arrivals, we hear, at the docks",berths
99541,What prosecutor seeks with assurance,conviction
134057,Vocalist with bell conveying love with extra note,popsinger
51728,Fool's gold underpinning northern capital,nassau
44197,Cast off when finished working on this island,guernsey
53519,Embroidered train covered in diamonds just like that,inatrice
32198,Forgo sleep when touring island,resist
18571,"Fight roughly, getting head knocked off",bout
82026,"Don't run so much, even though showing no distress",tearless
114844,"Cars, if in no condition, cannot be heard",infrasonic
33392,English deserter harboured by family getting a bit horny?,keratin
38065,Approved boundary to go round most of county,endorsed
11163,Cry in the field though little colleague is content,tallyho
118417,Home matches spoken of by backers,investors
88225,Dish thrown out as lost cause?,cassoulet
142326,"Died slowly, days after one kicked off nightie",lingered
105998,Texas city without any chiefs or leaders,waco
136756,Rambert's head stopping basic support for dancers,barre
567,Piece of ornamental edging destroyed in collapse,escallop
119450,"High-flyers, when transported, have similar cars",airvicemarshals
82687,"No-hoper set out, beyond recovery",ontheropes
40234,Part of journey by coach,stage
134945,Going asleep,bedwetting
17794,Neat house made by a soldier,byre
101782,It's out of town and out of the country,suburbia
8224,Good bunch of students? Beasts!,gnus
135065,Look round New York - it's crazy!,loony
103878,Weavers after beneficiary's family treasures?,heirlooms
112422,Luminary in performance is happy,delighted
137538,Half-heartedly called police about son's minor indiscretions,peccadilloes
113654,One taking the money,nicker
97767,Property makes soldier and porter panic,realestate
121828,"Leather from goatskin, apparently",nappa
8544,"A dentist might, as a temporary measure",stopgap
100040,Sham complaint Liberal's dropped,cod
122308,"Yes, pigs flying as travellers",gypsies
137859,"Stare and laugh, one giving way to love",goggle
113929,"Drink gives one dreadful toothache, pressure region being squeezed",hotchocolate
572,"Regular talk of thieves, perhaps, hiding on road",constant
78831,Sweet face about to fall,gumdrop
139425,"Bismuth has to turn red, perhaps piebald",bicolour
77235,Drug limited in urban areas?,speed
49095,All in order?,cosmos
55575,Give voice to soloist's first climax,speak
137459,St Francis's body beginning to strengthen after long periods on soup,brotherass
123836,Patient numbers,anaesthetists
49097,Many large moons oddly observed in the universe,cosmos
92818,"Prate wildly, but come to the point",taper
87314,Plant an artificial diamond,shamrock
71668,"Don't drop ones aitches like Captain 'ook, say",aspirate
68113,Vessel found in a brewery,ewer
125667,Enquire about health of art - fake's criminal,askafter
63080,Wood everyone must break up or break down?,collapse
8760,Accounts to be settled in large numbers,scores
41959,Raw colour,green
19418,"Language giving joy, without going to extremes",latin
72368,Score book,libretto
72064,Choose to swallow ace cooked bun,teacake
285,Current demand for applause,acclaim
61611,Three consecutive letters carried in two articles by northern national,afghan
14727,Queen of puddings?,charlotte
117528,Main ways to give impolite US women a new start,aroads
19823,Gold blend tea in spout,orate
45325,Deserter's retreat?,rathole
118886,They destroy its terrors,terrorists
77280,Principal keeps soft reeds playing when up against a deadline,pressedfortime
62449,Make a three-point landing,touchdown
577,"The Barbarian crossing street, little time for uniform",constant
130975,Rhythmic jazz fan outside sleazy club,cadent
19393,Promoter to pelt the king and queen,furtherer
37803,First Lieutenant in boat gives a tip,pinnacle
17553,Fire shot after male bovine,heifer
43214,Absolutely nothing about French and Greek cheese,feta
97147,"""The Graduate"" offends in scenes of depression",basins
32965,Oarsman overturned in vessel in distress,careworn
92435,Cheating by only playing the black notes?,sharppractice
51215,Interference ruined its act,static
99224,Secure in boat in storm,obtain
104103,Feel unhappy about poetry putting oneself down?,felodese
53298,Spoilt without dial?,defaced
101895,Girl bringing boxer to church,alice
51540,Take issue about heel getting the cheese,stilton
109858,Adriatic port targets problem with locks,splitends
13716,Drink ale with fan,supporter
49041,Blameless conduct arising under universal agreement?,unison
24545,"Boy's turn, live",danube
78757,Starts small educational organisation with one rich philanthropist,instigates
105822,Carrier to stick around old George?,pigeon
134392,A cucubebe?,tesseract
74030,Born not altogether of necessity ...,nee
18421,Dish in Olympic venue's very dry,risotto
116071,Young man finding Kylie surprisingly sophisticated,ladylike
77002,Musical books contained bunkum,hotair
142282,Wants to know how paper may be sold,inquires
114164,Excellent waste pipe trapping carbon pollutant,acidrain
6488,Jazz is held up to be flash,dart
21396,"Cold water poured over one to say ""Please be quiet""?",douche
127168,Dicky tramples on old British leader,palmerston
112394,Torn fabric gets valued,lacerated
80557,Egghead goes to one college or other …,else
76075,Conservative left with Blair's minister,cleric
89151,Iron snake enters illuminated rescue vehicle,lifeboat
127867,Short copper with raincoat inside out,curt
62925,"Bully fled in Toyota, ejecting regular occupants",tyrant
71423,It is fitting amidst extremes of penury,pity
120246,"Pastime I'd ignobly dub ""freakish""",bodybuilding
94425,Package is in the right place for sorting,parcel
77682,Honour for gallant gangster?,knighthood
100104,Transport left out before North African battle,sedgemoor
128187,Identify large drink - and be affected by it?,seedouble
190,Offend sick person being laid up,repel
102436,"Metal shares are bargains, we hear",steels
138157,Rejected leading ladies with issue for Cats,pumas
48160,One run scrambled in overthrow,ruin
109817,Plane crashed here,nepal
38876,Amicable island game has me dropped after century,tonga
82233,Fancy bathing costume with broken thong missing came out of Merseyside,beatmusic
12258,It returns the part the Church keeps,tithe
76052,Prison supported by city with body of rules,canonlaw
85743,Vandalised rose beds need patient care,bedsores
20686,Effectively demonstrates how one votes?,putsacross
43948,Taking another course?,sweet
43467,Screaming habdabs breaking out this year?,hysteria
116527,Ascetics found everywhere but the West?,essenes
56311,One law is detaining unruly court attendants,ladiesinwaiting
135009,Votes for unknown characters from central Russia,yesses
65065,Letters awaiting despatch to a colonial settlement,outpost
4253,Wrongly use a prison as way to influence behaviour,persuasion
117936,"Attention raised about item containing white, as black sound",reggae
59364,Polluted seaside leads to complaint,disease
37870,Regulations for art works? Tory leader intervenes,statutes
11574,Deaf hero's wrinkled brow,forehead
106515,"As today ref furious, caution on the way",roadsafety
15693,This was not played when we were at school,truant
89783,"English church with something candid, we hear, lacking English bearing",anglican
92596,Chortle when Reginald has strong drinks to knock back,snigger
117831,Culinary instructions from Dr John?,cookbook
22125,Virtually redundant indicators,needles
62888,All lit up in rave to raise charity,radiant
76838,Report of knight doubling as crooked receiver acquiring Queen's compass,circumference
24498,Cuts with no sound,nicks
139894,Had a taste of winter transport fitted with electrical unit,sampled
92620,Waterway on stone,lode
9263,Belladonna produced work of art? Say what you think,atropine
91879,"Boy meeting love on the rebound ending in affair, going out now",onair
36092,Old-fashioned person's parties,dodo
56324,Would Alfred tear into Beethoven''s first line in New York?,brendel
103312,Salts forming deposit on teeth,tartar
80433,Eminent musician established run with opera initially to a degree,maestro
76391,"Hello, there's fog about! It can get one caught out",mishit
16408,Fiddle with good seafood,scampi
31009,"European assents, one giving a spirited response?",ouija
123355,Olden times where memories are fading?,seniormoments
71361,A party on the left is to be cherished,adored
113386,"Insects on holiday, having abandoned a nest",whiteants
75832,Mind chap's lesson read out?,shrink
53423,Article carried by another clan chieftain,thane
108985,Toupee back to front on university teacher,guru
76370,Show how old you are in huff and puff,pageant
20014,Reveal a believer's middle name,label
23662,Drawing a small boat,sketch
15727,Itches to restore a code of morals,ethics
49458,"Turner's for drawing painter, perhaps",capstan
102571,Switch choices occasionally,onandoff
17006,Favour trees to affect a transformation,rosette
73580,A barrier against Tyneside must be unbreakable,adamantine
93183,Busy English cardinal hosts very large society,engrossed
61313,"Legendary Welsh king has no right to join the Church of England, as it happens",bychance
16345,Forgiving towards Italian composer,clementi
30731,One with brain about to become university element,uranium
41744,"Immune, as is natural",unaffected
64769,You could be better prepared without one,reader
50196,Continue to haul container,carton
138811,"Always playing music, supreme on the fiddle (missing you)",sempre
2490,Achilles' heel?,legend
33414,"Quickly dismiss satirical item, badly let down, perhaps?",skittleout
39803,"Call, in poet's translation, for one with jewelled ear",ethiop
19927,Vote cast in parliament to have a joint,dovetail
31333,"To do this to her clues, editor intervenes",reschedule
122875,"Norman, perhaps, forbids importing oriental vegetables",frenchbeans
17045,Called for some caution in a medical procedure,named
124754,Letters for Foreign Office? Manuscript for groups of supporters,fandoms
93040,Quadripartite key to the Guardian's style?,fourway
65718,Trashy school outfit placed first,kitsch
78265,Clean house no more,hoover
46153,Returns from work,earnings
40815,The underworld guy's seen around these days,hades
40349,Discharge notice goes to attendant,seepage
136241,One of two in Buenos Aires toasting a bloomer?,tangoist
36456,Agent of typhus with fatal reproduction,ratflea
35267,Food from Jesus himself,sushi
88158,Helpers in distress? Get fresh supplies!,replenish
111907,Further reckoning has to tell,recount
102508,One about to throw in the towel: it's woolly,lanose
700,Public backing to protect a minister,overt
5133,Yellow aromatic plant received by former monarch's co-ordinator,organiser
128746,"Relating to written work, American cutting production of Tristan and Isolde",dissertational
102935,Three lines cut from full English production in Chinese arrangement,fengshui
86667,Hint of pot design without an adequate cover,thinontop
97018,"Tim agreed to move, went overseas",emigrated
120435,Has a hatred of French exams,detests
35746,Press for identity documents?,papers
65637,"Charm, going topless at fashionable race meeting",ascot
15207,I prevent recall of seaman I discovered,amnesia
106498,"Almost ended within a social function, primarily",aboveall
37730,One putting on coat presents a pound bill: odd? About right,lacquerer
7433,Caper and egg plant,larkspur
34102,"Gas from wicked, heartless Tory, poor in speech",acetylene
5354,Stapled gerund to obscure word,pledge
77202,"Encouragement to child having tripped, given soda: so I pay, foolishly",oopsadaisy
129140,Hamlet once giving deity power,thorp
64228,It's customary for injured escort to leave assault course exercise,asusual
23017,Cost of stocking river with some swans,expense
63260,Round safety devise that's practicable,ofuse
111705,War that's breaking out in Panama?,strawhat
54709,It makes a woman unknown with a sort of mask over her head,yashmak
10720,Note resounding upturns when there's no resistance,breve
138251,Sentimental drunk wearing Y-fronts inside out and back to front,slushy
123992,Australia has a single chicken and it's fast disappearing,ozonelayer
91536,Brief extract from impressive unfinished book,epitome
130295,"Chance to be among the finest, most energetic",briskest
46563,Girls start with simply designed school tunic,gymslip
97732,Fenland hero's English dessert - muscle coated with fish,herewardthewake
125219,Triumph for old flame last month,exult
53286,The wrong put right in a gun found in order,brethren
9255,Points me out as example of relative favouritism,nepotism
52840,"Ass anaesthetises selective slaughter, say",numbskull
67877,Fabled sisters perished somehow guarding the last pair of apples,hesperides
89009,Via audible cast,threw
15697,The boundary of laughter,haha
14252,"Philby infiltrates one of his ilk, supplying inadequate cover",skimpy
1598,Part of church services pastor echoed inwardly,apse
79005,One dedicated to retaining the pound argued about pound being quaint,oldeworlde
79715,"Appreciates marks on wicket, batting first",increases
5979,"Maiden, perhaps, says it's your turn to speak",over
69413,Madman claims Pluto is barely seen,nudist
12350,"Loves entertaining composer, not one to dramatise",overdo
100427,Suitable accommodation,apt
99707,"Punters, of course, are people putting shares on the market",racegoingpublic
79710,"When required, call to have base reassembled outside",asneedbe
55826,"Fiddle only, nothing less, eclipsing trumpets and flutes etc",swindle
35901,UK's EEC role as a result of De Gaulle's position: on a limb,nonmember
42486,Royalist leaders capture commanders in great style,rococo
13575,Boards with a relative,stepson
18308,Reportedly measures gemstone,quartz
50335,Uttered in a death rattle,demoralise
67625,Revolt in Hell? Blast!,disgust
73320,"Rail taking home very small number, losing time",inveigh
140890,No aviarist adapts to changes,variations
18926,Rope of execution?,stay
82286,Ease price put out to the listeners?,earpieces
38782,Scoff uproariously at the pigs,spaghetti
31988,Seen when wheat's cut?,swathe
87660,Time on river that captures special moments,camera
52353,Improper delivery arising in large pool,billabong
51487,Compromise quarters,accommodation
68615,Hard to understand when BBC drama axes the first three characters,dark
131168,"Order great changes, going in a bad direction",retrograde
97633,Past follows present? Let me see,nowthen
37291,Song composed about the present time,serenade
11335,"Annoyed, getting answer to crossword clue, finally",rode
134751,Dad employed to collect Ford's model car's treated surfaces,paintwork
77362,"Grass, usually down the map",sward
123579,"European leader having retired, like Louis XVI",beheaded
134032,"Good or bad, sits a plant",satisfactory
13752,'elping recovery in London,ealing
5759,Country not always upset over leadership in government? No!,wrong
11458,Easter display - of troops?,parade
7382,One officer after drink getting the classical cover,portico
33480,Left light show,portray
120345,One of five children in street seen in a glance,squint
142123,Maybe Thor's not given enough bangs for his bucks?,shortchanged
83347,Article in the can slaughtered Bruges as a city,johannesburg
107570,"Excitement evident screening sparkling stuff in ""From Here To Eternity""",forever
19018,Retired doctor introducing new deal to asylum,bedlam
37545,Tyrant wrecked car after car over time,autocrat
134956,Tory laid out with skill,adroitly
44728,Stocking aid supporting artery to some extent,garter
5828,Intensify approval initially lacking,raise
121588,Role of selfishness in this puzzle maybe initially lost for old solver,thee
49370,Lowland measure for a girl's name,fenella
89878,Pork pie - popular weekend indulgence?,liein
50005,Lover with a capital ring,romeo
73576,Historian's old books sent back in trap,gibbon
93874,Showing some knickers in Cornish resort to appear attractive,looknice
24186,A quarter went about getting built up,stacked
35909,Delightful meal without papa,super
103816,Get around electioneering ban with directions to empty room,barnstorm
37398,Toast and orange squash with afternoon off,goner
115382,Holy orders?,commandments
93702,Delights in actor's appearances,entrances
8653,Baby problem?,issue
18783,"Strap gripped by teeth, on gums",thong
53008,Try to walk like a crab and slide about,sidle
110756,"Dud clues he replaced with new, not as originally planned",unscheduled
68433,"Car in front of pillar box, wingless and slow too",polo
103684,Naked force used to invade vessel,barge
33471,A rough beard can scratch,abrade
14266,"Touring Greece, perhaps, oneÕs purchases include real estate",islandhopping
2338,Busybody leader lacking leadership captured by uprising of Napoleon,gossip
65809,Mother parachutes from aeroplane - that shows backbone,chine
44709,Nice way of saying Arachne's somewhat vacuous and a bit wet,moist
112390,Brief supporter of games above and other game,boar
136228,Earliest form of workshops,ateliers
83907,Drop nothing?,fall
78703,Looking back is somewhat more troublesome,retro
37328,Frightened by hood with a gun,alarmed
76388,"Accepting a sin - smug, sloppy",assuming
49822,A ship's heading into the drink - here?,atsea
49871,Slander male trapped in silly lunacy,calumny
58470,"In leisure time, people right to cross land",easement
50392,Poet inclined to blue?,spender
17917,Launch scheme,project
25983,More than one man losing head and heart again!,encore
77519,Annoyance concealed by German repeatedly,anger
103335,Country's position that's not in dispute,neutrality
131569,Perhaps shortening a film at an unusual showing,animalfat
128670,Men Only organ writing about article in Times,prostate
15694,"Central bank takes over society held in trust, disregarding form?",truant
100618,Vegetable membrane on Bell's creation (the telephone)? Not initially,cauliflower
91053,A person who irritates us is free from anxiety,atease
94136,Criminal gets in at the back of the house,villain
18116,Supply lines with no time wasted,prompt
130924,Rebel is transported East in doctor's care,dissenter
28052,"Nameless type of paint, the first to mark wood",elm
72313,Daisy and what's fixed thereon?,oxeye
33456,Awfully blue about star admitting spin canêt be justified,unprovable
59569,Note about entire first half is a keepsake,memento
85289,"Got up in Paris, enceinte",arisen
38592,Find me a girl to sit on the bishop's knee,gremial
69372,Part of the story is in verse,episode
38331,Poems composed in Surrey,epsom
103389,Quiet historian losing footing on edges of ruin,taciturn
70405,Old Ford's highly placed houses,zodiac
122743,Model here reveals a bit of leg - heavenly!,onhigh
23129,Penny left ornamental wreath in a holiday cabin,chalet
71940,Help to protect Britain; politician that might cause upset,sobstory
16913,Creature from the sea's edge takes one's place in ship,shrimp
12283,Course for Hebridean island sound,rhumb
119224,Knight on road for port,dubai
68133,"What rhymes with ""itsy-bitsy""?",teenyweeny
70045,Fabrication of leader in Observer that's top copy,photostat
130492,Officer doubly correct to provide protection,copyright
13757,Greeting kings in royal house,york
32231,"For pa, getting in and out becomes impractical",utopian
118006,"Maybe Gilbert's circle, nicest to look at with energy misplaced",operettist
53522,See what someone has to say,lipread
122020,With hindsight audit should include old-style goods,inretrospect
137595,Awfully large lad is losing energy in dances,galliards
68779,Being in a state of high excitement about six counties,organism
91604,Parson started and attained what he did,preached
130888,They support British artists,bras
4148,"Advance slowly and cautiously, or steal quietly away",inch
88089,A good sign for workers here,apiaries
141885,"Chooses to get involved, making absurd points",optsin
98739,Could this be said to hamper pilgrim's progress?,bunion
55168,Biannual event is mostly horse and bull,equinox
14009,Young professional lady's ending up tart?,yuppie
125086,"Online administrators are revolting bunch, protected by bodyguards",sysops
19775,"Begin following her, eventually",goldameir
35649,Military trial organised by French soldier after round of duty,tourney
14038,Rat swallows a river insect,scarab
25857,Plant's rendition of Blue Monday?,nelumbo
17479,A discount off the Guardian,custodian
13838,Radish top getting into cooking vessel results in severe cold,streamer
82742,The Fast Show?,express
71928,Movie lover in ecstasy restrained by class,cineaste
89870,One newt in file is the leader,chieftain
34784,Message from character turning up clutching arm,epistolet
20251,Fatty alcoholic drink is hard to get,stoutish
14179,Reckless person's turn of speed on bad road,desperado
118476,A good man interrupts Scots lassie to get a move on,hasten
137575,Floodlights not working? Ground vessel on delta,pitchdark
24585,Berlin havoc got round with offer of reconciliation,olivebranch
5864,Model way to be unaccompanied in Kipling's story,catwalk
138896,Highwayman has power in Italian city,turpin
14473,Complex seminars not quite hitting the mark,nearmiss
61153,Successes prevent Kate acting,winslet
119159,Gandhi perhaps unknown to a large number,agreatmany
114764,Staff measure journey time,entourage
12700,The vicious man is put down first,sadist
45884,Showing ambition when I sound off about power,aspirant
133794,Criminal waits to put an end to the job,sawtoit
117318,Very angry son goes off film,blazingsaddles
12829,City careerist raised money during the years,yuppy
32960,Get back from Uncle Ed's in about eight minutes (tops),redeem
27954,"Cockney isn't ever turning poetic, of course",aintree
24588,"A kiss in a love story, say, makes a neat ending",oxtail
74239,Deduction in barrier protection for the Queen,inference
96407,"Not the last resort in state for Capone, say",criminal
78252,Land Geraint Evans without first three of seven shows,argentina
53390,Issue special programme,sprog
101421,Rest day song,lied
63923,"Break in, being unafraid of human contact",tame
54629,"Full of energy, play with new guide",dragoman
85034,What will come in race in the winds,inheritance
122231,"Opportunity to give ground endorsed, always",rednoseday
41013,European Union abandoning work worried complex,elaborate
43306,Centre died in obscurity,midst
48783,Doctor! Learn about the kidneys,renal
76017,Does it make the bank secure?,reefknot
12977,Ground plan,plot
104456,Evaluate performance of stroke on river,testdrive
8245,Get up after midnight and complain,grouse
82346,"Moving cautiously, say, to admit a transgression",easing
118956,"Prelate with determination, but having aims thwarted",williams
1763,Milton's first poem displays style,mode
127237,They may be pack animals - not mink!,alpacas
79651,Badly handle patients' outing?,illtreat
10671,Block keeping drunken sot on US city's side,astonvilla
5346,Sign name for an arachnid,scorpion
128912,Important flat part of a calculator,keypad
139906,Rich man concealing anger over court orders,directives
117511,Bay where it all comes out?,thewash
32534,Man out in storm reaching peak,mountain
55227,Strangely eager to come to terms,agree
22341,Waits to sing this,carol
135614,Move family's boundary marker,touchline
113267,You and my sons oddly retain name that's closely associated,synonymous
127019,Mountain dweller spends a penny drinking supertonic,pyrenean
96021,Heading on organiser's list creates a stir,todo
79440,Member of Malaysian order for a short time comes to Britain,datuk
45144,Impressions created by silver found in house turned upside down,images
16615,Duty on first vehicle,taxi
57881,God faces new source of irritation,thorn
113958,"Person underground, given warning, runs",caver
127730,"Cheat bridge partners, each with king",sneak
93768,Conductor decorated stand with amber,bandmaster
5415,Remote centre of game expedition,afar
49363,"In valley, very black ducks do it",dabble
114640,Toast Shakespeare's character with drink,bottomsup
58941,In no way extreme position for a dead cat?,middleoftheroad
17518,Another run,extra
129690,"Ready for bed, attempted to move one along a bit",tired
91492,Shed tears for saint in account of lottery,sweepstake
82240,Bottom (not ticks ...),buttocks
38425,Freaky nude given drug to add character,endue
44106,Window frame is half wood,sash
108165,Complaint of above girl to Welshman in play,fluellen
72184,Game one plays in satire on aesthetic movement,patience
125486,"Piglet, so it might appear, stops food going the wrong way",epiglottis
95880,Bamboo shoot eaters specifically Maoist?,redpandas
89923,Fresh concern in place with vermin returning,startup
62047,Hard to get into run-down boat,dinghy
121335,Reading University's accepted good grades initially - not unexpectedly,asperusual
59713,Woman prepared meal for old man to eat,pamela
129649,Songwriter's welcoming party for French star,bardot
120567,"Sitting astride horse, say, with lots of people about",thronged
78148,Cruel doctor may give continuing pain,ulcer
73364,Drink to old women in rural setting,meadow
84720,"Coffin covered in betel leaf, one for a Muslim, probably",pakistani
76486,Force receiving a tribute,praise
106440,Around the room note botanical bits,thalli
95582,Fruit with marked skin peeled,apple
65359,Turnovers in coats,lapels
53234,The end is nigh!,close
24301,Asian city clustered round old marketplace,agora
35857,Light lunch initially before the service,lantern
20648,Smart runner,burn
51778,Speaker introducing a certain bill,measure
30940,Range covered by bad rainfalls,niagara
17183,Kind of butterfly naturalist named,white
71556,"Nymph, or person of faith, with misplaced conclusion",thetis
15365,Outline a stupid tax,adumbrate
69170,Prime trees doomed!,firstofall
27628,Stops at sea,heavesto
48927,Blow that's pleased,punch
136583,Proprietor adds rent for skilled weaver,trapdoorspider
97442,Cancel without a regular publication,annual
110688,Mistake about uneven movement characteristic of old soldier,blimpish
61563,Veto for proposal,forbid
15509,Smokers dump less heroin off the beaten track,astray
99838,Terribly green is the queen - this'll get things going!,energiser
132518,"Duck PE in school, if really tired",pooped
67892,Saggy neck of mate we had briefly found revolting,dewlap
25770,Drawback for couple,hitch
16861,Cockerel made man nervous at first,capon
105339,Recover anger one lost,regain
73868,"Hunter, head in plaster bloodied on a rock",predator
10565,"Weird and ever poetic, that is",eerie
127032,Pounding ingredients,tenderising
104119,"""Pulp"" featured in this newly remixed chart-topper",smashhit
47132,Film star with nothing to boast about,garbo
139309,Roman Catholic's revolted by online sins and splits,crevices
87210,One taken in by more flexible wholesaler,supplier
18944,Apply sense of sight and smell to garden feature,gazebo
76767,Expressing scornful opinion of French on horseback,deriding
89872,Leader Cook steals single with gratitude when batting,chieftain
41065,Where to see the beginning (and end) of the rainbow,troutfarm
127487,"Oddjob: without hesitation, a rat-like creature",jerboa
42526,Sanction excess freedom for poet?,licence
70896,Ring writer to get fat and emperor when love's lost,lardner
55360,Change in school's top speller?,switch
99685,"Why was I shy, awkward and irresolute?",wishywashy
11838,Occupied by nurse before breaking in,tenented
77503,Jaguar ultimately has spotted coat? Grab one that's plain,serengeti
3010,Dull house has bad smell,hohum
129659,Upper-class chap snorting drugs to get things going,teeoff
42550,Right chirpy about such a victory?,pyrrhic
36254,First exam includes one trap,original
60224,One at the front is Russian leader,ivan
92730,Stretches between bends,reaches
136378,"Desert rat free, according to the Spanish generals, initially taken aback",gerbil
132648,Top knight run down,kill
82266,Order in force demonstrating commitment,promise
91849,Was too prone to apply veneer?,overlay
72140,What many are reluctant to wear,cloth
112539,Partner found where the opposing team lines up,otherhalf
5308,Tree for a small enclosure,aspen
45754,Aintree starter,course
138221,Put a stop to power plant's strategy for bridge,endplay
67288,Sweets that score highly?,bullseyes
95403,Aid to lookout on the bridge,pincenez
68665,Island of warring hordes,rhodes
139119,"Strip of paper better, say, submitted to prince informally",andycapp
16578,Innocence shown by well-scrubbed crew,cleanhands
35836,His work is often framed,glazier
65551,He appreciates the exquisite tea these provide,aesthete
68307,Influenced material on the radio,swayed
89849,Helpers disguised as Martians,samaritans
34464,Appointment accepted by stout preacher,apostle
104955,Little time in garden for astronautical science,rocketry
130319,Radical broadcaster is impressed by England batsman,trotskyist
8579,Happening to be a regular square?,event
121455,Hopeless admirer of female found a spouse,marriedoff
38476,Mould seen outside at a religious building,template
75094,Initially short period going over issues,emits
53069,"Where axes cut, for a start",origin
95731,Kingfisher's familiar garments?,woollies
121787,Sea captain's boat at last lost in storm,caspian
88848,Record playing in the small hours - Mood Indigo?,disconsolate
107814,Scabs left in some beastly panto costume,blacklegs
24653,Burning paintings maybe outside private room,ardent
69666,Choose path involving degree of shock,electrocute
137197,"Round middle of tree, apple was also highly featured",costarred
118157,"Member of upper house, his aims will rely on reform",shirleywilliams
62677,Surrey without a fringe kept in dry tower,turret
11749,They fix TVs and production units,setscrews
102888,Feller was upset after row,chainsaw
56412,Venetian who painted over an angel?,guardian
49082,Musical monologue about prune root,parsnip
88223,Accountant put spirit in stock for stew,cassoulet
138329,Is it driver James or MP Jeremy reported persecution?,witchhunt
106314,"Keep going, drinker, for Leonardo painting",lastsupper
35755,"Criticised, flaming shackles hurt",railed
103695,Shrub wound round pole,gorse
40249,Dark tan brew may go into it,tankard
104760,"Pointer, maybe, to master's belief",dogma
16649,They have evil ends in films,baddies
14948,This island's deity,isis
68035,"""Pees ’n ’ose"", said mate",oppo
3511,Zealous adjudicator upset by topless event,fervent
91689,One's innings brought to an end after this delivery,execution
30919,"It's not the whole story, but recipe's included",excerpt
129293,Help drivers to find remote places,backwoods
3313,One-time great gets free,atlarge
96618,They indicate what sneaks do out of school,telltales
2323,Church leader bound to punch head,primate
50194,Vessel to load?,carton
125404,Brilliant travellers encountered in small firms,comets
129407,Misconstrued Fay's plea to hedge bets,playsafe
136313,Ranks second in figures,statuses
58351,Hybrid front weapon,crossbow
68023,Grab boy in school,snatch
48757,Composer's baton Igor smashed,rodrigo
95010,No one doubts what this signal means,allclear
50225,Started to write in dictionary,opened
106415,"Friend and companion of Ivy, a lamented singer",buddyholly
58863,"To go round Thailand's capital, we get on a rickety carriage",wagonette
27674,It may be responsible for a hold-up on the line,clothespeg
125734,"More emotional, calling for attention in bank",tearier
130344,That quick prowl around to find cover,patchworkquilt
57850,Places I pass going north,loci
80761,"Conductor has terrible constipation, broken pot taken away",toscanini
86563,"A more tired, knackered measurer of energy levels",radiometer
122417,Complaint from a bishop during awkward chat,catarrh
55447,In a primate there's little lust,appetite
548,Current male desire,ache
41173,Cooked sloes and cedar nuts,casseroled
85373,Kim is one of those having cash in the monetary system,eponyms
8399,An omelette with a different base said to be irregular,anomalous
138529,"Old friends taking care of modern miss, including minister",compadres
12608,High peak for soldiers at the double in antitank setting,ararat
118283,"Stops, doesn't start and relaxes",eases
85554,Theme''s proper order reversed,motif
3882,The usual flag,standard
120479,"Ruin go-cart, customised vehicle",touringcar
56219,Driver and conductor,wood
110470,PM no longer having it - end of story?,majority
59428,Pungent but not hot,nippy
41903,Old statesman showing affection for the crown,kissinger
12751,Beaten up in Rabat in old Roman province,britannia
129903,"At home I sleep, rising to make a sandwich",panini
5185,County Kerry: so lax about greeting,yorkshire
75673,Nurse makes visit around five with drug,cavell
4615,Dance capturing English couple's emotion,feeling
68711,Bomber trapped in dance is a guerrilla,rebel
24979,"Wearing eye make-up, Britney Spears primarily concealing bags",binliners
111631,Wrong one charged after execution of sex offence,extortion
47139,Cuisine's hotter if lots is initially applied,chili
32901,"Drink not bought, we hear, in the Lake District",borrowdale
55065,River bed its home?,flower
69761,Secret to reveal about foreign article,undercover
29262,VIP's back on the board,notable
137987,Inane film? It is terribly insignificant!,infinitesimal
73990,"Eggs are done, you say?",ova
140255,I’m above getting upset missing a film,bmovie
34313,Anxiety in the family,strain
116612,Mean to be paternal (?) about celebrity,dastardly
25170,Lack of action from saint the way things are,stasis
18625,Natural ability shown by experimental entertainer,talent
51385,"Dish best served cold ending in cooker, still, say, rising",revenge
120082,Trip by army clique promoting America,jaunt
30490,One who cares is easily hurt,tender
51623,Slow mover rejecting society's fix,nail
77191,Silent revolutionary ruler installed on a colony,bermuda
140089,"Saying goodbye, going on holiday",leavetaking
85659,Wreck on a chart firmly fixed,atanchor
60264,Arrest rough after noisy outburst,collar
103934,Extract with ease? Yes and no,wrest
123270,Driver of train having crossed lines,muleteer
107017,Early US computer backed mutiny,eniac
7268,New layout incorporating new flag,redensign
27598,Unusual spite shown by the French in a letter,epistle
92455,Familiarise Bill and Mary with one imprisoned,acquaint
73656,Old Testament character's describing New Testament incidents,events
6324,"Medicinal element turning stomach in senior clergyman, missing work",bismuth
85369,Worrying when joining outside society,fussing
61764,Held out longer?,extended
113891,Short journey with poem in the Tube,triode
36401,"Not appropriate, being excessive",undue
133600,Aid to identification when one probes newt,efit
30942,"An Indian tune, popular, rises and falls",niagara
16797,Fruit sadly aren't nice,nectarine
16998,Sent a goody-goody inside - so wise!,sapient
51472,Really excellent performance based on a very poor score,defacto
8296,The space traveller's remote after being set off,meteor
101204,Happy girl? It turns up twice in field,letitia
17351,So Simenon was enabling numberless characters,belgian
97458,"Depression, long lost depression",sump
84190,"Beer full of botanic ingredients, as with some cases",actionable
14346,French word and choral work,motet
32340,Nora set off rebellion,treason
44145,Noble bird went ahead,titled
63860,Where hawks and doves are kept apart,aviaries
72262,Bit of caterpillar? Part filling for empty pig,proleg
38338,Course in translated poems,epsom
42107,Land of heartbreak?,earth
55273,Vehicle backs over soldier - it's dreadful!,tragic
126395,Writes for politician producing dark tale,ghoststory
10093,Sermon where one regularly sleeps?,address
64369,Musical to be exciting within classical opening,carousel
97578,Roof support starts blowing in the wind,gable
96203,Slippery type the French led up the garden path!,allee
45130,Assume control and provide deliveries,takeover
13946,Second in relative quantity,amount
131505,Pet silencer working fast - that should keep the little pests away,insectrepellent
74661,XI said to give trouble for the spectator,crosseye
31549,Long walk pirates ordered,traipse
71371,Loved song and dance and colour,adored
26626,Boob fashion?,bristol
8569,Article in court newspaper,courant
66943,When darkening skies are tinged with gilt anew?,twilight
94061,"When Jack kissed her, he got a beating",gunnersdaughter
45781,"In trouble, daughter is told what she must do",disordered
38806,Merit of French verse translation,deserve
105893,Endangered by Russian leader (Joe possibly) and partner in US (unknown),putinjeopardy
40921,Piece of one with fur in new coat,toccata
41681,Clubs with a three iron shortly exchanged for old driver,charioteer
29648,"Mountain climber beginning to shiver, if not wearing pants, traditionally?",skilift
57617,Middle Eastern city that is built up with dry environment,beirut
57597,"Say, I'll say: ""Longs and longs for a female!""",capripants
131877,Beginner breaks Polish fabricating material,sheetiron
15082,Foolishly charmed by English political manoeuvre,demarche
27244,"Not the cleverest? Find him out, regularly lacking",idiot
98762,Awful regime displaced person,emigre
118747,Exercise in part of south-east England being reported,wield
63970,Lubricant for performers,grease
10615,Spilling a pint - clumsy!,inapt
80315,How rain falls to form hard water,earthward
62940,Drink - put it back together,tisane
74791,Result of choosing the wrong type for the job?,printerserror
28640,Two versions of scene confused in old age,senescence
60195,Threaten death by drink,portend
103868,Bloodied Libyan leader captured in triumph,glory
118369,Poison counter,antidote
17303,Child born before Lincoln,babe
100036,Shield bearing sailors' fish,gurnard
104368,Taunting Crosby in the army?,gibing
70196,Sell club game back,flog
51049,"Sensed trouble when left inside, never running out",endless
71480,Maiden meeting cast with inappropriate character?,misspelt
15696,Not quite loyal worker absent without justification,truant
123219,Be back at bottom (experienced recession),ebbed
55219,Concur with Bible lessons through the years,agree
27630,Doing nothing right in an examination,atrest
42063,Big fellow made foolish by a lovelight,goliath
413,Morals you abandoned behaving thus?,amorously
80613,Ship's sails etc split a lot,frigate
121969,Falling behind with winter weather precautions,lagging
79857,Bananas off one's shopping in here,trolley
124941,Bother reaching last of tomato sauce,pesto
24679,Take the place of soldiers reportedly on furlough,relieve
119071,US sweetheart gets whistles,toots
70999,Overweight actors playing the villains?,heavies
35167,Ancient eras had a different statement of Christian belief,athanasiancreed
15610,Stew gives soldier illness,ragout
131136,Shameless supporter of female branch of religion,brazen
2507,"One moves, but it could be sore if lacking support",proposer
470,"Good people conserving energy, following cruel benefits assessment",meanstest
124597,Go into service?,joinup
34079,An opening for consumers' input,mouth
117696,"Pole position at the start, drink put on ice",postpone
93436,Revolutionary's time for a change,contrast
117427,Support a black and white drink that's knocked over,abettal
25027,One broken oar's in place to provide shade,parasol
138826,"Magistrate touring great old city, one in India",jaipur
47887,One could be ready for Nemesis,reckoner
72231,Ships made fast,fleet
90527,"Bred in sin, set about showing one's pedigree?",bendsinister
97675,Extraordinary rendition transporting a suspect,inordinate
81346,The precise thingummy,definitearticle
24366,Descent puts unsteady ascent on track,ancestry
39717,Noisy performance given daily - one with some variation,charivari
16434,"Family group, mean and furtive",clandestine
124005,Swapping presents - the impudence!,pertness
10359,"Girl with a place for us somewhere, amusing Miss Green?",theresa
41814,Petty criminal knocks over celebrities,spiv
89445,Try out striker in international game,testmatch
102686,Church of England deacon's first in diocese to pull out,secede
101886,"Robin, for instance, on car roof",hood
141771,"Flag male amongst female Gaels, perhaps",irishmen
103880,Reveal the girl's secret,disclose
2276,Engineers let loose,release
121388,How tuna is cooked in Texas?,austin
52352,Charge a toll at the dwindling river,billabong
101617,Crazy about a service in Swiss town,locarno
113249,Composer not entirely a god,brahma
31833,"I sit on Bill, fatty",adipose
138754,"Pub on fire, engulfing end of kitchen where food's served",snackbar
41261,"Took a piece, or part, of animal",okapi
58129,Brazil's outer defence?,nutshell
124792,"Agent, beast punching nose",proxy
59177,A poem's positive points,anodes
82231,He agrees with leader and eyes manifesto contribution,yesman
125018,Clapped out software program subsequently much admired,applauded
138862,Part of cell released by sumac pollen,nucleoplasm
77756,Collier's shorthand,pitman
72273,"Vicious, regressive Blairism, without originator strangely different",dissimilar
129524,"However, the direction doesn't matter",anyway
117671,Pub shortly working to conserve energy,hostelry
119165,Chemical indicator lest it fail must be included,litmustest
73417,Immunity for member getting into swirling river first,exemption
38223,The Speaker's ridiculed by party leader,guide
25788,Drag man out to see aged parent,grandma
87124,Confine temper now the game is safe,closeseason
82107,Cooked hash set all solid - must be long-standing,asoldasthehills
21756,Rare animal entertaining golden girl with box,pandora
118682,Notices the crewmen are dazed,seestars
111702,Stuck out,stumped
78584,Suppression of wet fool by Spooner,clampdown
20900,Spy a refined male's mature books,agent
71167,Settled down with society in established surroundings,roosted
46079,"Script one created for TV's ""Morse""?",inspector
132755,"Low density rock, possibly providing a background for hotel lobbies?",moodmusic
103900,Long poem by Keats done in my style,endymion
18106,I can tell you who will win - keep it dark - there's a row about it,tipster
106792,Endeavour to populate island rising here?,timorsea
125517,Coloured bottom piece of garden,rosebed
130290,"Real number around about a thousand, back as standard",unremarkable
50884,Fancy Sloanes get leg over in city,losangeles
95850,"Place for Petruchio's greeting to his wife, say?",allocate
120720,"Scoop: ""Heads in shock horror love orgy!""",shovel
100501,Spread a little butter on end of slice,pate
133042,More flexible cat tries to scratch outside,stretchier
85239,Eve's ruin involved all creation,universe
69293,Dog depraved on hind legs discovered round rear of bitch,wolfhound
84916,Single figure followed as stupid,asinine
119350,Mongoose found around market in the East,meerkat
95816,"Surrey town, for example, hot in the morning",egham
75421,A little costermonger's call,term
11919,"Opening location of the Iliad, but not the ending",intro
17994,"Doubled bait originally put in river, getting a bite?",nibble
119775,One's finding ways through insurmountable difficulties,impasses
133275,Accelerator in order going into hamster as swerving,atomsmasher
100080,Can pet ail awfully? Here's a drug,analeptic
5488,Division intended to report after leave,department
26217,Indications of office sin: gin-swilling one on one,insignia
34461,A job for the French preacher,apostle
115243,"Went without having given farewell gesture, say",waived
109210,Deceased Dickensian resident,dweller
42514,Plane perhaps carrying first of applicants in for The Apprentice,trainee
48434,"It's paid in advance, standing on the promenade",upfront
28642,"Wool, say, providing protection for sheep, say",cote
59565,"One in opposition, for example, seen in anger, I suspect",gainsayer
107722,Disease acquired from soil in part of southwest France,glanders
6235,One that owes one is no worker,drone
31413,Powell's little house built in Powys,welshpool
93951,Drug may cause stumbling in camels,mescalin
5705,"Set aside, like a scabby cob",earmarked
114418,Point conveyed by lover texting,vertex
20259,The plane might be a Jumbo,elephant
108758,Not a complete games player?,threequarter
68967,Lavish praise,adulate
52431,Do without female religious glibness,unction
60160,"Between chest and hips, I wander endlessly between the sexes",midriff
110337,Sue taken in by woman's disguises,masks
119465,Viable plan to trap pub rodent,gopher
27998,Advantage of adjustable seats,asset
64425,"After tea make a half century, or a duck",teal
142134,Clasps straps securing magazine,tieclips
20871,View first seen in outskirts of Vienna,vista
22318,Defection by saint who gets answer in a bunch of flowers,apostasy
10808,Ring for this appointment?,engagement
70447,Horse carries mother and boy in preserve,marmalade
56442,Beaks begin as conveyers of offerings,magi
33784,Fish from either side of dinghy,dory
61137,Quiet among listeners? This could help achieve it,earplug
124878,"Apart from some enigmas, understood",asunder
73508,Save bread! An angel will do it,bankroll
109486,Thunder from a clear sky is something unexpected,boltfromtheblue
51597,Damned dog dismissed in tragic scene?,spot
28789,Refutation of argument about singer and a novice,rebuttal
64203,"Some tablets, another and then another to get back into shape",ellipse
3059,Where you'll find St Paul set in Oman ground,minnesota
9694,Resolute detectives in action,decided
93834,Space explorer's study?,astronomy
44032,"Brave writer of ""Jude the Obscure""",hardy
45962,Exercise and sport in the country,peru
129645,Fraternal order of molluscs lacking two dimensions,elks
52522,"Smelling a rat, old spymaster suppressed then rejected CIA brief",aromatic
11466,"Be intimidating, editing copy thus?",psychout
108760,Most desperate youth retrospectively securing passes,neediest
135884,Refuse to accommodate one woman over style not normally seen in public,brazilian
4599,The endless story's a yarn,thread
120593,Anglican name gets certain reproof,censure
127085,"Crossworder's focus not as fixed with ""Solver's Assistant""",watson
55580,Scot in POW camp rising got sent a letter,galatians
78904,Youthful age at which one drops out,twentytwo
142114,Iris affected with bust and shoulder inflammation,bursitis
59033,A body done in and left,abandoned
23001,Endlessly make up with husband - a yob,rough
61301,Cease to insist on the latest news,stoppress
40836,Grim time that husband's taken into consideration,thought
61862,Main function of church vessel with gold facing,worship
132969,Manage to catch Ed Balls admitting current employment problems,redundancies
52751,Snake in hole there has shed its skin,slither
53261,Force nail back into Chinese measurement,liang
51708,Various people taking the plunge,divers
24627,"A tail-less, devouring creature's place",locus
71471,"Assassination here with Sally, by Jove, involved",sarajevo
63125,Speaker's forbidding writers of tales,grimm
127138,It pays to be ill,sicknessbenefit
9500,"Greatly desired species, we're told",sought
39953,Soldiers about to join up in train,retinue
138490,Hard cash? Yes and no,foldingmoney
119961,"Copper coin couple found in yard, perhaps, long ago",cubit
74862,New greatness of service catering establishment,sergeantsmess
76354,What's taken up by chef in kitchen,knife
92682,"Coalition charlatans, by the sound of it?",cheetahs
122079,At first camera held poorly? Cut! Cut and calm down!,chillax
119429,Replayed points at end of final scrappy set,lets
4689,An ancient monument - Bunthorne? Strike a light!,megalith
50318,Carry away proceeds of robbery,haul
116822,Pretty good agreement about to be announced,notbad
12435,"Highly-strung Edward, absorbed in self-reflection",onedge
55560,"This plant is hard, brittle",radish
107269,Accommodation swindle presented in two ways,condo
73267,No bother (almost) slicing bread in Rio,refusal
125765,The principle of no credit,doctrine
84032,Acts of charity performed in sizeable factory,goodworks
29341,Imprisonment of the French soldiers on board ship,duress
65832,Is place in chaos south of the mountains?,cisalpine
58607,Hold them informally at start of boating contest,embrace
96634,Up to when battered unit left,until
5175,Champion branded Sartre a drunk,standardbearer
90020,Crumbling path rated a highly dangerous place to be,deathtrap
52125,Preliminary plan for training harbour guides?,pilotscheme
21089,Doctor led fraud? That's appalling!,dreadful
61955,Cleaning done by sailor on Regent Street mistakenly,abstergent
107103,Decide not to conceive brood,thinktwice
114710,Take to appreciative fans in a hurry,liketheclappers
87264,Crawling after girl almost caused Othello's downfall,jealousy
29451,"Shearer's possession, the overhead kick",scissors
106422,Our lot will be enough to put in flush,welltodo
36614,Gestures of respect nearly struck up to cover agreement,curtseys
59708,"I must go behind boy, one wearing short yellow bloomers",gladioli
66227,Hate to see sailor having initially nothing right,abhor
139753,Evolutionary gambles taken by male to reveal Darwin's craft,hmsbeagle
36916,Goldfish love opera,orfeo
140237,"Queen Mary, say, getting bottom scrubbed, so cold",shivery
18190,Protesting hotly as half of us apply bear hug,upinarms
47653,Farm machine which feeds rabbit?,hopper
119371,King taken in by powerful warning,portent
81609,Imran Khan has a cross to bear,ankh
34454,Virtuous man holding foreigner to be important,salient
59401,"Closure is imminent, when project leader goes",ending
99100,"Gets quickly to one's feet, but doesn't make a move",standsfast
79579,"Remain on top of tap, behind washer",bidet
110844,Craft of American snake - leave it outside,steamboat
133837,Dog keeps family from throwing up,puking
48693,Not the first vertical back to get back pain,lumbago
69198,Warning! Half of my shares go into her personal cover,bodystocking
57831,Young horse with time off when first of month turned out freezing,icecold
66952,Stiff man enters vehicle,cadaver
81028,"Endless bad mood admitted by Al Gore, given corruption - he should have seen it coming",astrologer
77375,"Paul's the self-proclaimed Son of God, held to be name taken in jest",mickey
108109,Let off for free day,spared
130757,Playing concertina not on without core piece,acentric
37231,A drug man - Grant that's what he was,apothecary
22387,Clothing articles dropped by Boadicea,bodice
128570,Mum is earth-shattering persistent pain!,rheumatism
9418,A university lecturer is a lord,adonis
1910,A place to meet on the way,avenue
58183,Remark by unhappy sailor washed up on the shore?,seashell
130313,Something eaten for breakfast - santé?,frenchtoast
75695,Have food briefly before walking in old part of county,eastriding
93836,Branch of science applied to masonry,astronomy
14194,Success for church to exhibit pain,wince
25129,The drink of kings from the right,lager
6527,Have casual sex and drink around noon,swing
42509,"Backing arranged, having acted as solicitor",propositioned
9980,"The fields where time is short, none more so",least
139728,Food helping to keep you regular is flourishing,brandishes
71316,Offend greatly at first and confess,sing
133871,Screwing pig - Cameron hater is one making film,cinematographer
12683,Involve in late changes,entail
6882,Rear foot,bottom
139989,Perhaps procured dress very smartly,togup
64615,Backer told of cat's spirit,phantom
49680,Stolen food is a tricky problem,hotpotato
9897,Port given permission to entertain foreign leader,left
68222,Identified boy embracing pretty girl,labelled
82938,Respect for Bush in Texas?,honor
58184,Hard evidence of life in realms of Neptune and Pluto,seashell
131684,Guides woman's place in American society,ushers
45539,"Banker maintaining capital up, one relatively close",familiar
40611,Lasting entertainment of resort to gin by doctor,mousetrap
41512,"No-win situation, something that's decided by luck",draw
46583,"Greens an' chips, say",spinach
81152,Search frantically for means of support,arches
102293,Brexit not a disaster? It's very costly,exorbitant
108523,American's lines - pronounced as signals for actors,queues
46452,May no neo-Nazis get more rum for hapless other ranks?,cannonfodder
134497,Draft list to knock up in hunting target,preparatory
49765,Stand for soldier's award,represent
87153,River of top quality? It's in the water,urea
117620,Retire on going bust and seek new direction,reorient
57890,Rose's part as old character,thorn
91874,"Broadcasting refined, having dismissed society girl",onair
93717,Drink one where inn is abroad,rhinewine
79585,European's warm emotion three quarters occluded,slovene
38125,Clergyman has a time in treatment,curate
97614,"Love's about love, moving to the heart?",venous
21675,"A pain going uphill, plod",garda
129274,My word is annoying you at first,isay
20130,Queen accepted by no emperor,nero
81240,Expel from a party in true fashion,readout
122367,Cut about an arm's length and gain in tolerance,mellow
57747,South African golfer's clothing reportedly lacking presence,elsewhere
63595,Right? Redistribute seats around state,assert
57445,There's a great deal to this game,lotto
16874,Pilfer your secret,stealthy
1501,Advantage of top-cut grass,edge
114395,Sweet French husband got up in tatty suit,tiramisu
47116,Take a sound hard look at the size of an egg,glair
92353,Pa gets bottle cracked - it's for VIPs,toptable
80254,Writer offered money got rejected,dahl
46738,Work lining roof should be felt,tactile
141308,Guardian's German writer taking one in (as I do here),parenthesise
89519,What is wrong in record being beaten?,losing
59598,"Paint a beautiful valley, artist!",tempera
124664,Women in retreat,nuns
15069,Newspaper copy,mirror
15614,Guy not allowed richly seasoned food,ragout
57542,Withdraw touching monograph,retract
127551,Value of American English,use
44817,Stay sticky,tarry
73887,Deserving a reprimand,rating
52789,Yet his talk is far from uplifting!,gasbag
54265,Put in place in school?,classed
33802,Part of Shrove Tuesday taken up with a tot,dram
16514,An uplifting tune for singing,aria
18391,It brings a guy down to earth,tentpeg
33358,Be in bed in dress contemporary with Mozart,salieri
64862,Part is for Easter egg production,segregate
86003,Wanderer treated gash with methane,marshgas
44274,Line got reversed on page among stuff for cipher,cryptogram
104642,Unfinished look in state publication,magazine
98885,Animal guarding the Queen's front,breast
100486,Obscure-sounding round-the-world traveller,fogg
139023,Politician into initially inept football team? They're getting better,improvers
59419,"Oddly shun clout, career and money",lucre
124673,"Partly dressed, I get treated with insertion of a probe",investigate
102869,It's best of all coming from France,cremedelacreme
37897,High explosive combat may produce many victims,hecatomb
25671,Record a stage direction,enter
125298,Celebrity redhead in pastures new,superstar
4710,Head denied extra payment for responsibility,onus
73032,"AA member on line, perhaps?",milne
35414,"Without copyright, rephrase ordinance",edict
51789,Kind of printing no longer available to produce,offset
6916,Article in colour rejected as expensive,dear
28632,Misbehave when dipping into reserved wine,sherry
55849,Dub with style,entitle
96619,Flowers with their own admiration society,narcissi
41761,Homeless city female pleased to be settled in compartment,baglady
109375,Each in sequence for drink dispenser,teaurn
114484,Confused medic struggling with adult boobs,discombobulated
109746,Backward boy intended to show resistance,defiance
122171,"Meat cutter that's fast and keen I suspect, cook finally put away",steakknife
23394,Pass to the side for security,collateral
102007,"They buzz, but not with energy",drones
52155,Strong statement of intent from crossword compilers,wellset
104616,Sweets are mostly eaten by animals,caramels
94277,Kitty's crowd turned up in digging search,potsherd
57308,A fair game,hoopla
69525,Pitch a tent,tilt
55523,He's set for a long spell as an upstanding native of South America,araucaria
60425,"About a hundred in here, misbehaving?",creche
98685,Finish one's letters? One may use fingers as a guide,signpost
44137,Journalist writing about beer,reporter
12196,"Play opens here, with a battle",action
30774,With little warning by the ad?,atshortnotice
108787,Obedient servants should never quiz bosses,questionmasters
136130,"Boatman in the Guardian, home of slithy toves",wabe
125779,Vehicle usually starting at university in island republic,vanuatu
37354,One who counts on his fingers?,digitalcomputer
46155,Desires no end of money up front for what one's made,earnings
99633,Sort of deodorant put on by women,rollon
64798,Notice a wild flower,aconite
33293,Sea creatures Athena utilised by extraction,nautili
131133,Gruesome song with rare origins,ringaringoroses
33419,Fairly big bird,dipper
136682,Tackle Henry's mates,kith
62633,Producing movement of an involuntary kind by cattle,kinetic
19850,Not counterfeit money in Brazil,real
57086,Sign of growth,cancer
51927,Slightly tight clothing for damsel in order to go around,tiddly
88884,Ancient cross featuring heavenly being's shortened lines,angerly
26037,Staple food in second and last course reduced,spud
75162,Raise it with signal about playground trees,eucalypti
26337,Unacceptable to lose heart in retreat,nook
13624,Paper said to come out and leave no trace,disappear
883,Try at one point with a will,testate
84771,Support the unusual seer,prophet
134431,The Royals' employee checking passage,proofreading
127292,Dusk seeming dark is close to a disease for Jenny who sang at the Cape,nightblindness
21517,Possibly seated and quite composed,sedate
105401,Prince and circle not present in penthouse rave,enthuse
99279,"Put money on stock unit, a very good little earner",cashcow
86647,"Dark gold, reversible hat",sombrero
37915,Running through concerto in a bygone era,once
93738,Getting into period drama on TV (repeat),rerun
48612,Fool's gold's seen midday,moron
124453,Turn up with mother cat,puma
30523,Not the main concern of party policy,sideline
42454,Choice fruit,plum
26406,Flash is silver,second
101921,"Flower girl's savage, with no end of aggression",violet
101857,Foreign gentleman with vehicle for Parisians to go round,caballero
82111,Moving in and out of base,foundation
129738,Well-filled vessel,tanker
67939,"Two chaps with ecstasy, one preferring grass",herbivore
15083,Fail to shear off with cutting blade,ploughshare
66295,Soldier's an expert swimmer,lifeguard
122722,"She's, top to toe, East German/Swiss novelist",hesse
82254,Non-U commendation about pain given to study of antiquities,egyptology
51099,Tree doctor covering area brought in to preserve against decay,embalm
126842,She's eliminated artist from unarmed combat,kate
60557,Disciple with heart of gold in bloom,follower
102906,Legendary banking characters of Zürich?,gnomes
104905,University chair,seatoflearning
141944,"Following one day in city, in a terrible state",lithuania
14025,Commercial transport showing considerable stress,goodstrain
129396,Agonising facts cut into me,painful
111236,Hard-working lower classes ordered to waste time,dedicated
20549,Opera in London or Manchester,norma
5579,Note needlework round front edge of tablecloth,crotchet
129801,Small case - its contents alien?,locket
35188,"At first, you can die horribly from this?",cyanide
24824,"Yard man exhausted, extremely exhausted",knackered
14597,Farewell announcement that is socially acceptable,adieu
134391,"Fabulous creature presses on each star thistle, for example",centaurea
63790,Shot holder when wagon reached high ground,cartridge
112344,Weakens international attachments?,unstrings
505,Settle what's not serious,light
73323,Alexander's place for fellow on the staff,macedon
34628,Born villain's dialect?,brogue
66510,Sweet and innocent youngster admitting woman's in charge,cherubic
3584,Expert collects century at start of play,actone
61328,Fall reversed in American mutual funds,autumn
49882,Cross one side of Glasgow,celtic
113771,Verlaine's rhymes for ugly woman,plainjane
81293,"That's enough whisky, old girl!",when
128622,Runs through articles,pierces
82716,Tasteless lines fabricated in this,stainlesssteel
66517,It opens up as Christmas approaches,adventcalendar
135022,"In one section, needs nutmeg for cooking",unsegmented
73684,Flats built in Alps,plains
8535,Nothing appropriate? I'm upset with ban,embargo
13864,Chaperon needed going round place with a rough reputation,capehorn
64188,"Beginning to sing, jazz fan may do this",scat
33504,Stupid sheep taking a rise out of Milton's sporting shady lady,amaryllis
38979,Routes heading for Yarmouth in area of Norfolk,byroads
121355,They are not being true lovers,romancers
120096,Smooth stone sailor found in pork à la française?,cabochon
105074,Cain converted by a religious person? Wrong,inaccurate
77662,Weirdo gives horse to king,geek
14005,The lead for which one was unprepared?,surpriseelement
43768,"Sad song, for instance, to unburden heavenwards",dirge
48738,Idler putting newspaper inside towel,drifter
82200,Wot's up? Rossers catch the old floater in Suffolk,stowmarket
74939,A noted Turner?,organgrinder
125456,Swellings said to outlaw engagements of honour?,nodules
1549,"Witchcraft: spinning gold in attempt to get notice, finally",obituary
30853,Everyone's expression is divine,allah
90364,English slang confused divine messengers,angels
100312,A court's embroidered garment,surcoat
76765,English head of college and builder,erector
122470,Slight arch on East Sussex shore?,camber
125395,Ancient distinction in national flag,oldglory
83414,Cook gets black jack up,braise
2547,"Cryptically, golf is cheerful",upbeat
7863,'eaves one within range,urals
19980,"Small hole - it's surrounded by water, reportedly",eyelet
64244,Light in the past - dieting worked,ignited
115365,Increase the number in a layer,heighten
134880,Italian town that's too upset to contain diatribe,otranto
124616,The YMCA treated skin disease,ecthyma
39115,Pull lass back who's last in line?,laggard
12881,Speaker sees climbing marsupial pouching animal,orator
91274,"East African fruit raised, supported by middle of railing",swahili
57946,The inclination to care is about right,trend
75841,Vital point in game between numbers of Romans,crux
111628,"Arts society on the up, without operating a Mafia",cosanostra
37048,"Muscle in repose, I admire you!",respect
37378,Spell letter by church worker,enchant
142338,Penultimate part of Shakespearean play is beginning to move into vigorous campaigning,activism
34659,"Commission cut, got about a grand back",delegation
27060,Britain in poetry book held by an international player,albion
59093,A Schubert composition? Capital!,bucharest
14121,"Persian, possibly, with paperback King James Bible in stock?",cravat
2893,Jabber and annoy,needle
84977,Grave old lady half gone on fundraiser,tombola
14598,Final remark on something that's straight in the gold,adieu
2950,Plume (first class) grew mainly on dry point,aigrette
96712,Leak from a lighter,spill
24661,Missing catching ball that's like a sponge,absorbent
42603,One of a pair gets only half a stab of pain,twinge
85084,Sends to prison stores,putsaway
110177,It keeps things warm when transferring to the lap,hotplate
11811,"Being illiterate, I'm on my bike with hangers-on in the cold",icicles
22273,Fund holder makes rate adjustment more certain,treasurer
40260,Late but expected to have finished first,overdue
27345,Primate's presidential project?,bushbaby
70591,Face setback,dial
91948,"Child swallows a fly, which is no big deal",smidgeon
133921,"It's played in secret - by legend and son, that is",footsie
98420,Creature from outer space found on a lump of metal,seaslug
56585,Awfully angered,enraged
24901,Busy chewing old pen,coop
98305,It's no advantage to retire,drawback
67220,Not liking formality in the workplace,office
73222,Departed northwards with others,etal
136328,Clown welcomes fun about ring with fire,confuoco
115894,Isn't one strained by this?,tension
60745,Repairs to rail or canal bridge,rialto
57058,One leaving latticework erected in sink,relapse
101922,Woman is cruel after losing bridge partner,violet
107634,Senior journalist perishes in whirlpools,eddies
142006,"Very individual model T range, classic automobile originally collectible?",vintagecar
122437,Glut finds composer one short,sate
92696,Random attempts by snooker players?,potshots
130709,Find fault with round metal tool,nitpick
20445,Never-ending Christmas includes my favourite,nominee
128757,"Brood in centre of tree, conifer",repine
28346,South America captured by less refined warrior,crusader
46884,Owen''s heel is mangled in the front of the plane,nosswheel
14486,Proposal made by pilots before landing,approach
6946,Germ-free month I take into account,aseptic
49883,I am almost certainly played,clarinet
3365,Each girl avoids back pain elsewhere,earache
64622,Money raised: a little bit at the end stolen out of spite,venom
67931,Artistic effect of second drink,stipple
56842,"Eagle shortly crossing island, a poetic land",erin
132858,Like some films? Loudly express despair with heads of film industry,scifi
132175,Put slant on current story - one Conservative is involved,italicise
126776,They're to be found in the stable at the inn,ostlers
342,Queen's priest's hard to like,relish
140351,Live! Hit performer's jazz instrumentalist,bebopper
56029,"Companion wants cool tea, stirred and sweet",chocolate
23768,Knock out some facts about aircraft,dakota
40438,"Deficient, not finishing medical examination?",scan
125303,I can't help cook eviscerated bird,dunnock
291,Somehow RA can dash into colour,carnation
135796,Vogue journalist didn't last,faded
102958,Boatman's enthralled by giant of an artist,titian
59161,City's victory over another,winchester
94829,Drop into open dish (no lid) a type of pasta,lasagna
122329,It's essential to perceive one's anger's out of order,senseorgan
44897,Tyro charged group for cat,lion
104424,A girl's party quip?,sally
109958,"Heavy person appearing chubby, topless",lump
65290,Bad-tempered Syd held up savings scheme on credit nearly,dyspeptic
58435,Fret over servant's strike,stoppage
65590,Hurry! Ladies getting trade round back of park,looksmart
295,Where classified information is open to alll,publiclibraries
33806,Designate a ship to firing,assign
16206,Revolutionary air followed by early motorists,redflag
133647,Gain backing of European (Irish speaker) for old tenants' association,landleague
36675,Late rising around this place - that's heavenly!,ethereal
13183,To set up stable accommodation is hard,establish
666,It sounds highly unnatural,falsetto
99461,Presented with a century plant,agave
77671,I keep a French month,june
11627,Beat old-fashioned side in Home Counties,swinge
4773,Druggie into Jailhouse Rock,user
117216,"Losing some faith finally in prudence, causing split",rift
136901,"Offers more than one penny, pre-decimal in ordinary words",overbids
3431,"Give a subject a title, perhaps",ennoble
65038,Duck meat sent back to a US city,omaha
26740,They are quick to show themselves at sporting occasions,streakers
100707,"No, when one's thought about it",onreflection
65397,Has pined for academic office,deanship
102129,Italian mother in old radio comedy,itma
123334,Get to know about awfully obese wit,bewiseto
115255,Letters in an anagram are so not working!,outoforder
124195,Experts to include one into chopped ham,prosciutto
4735,Never taking part in Australian Open,nope
132034,Indicates position of red giant using sound waves,marks
51945,Ray used as weapon of destruction,torpedo
48161,Game at home results in defeat,ruin
55297,"A feature of ""Samson"" - more than average musical",longhair
78549,Goal let in by whistle-blower moving from right to left wing in America,fender
98562,This traditional value can be criticised,rateable
99353,Star flower is in need of potassium,asterisk
133534,"When to stop foreign elitism, with German back at the top",timelimits
34552,"Regularly late, yet sounding chivalrous",nightly
25248,"Certain to secure second victory, standing against...",versus
18959,Type of building predominant in Devon,barnstaple
24477,Letters of agreement,correspondence
52766,A term in construction of religious edifice,minaret
14215,Spin the head off the donkey,eddy
97333,"Embracing pietism at last, is ""secular"" religious?",islamic
77182,Cases packed with tasty stuff,ravioli
25635,Rail transport for tutors?,trains
77100,It's put into effect with penetrating article,impalement
6232,Idler: one needs a doctor,drone
34203,Evacuation: one leaves before last of Tory Opposition,enemy
59506,In Scottish island measure gas,butene
58885,"Thus ringing, press number for operator",surgeon
12885,"Kings, maybe, putting plastic money behind piano",playingcards
108683,Cases resulting from incessant misbehaving,instances
120615,Hits hard in part of UK,whales
10849,She's among the lean or spare type,eleanor
62162,Refuse to acknowledge loud noise bagging pig,disown
133601,Draw fellow in back as means of identification,efit
141106,More straight trousers lost - SOS sent out,truer
125158,Conservative attitude is fixed aim in old artist,traditionalism
70737,Number one - extremely sorry it's loud,noisy
105129,"Treated with contempt, university squeezed, then abandoned",disused
137883,Lady's about to retire wasted old staff,noblewoman
64701,"At the Turk's Head, in for another round, please!",again
46481,"""Fiddler's gum"" is counted among the maestro's infirmities",rosin
138143,Pass priest eating Northern Irish food,colcannon
122539,Describe one wearing the trousers,paints
37244,Aversion is new treatment in Alcoholics Anonymous,nausea
99952,"Arabian piece, almost crude externally?",omani
39594,"Not a Jew, a painter",goya
104614,"Novel cut to cover fine, quick story",newsflash
122719,Be a stoneworker and sleep soundly,knap
129855,Is going to increase the population? Extremely grave conditions,gestates
5960,Absconding child makes mischief,goingson
72218,Girl heard in a monk's bedroom ?,dorter
11978,Mean sailor upset students in game,baseball
122052,Married princess with royal appearance,manner
13774,Queen Mary's bottom,hull
117104,Cattle surrounded by wild mares - dangerous animals,maneaters
56014,Where children play and spit outside,sandpit
42778,Turn up in a small boat,cock
72525,Tub is hit hard,bath
132482,Intimate clinch in TV part,hint
69684,Bought it having gone for one of these,burton
130354,"Continue singing, including one great number",trillion
111464,Walk in capital after parking,pace
101836,Sweltering under sacks? That's life-threatening!,rifleshot
31091,Dare he twist or stick?,adhere
53081,Fitted top removed from piece of furniture,able
38486,Without entitlement right now,anon
6848,Suitable place in which to see Armani - Chelsea?,niche
20579,Obscure conversion to pound pieces,eclipse
142044,"Bluecoat scores badly in showjumping event, say",obstaclecourse
59499,In appearance the Italian is slick,facile
27084,Dainty little junction ahead,twee
34217,Cough mixture missing or with child,expectant
117003,Rocky Marciano and me talk about where the treasure's hidden!,exclamationmark
6248,Former French island's outcast,exile
14503,Tramp got up! About time!,toerag
104704,No seasickness in slang for seafarer,argonaut
115048,Size of big explosion turning up no precious stone,megaton
1346,Fifty at work at school,learning
112728,Agreement accepted by the old couple,yoke
37579,Compared to having given wrong information about Livingstone,likened
87720,Writer mostly astray,amis
132121,A bird's dam,aswan
131647,Australian girl gets German greeting in South Africa,sheila
13957,Scotch king quitting United Nations?,bloc
139018,Suddenly turn to make a collection,whipround
66966,Tutor rearranged piano quintet,trout
134883,"Soldier, following wayward line, cracks single car part",oilengine
103263,"Stagger out of university, sort of",astonish
44743,A woman cleaning fish,char
131848,"Characteristically, Churchill's gold chair repaired by Her Majesty",cigarholder
112552,"Ruined, becoming used to it",inured
107232,Behind so petite? Bum irrelevant,besidethepoint
105259,Battered tin (result of too much rain) being cared for,intrust
38264,Some hat trick! Said to make one flush!,brimful
19077,Unspoilt countryside in essence,nature
49400,Defeat with tail-ender finally dismissed,rout
24986,Fruit packed with energy taken by tea blender,chameleon
90416,Swift beasts' house in backward Scottish isle,yahoos
95545,Petition for canal not to be closed,sue
51914,Drunk ran away clutching posh theologian,fuddled
97703,Sounds of disapprobation for the drink,booze
104582,Forms issued when there's no employment,disuse
91805,It has wings and flies,theatre
129697,Firm plan for retirement?,pensionscheme
14185,"Ruffian of the French party, carrying out rape",desperado
100320,Strawberry grower has topless thing to wear in addition,sarmentum
21404,Building after war - that's why he aided us,marshall
55179,Cop for hot dog,incur
95634,Limited contract,narrow
13816,It's indeed amended,edited
21761,"What's left, say, delicate outlines",legacy
27899,A rug's maybe offered - how sweet!,sugar
105318,Deride school with a grunt when put in another form,laughtoscorn
14912,Artist holding recipe for beetroot soup,borsch
100199,Decent chap keeping member in trousers?,garment
19200,Point many in the country take note of,indicate
83891,Consider turning over good piece,knight
92344,More than a hairdo and a knees-up would be an excess,overabundance
35441,British flower overruns golden wild flower,torrent
12539,Provide entertainment outside the tube,catheter
74725,Force set off unpunished,scotfree
80695,St Martin about to pass on,transmit
11459,Ostentation from a padre?,parade
90268,A friend embracing the queen after whom a country was named,amerigo
101090,Passage from Burns' Go With Style,gangway
135763,"Married in church, consummated outside",matched
76410,"I won't let you speak, for example, to unite cast",tonguetie
126077,Raised weapon constraining song's eruption,exanthema
12509,Short of energy and enthusiasm,spirit
91479,Rummaged about for a long time in car,foraged
13321,Mother and son in novel by Lawrence,kangaroo
54095,"The ""last longer"" overall?",outwear
44641,I go a lot and get treatment for toothache,odontalgia
58901,Porcelain for bishop given to a friend,bonechina
53656,"Kit's tungsten withdrawn, following cut by Spain",marlowe
138397,Land bordering northern cove,gent
133297,Horny tip from second city of old queen?,surroyal
30855,Everyone expressed satisfaction with God,allah
71053,Vehicle causing disturbance after tea,chariot
90923,"Writer pens right magic word, only somewhat odd stuff",bricabrac
79356,Compositor must be kind to get gelatine,typesetter
114293,"Transport by cart, say, always 'ard in reverse",drayage
132316,"Use dark words of medium, so to speak",mutter
47778,"It might help, if you were to use your loaf!",breadboard
55145,A question: my leaving school an occasion for the Water Music?,aquacade
131775,"Foreign money, fifties, invested in new roads",dollars
93066,Terrestrial radiophones not paid off,onshore
92332,Ordered to respect something extremely private,topsecret
55933,Young female or male caught up in tangled web,ewelamb
109134,Points to potty one holding gob,spittoon
97008,"Left inside, weeps and dozes",sleeps
56961,Nasty daughter forsakes Uncle Dan,unclean
51499,"Writer tails academic, ignoring university order",prescribe
42226,Dismissed by monarch and shot!,outer
72699,One way of expressing distaste,aversion
93032,Goddess gets washed? That's laborious!,heraclean
14475,How seasick people feel on disembarking?,betteroff
115549,D-day commander seen in state capital,montgomery
60679,"Sucker takes a seat during hurricane, losing head",tapeworm
49443,Case of the former Liberal,example
63033,Judge finds detectives taken in by banker,decide
131919,Bitter controversy on both sides at tax payable - albeit cut back,cynical
2073,Something wicked and frivolous helps dispel the gloom,candlelight
111924,Resort to USA for transport,autos
141638,My reason for being in league to begin with,initially
55545,Accompaniments of door in spa,matlock
109926,"Barking noted with terminus in Upminster, best Underground station",bondstreet
33778,"Fish - without water, without oxygen",dory
80975,Remains in a silent order,ash
96691,Corporation founder's shambolic board manoeuvre?,bellyflop
94874,Seat is adjusted for sleep,siesta
61408,"First, little one's about to tell a story of flowers",lilies
89611,Fat lot being drawn?,tallow
48342,With a tongue of silver or gold in a tailspin,oratorial
139167,"Before maiden, first slip joins extra cover",smother
96962,"Act, oarsmen being in trouble in US river",sacramento
137844,Cleaner hid broken ornament,chandelier
138445,Published song by editor on the smaller side,outnumbered
110079,King with French horn twirling left abandoned returning music genre,rocknroll
31175,Some years with conservation group that's corrupt,decadent
31294,Communication shows oriental married trouble,email
106617,Roof covering yonder church,thatch
112490,Wishes of a worshipful company,prayers
133990,Censor wicked and loathsome extremists heading for Richmond in US state capital,bowdlerise
57785,Barney's rackets,rows
90322,Split large bill for gathering,flee
93493,Unpleasant character found by retired cops merrymaking in empty clink,cleverdick
108801,Total initially missing in oil company's accident,bump
53512,Debauched man eating boy's food,roulade
24153,Arch-villains disposing of property and laying up treasure,instep
51230,Victor Hugo initially abandons flowering plant,campion
86965,Accomplished women's crew on the hefty side?,overweight
83296,Some Tesco-read bands to decipher?,barcode
78379,Non-skaters who are in command?,officers
108198,Comply with unknown order,obey
122826,Family member knows I am changing name,kinswoman
135868,"Disregarding instructions, excessive loan's accepted",insubordinate
7748,Overturned records encourage ostentatious display,splurge
50145,Measure covering energy capture,seize
61861,"Adore drop of wine or drink, gaining a little happiness",worship
88753,Illegal drug supplied by son came first from east,snow
24684,King and two biblical characters free of duty,relieve
91008,"When rambling, sort out map (A to H) to show city",portsmouth
123264,Source of light at night as unorthodox sleep aid,pleiades
12563,Smooth when in neutral,greasy
86605,Lament the consequence of stress,mentalbreakdown
107093,He's paid to mind someone else's business,watchman
4314,Chemical one keeps in school,acetone
61392,"A teach-in, first to last on drink",chinatea
37585,Monarch in total chaos gets a reproof,talkingto
129400,"Cooking implement getting first-rate cooker's first-rate backing, inducing non-specific neurosis",pantophobia
7995,Get Ray to twist and turn,gyrate
28561,Grip a British tree,absorb
119893,Extinguishes the candle and passes on,snuffsit
107265,Modelled or acted to a degree,doctorate
48753,Supply seafood in vessel? On the contrary,furnish
11968,Transport used for getting to Coventry effortlessly?,broomstick
76142,"He explored Canada initially, with boat all at sea",cabot
48468,Meal named by English article,hightea
31410,"Celebrated craft of Hollywood producer, involving continuity",mayflower
29820,Fool is standing in one Italian town,assisi
25719,Behaving unethically in morning exam,amoral
26753,Give Ulysses his first name,grant
28201,Spaniard at the centre is a politician,senator
94146,Rick runs through country,sprain
84790,English brew up for feast,regale
94031,Bush needs fix under pressure,privet
28825,Good girl with a line that's mine,stannary
99617,"Horse in part of Trigger, so to speak",geegee
32404,Viewer's complaint about diplomacy engaging Arab,cataract
74042,"Overseas, China's capital spanning miles",ami
2211,Politicians find rising star come to dead end,democrats
22512,Surrender or die?,giveuptheghost
103730,Dog we held up in entrance,bewitch
100677,Gift horse dealt with providence,foresight
101049,Youths multiplying within seconds,striplings
43398,Dance with love at home to record,onestep
116640,Make unattractive and awkward men get ideas,demagnetise
34220,Some security is violated - damn!,curse
5946,Like this little house in London?,soho
82207,A mail shot has no right to be sharp,acicular
9889,Naval port,left
133243,Fine bulldogs and hunters,foxhounds
122347,King gains supporters and fights back,rallies
125682,"Off limits, like an exhausted kangaroo?",outofbounds
99504,Assumed stolen fake contains forceful argument,takenforgranted
22363,Wrongdoing revealed by Sadat in an earlier conflict,crimeanwar
93719,Final statement from the bar,lastorders
80985,One Italian girl's name,una
51992,A Rembrandt concocted with guile and craft may go missing here,bermudatriangle
11082,Letter from Greek graduate - it has four sides,rhomb
17902,Ploughman's lunch for a starter eaten by workman,tiller
51021,The aim of equal education?,eveningclass
112543,See last of sunset in red and white before heading for shelter,witness
130895,Not subjects needed at school?,rulers
80461,"""Bitmaps for IFE"" exposition's rather hot introduction",baptismoffire
65365,An impressive thing to wear,signetring
41840,Remains calm,rest
92707,"Fulfil obligation, as diver would have to with flea in his suit?",comeuptoscratch
136562,"Focus attention on fortune, stealing one kiss",fixate
109190,Meet by chance behind horse,bumpinto
109833,Welcome popular tenor into contest,invite
130935,Action in open court is thrown out,prosecution
27368,"Man of low degree, a disappointment to the flag",jackfrost
110052,Layer at bottom of river placed like this,deeply
23626,Charm used by tradesmen?,entrance
41820,Conservative newspaper proprietor once a star,castor
20675,Cunning with minimal sound,sleight
96686,Source of water that's yellow and isn't a boiler,springchicken
55157,Most of my pants are against regulations,belowthebelt
24480,Agreement in writing,correspondence
6192,Poles sounding out German city,essen
136786,Due to take bus back,sub
30390,Spend free time stinking in bedding,holiday
59411,Money is a bait that takes in many,lucre
136538,Has band to penetrate groups of women,harems
126876,Starts to stir up serious trouble out of a success story? That's helpful!,accessory
10243,Mount held back by reluctant equestrian,etna
6602,Curse old city and shed tear,execrate
138599,Gardeners stand nervously around spades? Not very,hoers
66146,Mark of rank taken by King Harry,badger
54122,Only poor environment for women in city,norwich
35161,Women kick and hit,whack
71675,"Don't drop one's aitches like Captain ’Ook, for example",aspirate
6098,Craft project,launch
100305,Involve brother in mile medley,embroil
112515,"Head is off beam, a long way",mile
27498,Blackmail's no longer wrong?,extort
124680,Stripped clue with a pattern,pinstriped
124653,Ancient civilisation's centaurs seen running around,etruscan
125320,Roman general in naval base,pompey
98110,Measures spasms appearing after operation,optics
111870,Artfully display one's smoothest charm,toothsomeness
139874,Provide new equipment robber picked up,retool
133210,Avoid stage production broadcast: it might infringe the rules,misplay
39853,A hundred bunk beds for artist,bosch
135856,"Expressing desire, top kinky musical making a comeback",optative
127246,Song writer's first to enter abbey,downtown
135927,"Install new parts, strong girder finally put up over it",retrofit
62921,A tough guy in the City ran things his way,tyrant
112672,United Nations aid for flu outbreak is not of much use,unhelpful
13308,The support one received as an innovator,pioneer
53672,Dour poet shaken and dragged out of bed?,uprooted
78955,No life can be recorded,onfile
55539,Half-hearted hostility and dismal dazzle,splendour
92611,"Say ""nolle prosequi"", Hilary?",lawterm
54358,Devil eggs in audition for restaurant?,bistro
63943,Climbers pocketing gold keys,ivories
88205,Lack of faith in so many leaders chasing articles,atheism
45158,"Teutons play amazingly, suppressing laugh when England generally loses?",penaltyshootout
10757,Experts in digitally-recorded evidence,dabs
117931,Sheltered area where diesel is spilt at end of lane,leeside
24147,Arch no different from others,instep
2538,Cheerful and optimistic as bar closes?,upbeat
95174,Admiral who gave nothing for calm,beaufort
128517,Hotel hosts old and new boring music,harmonies
127611,"Scots say low gravities, they might raise the spirits",ouijas
15114,Needs rig-out bearing trendy label,designer
82261,Trace of rawness initially found in meat,streak
53070,Duck doctor in spring,origin
63149,At high speed I make records,fasti
67972,Greetings for another third - both ends pay twice,happybirthday
141465,It helps to see nurse with eccentric clothing,lorgnon
107121,Where a clown's oversized shoes were made eventually?,atlonglast
55587,Cyclist shot by a bank robber?,raider
103279,Nun oddly including it with song of religious group,unitarian
20591,Firm's doctor with badge,rigid
33442,Have a go at getting clear in river,deride
12481,Dance to Spooner's plugs for blue movies?,hornpipe
59349,It's valuable whether or not one has money in it,platinum
25093,Are nits mutating and so more dangerous?,nastier
7351,Enough maple fudge?,ample
24983,Adaptable character making mess of clean home,chameleon
125436,Small child gets into wrong Ford in Bulgarian capital,stotinka
142037,Dishes made from very high game,soupbowls
92922,Regularly in retreat? It's common now,era
140408,"Musical predicament inspiring prayer, looking back",spamalot
33661,Nasty sounding mongrel in the citrus grove,ugli
124001,Resolve to be unconscious after the party,thrashout
49583,Spill the beans about select sport,sculling
112575,"Foreign viceroy - not a chief in Kiev, anyway",khedive
58483,New organ I ordered from country in Europe,norwegian
137097,Gave birth - all but first raised,upped
10214,Agreeable chap put on coat for builder,bricklayer
16842,Birds following one with rodents,titmice
89847,Namibian capital undeveloped? Just about!,nearly
24097,Starting point for climb,nascent
97684,Give suspended sentence out of court,lynch
3507,Rocks and rolls in lively dances,reels
39196,Former type of exam: English composition,pastorale
56434,"Loaded or poor, get rich here",eldorado
110679,Object of wife swapping?,barteredbride
81076,It's barely legal abroad,justabout
91695,Man may be crook,staff
121749,Ending in fields in order to graze easily,nosweat
28977,Games with a masseur,rubber
108275,That is shown back in FJ Holden's second article,feijoa
63526,Tranquil about points for feeling bitter,resentful
83865,Declares that girl's put on weight,announces
75835,Set fire to sleeping accommodation in Paris,lit
116497,Spotted mushroom ascending into heaven,specky
131164,Chicken's job always to punch fish,laying
625,"Reason, for example, money's held back therein",sanity
98085,Act without control and don't spare a tear,letitrip
6552,"TV presenters Dec ___ in love, moving quite slowly",andantino
82380,Withdraw treatment for a leper,repeal
42449,A rival paper behind the crime?,theft
7442,Audacious when ten lions assembled,insolent
110793,"Something to chew, sucker rolled around",gum
98465,Loomed over vessel coming to a part of South Pacific,rosssea
57105,Tied up and has no food,keptfast
81995,"Force unit to seal off West Crawley, perhaps?",newtown
100310,"Lady's man, fancy, aims to closet queen",amorist
57982,Suffering on top of lonesome pine,languish
132939,Try to get publicity to provoke,goad
116592,Charged over small transgressions,evils
38863,Horny GP after surgery is a monster,gryphon
85138,Playing soldiers with fellow artist's productions,manoeuvres
85199,Illegal deal makes revolutionary type march,champerty
58970,Accent has come about in Latinised literature,tilde
8105,They may be eaten slowly or bolted,nuts
37494,Stuffed a complete American policeman,overfed
66468,"CE cowards put out doctrine of all-male clergy, say",sacredcow
18353,"Floating at sea, for the most part?",inthemain
69323,Three of three eat up money,rupee
29646,"What comes up in cold climates is small, providing dressed as Scotsman?",skilift
55603,Tells stories kept back in reserve,relates
45424,Voicing full agreement,pact
129528,Ringleader facilitates unexpected visits by police,raids
91062,Reckless lady urged with caution,guardedly
10912,Farm animal given time provides cheap fare,steerage
55128,Speak too highly of cricket captain's concern,overrate
139514,Irk privileged American pest,gallwasp
37686,"Remained sober, I'm told",stayed
54737,Old instrument mysteriously associated with Marie,celeste
90989,Not smart new lines in underwear,brainless
79195,Horse gets change of riding gear,halter
42739,Hurrah for food!,cheer
34013,Nearly fall over fish in the backwash,tiderip
22356,Corporation lawyer first to provide information,datum
130564,"Writer, not entirely enthralled by French sculptor, forced to help out",ropedin
128031,Giving undue prominence to bad behaviour,playingup
52834,"Carry a gun with sleeves rolled up, we hear",beararms
27448,"Dominant, the leading note of the conductor?",solti
28863,Film: Daddy's Girl,patina
105565,"Legally enforcing forfeit of ring, estate being redistributed",estreating
51956,"Lad heartlessly tried afresh, but only caught this",tiddler
38944,Final release for Buddhist group,nirvana
51963,Champion? She aims off,messiah
121603,Ford Escort's first to penetrate isolated country,sierraleone
44612,Can count on union backing about tea break,numerate
14035,A crab's exotic charm,scarab
123207,Prince with sick queen to hold out,proffer
119929,Probe about language is widening,dilating
120053,Transfat is unlikely to get you moving rapidly,fasttrains
9720,Press baron?,title
46645,"Fall out, perhaps, in the north",happen
67457,Silly farce sure to appear again,resurface
55939,Confession by former drug dealer's legendary lover?,isolde
104384,Italian opera the French see in proportion,toscale
139344,Concerned with the cloth of skirt tailor retails,ministerial
17436,Soldier's pretence of dissent,react
107671,"Sacred instrument found in bin, broken, with glue regularly applied",inviolable
108102,"Archie with Rosie, arrested during prize hold-up, getting it overturned on a dropped charge",pricereduction
29217,Security is raised in warehouse,deposit
116835,Account level in the US,story
118285,"When Usain Bolt runs they make sure he's ""clean""",ablutions
111524,"For example, silver belt on male model",noblemetal
129133,Electricity generator nicked in post office - thief may end up here!,photocell
108440,Dad not quite dead - that's awfully silly,fatheaded
10201,Tampico almost devastated by blow,impact
66497,Exaggerate rubbish in old poem,overstate
117800,Missing with cast at channel of speech,throat
90171,Fish turn up at seaside structure: more ready to drop off?,sleepier
137311,The done things,achievements
142168,Expose fanciful husband of Aunti Ash?,uncloak
20560,Ten toes spread out with no purpose,otiose
17901,Farmer used to steer,tiller
119331,Actor in the front inside back,edithevans
138950,"Cow moos, repeatedly expelling gas in Welsh valleys",cwms
93551,"Girl finds girl embracing girl, right?",marjorie
89755,Women in bed with cad involved our erstwhile agony aunt,annwiddecombe
76624,"Study of matter, energy and gas reportedly turning science upside down",physics
103233,Controversial habit backing Guardian crossword setter,rufus
84925,Everybody gets involved in the trial that's most preposterous,tallest
139099,Ruin archaeological work at artist's festival,mardigras
85259,Stays in confinement,corset
133929,He'd possibly committed theft?,halfinched
74234,"""O!"", I cried, entangled with heatherlike leaves",ericoid
14330,Stuck in olden days with English definitely at the forefront!,pasted
76806,Office worker reported Siamese drunk,typist
134923,Small pet is bad for one's breathing,smoggy
121573,"Bit of a bloomer welcoming fascist leader into chamber, the twit",halfloaf
23870,Hesitantly stated a colour and was wrong,erred
135114,Defensive way of thinking rubbish - entitle army to go on manoeuvres,bunkermentality
6091,Destroys ambitions,ends
32516,"Metal chain, ounce perhaps?",feline
131545,"Put off, but not deterred",postponed
138904,Signs of rookie's large feet in EastEnders,lplates
107972,Element of resistance in Grant,boron
1770,Toast given in port,brindisi
118973,Does it pay to salt icy roads?,slushfund
68647,Trendy pop for European royalty,infanta
80343,House-warming arranged for Alice,coalfire
70331,Abandoned a financial career for an academic position in Paris,leftbank
101631,Expanding port in boring operation,broadening
44611,Having the knowledge to tell?,numerate
71914,Trade mark mathematically undefined,logo
2231,Epistle he's sent us from ancient Greek city,ephesus
37567,Circumvents current faults,shortcircuits
80106,I'm surprised to see old Russian premier casually embracing green,gorblimey
122499,Had no business to remove top of branch with explosive,oughtnt
58033,Monster so elevated,ogre
102028,Soured star bound to accept condition,acetified
22045,Ariel's ground here,israel
121581,Steps inside,staircase
97528,"Ultimately, wine left inside (and outside!) wine cabinet",cellaret
89427,Drug that is suspect makes one deeply agitated,distraught
19729,Trees having no great variety,bonsai
60556,Woeful epic that's in need of editing,pathetic
47569,Copies of paper on Sunday,mirrors
10293,Couple emerging from exit seem half-cut,item
96773,Sea nymph: I need to swim around river,nereid
42382,"Drive in range, with ball cutting in",ambition
8035,Walk by the river,cheyne
105563,Special spread provided for worker in digs,spader
60090,"Advocates publishing this, providing a surprising result",upset
75568,Mostly a lot of skill in contriving real trouble,ingeneral
100848,Tutor is sorting out sightseer,tourist
37984,Drink at a play,drama
10407,Beer - or punch,wallop
39184,Time for doing the ironing?,evening
46196,Cold joint may be one of those things served at meal time,chip
8340,"Spice Girls' debut, having first met UN Assembly",nutmeg
115816,Performances on wheels?,gigs
138949,Gutless Amazon repellently exploit workers - they make you sick,nauseants
31312,"Always on the go, remaining fresh and vital",evergreen
105532,Retired queen and retinue prepare for new job,retrain
122553,"Speed management system cut corners, given oil spillage",cruisecontrol
22984,'Iker's desire?,itch
85050,Singer and saviour for some taking over series,chorister
118851,Call to have a leftie imprisoned not restricted to one person,sharedout
7768,Badly affected on account of strain in upsetting cricket practice,stricken
12403,"Better rail transport brought back, impossible earlier",outsmart
71994,Note anxiety in Stepney,mistress
115604,Something sung to man or woman,maria
59298,Rotter is binding pieces together,composmentis
54037,"The ref stared furiously, collaring United's sweeper",featherduster
135823,Player went to assist,leftback
73389,Glamorous people I follow around (and refuse to stop),glitterati
41888,Amazing saves made by unsighted goalkeeper?,blinders
120016,Suits adaptation of Sex and the Inner City?,execs
57301,Cruder nurseryman preferring small son to wife,grosser
125618,Cold buffet is a great disappointment,bitterblow
91694,Stick used to support a body of officers,staff
118124,"Finished around river, out of water",dried
11785,What happens when you aim for the stars?,upshot
2971,Pinch women in wood,tweak
96568,"Writer of various works, including one coming out",emersion
57559,Speculation is in the wind about doctor,gamble
98211,Missing my puzzle in old version of the Listener in days gone by,yesteryear
91287,A gorge subject to pollution,defile
25687,Put your name down to go in,enter
108359,Trendy Italian banker boxes celebrated doctor,hippocrates
42403,Money spinner?,coin
28542,"Lying near a jacket, a coin",adjacent
63119,Part covering right hole,pierce
122929,’oists part of the roof,eaves
108973,"Damage one's shed, sadly",tear
72824,Arms hang on this fighter,gunslinger
81433,Boat capsized in river - mark it well,notabene
26776,Frightfully nice trait is involved,intricate
68654,"Rich cake's wrong cake, ultimately",torte
27651,A nice version - New Testament and Old,ancient
115500,Two familiar chaps bring water from the hills,malvern
8318,Important event when dead man's head is found in Scottish town,landmark
67068,Head about to permit a range of colours,palette
116241,Snack for all golfers?,opensandwich
76804,Sorry we had to bury gag,wretched
117814,Cries of ravens or motherless parrots,caws
29216,Place for dopiest criminal?,deposit
50941,Make alterations to restore ICI item of furniture,escritoire
121517,Nearly every one goes by taxi for the party,cabal
43008,Important person gives an extensive lecture,bigwig
9991,Syrian city not prepared to support MacAllistair's enlightenment?,antioch
92637,Garb in garbage?,pants
12001,Baby ate dry wool when confused,twoyearold
131966,Clown's opening daily bluff?,crag
28925,"Port, in difficulty, relocates",tyre
28945,An original idea to mind the baby,brainchild
133088,Booted a bit of the pitch over the top of Hillsborough,shod
1185,Giving one a great shock is its most extravagant claim,hairrestorer
63433,Add life to Greene's novel about Haiti's nadir,energise
140830,"Worker, striking, giving a wave",handsignal
92726,Invite work in plain language,propose
64073,Knight's pageant held,galahad
85995,"Choice of meals initially dismissed during drink, leaving edible seed",pinenut
107118,Thought of doing it with Florence,reflection
108233,When to pay uncle a visit?,hocktide
128236,"Fight with mafia? The Italian lost, leading to fireworks",sparklers
88419,"In truth, rallying is a form of slavery",thrall
122606,Article supporting a crossword setter in bloody competitive strategy,gametheory
103990,"Sweet, sweet skirts, commonly cut",strudel
4594,Current ball supporters,tees
136112,Spoil attendance in Kentish town,margate
118659,"Scheme laid down by heretic, a sort of worm",planarian
118776,"Extremely slender, for example, that's about all",everything
26582,Frenchman and wife to start again,renew
129636,A new church first raised in power in formal measure,squaredance
69380,He left town confused by a fraction,onetwelfth
80673,Covet a bizarre bird,avocet
62075,"Brewer's brief career, with appropriate following",teabag
17201,"Those with strain in voice, one being choked by endless work",choir
121091,Went past a rude hovel needing repair,overhauled
22285,Tired after stroke to point,blown
24114,Know-all rascal met with disaster,smartalec
58459,Cancer subject has inner resistance?,tropic
128512,Other half of ripped carpet sent back,partner
87220,Inspector to try English recipe,tester
87932,Short form of purdah?,hardup
22471,This is not on note with thank-you letter,theta
33421,Bird said to be big or little in Canadian skies,dipper
46847,Buzz gets permit for lock,ringlet
69140,Amazed - and so is the organisation,astonished
123846,"I'm all right, Jack, I'm using soft tissues",noskinoffmynose
68898,An American uncle?,pawnee
10790,You after vacated seat? This for a viewing restriction,stye
97478,"Somehow remove hunter of fox, letting animal escape",peeloff
76138,Ineffective without electricity,powerless
95782,Impolite sailor put out around mid-afternoon,abrupt
25603,Go for a short walk,turn
91597,Poor white American taking wine with spoon,redneck
36846,Models look around for a kind of glove,mitten
120069,"Bore, extremely unpopular, stopping over",endured
43580,Plea for a two-point pact?,entreaty
45128,"They include envy, with idle sadness in some versions",sevendeadlysins
28862,Just so in a film,patina
87096,Bank reserves hotel room,chamber
128070,"Turn magnet around, it causes change",mutagen
32950,Strong drink may lead to smash,highball
67189,Work on model's face,oppose
66621,Term used about style of product by artist,rembrandt
75808,Island of international importance,iona
57444,The winner gets to house first,lotto
30444,Judge found drunk outside - that's extraordinary,unheardof
23465,"Lots go under this sledge, for instance",hammer
37989,Play prosecutor penning sheep,drama
107249,Web-footed friends,palmate
102718,Vessel making way for others,iceboat
98070,Acted with restraint in drama externally controlled by journalist,underplayed
123630,Tall girl's back covered in yellow and white?,leggy
103879,"Oxygen, say, emerges from parts of estate",heirlooms
87257,"Yes, lamb's being cooked for the multitude",assembly
130006,"Terribly grieved, draw apart",diverge
82619,Gin or meths?,mothersruin
29827,Struggle if led off after fighting here,battlefield
61918,Mate with an unusual sibling produces litter,palanquin
89474,Foresight might suggest avoiding a dental examination,gifthorse
112542,Idiotic change of heart for woman giving evidence,witness
64511,Yet it might have private wards,generalhospital
50122,Return of spirit in open discussion,forum
59723,The homework for a year to settle in advance,prepay
122976,Gives inept performance done with woeful cast,overacts
115,Top composer has direction restricted? Stuff that!,upholster
75168,"Iconic American, sadly no more ...",monroe
76390,"Arrogant, if true",assuming
48237,Saw dog wearing lead,proverb
121941,Applause for bowler at place to race,goodwood
98338,"Removed fat, including wrinkle",struckout
2327,Losing wings little by little - that's very bad,abysmal
118765,Presently having a job between Scylla and Charybdis,nowinsituation
34987,"Maybe cancan can be racy, wearing delightfully exotic tops",dance
89683,Writer to ring firm up,belloc
45522,Introduced breakfast roll to various diets,baptised
1576,"A manly revolutionary, but not a professional",layman
42181,Bend in backbone with belly up?,supine
117837,"He's a cool customer, almost ridiculously sweet",chocolatemousse
64433,It shows what's currently on,pilotlight
7763,"Nefarious business, coppers standing in for models in hot spots",hocuspocus
115914,"Father authoritarian, bit of a nag",pastern
62833,Earth nation's taken back credit,kudos
124882,Forecast a blue shiver that's indicative of wind,beaufortscale
6728,Southernwood induces repose,slumber
119255,Highly value hypermarket in area at the side of the road,laygreatstoreby
1945,What a cat does with a rat,rhymes
97761,Fruit woman within call,cherry
111989,"Those fail, perhaps, who drop out",losefaith
20983,Warn one that's amusing,caution
103315,"Rude type outside pub, back on a Pacific island",borabora
26609,In which the reserves run out,secondteam
67620,Robert Browning's young girl gives father the pip,pippa
77284,Bend round to kiss missile launcher,oxbow
89047,"Nominally, she's discretion itself",prudence
42870,Poor journalist in craving for elevation,needy
125755,"Chemicals like ratsbane are poisonous, so I tried swallowing ten",trioxides
4575,Army officer gives assistance on point to make off,aidedecamp
120451,Grates fruit,rasps
75734,Position of jockey produces a certain pace,astride
138809,Don Juan's undone and missing a godly partner,juno
118702,Chateau Nice farm houses organisation with minor concerns,unicef
107204,Anxiously consider the children,brood
14061,Chance controlled Benedictine,random
32946,Spears and bows,sticks
21728,Question what might produce inflation,pump
96995,The toast of former opera-goers?,melba
108641,"Rounds containing much fruit juice perhaps, and tea",oolong
83305,Big blow that enabled Joshua to cross the Jordan?,piledriver
9181,Study the odds before broadcast,spread
76001,Aircraft base advertises tour,airstrip
126094,Dog gets to perform with parent in capital city,doberman
98082,Garland wrote in invisible ink,lei
91768,Publican's job is to provide compatible environment for Nag's Head,innkeeping
50976,Not good to throw around gold coin,florin
79115,"Granny enlisted in military unit, like the Queen",regnant
120571,Suffering from as much vertigo as possible is commonly too much,giddylimit
42624,"Wine box upset, losing top",retsina
52983,He wrote because one needs second volume,asimov
113330,What's the deadline for a North Yorkshire hamlet?,whenby
104788,One Roman emperor related to another,julian
96156,School head keener to get cleaning device,sweeper
12732,"What many, in panic, make themselves",scarce
130359,Mine's a dire job in conflict with head of school,missjeanbrodie
98545,Run past in discussion,bye
129796,Canine neighbour has vitamin and mineral drops in turn,bicuspid
8138,Join inclination to space,enlist
36771,Bad luck to have head covering its heart,hoodoo
59997,Parliamentary official who cracks,whip
81771,Exercise with it in Chatham,pitt
134446,Wave hits Bond's head in submerged vessel for future generations,spermbank
89835,Sun's exposure breaches the privacy of physical gratification,sensual
114407,Repressing one language on Cyprus is folly,idiocy
128139,"Illness got rid of, looking roseate",flushed
43171,Senile and repetitive state,gaga
23381,Wader's violent end with shark,redshank
58588,"Furniture of French game, they say",buhl
29498,Sound of fiddle in Florida,tampa
124887,Hour in Eagle drinking the amber liquid?,urine
122481,HM's in a grand setting here,sandringham
28254,Father produced a cane for any complaint,panacea
118215,Holes picked in closing remarks about French leader,perforation
80425,Keeps to front of non-passenger car,guardsvan
64596,Rages on about stocking fillers,oranges
120330,Biannual turning point in star’s career,solstice
29826,"Italian town, unaltered over centuries, at last beginning to industrialise",assisi
13430,Food fit for leave-taking?,farewell
82023,Fellow scoffed a lot,fate
118966,Amount blue rinse endlessly comes to is beyond solution,insurmountable
3738,Son tucked into goose; he sought seconds,twist
32196,"Defend against South, in another test for learner",resist
73033,Nutmeg's run into by learner - called AA initially,milne
138547,Ass featured in ancient witchcraft,twit
77086,Put a valve in central heating as a last resort,atapinch
14399,Old curiosities cross to the New World,victoriana
72196,Attlee given a pair of tights before introduction to social climber,clematis
35912,"Bully's horrible nature, one admitted?",taurine
62585,Bitter starts for any cars easing round bend,acerb
112912,Foreign country picks up the bill,pays
101774,They help motorists keep engagements,gearboxes
74338,Delay - one has week at first in delay,stonewall
39251,Material for a celebratory meal,galatea
4665,Not a subject put on in advance,monarch
10213,Home builder finds good egg with hen,bricklayer
37954,Dog mess lazy one leaves,poodle
132456,Jockey let a horse give up,loseheart
40493,"Legendary bird returns, so it is written, to a Mediterranean isle",corsica
99403,"Pompous relative dies, unfortunately without love",grandiose
142227,Unhygienic person strangely able to get cigarette out,fleabag
113675,"Ill-omened, unlike a Kingsley Amis character?",unlucky
121434,Danish physicist locating pong on time,bohr
98840,More than one slice of the right allotment of shares,rashers
95564,Contradicts men on the board,counters
17933,"Data, mostly taking in Great Britain, concerning unnamed missile",dingbat
30242,"Something that may have damaged tree endlessly, small thing",termite
103344,Muslim possessing nothing quite like fuel?,dervish
81281,"Office junior, having died, taken on by God, so in a tizzy",dogsbody
32807,"Soften colour, say, by adding blue",diedown
59114,Atrocity committed on a field of battle?,crimea
82105,Stopping: not out to prolong outdoor hobby,finishing
71867,Old form of communication on the way out,exit
63600,The pledge of confinement,committal
74809,"Being prepared, add last of sauce to sardines in a stew",readiness
130994,Trouble with fog in vessel seeking shark,dogfish
139531,Clerical work drawing over page,typing
116964,Note given to Warhol is sweet,candy
17497,More is not left in cutback,extra
59824,Heard to tolerate North African port,tobruk
65467,Comparatively deranged plant,madder
12355,"One's bananas coming from Norway, say",nutter
133366,Shaking some projectiles,aquiver
66367,Take-off'll be reported; one's bowled over,skittle
57482,"Intrusive moves made by voguish explorer, say",inroads
142264,Cut line into heart? Funny story that,ribtickler
129713,"No credit for tennis player having ""time out"" for injury, ultimately",paycash
125637,Rushed copper once pursues subtle criminal,bustled
77252,It deals automatically with dirty habits,washingmachine
70862,"He's no pig, but he won't let others pass",roadhog
129737,Start playing in attack when winning,strikeup
65163,A city fashionable in the past,chicago
129808,Sticks with wave power,magicwands
25967,Top game for one with a blood disorder,diabolo
4556,Wave from food producer going round about,breaker
104017,Winter cover raised in freeze,iceup
34244,Wrong patient,invalid
3580,"Very excited, for starters",soup
838,Remains an alien presence on the Scottish plate,ashet
135697,Knock back drink by bar,counterpunch
56873,Tiresome introduction to drunken bum,drear
126325,"Roman poet about to make a mistake, study being disregarded",overridden
49924,"Impenetrable work leads to awkward questions, upsetting editor",opaque
61149,Ice ran out for the drink,cointreau
502,Shed clue,light
50631,Worn by people on oath,menswear
1047,Language of a male with a lot of diamonds,aramaic
92839,Novel in which Mostar destroyed east of a distant Surrey town,afarewelltoarms
9298,Can run inside to get American grub,larva
101022,"Rough and rude, the waterhen is swimming",undertheweather
78528,"Anger may be, but not battery",freerange
76914,A pleasant journey across the Channel,bonvoyage
11566,Unusual coin for sustenance in Wales,rarebit
78679,Name one Old Testament woman: nobody else!,noneother
13253,Puzzle set in game,enigma
120677,Person quietly pretentious,party
77128,American way to spoil fish,turnpike
16188,Dish for archer on hill in Italy,tortellini
129265,Some sensing I've not donated,given
15844,Strode around the county,dorset
65193,"Most of group left in care, causing local irritation",carbuncle
26205,First of attempts to free the BBC,auntie
6057,Direction of Jones's partner before end of depression?,down
139429,Is it shelved in Swansea?,welshdresser
45001,"Earth, say, provides energy to feed bush, perhaps",planet
109494,Accelerator or choke?,throttle
60547,Female leads for archers firing a lot of arrows,sheaf
80772,Massages the figures with declared deficiencies,kneads
77759,Growling growler driver? That's about right!,crabby
64298,Stop fee being put on invoice,accost
27625,"Minor left among offspring, having bottom wiped",little
64113,Part of the score Bilbao got wrong,obbligato
19461,"Stylish US city, previously obscured",chic
83679,Return to sender,reply
104414,Miserable material for a movie,bluevelvet
30205,Endless slur in medical prescription,insulin
12878,He speaks of sports centre on a hill,orator
13766,Consort crashed (nearer Lancaster than Croston),scorton
127317,Athletes who take part in four-legged races?,relayteam
58966,"Annoyed, having made things worse",aggravated
130618,"Population of Ireland, say, is riven by malicious gossip",islanders
54233,Attacking position for the game leader,bridgehead
39053,Stakes put on third from last,deposits
13493,US agency managed to split skulls!,crania
135325,It's possibly a suit likely to dress fool up,litigable
91921,What a dogs likes with food is fertiliser,bonemeal
115401,"Exist, even though scattered over large area",extensive
8690,Picture makers getting valuers in,universal
108386,"Wreck aground, despite exercising caution",onguard
32830,Person robs poor to make cut?,osborne
136360,Finally passes Brownie test in navel-gazing,selfexamination
130143,Double curve saw one out with a maiden at midwicket,swanneck
98772,Fit girl given bodybuilding exercises,adapt
6409,New pope not welcoming new adversary,opponent
68093,Attacks and captures,seizures
120646,Turk getting most of France in a spin,anatolian
8289,River bird may have second thoughts,regret
304,Irregular features of Bernice's cheese,brie
75102,"Stalk founder of the Met, holding up detectives",pedicel
90749,Stereotypical Mancunian garb for Croatian resort?,raincoat
87703,Fluids run into ocean,sera
98443,A way of acting part of Hamlet's madness,method
10288,A couple in one piece,item
53041,Appoint entirely new ambassador,plenipotentiary
50076,Eau de Cologne,rhine
69112,Peer in uniform,equal
101826,"Posh friend, willing to take part and start to go homeward",upalong
70571,"It may be pressed down, but not up",button
104115,This could be thing for evening's entertainment,nightout
63583,"Sport found in a town in Greater Manchester, usually",asarule
25109,Take away pamphlet after editor turned up,detract
18285,Flat not in repair,outright
12586,Rings round? Rubbish!,poohpooh
63031,Resolve on December to March date,decide
24138,A harsh settlement for nipper coming up with gimcrack,diktat
30317,Clothes engineers wear to shock,apparel
48642,Drink tea with American in plane?,chartreuse
125119,Liqueur for castles,baileys
101399,Not reacting about son being put inside,insert
70661,Queen in Cornish river's gone native,feral
11888,Manager deserved to be denounced,execrated
29710,"Fresh and vigorous, you get the endless flu going round",youthful
27104,Broken car phone in Escort,chaperon
62411,"Be nice to a dog and a bird, for example",pattern
121376,Just yours truly on top of bank,merely
90194,Vegetable with potassium? Cooks boil hard leaves off end,kohlrabi
120343,Radio astronomer's strong feeling for lines,lovell
79894,The alien plant must come up using this?,trowel
23040,Overproduced dairy product,edam
105407,A Native American owns a good amount of land,acreage
138718,Tom and Paul excited by Troy's siege weapons,catapults
105631,Seeking vocation,pursuit
118860,Put away drink after drive,senddown
126054,US state accepted by Red Cross,riled
94743,Gathering business is getting better,pickingup
104484,Such a to-do makes a girl more troubled,rigmarole
32033,Move all ten about seeking to be so evil,malevolent
27145,Brawl featuring vein of gold in season,freeforall
124825,Elitist rifle range welcoming dilettante,trifler
124764,"Go quietly, taking piece of paper? That's rotten!",slipoff
90512,Element in jovial element,mercury
42885,Small and large specimen,sample
64489,Popular psychologist accepts the teaching of religion may be damaging,injuring
13134,I'd turn awkward on a point and butt in,intrude
74145,Latent mercy's stirred for woman murdering her husband,clytemnestra
19025,Ambled unsteadily into pandemonium,bedlam
89458,Swimmer sensed surfacing through skin getting hard,cuttlefish
36554,Eastern study of a politician,eden
134227,Need to love construed with classical words of hope for the future,deovolente
93239,Steel component in designated habitat for semi-arboreal mammal?,martensite
124709,It's coming to a point where a Liberal is propping up right-winger in charge,conical
92414,"Arrives with bare head, putting on hat to eat",comestible
1079,Badger king's lacking coil-shaped vegetable,broccoli
29358,Octave or other protection,overcoat
115415,Finally found skill in another arrangement,rantoearth
101249,Young German master's last to kowtow to the bottom form,wunderkind
58082,Woman at match not the first to make journey,ride
111918,Find me filling in voucher,comeupon
78836,Bird from the mudflats,emu
21699,Not in favour of infantile partiality?,anti
72880,Purchase large dress for girl to wear,leverage
36151,Spanish port - Cava mixed with Nile output,valencia
54873,Slaughter brute briefly in short ceremony,pogrom
59776,Pass to union workmate,colleague
2938,Wealthy worker possesses fine pipe,affluent
37233,Wrong leader's taken on top dog,airedale
84806,Cathedral plans to include religious education,chartres
98179,Lace with gin in a way that's divine!,angelic
104889,A sound method to describe an anchor being lifted,aweigh
112384,Lovers of the past,oldflames
133810,"Hairy, hairy thing stopped to pluck third of hairs",bearded
42437,Taking offence,theft
137264,Antique possessed by female actor,holden
3073,Competitive rider always covers slit in jacket,eventer
117819,Travel by the aisle in aircraft,triplane
14555,Cheap transport,pennyfarthing
42436,Paper peculatio,theft
128651,"Malicious type given bad name, that is",meanie
76627,Mature student works on one US academic subject,opsimath
129939,"Travel round African country, northeastern gem",tourmaline
65279,Solver gets extremely near solution for one of the above,youngster
13504,Dish out food to audience,mete
80966,Noble needs to move slowly out of heroin chic,heroic
39354,Lines about cinema,odeon
77872,Gregarious old dog enters race,extrovert
127505,Where customers ripped off fasteners around ankle,clipjoints
62911,"Caustic, say, about indefinite number admitted to craft",pungent
87918,Communicated feelings born in struggles,vibes
138146,Reliable types initially keen to crack emerging economies,bricks
141541,Lackeys' party kicking up a storm,doormats
64743,Presence of an entry in Cinderella's timetable?,attendance
16930,Complaint of pain in the neck about to deteriorate,protest
29962,Place where cubs may be left warm and dry,lair
141653,What precedes fast time for tossers?,pancakeday
34453,In the street one like ET is conspicuous,salient
15177,"Soldier, perhaps English one, originally called Rex",engineer
24202,Songs the chief heard,lieder
64710,"Bond: 'e's out of his tiny mind! On the contrary, not his, unfortunately",indemnity
97497,Expedition leader that is lacking restraint,scott
14037,Beetle belonging to the genus Carabus,scarab
81466,Next layer under bottom of that,then
52302,A sequel to the European dream isn't good for the soul,trauma
51824,Instrument that introduces a nursery rhyme,tomtom
22450,It is in heart when little flow is uttered by cockney,ventricle
90129,"Cry when upset, given onion",bulb
46287,"Girl, if topless, would create an atmosphere",laura
55358,Change over to a rod,switch
60879,"""Resting"" TV presenter's after reduced student accommodation",dormant
47103,"Brew some magic up, Pasquale!",cuppa
57099,Fold note in suit,crease
28729,"Axe short tree trunk, one overshadowed by tree",abolish
66158,University study,reading
2091,They may raise people's spirits,mediums
106652,Terribly infectious typhoid at first found in most bats and birds,tomtits
124388,Submit - it's Vlad!,putin
70161,Excessive guy getting in outsize furniture,ottomans
18692,Dashing fellow's got in bed for a smoke,cheroot
107322,Formerly missing insect shell,ormer
71865,Go from the end of the bridge and cross it,exit
49397,Frank Field's central character in French story!,candide
66724,Keeps money box motionless,stockstill
38017,Plains discovered by fool with map going west,pampas
119226,Name a character in the centre of big Gulf state,dubai
49931,Both Dublin and Belfast opposed to peace proposal?,eirenicon
84452,Excited footballers wanting return game,aflame
39493,Artist getting vase to stand up first,raeburn
63681,Abandon Islam? 'e could be a latter-day Ishmael,osamabinladen
23546,Drink for graduate dance,rumba
15695,Not quite straight soldier failing to report for duty,truant
60834,Post hoc yobbo leered at leaders of taxonomic divisions,phyla
7786,"Turning, cats maybe run: one could climb this?",stepladder
75429,"To put it another way, the letters appear rash",paraphrase
50072,Sound of bird to a king,growl
73520,Old-fashioned love letter ending with an X,billetdoux
13505,"A high mark, with luck and a half, within range",alphaplus
72839,Charioteer drivers carrying superior gear,auriga
43667,Part of relation's name,titlerole
128798,Contest won hands down?,wheelbarrowrace
77913,Got married to suitor,admirer
122211,Club foot is wrapped in deceptively soft glove?,ironfist
760,What server wears in C&A is excessive!,cotta
21597,Gran opted to act as child's sponsor,godparent
87353,Queen involved in doctored seed,germ
55727,GS's adversary is artist leaving shop,deli
110619,Beast interchanged in opening,aperient
100298,Spot moose mushrooms rising,speckle
46812,First ship with complement that makes it go,screw
128808,"Poor Mary had to drink Coke at first with three different men? More, generally",tomdickandharry
13139,Gatecrash lewd independent theatre first,intrude
89260,Trump certain to lose energy and go,surpass
106175,Motor specialist is a halfhearted landscapist,tuner
74973,Spooner's starting to say joints are a problem with cold,sneeze
55843,Please tell leader off,elate
38063,Poet turned dull,drab
66426,Rarely seen part of the French President's residence,elysee
26587,Ex-Prime Minister's seat,home
79663,"One needs faith, putting money here?",unittrust
111965,Model causes annoyance with underground delicacies,truffles
6770,"Plentiful gain, possibly, over the border",abounding
66869,Very little to fill in the morning hours,atom
140065,Prick! Empty rhetoric to Welsh about architectural feature,lancetwindow
133970,More than one can camp to go on,chemicaltoilets
77663,Computer enthusiast's right to abandon language?,geek
113410,"This should be reduced in development, but in practice often isn't!",microphotograph
47721,Spread whisper about end of world,breadth
11132,"Colour that's in, in inn in France",aubergine
19591,Lord's helper needs a switch between sides,archangel
108266,Dumbbell brought into gym before fellow proceeded,passedon
92659,Double round the city ten times,decuple
4927,Conductor showing fortitude,nerve
141574,Colourful stuff from dodgy transparencies AA sent out,screenprints
71346,"Girl filling empty shoes, slippers?",skates
79982,Makes up garlands with flower when convenient,atonesleisure
50527,In appearance too small to be unassailable,airtight
26397,One who got the silver back,second
33110,Star of the upper atmosphere?,altair
26748,Get garage repaired with sand and gravel,aggregate
131222,"Liquorice flavouring (seedless) in relish, most nutty",zaniest
42663,Take supplement primarily found in fish bones,tarsi
133834,"Climbing plant, climbing, snags good strip of skin",agnail
96331,"Balkan city doctor, hero",mostar
2800,Lady turned up naked in exotic shows,enid
110539,"Interrupting rest, boy beginning to get up for work in harbour",lighterage
45634,Financial agreement to let prize-winner's money include half a dance,hirepurchase
85213,"Against nature, if one replaces a dud tube",venturi
6847,Ideal position for local French hospital?,niche
107587,Crushed ice pack not quite what the doctor ordered?,ipecac
50490,Live humdrum existence assumed to be without intelligence,brute
44455,Jam for bear,stick
141278,Idiots play sport on Sunday,dopes
91619,Large number of Romans entering plant producing semimetal,germanium
56351,Girl out of the way to this kingdom,jordan
33423,The result of only a little light work?,easysolution
130801,Broadcast live coverage,veil
76117,"Conclude with rejection of the afterlife, perhaps",inferno
58361,One from Yokohama being paid in yen,yearning
81034,Ruler accepting present from fly,knowing
105192,Woman embraced by humanitarian,anita
111043,Heartfelt complaint of bridge fanatic?,carditis
109925,Spy setter wandering in shopping area,bondstreet
93486,She has nothing over Ruby,freda
139265,Nothing stops ardent romance,affaire
44490,Opening letter,initial
123181,"Country bumpkins died for the king, making horrible noises",yodels
67044,Well-informed person on northern cruise - so excited!,connoisseur
46208,Mark setting the standard,model
118635,Puzzles devised by Cisco star,acrostics
133697,"A great weight lifted, boat ultimately secured by man, tying up rope",knotting
107224,Revolutionary system for increasing the harvest,rotationofcrops
10631,Independent type left a note in the past,loner
71219,"Legal statement by Welby, maybe as a precaution",justincase
8363,Made out to be a lady,dame
115559,Kind of humour found in pupils' surroundings,aqueous
92854,Swaggering male set up Soho scams without clothes,macho
1088,Pictures a mince pie,cinema
74211,Vehicle heading for Hertfordshire wilderness,bush
67378,Implored rest to take something to eat,begged
129542,Hear about a user playing for funds,treasury
98959,"Singers eschewing hard, ropey material",coir
77580,Creature from ancient China (oriental) arrested by Defence Minister's messenger,homingpigeon
112617,Mostly sell diamonds to Italian city,venice
114551,King follows Yugoslav patriot to one NZ tree ...,titoki
42735,Furious about it being part of pre-euro currency,frantic
122227,Irish fool heartlessly following a family member? That's my opinion,asiseeit
60450,"Cutting mat with scissors - all but the ends, strangely",ostracism
137950,Criminal nears noose,snare
115804,Spooner's received disapproval of further writing,booktwo
48204,He proved drug is the same; host agreed,einstein
43274,"Say peremptorily: ""Put up your sword!"" Right, landlord",barkeeper
44139,"Jocular desire to admit a horse, say",waggish
80580,To take fifty into employment crates disorder,tousle
23957,"Before the previous month, engineers outcome",result
138218,Irish-American actress finally taken off for European airport,ohare
131893,Advocates avoiding street obstacles,barriers
74866,Title of the French game,duchess
115941,Possibly Chinese food at the back,fareastern
93121,Heart tremor?,earthquake
99820,Why washing lines are used for various items?,sundries
131173,Pop group with covers of Crosby provides role for elder brother,abbacy
83839,"Being drugged, perhaps, got married without decree (not absolute)",medicated
108752,"Burden on shoulders of scrum-half, say, and forwards",backpack
11026,Follow to make certain ringleader's gone,ensue
798,Property crime re-appears once concealed,arson
127183,"Postured preposterously, having highest opinion of oneself",proudest
84384,"Fool's rude, that's for certain",assured
45737,One to perform afterwards for a devoted fan,idolater
136617,Interrogated with pants down?,debriefed
125418,They're not often miscast in Westerns,lariats
27187,Non-playing coach attached to cricket side,offstage
130052,"Recycled waste for space in the country, it transpires",sweatgland
79308,Cutter cut between Liverpool and Manchester?,shipcanal
77777,Royalty on Long Island,queens
115736,Result of brainwashing that can be single-mindedly resisted?,doublethink
75053,A dolt to sustain fake news from Moscow?,agitprop
122145,Ban Alec or Dicky in Spain,barcelona
126787,Blasted red,ruddy
40019,Measure approximate to pound,enclose
95159,Rewrote a score that's lacking refinement,coarse
65103,One may take this battle formation,tablet
79323,"Upset eggs in church, making a terrible mess",havoc
86917,"Short clergyman to put his foot down, perhaps",rev
472,Make a timely impression,datestamp
17411,Melody canonised in flight?,stair
52193,Assembly rejected pointless rumours,noises
52721,Ruler keeping nothing back from cook,roast
32741,Padded but not in the middle,nextmanin
92888,Material broadcast from disputed region,kashmir
12401,Unfashionable? Fashionable? Which is best?,outsmart
119125,"Visual, without particular taste, like type of polygon",octangular
37966,Musicians providing accompaniment to muck?,brass
67141,Whereby one is completely clapped-out?,standingovation
101138,Tinker half-heartedly with perfumery's ultimate potpourri,medley
29667,Money is better - land contracts,capital
5984,"Fielder caught out, yielding extra",over
34456,Striking stranger seen in street,salient
27903,Tease American over sweetheart,sugar
85460,Plastered and stoned,pebbledashed
11097,Social worker in house or shed,leanto
123119,Artist's underwear,drawers
43414,Latin repetition not working for bookworms,literati
90976,Airman and Royal Marine oddly linked together,arminarm
81185,Aggressive action taken by those insulted,offence
103411,"Suspicious of your slippery character, on reflection",leery
124434,"Wild dog taking drink, head down",orgiastic
58729,Uncommonly nice - else who would be a publican?,licensee
58891,Modern poet with doubtful reputation,thomas
133764,"Angers night worker, giving precedence to a new pensioner, perhaps",annuitant
18321,Book man going to grass,timothy
20397,Public schoolboy cut short touring southern state,estonia
103817,Capricious rule upholds that man thus,whimsical
34809,Sailor boy in his hammock,abed
128703,"Initially raking in money, half of this ancient city",corinth
49187,It's rumoured minister could get fired,cannon
77138,"""In Memoriam"" obsessed groups",mobs
15946,Promises made by politicians as I foment revolt,manifesto
34168,Smarter rabbit comprehending one,nattier
58300,Spite re-engendered when one's discharge is thus prevented,epistasis
132987,They can't stop this person being overwhelmed by loud noises,roamers
22571,Under influence of drugs comes to a different view,comatose
56458,"Got into a bed, drunk",obtained
17269,Committee meeting in heaven without dishonesty,aboveboard
76751,View a leader takes in plan for the future,lookahead
55241,On which to hear Brazilian commercial?,radio
32489,Compensate for soldiers' exploit,recoup
26291,Stand roughly centre-left,lectern
28697,"Fielding's wanton, no-good heathen",infidel
105964,Additional policeman is unusually distinguished,extraspecial
109235,Fruit to stack in five lines,limerick
15153,"Having free time, perhaps idle about? Yup!",leisured
116366,"Author's description of erotic dancer, live",gogol
48947,Smooch Isthmus,neck
140863,Driver may change into this kind of party clothing,thirdgear
110750,Vehicle for economic improvement,pickup
62800,God's uplifting swan song?,neptune
109645,It should have been settled … with force,oldbill
29198,A pound's put on clerical wear,albs
107220,Revolving part of a gun that's about to get two revolvers in one?,twintub
118844,Cocaine and heroin? Me? I'm a mythical creature,toothfairy
55884,It takes more than vodka to get Red Army drunk,bloodymary
112042,A canal Sam renovated in Spain,salamanca
88532,Traveller in the main story sounding keen to tour India,pilotwhale
4004,One makes tea in brown urn,brewer
94638,Painful to grasp a hundred and twenty,score
34248,One who helps satanists out,assistant
74505,Picnic arranged to entertain posh composer,puccini
122933,Raucous artist's son immersed in Times,brassy
60096,Ensign positioned east of Santiago,iago
26964,"Where apples found, it's said, one has an advantage",insider
8599,Occurrence where detainee finally gets let out,event
103639,Servant's bust-up,domestic
85336,Witch sees Liberal couple possessed by virtual witch,hellcat
114575,Start off nervous in this fast-paced kind of racing,indy
54919,"Girl to court boy, as established by law",enacted
110207,Vicar's stipend above subsistence level?,livingwage
3215,Permit to be without depth and quiet?,allow
19291,Cockney in ecstasy since getting offer,eastender
81349,The very thing!,definitearticle
109261,"Going mad in cafe, I fill stomach to good effect",beneficially
98448,Carrier following police procedure,method
122597,Issue robot order to be rowdy,boisterous
136476,"Wrapping up a carp order, get dizzy",corrugatedpaper
95236,It makes my head spin before I turn green,vertigo
70686,Early expression from baby's movement,dada
137270,A car carrying head of one state,avow
28192,Rent here in southern Europe,split
44834,Educational establishment about to raise national standard,unionjack
12781,"Song without ""la"" is smooth on top",bald
124962,Golf? Managed two days with terribly sad old men,granddads
76603,Plant almost like a wolf,lupin
20697,Lacking a majority,underage
125664,"AC/DC left set of great gig - in Sky, high definition's quite extensive",biggish
60979,Worn by a woman for a dance,bolero
52058,Brilliant storybooks ultimately enhance childhood,talented
135271,Cross fan out to get model shot,centrespread
127078,"Prejudice wrongly treated as crime, mostly",racism
43979,March about Stoke Poges when king is deposed,goosestep
107813,Get outta here! One doesn't appreciate what it costs,goingrate
126926,Hot saké prepared? That's a classic!,theoaks
141854,Country man dropped rope securing article,paraguay
120718,Stein's content to keep us more active,busier
134135,Reasons Barking isn't Venice,incentives
42211,Sort of gardens unfamiliar to Caliban,botanical
92829,"When conflict mounts, enlist untrained soldier",rawrecruit
101702,"Energetic and endlessly valiant in struggle, wearing George Cross",galvanic
50634,"People use unparliamentary language, such as ""Pants!""",menswear
107200,Tories with savings accounts?,interestedparty
114356,Oral sense of smells,odours
27065,Soothing parent in person about to follow up,palliative
49161,Lieutenant embraced by Audrey involved in extramarital affair,adultery
96898,One police department infiltrating trade of a divine killer,deicidal
122727,"Well-known fellow, largely an animal",famous
64150,Latin and Greek races,theclassics
102235,Yoghurt from Austria leaving us confused,raita
66059,Article left out of yearbook creates void,annul
17712,"In old Amsterdam, self-contained old-fashioned girl",damsel
66915,Passionate duck ignores duck of another kind,avid
26688,Drinking bender,elbow
126936,Woman purchased a plant,henbit
22324,Seventh Age to support the minority,secondchildhood
106278,Disagree about American electrical apparatus,diffuser
99028,Why fat girl I pine about is potentially dangerous,playingwithfire
51061,Constant going straight - but not to the top?,endless
64836,Jobs for the boys,errands
123561,"Fizz with impatience, do they?",champers
99367,Benefit provided except in Crosby,blessing
12723,Man in depression getting psychiatrist ultimately,valet
48622,Some rice dish to steady the ship,kedge
19181,"A binding affair, perhaps",raffia
80731,Sleep here and half hope to telephone,hotel
106326,"A new construction: ""Dog's dinner upended in barley soup""",reassembly
142202,"In acerbic manner, money invested in presidential coinage?",bitingly
65793,Release bargain offer for telly addicts?,setfree
62789,"Stir, getting excited: public transport's convenient and novel",tristramshandy
78329,Share game with continental,godutch
131823,Model during extra pirouettes showing sexy quality,erotism
87711,"It's not difficult offering charity, theologian admitted",doddle
23523,Old Bob and Carol separated by rising ground,shilling
126216,Joins scandal up?,knits
7695,Fruit that's all dead?,olive
25197,A royal auditor's reproductions,prince
49919,Pop a question that's somewhat obscure,opaque
7843,Slothful doctor gets home help,maid
122097,Guardian's reputation protected in explosive event,tournament
44365,Inspector again involved in painful affair of the heart,anginapectoris
9998,Opposed to old church in biblical town,antioch
80877,"Having more relish, trite as it may seem",tastier
10825,"Numbers etc in head, American writer",capote
100825,Soldiers putting on act - that's rank and file,attachment
42441,"Taking something of the land, leaving area",theft
22130,Little boy supports requirement for sewers,needles
23487,Help ruffian to come round if knocked down,laidout
93271,"This setter's limited, to be fair",impartial
140644,Bad smell stopped by one reasonable sort of detergent,biological
17409,Step - one taken by celebrity,stair
3802,Express view of piece with four sharps,opine
35000,Good bearing from new mine,mien
25206,A Christmas saint leaves free personal gift,charisma
103871,Castration not the first solution for what flashers usually have,raincoats
112753,American stool gets volunteers to drill on time,taboret
78873,Chirpy cat is mad about mental health,psychiatric
87670,Greeting old man in business charts,hitparade
57838,Blessing everyone coming in is swell,balloon
129754,Showing off count's diamonds failed to impress,cutnoice
34788,Table things in Franglais to downsize the SNCF?,cutlery
121398,Term for rich in revolutionary movement,rolling
60761,Stick man in the middle,cohere
134661,Perhaps safety poster held back an annual celebration,feastday
76909,Open country - more for musicians to get upset about,unzip
67483,Service in some games of tennis,set
124953,"Charles II, say, hugging his mistress and sounding mournful",knelling
54314,Islander in wild trance,cretan
29360,Firm article penetrates open garment,overcoat
75062,Gadabout left romancer at dance,galliard
44201,Doctor to work at home and then visit,dropin
78742,Old wino beats drunkard up,tosspot
59652,Fur on one animal,coati
47137,Athenian satirised play,aristides
136577,They're enormous soldier ants,giants
34651,Rob hit out the day before,thieve
3015,God beat around it,titan
95751,Thought to take away like a vampire,reflectionless
103745,Edible fungi rooted by little pigs?,porcini
128881,"Wrongly use double ef in ""defiled""",befouled
131007,"Like P, T, K and S, conducive to change without a leader",unvoiced
16981,Adversary in military manoeuvre has a tricky problem,opposer
84826,Section managed the church in extremes of trouble,tranche
18690,Smoked by the great man in bed,cheroot
67582,"Showed off, though sore and tired out",roistered
118235,"Bum on the floor, a fanatic hosting party",downandout
46619,"Half of mild, ten Navy Cut and a tot",mite
87147,"Doctor treats hip, he treats the mind",therapist
106018,Leads written up about paper that's shot,snifter
21611,Paper modelling originally made with friend in Paris,origami
20153,How one danced when not quite sober?,reeled
7047,Indoor morning headgear for crowd getting better,mobcap
89492,Let vocal be vocal,allowed
50827,Girl with fish to sell down the river,betray
5104,"Sign of a fish, but not Pisces",scales
84567,Outlaw rejection of headless honey lover by writing part in bar,robinhood
49341,Engaged in fight against time on American vehicle,tussled
49526,Cliff hard to miss - on top there's superb stuff,fabric
134071,Architectural feature providing detailed protection from the elements,cove
107420,State support for toy money,dollar
31539,Popular musician's chair,rocker
136061,"Criminal deferring pint, impressed by police?",fingerprinted
28850,Purloin anything but concrete,abstract
28075,Backtracks in attempt to cause trouble,disturb
55457,Unfortunately over a bit prematurely?,abortive
114051,Carrier bag for which Nigel gets little recognition?,haversack
52361,"Little piece of boy, a girl",sonatina
106764,He writes television play that is put out,novelist
103537,Mollycoddling sick man with grippe,pampering
55901,Wood almost burnt out: the finale for three months,ember
93858,Game Italian composer - not Verdi,monte
54411,See next page - setter's after the French astronomer,ptolemy
30077,Detect and impede a random inspection,spotcheck
28641,One dreadful scene eclipses another in process of aging,senescence
1966,Bird heading off from stream,rook
125016,Dragonfly from French-German river I caught,demoiselle
75137,"Masterstroke, a mighty blow; then permit the answer so!",couplet
65962,Kiss record flipped over in the middle,snog
79481,Orders put out for projects,protrudes
5684,Direct current,immediate
130494,India's Koh-i-noor?,jewelinthecrown
36249,"First dole payment turned up last, not first",original
26386,Try Calvin Klein tops made in yarn,tackle
51040,Abandon meagre growth,scrub
6465,Ship's officers tie alien up as stowaway would be?,stewards
50789,Isle that could be an alcoholic drink,manhattan
50609,Small way in which soldier protects sleeping comrades?,sentry
128976,Not like night now routinely,daytoday
99824,Board game can be played back,darts
121063,JFK formerly unemployed? Crazy!,idlewild
100078,"Drink by oneself, making fun of others?",teasingly
41241,Nothing around to catch the bird,linnet
57136,Black man all washed up?,jetsam
41483,Bid that liberal America would welcome?,notrump
96445,Blues is one composition - of his?,sibelius
100035,Trail back round vessel to find fish,gurnard
83426,Prepare to explode - or not to explode,fuse
132136,Suitable trade for craftsman knowing a good deal?,joinery
117471,Composer's bottom rejected by topless minx,debussy
75798,Turns round in foreign city and abandons all restraint,runsriot
79399,Film director having received Oscar,winner
48579,Beat man overturning cot,tangent
131974,Dish that's left I mostly cook with alcohol,legoflamb
95361,"Fake component in ""safe"" ignition device",feign
43236,"Dined at an appropriate place, which is natural",innate
61498,"Hunting, shooting, or fishing, say, in larger understanding",gerund
72380,Set off any questions?,litany
48958,One overly concerned with appendage for foot soldier?,pedant
20894,A fellow advocate,agent
12456,TV and press etc redistributing mail with tedium,multimedia
74981,A hyperbolic function is a blunt instrument,cosh
107069,Hardy's first love and his last: Hardy heroine who's entertaining?,hostess
114466,Players and poets,lyrists
97004,Outstanding leader knocked out in water sport …,owing
29816,Request certain to create diversion,pleasure
19751,Not a single female will wear this outfit,trousseau
56914,He sat on three goddesses: capital!,paris
139028,Trying to impress improperly? Pardon me!,namedrop
126808,Apple (Pink Lady) the ultimate for baking etc,cookery
54228,Old gentleman's habit of getting tense after drink,doublet
4145,You have to go very slowly in Finchley,inch
98154,"Like heartless senator, who supports the nomination",assentor
51668,Sprinter fails to start in state religious establishment,nunnery
62089,Party always backed by the state,libya
28272,Belittle and insult right-wing politician (but turning the volume down),disparage
21835,Book a woman into bed? On the contrary,adambede
120483,Speculation about supervisors - first one died (see above),beforementioned
58121,Wriggly multipede or two in a bar,dupletime
95629,Adjust temperature in animal's home,sett
51409,The girl for Shed (inter alia),amelia
42859,"Record supporter during play, having run wildly into disorderly battle",turntable
51229,Flower of poetry parking in French vehicle,campion
116329,"What may restore fount of knowledge from King's, after playing with some appropriate language",ginseng
68554,Odd power in historic parliament,rump
6700,Substitute judge accepts story,relief
48286,Groom has season in eventing …,dressage
82193,Gloomy little sergeant major with face put out,dismal
119795,"Covered once again, face up",overlaid
139589,Complaint of junior doctor pocketing floppy disk has been uncovered,housemaidsknee
117841,"Johnny may, perhaps, find source of milky liquid",rubbertree
89883,"Where horses and hounds gather fleshy foods, they say",meets
73173,Albert Steptoe - might I be told I'm randy?,dirtyoldman
26912,Learning notes,letters
141903,Voice disapproval about setter visiting France with Italian returning for ice cream,tuttifrutti
88010,Maybe schizophrenic spasm after pet gets dreadfully pale,cataleptic
11118,Halfwit upset Argentine legend's life of luxury,dolcevita
68158,A prodigious sailor's cry,avast
92860,Incur anger wrecking poet's source of inspiration,grecianurn
114856,Sailor with stock of wine placed above or below this,saltcellar
55295,"After ruling, obtain new recruits",intake
119341,Call for Bertie Wooster's topper interrupting doctor?,whatho
42209,Prestige of store by road junction,cachet
102361,National Red Cross hero?,saintgeorge
43521,Defeated British general is leaving county,cornwall
42490,Gold backing used by two firms for decoration,rococo
96312,Moves stealthily and quietly among Native Americans,creeps
46890,Angela's cooked a foreign dish,lasagne
2143,Hun and Inca breaking loose,unchain
99907,A case of excessive pride,vanity
109161,"Once called to exercise on a bike, first to fall off",yclept
26927,"Forceful doctor, one no good after six",driving
94886,This person's probing a friend's resentment,acrimony
116555,Day in hole at the bottom of Auld Reekie?,arthursseat
72215,"Tenants invited one occupant, with chain attached?",toilet
81524,Unknown hack to go to court over dish,chopsuey
91452,Lady Taverner's revealing holy places,adyta
16266,Little land is left to the East,isle
130557,Action in which bear making great effort is drowned,deluged
16516,"A little wind from the rear, producing tune",aria
39748,Man (Latin-American) is source of disease,virus
87978,"Where a lot may re-gather to drink gin, possibly",wateringhole
15901,So-called model horse just originally concealed?,trojan
70177,Rum to issue when expected to win,oddson
21429,Local authority has a pull with everyone on National Health initially,townhall
5995,A fuel tub I mended is not ugly,beautiful
47051,Clubbing with Spooner's scalpel?,nightlife
24012,Sorting my post to start Monday gives a sign of my state,symptom
64670,"I must have support, not changing direction, in London",islington
35750,Exchanged abuse with a guard,railed
40842,A roundabout means of gaining admission,turnstile
25899,One unwilling to give credit,sceptic
57742,Caligula's horseplay?,equus
74077,"In source of cash, nothing supports currency without a plan",atrandom
40473,Give generously when there's a whip-round?,lashout
82210,A stage partnership?,wellsfargo
92717,Care plan impaired by jargon,parlance
114330,Soldier to sack valet,rifleman
89697,He painted birds head to toe,ernst
94109,Rotten state taking some years to nurture confident effective openings,decadence
21273,Gay work?,opera
62274,Journalist holding new library responsible for lark,earlybird
306,Shortcut to get a place in N. France,brie
76885,"Twisted, like something threaded?",screwy
7132,"To die for, fancy (Foreign Office rejected) finish of nuclear sub?",editor
135592,Situation of a bad sailor - or his boat,inirons
39584,It is involved with a plan that's flexible,pliant
43063,Adults have finished with these train times,schooldays
75398,A political leader was complimentary and that's valued,appraised
25228,"Calling out, get lost in Oxford?",shoe
23146,Keen to put time into saute cooking,astute
121559,"It damages the leaves of roses, leading to wounded pride",redspider
11650,Book gets pound fine - library wants it back on this?,shelf
7867,Contract in Franco-Roman law,flex
66012,Reintroduced bird and fox cub close to home,kite
70730,Love nest near work that can supply all our needs!,onestop
25148,Say what's the matter - like to hold one's nose?,diagnose
42985,Examples of relativity - complex science church leader rejected,nieces
99787,Career over? Confess getting treatment,nursing
102423,"Leaving hospital, crook hastened to city area",eastend
35496,"CID star moves, having a far-reaching effect",drastic
138608,One'll break faith with failing soldiers,defector
36930,Pill to get one horny,eland
18418,One to sort out what's for lunch ...,risotto
71912,See attempt at trademark,logo
49710,Honest poet's entreaty to write?,open
35384,"To begin with, it is an internal inflammation",enteritis
55047,Man with hand on pole,pawn
76344,Soldier that's lost it wrecked soldiers' town,aldershot
120757,"One night in Paris, being from colder climes",inuit
32652,Nasty one's after Tramp,mean
46613,The widow gave one pronounced strength,mite
104586,"Neglect daughter, one son gets help",disuse
73255,"Ring tone? No, try again",engagedsignal
113482,"Some fun with boat, stocking it with liver, kidney etc (no heart)",bitofalark
104871,"Freud-like, say, sit it out in electrical discharge",artistic
115790,University leader's bad luck when revolution returns,vicechancellor
78435,Flask fixed to belt,bottle
74164,Effect reconciliation - or affect it?,makeitup
105838,A little mischief on parking space for cabbies,prank
74544,"Mother, by law breaking, is culpable",blameworthy
141030,Vans kind fellow left in ditches,milkfloats
82073,Song of starling starting in tree,psalm
90746,Plant production to rile Bert distractedly surrounded by good time girls,whortleberries
124452,Cat where it sat (say) on the mat (nearly),puma
57967,In cramped condition heartless Henry is an insensitive type,pachyderm
41155,Companion introduced to the right kind of plant,lichen
4738,"Kelly, the painter of family groups",genera
65574,Plant for large numbers round the bend,lotus
93031,Eat no food in banquet that lacks energy,fast
76717,Teacher's pet doesn't play out,rabbi
132268,Maybe he works with IT around the City?,techie
78531,Unknown people in clearing once found plant,yucca
38584,Celebrated composer initially made Lehar nervous,mahler
63240,"Jewellery item to bring up, say",brooch
49888,Pipe of wine retaining its heart,clarinet
57583,"""The Monument"" is a church - not a pub!",cenotaph
74811,"Raised edge is going into space, putting it mildly",euphemism
42569,Covert probing of NHS establishments by the Guardian repeated,hushhush
95232,"Going round to protect John, upset and uncertain",ambivalent
136053,"Shopped and risked money, ready to fail",betrayed
56444,"They were wise, putting the scholar before the soldier",magi
92579,"Walking badly when topless on ecstasy, inducing trespass",impinge
15245,Gall in pear causes disease on the skin,pellagra
18612,"Generally stupid, but frightfully sane about Ireland",anserine
118929,Piece having to wander in Kipling poem,gungadin
113825,Look into bloodstained sow again,reseed
49335,"Stan Getz failing? No way! First, there's a yen to see him in flower!",yangtze
133117,Part of speech advocating abolition of New York body,noun
175,Wild duck which flew on the railway,mallard
36493,"Naughty girlie love attracts us, being divine!",religious
119495,Doormen supply deliveries,bouncers
72396,Interfere with packer,tamper
34652,Rob hit out at First Lady,thieve
10609,"Lacking skill over drums, I'm leaving",inapt
74757,"Author after Medusa, perhaps, tasty Italian fare",gorgonzola
69913,Bring in a number to help - sharpish!,acid
21192,Expected to do well at school,inform
79629,Lester and Iris wrecked the autoclave,steriliser
138794,Joining together in greeting monarch,yoking
105725,"Buzz Lightyear's back in hit, briefly",thrum
125367,Male returning morning after morning with large-breasted creature,mammal
93251,"""Motivated? Not I"": TV family man from way back",fred
111606,Fellows wearing ladies' slippers and cloaks,muffles
73365,Drink to town centre's pastoral setting,meadow
2105,Detailed Murdoch's business and papers lose control,skid
21790,Broken treadle had a warning notice,alerted
24945,Bird with mutable posterity (except tit),osprey
140417,Vitriolic old bishop beset by turbulent voices,corrosive
98656,"Split up, assuming sex is performed with energy",divide
97287,They lived so happily in fairy tales,everafter
95449,Beauty treatment for alien inhabitant of the universe,cosmetic
42431,Traditional fate for stray offspring perhaps - hang with a rope …,orphanage
80112,"Recurring phases of say, Oxford Circus entertainer's transport?",unicycle
38387,Fairly big orderly,tidy
7340,Where to study time in detail,unit
84635,Deserter held by soldiers is not charged,gratis
89557,Read about Blair backing restraint,damper
30952,So Antony of Brutus finally might lie with gusto,eulogist
11601,Missile god put on boat,sampan
105104,"Go back to square one, being wrong about pastry oven",startagain
95255,"This queen applied for release, as originally predicted",asp
133906,Grey pen rewritten Pinter's fourth play,peergynt
129772,Recall study analysing income in so-called store,mnemonics
77194,Permit one to move after damaging allegations,bermuda
21757,Tell-tale governor,gessler
50208,Capital city's un-Daliesque side?,realmadrid
102911,Tramp - one missing current English king,trek
36463,Steer clear of love in passionate surroundings,avoid
27469,Invite right-winger to abandon disdain,tempt
124924,Breathing spaces?,nostrils
125139,European houses to New Englander,bostonian
13491,Waste energy on coat I took in,emaciate
44147,"Handled shirt, covered in regular pattern all round",titled
9789,Frequently expressed as decimal,often
44753,Bar duo plays during set of gigs (one sings),troubadour
113781,Insolently exceeded one's station?,wenttoofar
24602,"Grope and pull around, coming back very happy",gleeful
26210,Led follower to create flyer,zeppelin
75140,Smooth to and fro,level
1263,Raise seat,rear
59359,Winter transport sounds murder,sleigh
100118,Brief inspection initially poking bum,dossier
119442,Feels a bit irritated by trifling annoyances,fleabites
15835,Get the better of unfashionable party,outdo
77529,Wild Australian orgy,saturnalia
8563,Work on movement: it might have spirit,optic
6297,Garland finds end of rainbow and heart remedy,wreath
43956,A charge leads to a verdict,award
129888,Manlier gender bender making German work,merrieengland
121995,Processed grass is taken up by convict on ecstasy,silage
22768,RAF get confused with owl that may be seen when the sun has set,afterglow
89408,"Keeps going, or waits",hangson
90632,Shed wants to devour Gordius's heart for sure,indeed
107987,Partners without English paper have food that's not eaten,leftovers
123324,"Draw, as rule, after switching sides",lure
22573,Sleeping partner with huge guts joining firm,comatose
31631,Bill has duct coming,advent
135573,Perhaps more tea and toast made by dog breeders?,topups
101393,Having row with contrary painter that's less of a Philistine,artier
16606,Army team transport,taxi
132837,"Not wise, moving inside etc to cross over river",indiscreet
20414,Publication with IT facility - ring for help in starting,magneto
40848,"Well-qualified persons, really tip-top people",masai
40737,Available payment about right,free
80988,See man (coach) read out name,archdeacon
91943,So this is refined and weighted for statistical displays,histograms
64897,Wanting some monkfish or turbot,short
133357,"Made a sudden movement, unlike a worm, say",lunged
89480,A few coppers strip,peanuts
70508,Immunity from holding up river,freedom
140250,Untidy employees making a contribution to Warwickshire's coat of arms,raggedstaff
78078,Vehicle needs protection at the front,vanguard
89409,"Urge pa, go around with people of the same generation",agegroup
21337,Party colours worn with grace?,favour
92618,"Old (I bar ""antique"") translator of philosophical disputant",quodlibetarian
96916,"To defeat hell, the first thing for heaven",dish
74348,Catch line that's knotted with a sort of hitch,technical
89203,Doctor leaves capital by boat,scow
34110,One presents them briefly with regular parts of scheme,emcee
116257,"They may be placed, but are best misplaced",bets
54365,River's colour: it's pasty,rhinestone
102618,One left European Union - member which might help form motion?,ileum
116548,Suffering vocal change in one that's senseless!,inanity
99586,PM's country house accurately placed on map,chartwell
122861,One's taken in edited videotape six rejected,adoptee
95336,"Show minimum of rump during flash, to tease",flirt
121442,Sounding most upper-class and Victoria-like?,plummy
45090,A number set up an alliance,axis
134098,Carpeting and doing well at the job,takingtotask
27031,This period is for composition in a newspaper office,editorship
129633,Develop grand argument,grow
101793,Apt to take what belongs to others,appropriate
116532,Opening hospital for mammal,sloth
11250,I am nobody if Brown's taken in,numberone
86915,Lecture can produce averse reaction,reluctance
137282,"Without cover, nude run is rescheduled",uninsured
107899,Much first-rate upright timber,agooddeal
27523,King with a mole under one arm,rapier
17735,Split up and set off with compass,estrange
110537,Very mild oath,damn
58406,Nitrogen in chophouse in place of perfume was Miss Muffett's problem,arachnophobia
15138,Bloody films featuring old soldiers,redcoats
2841,Dash from Brazil's capital city,brio
101620,Knots sure to come undone as result of overexposure,sunstroke
12898,Game that gets exciting at match point,snap
90817,Graduate's recent entertaining time amid old tribesmen,licentiate
77699,A moving entrance,drawbridge
110345,They are determined to look at gemstone,tigerseye
132438,"Chooses UKIP? Cost, horrendous",picksout
127875,Panorama broadcast about vote for a period of stability,paxromana
113773,Hard worker going over green in which horse was present,trojanwar
98658,Will this society have no education?,classless
66816,Carrots he chopped up as an accompaniment?,orchestra
72876,The bilingual machine,lathe
18432,It's a mistake to be led astray over gold,error
41791,Part of Manhattan so nearly opening,vermouth
102551,Actor to damage what might be called slim with food full of fat,marlenedietrich
97534,Chimera seen to reconcile bitter foes?,archenemies
50380,Where Cheshire people breathe in?,inhale
5299,About to enter poor occupation? May end up on this,breadline
53538,One (new) knight's stand?,arise
71923,"It's very big, but with treatment sure to mend",tremendous
80281,"The Guardian is one indecent place, he admitted",broadsheet
133246,Deploying sarcasm etc? It's negative campaigning,smeartactics
100220,One at conference has to listen to same point repeatedly,attendee
84210,Philosopher regularly ignoring Mary Beard,ayer
2827,Steps taken by migrating birds?,flight
34375,Society destroys facilities,skills
88200,Majority that's associated with a bit of pride?,lionsshare
124347,Gold casket marked and scored,orchestrated
15107,One's days are numbered,calendar
134505,Like comic Hilda's female act,childbearing
73754,Company goes in to move rest of convoy,escort
68845,Woman not quite a hottie? That's a bit sexist,laddish
60315,Sound of water moved by what steers a lot of ships,flotilla
16995,A left turn with a rambling virgin,natural
139371,Any riots in Kabul's new Soviet prison?,lubyanka
49872,Married in a fit of lunacy? That's slander,calumny
45533,Open container for tip,overturn
110005,"One used to scream at rat, initially, with cat circling",larynx
80316,"So astronauts may be bound to get tense, being overwhelmed by hardware malfunction",earthward
79647,Warning about start of Brexit - keep watch on it,albert
2111,"Bird, headless chicken",raven
2113,It flies a welcome in the British Fleet,raven
40660,No gravy train!,sauceboat
73625,"It's pitiful, for instance, in new oboe composition",woebegone
99237,"Squirrel calls to mind a friar, as they say",chipmunk
42496,"On the mountains, negotiating summit with oxygen, at the world's extremities",antipodean
54323,Organise change of decoration,coordinate
40930,Charge for keeping silver in reserve,storage
8180,Prescription for success in the kitchen,recipe
94092,A mobile device promoting line for letters,alphabet
99380,Gun sale evokes prayer,angelus
46348,Alarm about Northern Ireland tax,tocsin
131502,"Crave mostly hot food, filling solely in way that shocks",spinechillingly
85777,Instrument of torture used by Tom's gang?,thumbscrew
97828,Possibly trifling with one's affections?,flirting
9616,Part that's to be sent is overweight,obese
100232,Preliminary action result of overexposure,heatstroke
39152,Child catcher's unseemly,improper
125357,He seeks luxury version of bestiary,sybarite
137770,"Roman commander's extremely snide, a two-faced fellow",sejanus
4287,Soviet officer in song is a vegetable?,redpepper
2651,Wry one to gloss over and press ahead,ironical
107935,Unsuitable piece of music for a quickstep?,slowmovement
73248,Fruit's a pain for the walker,acorn
87997,Bring back the white nut,screwball
1105,"Breaking record, work returned is for state capital",annapolis
21397,Party and union check online stream,douche
140679,Old Bob or Edward put right,sorted
129329,"Bullfighters ruptured, got up, finishing early",toreros
61514,Subject's gradable problem? D minus,algebra
136408,Setting up key in having a meal,launching
67912,Only popular music heard,sole
92419,Light blue marker on container,cantab
107004,"Cast out, ma tried to get let in again",readmit
39304,Set a test - an oral test,taste
37072,Fruit adds characteristic flavour to Ireland - English!,tangerine
32626,New demo broken up by force,modern
19778,Style of King Herod utterly regressive,tudor
108550,Fantastic innings at an end,knockout
83861,With a muscular problem an athlete has little power,cramp
60701,A joint for Tuesday?,weld
68405,It was the making of the first lady,sparerib
54458,More to pay for tea during boiling,surcharge
119670,"A gamekeeper might, if the bag isn't big enough",getthesack
96051,"Erotic reply to proposal returned, a case for a kiss",sexy
111520,Article by girl about unknown region of Greece,thessaly
124,"Looks at tutor, which causes physical discomfort",eyestrain
13320,"Jumper, pocket-size originally",kangaroo
110153,Financial supporter recycled no art under pressure,patron
63510,A certain reluctance to give credit,scepticism
110586,Song and dance sequence featuring old lag,roundelay
58681,"Advanced, engaging retreat with intent",earnestly
55970,Ship seen in channel around spring,dispatch
35054,What makes basket more comfortable is losing its lid,osier
85386,Not a game for sea horses,waterpolo
135476,Cloying smoke envelops orchestra,fulsome
103020,His cricket records still stand today,wisden
76247,Goddess going after credit crunch,crisis
42409,Firm concerned with making money,coin
108912,Alloy of deuterium found by Russian river,dural
42111,Our home is a hole in the ground,earth
116007,Sort of bricks for support with nothing underneath,lego
9489,Attempt to keep close in,trendy
12358,Variable wind blows around bluffs,hoodwinks
116115,Instant wine designation,sec
128461,Doctor moved carefully and cleared out bed,dredged
45552,"Evening dress, but without cuff links",nightshirt
56998,"Every so often, find old queen for drone",idler
68250,Tries tablets and speaks,essays
68072,It is there for the asking,questionmark
115712,Emphasise smart goddess with brogue,accentuate
140895,They work hard on Greek desserts,grafters
15720,Code of the English and this involves many,ethics
664,"Oddly comic place associated with a criminal, perhaps",accomplice
99086,Boring job enlisting a large group of American singers,chorale
99208,May describe a bridge card he shuffled,arched
3153,Muse with sovereign detailing something elementary,erato
96733,Black bottom outside giving concrete support,rebar
64788,Wine receiving top mark in pubs and clubs,barsac
97728,Means of recording idea about volunteers,notation
69324,Lament taking gym for money,rupee
80696,Send Tristan the wrong way round the motorway,transmit
75397,Cats or dogs have been muted,sordo
8525,Ban imposed by English doctor on Greek ship,embargo
103354,"He sings about heroin, bringing out top selling album",thriller
57827,"Pronounce with rounded lips: ""Poor Isabella and I""",labialise
100195,It's worn out great men heartlessly,garment
90238,Squiggly red line not cut,tenderloin
21039,Rascal went back on a promise about boiling tea,degenerate
1412,Shut up shed and flat,dropdead
13192,Club magazine,arsenal
117156,"Strangely divine, holy but not at first outwardly",oddly
27380,Brilliant report about telepathy took precedence,bespangled
17444,The alternative holds the alternative,other
93288,Station on GWR?,oswestry
26476,Returning soldier can arrive at winter quarters,igloo
19443,Divine figure from sculptor needing no introduction,odin
120726,"Rubbish ""politician"" stuffs more balanced adversary, finally",trumpery
67601,Slavery in the real Spain twice dismissed by Catholic dignitary,thraldom
106633,"Filthy sport heading for receivership, one beset by money which is filthy",prurience
26774,Tantric cavorting that is superficially complicated,intricate
137497,"It flies, but gets down for cover at night?",eiderduck
58111,One up - jolly great!,enorm
31985,I may enter strange place of large proportions,epical
113748,Guesses shapes,figures
126553,"Flo-Jo, ignoring judge, died - ugly side of runner’s field?",floodplain
86594,Composer in back street makes journey,travels
93128,Pair claimed wrongly to be like Bob of old,duodecimal
7058,Looted overthrown city of Spain,toledo
92132,"Primarily source of yeast, also source of protein",soya
48641,Drink cures heart trouble,chartreuse
107611,Course taken by rats scurrying into reeds,desertion
88981,No traffic is met in this street,oneway
55345,"Phoney agent in trouble, restricting a number performing",enacting
70370,Contract to accommodate lodgers,takein
95474,"In backing European nation, few suggested African country",niger
141395,"Lives round New Badger, like Cinderella",inrags
124119,Keep getting drunk? Now hang on!,holdtight
12650,Girl in the bar getting drunk,bertha
72624,Dallied and flirted outrageously,trifled
21769,Potentially fierce sea battle avoided by this,ceasefire
77815,"A guiding influence, say, for serial killer",attila
109230,Stone in bitter fruit is on the outside,olivine
43577,Prayer for space agreement,entreaty
63198,Steering gear made of hardwood?,helm
15086,Shell for kook,nutcase
111015,"Don't worry, if some reported missing?",noproblem
35321,Noble misses kick-off for Dundee United game,chess
57533,"After tea, read about pantomime",charade
110837,Where two undertakers meet?,atthealtar
117248,His function was violently to secure king's unfortunate end,fawkes
138586,Open vessel journalist upset,overturned
94893,Petronas and Exxon initially put fish back to get source of oil,peanut
57502,"Female confronts male, beginning to threaten firm",adamant
99631,Company that is full of conflict - not a Shell?,cowrie
63688,"Relieved of the habit, Mon Pere died",cured
106208,Change French boy's name to enter monarchy in good repute,creditandrenown
134586,A mild TUC review is as from a sacred text,talmudic
133331,"Somewhat head over heels, supermodels go doolally for a slipper",dogsled
71276,Formality observed when celeb goes to church,starch
85183,Old Greek jar (not mass-produced),stamnos
125557,Scream at swerving vehicle,steamcar
79444,Roman emperor set empire's rule in bronze,trajan
20248,"Pet cried out, on its last legs",decrepit
120573,Opportunist finds heroin in house,chancer
114610,"Arena thus taken aback, Jack runs, beating one of four",ringostarr
131802,They reckon a bad copper enters section,abacuses
84202,"Old blue bird protects newborn chick perhaps, close to snake",thatcherite
127595,"Very frightened, I take a short rest before I can recover",inapanic
141462,Fine head - using it?,thinking
82965,Act like Billy Bunter getting Ancient History - a pass,overgorge
80334,Job wasn't made any easier by advice from this dummy,comforter
119864,Short of Liberal dons? That's annoying,needling
74790,Beggars description in Naples,lazzaroni
57446,House has much to see,lotto
9641,Gorse destroyed by monsters,ogres
5997,A futile but abbreviated setting for the fair,beautiful
138351,Does it store things taken off your hands?,glovebox
20473,Anguish about rare accident,prang
28607,Turn on a fool,goon
28144,Short piece on metre-high eucalyptus,gumtree
123905,"Donald Trump, the first American king",tusk
26289,"Stand for left and centre, but not right",lectern
78398,Man's chains can be cast off,his
75522,"As bears arms finally, something passed round",ursine
130081,They're paid for services rendered,clergymen
15044,Hotel needs hand in development,innovation
13674,"Still part of the clique, bold, going topless",inert
27411,I like the Eastern European building posh villa,slavophil
57490,Very hard for first male worker,adamant
94807,"Muesli, a little yogurt, nuts - heaven!",elysium
12590,Reduced charge cheers up setter's mood,indicative
42166,How Beethoven finished a set of four notes,deaf
138713,Get shot of Paul? Bottles out!,stopabullet
67704,A European called up city down under,adelaide
18250,Street jewellery - pearls and more pearls?,strings
138723,"Firing honest, outstanding intellectuals often ends disastrously",shooting
85712,"Right to come in, keeping one person on a fixed income",rentier
70750,Sausage Evita got in burst pipe,pepperoni
84426,"Large representation, as befits a king",regal
38964,Business intrigue,affair
11216,Surprise found at the bottom of Uncle Sam's pants?,turnup
84743,Trip and fall following initial slip,stumble
4919,Spirit bottle,nerve
23770,State of antiquated airplane,dakota
82522,"Get ready, while attracting lots of viewers",primetime
125968,Growth of Grahame's character's instrument?,toadstool
46646,"Come to pass, possibly, in northern England",happen
91749,Confidence not quite voiced in cabinet,secretaire
126855,"Bleat about faceless joint, one serving non-alcoholic drinks",barista
36708,Two cups and their false contents no con - small size becomes capital,brasilia
67686,The old banger's on the way from Norwich to Newmarket,thetford
90653,Aviation spirit,gremlin
111394,Greatly inclined to take Walesa as English by race,steeplechase
131960,Drink a very long time - one has several gallons,puncheon
74197,True English can't form speech,utterance
19124,"No fool, Henry has status still",notwithstanding
90215,Conductors preferred batons to include beech core,electrodes
59210,Signals do produce a sliding effect,glissando
126090,Medicinal plant from back yard,betony
112764,Rich man goes down rapidly,dives
72085,Bottle containing tablets (iodine or another element),magnesium
108630,Direct attention to umpire's hesitation,refer
113155,One in fix has to persevere,soldieron
77779,Pig entertains lieutenant on a ship,oiltanker
112063,A day behind? That's silly!,daft
103899,Poem done in my break,endymion
128351,"Prevail over island uprising, being efficient",capable
114859,"It goes out in a gale, but doesn't",stormlantern
119506,Hear a heavyweight attempt to deceive,tryiton
27576,Leaves one around Roman building,basilica
27972,Reactionary has special hide-away,diehard
131096,"Reasonable age for people to get gentle hint, doddering about",enlightenment
2619,Self-confident and convinced about City,secure
48280,Horse training to dip in tangled reeds,dressage
135423,Put the cards away and get ready for action,clearthedecks
140460,Touching story about one that's capable of working again,repairable
78917,Hunger is sharp about morning,famine
98390,City gent given coat and hat by principal?,frankfurtammain
115096,Unemotional way seen through a quote from down under?,apathetic
56571,Fuming about artist I'd backed to shine,irradiate
90234,Sweetener coating a cake or bar?,soap
75296,One of the three said to be in it?,syllable
41967,Palace hanger-on has no time for a messenger,courier
46463,"Outgoing mail, I assume",posit
57313,Being born in phase of Scorpio's an outstanding feature,proboscis
89172,Quizzes police sergeant about Unionist politician,pumps
141967,Miniaturised state introduces new poor quality of sound reproduction,tinniness
121456,Great place for fresh air!,outdoors
53774,A study of port,aden
69425,A ground-breaking school?,harrow
98269,Finn on board? Oh dear! It's American,shucks
24135,"Student in university, one in Staffordshire, has an instrument",ukelele
102931,Romans fully supporting contralto in general,cromwell
130317,"Terribly rude and thorny, victor under the Lancastrian rose",henrytudor
32838,Good smart pithy quote,soundbite
10216,Military show leaves a permanent impression on one,tattoo
11278,Trouble about gambling game - it isn't over yet!,alottodo
20231,Treasury supply Head Office with employment,storehouse
27053,Girl taking doctor in something for making pudding,semolina
118969,"Carefully extract bat and lion, then behead Shed!",winkleout
103787,Boat with pronounced curve,ark
136235,Clouds of particles and gas obscure bus lane,nebulas
46139,Tidy up - start in the passage,transit
58072,Jenny used to be in service,wren
137684,"Act of authorising a goal line technology, initially, is complex",legalisation
29071,Excrescence on the Spanish tree,cornel
121755,"Retired cook regulated time for lobster, say",decapod
80829,"Flexible tempo and spirit shortened, as is conductor's stick",rubato
53977,Stand and turn after backing Enigmatist's setting,milieu
72543,Bird sees sign beginning to wobble in terrible gale,eagleowl
102378,Action in which the bar is approached with low expectations,limbodancing
47372,Rigorists would see opposition leader in underwear,pedants
115411,"Ate sundae that's contaminated, becoming this?",nauseated
8275,Son caught in trap? Retreat!,nest
21041,Claims to have originally raised standards,uprights
36039,Inner circle curving inward around line,conclave
8062,Clown given a hot drink,cocoa
32722,Backed-up river's got nothing and produces yellow oil,linseed
101912,Showed complicity after outlaw misled,hoodwinked
399,Comment of stable relationship among those next door?,neigh
2633,Hot drink and porridge for him!,inmate
106477,Supplies rushed on board,stores
19686,"Strangely ill with bug? No, it's in the blood",globulin
58099,Empty hotels converted in Africa,lesotho
106106,One to reject rubbish? Right,refuser
64445,Giving opinion boldly and loudly,speakingup
91807,Scene of play in which fighting takes place,theatre
107921,Validity of bequest entailing Cockney injunction to boxer?,legitimacy
66516,Vance led art and design for item posted early for Christmas,adventcalendar
17471,Seek seclusion in stronghold off the beaten track,keepoutoftheway
52699,Wayward vermin found in Morecambe?,erratic
124755,"Called in foxhunting, daughter following you, almost, with ""a son of God""?",yoicked
53313,Spielberg's part for Hamburg banker,elbe
17380,Sadly Rosalind lost shilling for holy book,ordinal
39910,"Check setter's trapped, without a little money",impediment
123073,Butcherbird weeps for flycatcher,spiderweb
36747,Manage somehow to produce and act at the same time,makedo
72097,Be sorry for being in prison again,repent
91415,"Ted, about to eat up, made a noise",twanged
63601,Order to confine gangster for last two members of panel,committal
80079,Pressing a point in traffic,treading
101697,Tenement proprietors in the capital,blockletters
1146,He daren't upset supporter,adherent
54483,More expensive hairdo keeping jumper on top floor?,upperroom
125651,Beryl's second character?,stone
2756,Improve the wretched English Channel no end,enhance
31587,Garbage - three times as much left out,tripe
32999,Puzzle no more?,nonplus
99999,Commentary never dividing a country,annotation
21079,Article supporting new echidna farm,hacienda
102924,Masculine bowels in torment with this movement,womenslib
115271,Bet on every course?,eachway
12728,Badly prepared ham cost appetite,stomach
57466,"A doctor, stupid fellow, with a frock for the envoy's wife",ambassadress
116671,Better conditions for naked swimmer announced,newdeal
46119,Sappers in control of cavalry,rein
132580,"Students, upset by low grade, now rioting at the end of the day",sundown
18682,King conceals the hide,leather
72632,"Good to join the dots, then picture finally showing European city",cologne
91565,Crossing the channel,passage
38295,Watch chain not originally belonging on watch?,alert
104241,"Trollope heroine, wayward angel, swallows surprised comment",glencora
1278,One undertaking to fiddle with agricultural equipment,contractor
43556,Little one for the upper house? Tory fell around convulsed,lordfauntleroy
139540,Bishop needing to phone wife maybe to prove a point,bringhome
16293,"[Man, maybe, intended to walk down this topless]",isle
129320,"A number down fruit squash, ultimately getting sick",blueberryhill
135307,Gates secured by catches?,wickets
75895,Incline to install oven at Land's End?,coastline
126113,Pay freeze finally put on comedian,wage
16536,Girl retires after six in foreign city,vienna
17108,Those people comprehend nothing about the proposition,theorem
41130,Grasp left ear and tip of nose,learn
59983,"Coastal resort, though not in Kent",seaside
68987,A crafty setter on top - but pretty feeble,measly
106135,Not in everyone's interest to market cod: could be left wanting?,selfish
33270,In bed one may use a joystick,pilot
68167,Island of Jakarta's first lady,java
10982,Material lawyer has to cover,damask
78511,South American Indian tribe found in the foothills?,scree
68546,Meat axe,chop
79469,Child minder to hurry back to Kent,nurse
30570,"The Queen is in the joint, scoffing",derisive
7264,Corrupt it isn't!,taint
113439,Apply oneself to doubles after change of ends,swot
112209,See-through material that's branded XXX,triplex
69365,Old man slow to develop taste,palate
37139,Narrow Southern characteristic,strait
84071,Unfriendly one next to back of grid veers off,adverse
78825,GI's hero makes like a man-eater,ogreish
48000,Playing with one kind of side in triangle,opposite
133161,Those out for pleasure wanting seductive lady start to finish?,trippers
49900,Hardly able to see setter's film about love,myopic
130167,Self-help group cuddling cat and dog,akita
106365,Bill's children,chits
123306,"Don Quixote's horse, say?",donkey
162,Tries to interrupt Spanish team's practice,rehearsal
125159,High-flying female gulls heard by a Roman road,aviatrix
67040,Bird making harsh sound,ruff
113383,"About mid-November, change for American bonds",cements
117475,Jailhouse workers struggle with habit (drugs),wardresses
77441,"Setter - Brummie, perhaps, can find training here",newstreet
25779,Top man on commercial,head
105704,Foils one stored in holds,baulks
128729,Perhaps T-bone makes one look masculine,squarejaw
30082,"Being old, died single at half-term",obsolete
113716,A small class has property,assets
42246,"It's taken in at school, we hear",eaten
76947,First mate crossing border,primal
137278,A million men love us being in love,amorous
67973,Country-loving Irish saint loses part of the ear,patriotic
90660,Diplomat made to stick to the point,attache
73943,No beautifier of public places,litterlout
22481,Follower of spirit?,chaser
139593,Radio and TV broadcast must include Home Is Where The Heart Is,mediastinum
68997,Catching fish is English setter's mission,embassy
11212,"Having recalled iron in the end, I start to remember another metal element",nitrogen
70136,Jumbo pilot turning radio operator away,mahout
80813,Remain all at sea - all at sea,marine
106475,Plain course of action read out,steppe
22982,Prepare to leave group,pack
59628,Match at sea in sea film,semifinal
58018,"Far from centre page, goddess in danger",peripheral
50538,So exact,very
123322,The attraction of misrule,lure
1284,"Red duck, which is neither red nor a duck",flamingo
119571,"Preserve discussions to reduce nuclear danger, initially",salt
4569,Where Polanski lost his head?,oman
85706,"Staggering home, overwhelmed by gusto, and stumbling",astounding
61661,French study involves notes,etude
42682,"When cut up, Love has power - Love has destructive power",volcano
48079,Left boy to pen red pig,larboard
123476,Killer game …,hangman
48759,Composer has staff fiddle with opening of opera,rodrigo
29976,Big name in the performing arts,star
128044,Runs through the centre of Florence with several black cars in pursuit,rehearses
74664,Womaniser's tool,rake
15790,Smooth American wind,flatus
7123,"With English papers about to right, it's my job to do it!",editor
100111,Reported man of rank mounted is a horrific experience,nightmare
12479,A piece for brass and wind instruments,hornpipe
73522,Actual sound recorded twice running on sort of tape machine,reeltoreel
134093,Finished dealing? It won't stop here,throughtraffic
23240,Heads turn in shock,stun
111639,Wonders at distance travelled without vehicle upset,miracles
135116,Chance of us saving a bit of money - why hotel this time is cheaper,happyhour
22863,Calm help we required to move this encumbrance,wheelclamp
85133,Worker's control of portable luggage?,handgrip
79799,Fail to move gentle Conservative,neglect
34731,"Copper in French bed, put back into back, is netted",reticular
86529,"Simple program computer company sent, finally",applet
131158,Tease at least in a different way,tantalise
137438,By mistake his men get engaged,inmesh
140298,"Central Birmingham, in short a city initially chap finds a pain",boneache
107895,A lot of men have little weight to speak of,enounce
7316,Testing ground is another place for an MP,lords
87002,"Girl is a ""bird"", as some might say",nesta
117959,"Free place given precedence, which is rotten",putrid
135759,"Triumphantly elevated, presided over country riven by outrage",chaired
39132,"Composer, techno fan, finally changes direction",ravel
110852,Identification system consists of flag and cipher,colourcode
140952,An unhappy existence of stick-retrieval etc?,dogslife
22762,Attitude of one on benefit?,doleful
137355,Channel in Spooner's broad river,tideway
81081,"For example, Aesop's dog-in-the-manger?",possessive
122946,Many learn wrongly he never quite made it,nearlyman
5996,"Flea bit you twice, say? Bad as Foster's dreamer!",beautiful
32510,"Seen from behind in portrait, some Roman port",ostia
47822,Socialist International MP,redcap
122418,Metalled road for when things get tough?,thehardway
61992,Sea water parts for Jason's aide,medea
89351,"To decapitate, remove head always",ever
135984,Head of church's non-variable system for transferring money,papal
61386,Low woman brought up by poet,bard
105819,"Homer, for example, speaking a mixture of languages",pigeon
5141,She tends to one man's rude offspring,nursemaid
44529,A taxi is turning up to get us - count on it,abacus
128663,Get excited? No!,turnon
132751,"Mole, a musician getting ready to enthral a king's mistress?",tunneller
24368,Tyres can burst in race,ancestry
120678,"Kind of animal that's associated with elephant or donkey, for example?",party
106327,"Mike, even shorter, needs a mineral",mica
116303,Contestant receives surgery for disorder,entropy
54116,"Dim-looking stars unable to get ""motivated"" before end of scene",nebulae
129280,"Keen to eat, I do sauce specially",edacious
65611,"Pop singers reformed, giving up gin fizz for crush",oppress
12969,What the gardener digs up is left in the casserole,plot
49850,Formerly clean bowled every game,netball
15651,Inventive chap not one team rejected,edison
75297,One of its three spoken component parts,syllable
28001,Hound bishop off property,asset
89082,Reptile of a Brummie's in jail,caiman
48840,Such a passage is a tissue of lies,aisle
122566,"Blows up, having felt as in agony",inflates
39574,Jolson's link with Hindu goddess is something basic,alkali
131419,"Tory laid into liberal, being dependent",conditional
88684,Ancient city captured in erudite books,literature
64819,Mine contains name of volume,pint
51873,Brazier needs cooler to put ripe fruit in,firepan
80417,Those associating with criminal types,consorts
103013,Pull away from the east,tow
31690,Animal utterance involving trunk?,bark
37774,Romantic fancy brought to heel,idealist
25214,"House in southeast Oxford, for example",shoe
99400,Contribute way to save a stroke?,pitchin
100721,Whistle for some wine,pipe
85247,Ground speed of a slow-moving shell,snailspace
45918,Light displaying fabric,rayon
42198,Achieved aim to include six in share-out,dividend
84302,Wild anger over a point is still anger,enrage
117186,"Place I look to ascend, given encouragement to endure",keepitup
96716,Upset son's medication,spill
38601,"Without conflict, Warsaw Pact is a useless tool",catspaw
107231,"In decimals, tenths are so irrelevant",besidethepoint
50028,Like hell cats in a melee,satanic
50944,"Watery elements in the gutter, cutting no corners",thorough
81644,Resolve to show backbone,determination
2811,Dance gives priest company,flamenco
90634,Certainly in on the act,indeed
141331,One-time superior European city with lake by old road,liegelord
30637,Foremost of brews served in miniature beer mug,toby
10408,Mural piece to beat,wallop
114009,One entering disabled loo in a stew,olio
89263,Musical work that's melodious to the ear,suite
132109,"Flash Gordon's last feature overcoming criminal, poster claims",nanosecond
21900,"Property last on terrace, say",estate
115548,"Part of capital I reinvested, now replaced by euros",lire
53180,"Show emotion, seeing spring flower coming up",blub
9090,Gave approval for silver musical instrument,agreed
96785,Experts break the case,aces
69947,"I have been taken in by Doctor Daley, perhaps",diver
120845,Barbecue horse (not English) badly …,chargrill
69011,Not the main course,tributary
96961,Eg marriage with love in state capital,sacramento
88470,Feel good with Hitchcock film,grope
63857,Out on the town: certain half of Belgians drunk,celebrating
70873,Harold endlessly excited by east Asian city,lahore
69144,"Amazed, astounded, startled at first with weight one lost",astonished
118785,"Criticise bargain with Europe, finally",snipe
2662,Pear lies rotten by fruit tree,espalier
114182,"""Close to drop, Villa lack wingers!"" - cry of suffering supporter",pillow
76231,Man's eating a horse on a full stomach!,haggis
135414,Supporter embarrassed by tackle from behind,girder
115112,"It may consist of cards in packs, as stated",index
140302,Covers amazing sunrise,insures
84223,Gallantry about data that shouldn't be asked of us ladies?,courage
105540,Bird is keen to go up it,peewit
136289,Gossip allowed back to get personal property,chattel
111091,"California-located, hilarious people working together",incahoots
18653,Update gear worn by English judge,rejig
10918,Compensation when noon strikes?,amends
67790,"Outrage? It's minor, yet needing correction",enormity
115737,"Oppressed people, characters under pressure",proles
91912,First of actors leaving company in simple form of transport,ecstasy
121614,"Wellington, perhaps, gains free surrogate motherhood",wombleasing
111722,Sat briefly for a time,saturday
81521,Motorway pile-up with hospital involved: a confused mess,mishmash
59352,A container in very good metal,platinum
24391,Split nearly all the income from property,rental
111710,"Discovery made by European leaving Norway behind, going to Germany",find
20209,Vessel providing dapper knitwear,trimaran
22339,Shepherdess's work amid electronic noise,bopeep
57870,Have the audacity to reject initial synopsis,resume
97946,Strong points for which there's no return,keeps
67243,"It is, in fact, a point of view",facet
65920,Reference works showing smash hit about hairy man - redhead,thesauri
112478,Charlotte's content to hold Australian's hand,applause
75612,Greek infiltrating the French network,lattice
112665,"Waiter in play, partial tragedy, in returning feature",estragon
4877,"""Spritely"" - that's the Spanish and French conclusion",elfin
79563,Chief ways to be at home in Belgian city,mainlines
53657,Tough guy who investigated more lawbreaking,marlowe
84691,Poor soul in refuge starts to overcome troubles,havenot
78115,Sail free from Alistair Campbell's pursuit? One's beaten!,naker
15874,Worker on edge for hymn ...,anthem
61341,Joke will end with a periodical row,punchline
83075,Calm letter from abroad about high rise turned up,placate
77046,It's able to become savage,bestial
7320,One displaying detachment,unit
82153,Black market trader's location,pitch
134024,Demigod is one who can't stop drinking tea with a little bit of rum in it,theandric
51068,"Something to restore, because it's an old instrument",rebec
46719,Escort knight into custody on US ship,bring
50347,Dry hill area,sector
39180,Tile on the beach,shingle
5073,Complaint of a boy in setter's care,malady
63570,Unusually cold part of the earth,clod
126185,"Carry sledge, only finishing winter sport",luge
123514,Builder hurriedly erected housing area in Germany,ruhr
18997,"Trial by fire, say, or wood",ordeal
42149,Drunk with hot love,wino
59308,Examiner covering drunken sot's unique hormone,testosterone
27806,Movable sight screen,eyelid
2514,Prompt jet has cut time,spur
29620,As played by the advanced tennis player?,netgame
26229,"Bottom, where water collected, perhaps?",butt
70049,Opening piece of open flower,overture
46399,Sexist description thus to upset females?,hotstuff
2172,"Quiet celebrity put out, having to get to work manually",pushstart
99894,Student in new kind of surgery reportedly found body essential for growth,nucleole
105199,General attire: tonight's showing,ireton
136913,One might go off playing sex video with pelvic exercises at start,explosivedevice
82813,Dry fresh air before break of day,arid
42498,Craftsman needed to secure craft?,painter
53099,"O for a group of friends, perhaps?",circle
59645,Psychic worker going underground without fear,mindreader
137775,Creates endless colour in plots,breeds
4313,Chemical requirement in a fab colour,acetone
26967,Pub drink reportedly for member,insider
104739,Vermin Nick caught which can't be seen normally,microbe
18028,Isaac Newton's teenage trouble,acne
27152,Urges a boy to produce food,eggsalad
110385,Effrontery confronted in half-moon?,barefacedcheek
62711,Unearth old philosopher,exhume
107999,Sort of bordering on tense,edgy
30520,"Take some port, if finished lunch",tiffin
11141,Washington Irving's hollow shelter bagged by mole,sleepy
111755,"Reduced from A to D, say - D, say, caused dread",degraded
120732,Lined up during altercation,inarow
99448,Unhurt when catching man red-handed,intheact
34399,"Underground cell like this crossword, mostly",crypt
72357,"Horse, key element",cobalt
3056,Frenchman injured Estonian in America,minnesota
82003,NCO half back that is a star,procyon
137254,Try to block high priest's self-indulgence,egotrips
130721,One who doesn't believe a lot can be changed,fatalist
130459,Russian symphony quite different when used by French film company,pathetique
74027,"Born in France, daughter is not in want",nee
5198,"Bird making circuit, a flier",lapwing
43538,Hospital's ending an examination - there's no news after that,latest
37776,Impractical person who rigged sail in rough tide?,idealist
137292,Planet clearly illuminated using iron and lead,eveningstar
57102,Confronts Brownite about the old,eyeballs
47226,Feel poorly - setback for Boatman and his French affair,liaison
520,Maybe tea with lover would give you a lift,elevator
18553,Drama doesn't start with songs,lays
73238,Hit on an advertising catch phrase,slogan
43595,Soak embraces tender beauty; it is so,skindeep
61848,Stunned in vehicle after a stitch-up,awestruck
92751,South African beasts' anthem for the rugby team?,stemboks
15035,Joined the club,united
98298,Trophy taken by Labour leader and whips,lashes
49783,Grub garb,leatherjacket
103420,Drink vendor who treats fabric,teaseller
30511,"Piece of fish, I note, not unlimited",finite
127193,Fire control in kilns/pyres (terms change),sprinklersystem
134124,"In store, get beyond Italy to explore by boat",islandhop
88258,Takes advantage of dodgy dealer for a drink,milkstout
113742,Hit nail on the head of clumsy oaf,clout
138345,Airbrush out borders in removing Pennsylvania city,harrisburg
1419,One attracted to card game shows how to cut,abridge
1116,Implant again settles heart,inset
68115,"Those backing winners, some stepping over to collect first",elitists
79575,Complain after hackneyed performance by party leader - bully for you!,cornedbeef
25084,"Lived with model, unchaste in retirement",dwelt
9626,Honours drug to make one fat,obese
3083,A couple of space travellers discover fungus,earthstar
140259,Dog handler with more in secure pens,whipperin
95962,Turn into suit,become
40015,Almost fool goblin command,control
126284,Bishop caught in fling with joiner in pick-up location,cabstand
19261,Quit when there's a strike about work,hopit
48521,Observe cutback in growths,polyps
54634,Awful sounding situation,site
77016,Style of red coat modelled,artdeco
142228,Rows about origin of ginger cats,tigers
58287,Compounds run in when in seed cultivation,arsenides
58289,First accountant to run out of capital,cairo
107310,Withdraw in tears?,cryoff
105119,"Excitement, seeing America in a shortlist?",arousal
50965,Wrongly aligns an indicator,signal
116877,"Generous sun god's in the wrong, which is written",liberal
13479,Historic fortress rebuilt as billet,bastille
60171,Free cinema popcorn - initially consumed for free,emancipate
26356,I'm inside right: little prince is one first,prisoner
86285,Leader put in as battle ended,attlee
20210,"Craft that's shipshape going to Inishmore, Inishmaan and Inisheer?",trimaran
50879,Backer misses out in America,losangeles
97707,Gripping action as prince and heir admits following Charles's mistress endlessly,halfnelson
62914,A safe haven for a change - or otherwise,anchorage
126815,Multifunctional tool for haircare by Boatman,combi
50598,"Something bitter, though grown on the vine?",grapefruit
37286,Strain that's a trifle unexpected,filter
116896,Maybe setter Richard who acts left poor quality writing,doggerel
44879,How kangaroo may be caught unawares?,onthehop
93849,It supports lots of lines in port,odessa
4217,Old country girl in family dialogue,lydia
82713,Dressed for about the time of Nero?,clad
92370,Instantly high-octane,atonce
39586,Writer's device for emphasising a point,pencilsharpener
23692,Novel fruit found by European,huckleberryfinn
80209,Hairy brute gets even with crossword setter,yeti
3275,Lightning? Run!,bolt
164,Not paid to be changeable?,unsettled
41564,Leaves to set up taxi firm,tobacco
110417,Photo of artist with foreparts of Cynic and artist,radiograph
86636,Support rock band in dirty surroundings,standby
4878,"Dainty and, to some extent, self-indulgent",elfin
18247,Grass shoots up? That's grass for you,marram
113346,"Tennyson's murmurers at pub: order, with no starter, pub meals and English beer",innumerablebees
87933,"Poor stiff, finished",hardup
40572,"One lapse, possibly, in observation",espial
61653,Cooker for bread unopened,oast
86618,Memorial to leader's character,headstone
23367,"Awaken in order to exclaim ""Buenos dias!""",imbue
81918,We hear illicit tape,band
48857,Time in firm completed,through
79467,Generosity sees glass re-turned,largess
87294,"Cut, say, in number of people involved in legal process",injury
100955,Tick off when rule etc is broken,lecture
9411,A Spanish gent is a handsome fellow,adonis
27434,Stop paper using old army signalling equipment,fieldtelegraph
56771,Unhealthy-looking pie,pasty
85836,Practical joker grasps point of ornamental mineral,jasper
14277,The jumper in the turret?,tanktop
68567,"It swings above net with ease, they say",trapeze
135236,He's responsible for the navy's ships - also drifters drifting,firstsealord
116879,Braille representation for politician,liberal
140440,Pauses in abnormal and dangerous breathing pattern,apneusis
60939,Additional accommodation in which queen gets to kiss sweetheart,annexe
2657,"It makes pears lie against the wall, for example",espalier
136459,Glad her form adopt upright school role,headgirl
74252,Average goddess curtailed by new arrival,parvenu
50269,Sort of pit to supply capstone material,opencast
90541,Enough dry ground for a thin runner,greyhound
119708,Time when all assets were frozen,iceage
104363,Evil family are absorbed,sinkin
126707,"Use ropes flexibly on the surface, raised in relief",repousse
114074,"Times editor taken out, not to be seen",erased
70001,Sort of food thing covered in grain,whitemeat
71511,Decoration in small capitals at top of list,scroll
90667,Those crowned heads in outrageous leotards entering bar,molars
106864,"Cockney's leather or water, say",oxide
129582,Fitted to abandon duties,suited
61364,Once no lady could become a writer,conandoyle
117073,Show how to repeat changes,operetta
68856,Yielding ape or rigid rodent,prairiedog
29177,"Flower that's yellow, outside Germany or in it",oder
45218,Top family has many branches,royal
2227,Oriental pushes off to ancient city,ephesus
35136,Till the cows come home here?,farm
10717,At any time note returns as an old one,breve
133236,Kicks up a fuss as channel's about to go,soundsoff
138324,Raised heated note out loud instead,hefted
71815,Usual train heading for East Germany,accustomed
117050,Overflowing when religious boy breaks it,inundant
30220,Make second appearance with bishop pocketing old coin,recur
51014,Hedge sparrows have such lips,edges
69868,Opera almost in proportion,tosca
42557,Twice scale up culture medium,agaragar
54623,Dramatist gets nothing from clue,pinter
95546,She means to seek legal redress,sue
89685,Form solid pile in solid form,ellipsoid
6433,Austere person is kind of acid about society,ascetic
141316,"Repulsive women try to cuddle up, hugging Romeo",gorgons
33942,Susan's taken round thanks to model figure,statue
34752,One tempted mother of ten and paid out without hesitation,serpent
10899,Delightful guest has no Italian vermouth for inspector,supervisor
66127,State marriage vow without joyful expression,idaho
84281,Speaker accepting one drink for inspiration,originator
88763,"New in house, a medicinal drink",sennatea
84292,Old Greek could be forced to heed racism,archimedes
111234,English addicted possibly to being set apart for a purpose,dedicated
123497,After start of affair longs to get letters,aitches
2200,"Debt free, which is not to be sniffed at!",solvent
85858,Terminals possibly used for doubles,tramlines
77943,Positional sense requiring lubrication?,bearings
105553,Are they why numbers of people get confused?,crossedlines
27882,Fixed form of denial,nailed
40732,Released without charge,free
109025,"Bawdy author's first mob, so to speak",rabelais
61141,Old US lawman has to carry silencer,earplug
18568,Given medical care at another's expense?,treated
71692,Plane crash seen by store staff,alpenstock
115964,Melissa's form is tremendous,seismal
97139,Interview everybody in the theatre,audience
23080,Render (doctor's confession?) inaudible,drown
131341,Guard for Commonwealth head of state,protector
78837,One getting a lot of runs in Australia,emu
2957,Cage bird,prison
68240,Support for journalist's work when printed,column
99872,Protection for king caught in an intriguing situation,armour
102774,Novel approach involving unknown books not accepted,apocrypha
40846,Revolver may be used when approaching big game,turnstile
58324,"Get wind, say, of the ""Solvers'' Guardian""",eurus
101252,Earthquake could entail this regular payment,groundrent
135606,"Change address, did you say?",shift
134340,"Clean male, captivated by weapon, becomes adventurous",swashbuckling
21111,Perhaps lonely heart to spill the beans twice,singleton
14259,Short girl eaten by mole,skimpy
43080,Constant regret follows Tory leader,true
30665,"Keeping rhythm, eventually",intime
58025,No Green Party would have such a monster in it,ogre
20327,A poet penning new work performed rather slowly,andante
48608,"Talented young player who later scored in game, for example?",elgar
17679,"Drive husband to drink, being contrary",push
32479,Moved carefully while in river heading north,eased
58760,Girl holds chap up in Denmark,elsinore
112777,Snake hunting as a sport,boatracing
102871,Paid off debt and moved in to penthouse suite?,settledup
104453,First spin produces firm shot after five scheduled days of cricket,testdrive
27613,Main location not initiated by court designer,architect
133737,Asteroid at the heart of space research,ceres
132347,"Contributed, as a golfer may have done?",chippedin
124066,Naughty Peter cheats to become classroom's blue-eyed boy,teacherspet
122906,Extract from channel by excellent former laureate,annefine
100093,"Like a lemon chicken, yummy at either end",yellowy
43111,Many material means of colouring,crayon
81218,Undo the side nut somehow to get at the side,southendunited
74735,Secret of getting drunk with no negative consequences,scotfree
26278,View contrived with camera endlessly revealing matter of concern to police,crimewave
68933,Foolish fellows soon led astray,noodles
71477,As is pavillion,misspelt
11558,Half-cooked scrap of food,rarebit
59885,Friend with ideas about fencing,palisade
122369,Catcall in store on the way back,homeward
118900,"Article on ""name"" in financial centre's rejected as inauthentic",synthetic
36995,Port one gets in casks,tunis
2771,Take in dessert,fool
97619,Miserable arsonist's first into the blessed prison,holloway
77816,"America, burning, cheers up invader",attila
127728,Worldly bishop stops youth taking drug,terrene
50402,Second wait for optimist's eyes,starry
26784,Children's writer almost turns playwright,ibsen
75367,Organ adapted by reversing tube - till it squeaks?,orangepip
103327,A friend in America with endless addiction to emirate,abudhabi
13994,"Second Australian retired, creating buzz",zoom
125092,Bog-standard firm pockets a pile,cheapo
71976,Let's stand back to front,lease
54442,Most miserly change to means test? No way!,meanest
12038,"Drink, in the old days, uplifted cartoonist",crumb
141376,"A posh doctor orbits moon and earth, a recording enthusiast",audiophile
64376,President's backing for Thursday budget speech,dubya
22636,Support leader writers in use of tenterhooks?,suspense
2820,Dished out in pilot seminar,tutorial
7365,Smart to listen to Holy Spirit?,neat
20297,Most European characters need Tory leadership to come alive with,contemporaneous
1681,Inter Milan's first on bet slips,entomb
133569,Weed in pool,pot
72976,Neither partner's masculine - largely typical,normal
28838,Moor's enemy breaks up ground that's sloping,diagonal
127202,Howler monkey or another animal may be heard after slow start,screecher
33616,"Craft, if moving about",traffic
44684,European composer looked up to by some Africans,berg
102162,Complaint of girl taken in by pansy,heartdisease
17318,B-Bunthorne's first clue b-blitzed by Araucaria's first two - could be a Messerschmitt?,bubblecar
29242,English allow people in - perhaps into a compound,element
8581,Incident bringing girl to book,event
44317,Hold up the basket,hamper
134375,Lad just penetrated by tip of weapon that's piercing,bodyart
5422,As from any remote origins,afar
63842,Too soon to swallow half of greasy brew,earlgrey
53669,Corpse isn't laid out for police officers,inspectors
55289,Not only on the cricket field will it go to fine leg,glance
129384,"From Dakota unto Nevada, somewhere in the West Country",taunton
69548,Hasn't made a score in years,teenage
122873,Teardrops shed for hungry animals,predators
77569,"Drink a Conservative takes, depending on chance",aleatory
67466,Second in command extremely upset and cross about being in the open air,outdoor
9209,Lost land last carved up without objector,atlantis
11995,Runner holds back toy animal,coyote
76270,Joint lead in charge of a country,costarica
31894,Resin from twist of oriental lime,elemi
87161,Small vessel going through lake,vial
84319,Buckle isn't worn to show defiance,warpaint
102056,A pale imitation of Babylon's former glory?,hangingbasket
99875,"It's right, in love, to get protection",armour
123345,Orlando's flowers …,blooms
34847,Dustman,adam
20969,Homely type of country,plain
141547,Renovated pitch put back to accommodate English date,tartedup
84947,Second eleven chap moved fast,steamed
57097,Wrinkle visible at last after male shuns cosmetics,crease
25495,Con accepts hush money,dosh
108524,Prompt's read out lines,queues
57578,"Buying and selling, as the reader might",turnover
66200,Just a little water for a doctor turned good,drip
129615,Overweight actor playing the villain?,heavy
49122,"Criminal given bird without hearing, blowing top",tealeaf
31005,Board in which French and German concur,ouija
117627,Animal with pronounced whiskers,hare
68343,"Biologist who reversed hot car by railway, getting caught by crime",rachelcarson
56528,Illustrations providing clue to rat?,artwork
87118,Officer with prisoner not changing,constable
66870,One driving test reversing a bit,atom
43834,"Managed, say, to turn up the stove",range
6165,Bars for the bar?,inns
87216,Whip receives salutation - it's often found in small print,caveat
66907,Very keen now about six,avid
59474,An American woman's promise is a dangerous thing,broadsword
99972,"Word of regret, detailing something possibly mixed up",alas
115461,Argument about leaving the parade ground,fallingout
98143,"Serious, lonesome and heartless man",solemn
4395,Look for support in return,peek
105587,"Beer concealed by pupils, nervously",pilsner
76271,"Country lay out on continent? F- off, it's not that one",costarica
89130,"Where to find Norman Lamont, at first? He turns up at rave, smashed",lehavre
22776,Moved like a serpent losing something of its shape in birthday suit,naked
5895,American going to jail in Midwestern state is to hang,suspend
94367,Child prodigy reduced weight in minutes with magic,mozart
42429,"Model paragon, he cares for deprived children",orphanage
65034,The alternative to bury compiler back in box,cremate
137134,Note writer's visiting father,fiver
5449,"Tart for the table, we hear",bawd
69637,Come and see smoke,rollup
139067,Biscuit gives diet variety,digestive
65579,"Manufacturer of cars, many with posh interior",lotus
104594,Hand-operated computers,abaci
65384,Animals mainly upset judge's advisor,assessor
127629,Spread Prohibition to Sleepy Hollow,banquet
36318,Island where angry ruler receives injury,madagascar
112814,Glowing ember's first set in a sort of rock,agleam
110496,Immense head of state in rich setting,cosmic
72856,Pre-eminent performer to embark on vessel,starturn
104077,Stand shelved: it's temporarily forgotten,whatnot
11897,Philosopher in spring ringing ChildLine?,aristotle
75410,Remove top from page to economise,skimp
110388,Painter stops wasting time,hals
8768,Attempt to raise fliers,stab
23476,Gentle and good in part of Africa,benign
26369,Is empowered to reproduce the dance,cancan
70905,Woman has dirty laundry,wash
101412,The song told a story,lied
64034,"Put on and swear backwards, indeed",affect
63485,Present letter to Jones,endow
54960,Having a look about,regarding
62685,Scoundrel pinching half the collector's items,cur
14846,Wars need to be justified,answered
142112,One uncommitted as the riot breaks out,hesitator
43867,Ship that could prevent schooner making its mark?,coaster
59392,Indication of shouldering responsibility?,epaulet
24756,Conservative leader has means of securing agreement,accord
85860,A set of guiding principles in court?,tramlines
47394,Qualification ending in debt? One mustn't be tactless,diplomat
91001,Struggle about new maze,warren
136240,"Insect, horse too biting rear of wolf",hoverfly
60314,Girl taking sound control of one of the fleet,flotilla
101865,Staff taken in by salary - it's a travesty,parody
125679,Leech victim,sucker
89004,Retail outlet stocking occidental fabric in the gallery,showplace
111221,"First virtuous, then venerable …",gold
101379,Granny is out for brief consultation here,graysinn
58846,US barque coming into port,cork
86502,"In this way, prose would be got up, daringly exposed",topless
74969,Mum and daughter collect underwear I dropped and put it on,malingered
50586,"Herald quiet about bad fellow, type falling short",precursor
31948,Nasty men get a bit on all sides,ambient
43494,Breathing problem affected my sheep to a degree,emphysema
5542,Black bird to stand in stream,brook
132104,Aggressive music links criminal groups and army,gangsta
40979,Doctor meeting fate lacking in reserve,modesty
32929,College member acquiring second language,estonian
6760,Scattered and set about a woman's fans,adherents
54196,Does it give one a light tan?,sunlamp
16991,Alan Turing partly decoded and was not affected,natural
116642,Bats flit in with friend of Badger or Mole?,infiltrator
103923,Starts to open wine after top award,bestow
104750,Credo is a bitch,dogma
101108,Police order opening Pandora's box,asbo
3050,"Put out of school, former student lurks outside gym",expel
27918,"Gets level, yet nothing is lost",evens
68687,His noted fancy is the pursuit of pleasure,hedonist
40672,Correct definition of noon,amend
131824,Polish politicians backing small blackmail schemes,honeytraps
109073,Trace toxin circulating in blood,extraction
67725,Battle for bridges with a navy on border,arnhem
129434,Rubbish film trip,junket
48706,Make a beastly noise before our local resident,neighbour
43676,Sailor died a dissolute man,drake
45397,Jazz fan Bobby beset by fever,hepcat
57425,Provide authorised spectator for sovereign?,cater
75934,Ovals? Possibly rounds,salvo
99065,"Rough diamonds supporting hooligans' game, mostly",rugged
36127,"Found in book, rare edible plant",okra
124229,Tattoo of devil's head and spirit done in …,drumbeat
131984,Outgoing administration avoids attending game,lameducks
53440,"Capital of Karnataka, or a Bengal development",bangalore
60525,Tips university to spend freely,upends
52985,Poor girl's first obsession,thing
107707,"""Large chest"" could be such a source of amusement",doubleentendre
81168,Temporary work in the theatre,acting
20901,"Spy, perhaps, engaged in gathering information",agent
53819,Religious representation of two Greek letters,pieta
55527,He wrote for us a song about you in a vehicle,araucaria
113841,African born in airline building,liberian
14269,"Say, perhaps I will be going to church",pronounce
135593,They may be happy playing cards,families
12253,Small contribution from birdman,tithe
29182,Expert returns to Mediterranean island,elba
58509,"In use, can turn into a problem",nuisance
87551,Cardinal number (unspecified) among medics getting discount,monsignore
52639,Soft spot your boss has for you?,sinecure
49560,To worry gets one rochet in a mess,hector
114174,Weapons some people play with,bows
28951,Employ brainiest Manx folk from Madrid?,iberians
134001,Increase of good chaps in a union after upheaval,augment
27543,Flat point between fringes of Smoke Shovelling suit,spades
90735,Dutch or transatlantic pageant winner,missus
120817,They're creatively said - line's blown initially,adlibs
29531,Supervise bishop's position?,obersee
77523,"Strong resentment, as peril is headed off",anger
35227,Unravel crossword in which there's something to get stuck on,velcro
52665,One giving away drink-containing receptacle,betrayer
29505,Keep calm before the storm,restrain
105442,Cardinal rejecting anything northern,two
115799,"Containing Na, thus upsetting police",sodic
30318,To reach this steep,saturationpoint
113887,Sporting legend about to get beat,redrum
133441,Bishop admitting moon I caught on film,biopic
111526,Worker entertaining Durham's first historian,bede
102506,Date initially left off city's records,deeds
71278,Carbohydrate consumed makes clothes hard to wear,starch
63457,The whole taken together is repulsive,gross
93718,Irrelevant one in crowd scene no use after changing,extraneous
110696,Research covering fine new creative work about to change,transfer
98367,Tory's buccaneering plot,conspiracy
53714,Contemptible information,lowdown
21371,Consent to dismantle High Tor?,rightoh
101591,Where a koala may be in trouble,upagumtree
30563,Agreement with shrink,contract
11087,King accompanied by aerial artist,kandinsky
77798,Singer of note in cloak,domingo
41778,"Divorce the result of smack during meal, losing head",unhitch
14483,Protective garment a cottager fashioned,greatcoat
62414,Republican rabble leaders put mobile into roadside bomb that's exploded,irrupted
8766,Attempt crazy rising,stab
111939,Provide drinks in part of plant - it's said to increase turnover,salestalk
136137,Makes clean clothes for the theatre,scrubs
105215,Father often bops around - it's become very tedious,borethepantsoff
86604,Ready-sliced loaf?,breadofidleness
139190,Writers given non-alcoholic drink after a port in Florida,pensacola
101708,It's best to back heavyweight individual,secondtonone
97503,Lord Archer now with New Labour?,excon
135946,Subatomic particle in nature not transformed,antineutron
64789,Drink prevents joining the Athletic Club,barsac
53872,The rest having to board outside university,residue
134609,Prelate finds new character in Othello,monsignor
97302,Local tinned potatoes in Delhi?,saloon
109737,One getting some orders around the summit of Sinai?,moses
125967,Regrettable adventure to the abyss with immature backing,gulfwar
35406,Put out of mind,derange
34916,Make allusion about drug joint,reefer
117604,"Once upon a time, finish off gravy with a bit of corn starch",yearsago
41558,Explorer who is standing firm leaves for a smoke,tobacco
10259,Obtain a higher degree in theatre studies,heat
131572,Find the odd bargain: a prize from the lucky dip,branpie
10299,A couple one bumped into on the rebound?,item
23069,"Year said to be turning, possibly",idaresay
110151,Two men named benefactor,patron
81935,Algonquin creed dressed up in high-flown language,grandiloquence
34196,Disliked person putting me up in eastern city,enemy
77174,"Take back farm, ultimately, after public land for play: left to help, briefly",reclaim
107274,"Kiss while holding mistletoe, only the first time it happens?",xmas
132538,Squirming eels can be seen in twists together,enlaces
110215,"On time, Roy's team appear in old letter on which all agree ...",uncontroversial
109453,"Phosphorus, maybe a bit",particle
45685,"Where there's a lot of tea in teacups, perhaps",china
89731,Where to see ships under repair or those undergoing trials,inthedock
44918,A disposable hanky under discussion,atissue
90203,One poses to rest it afresh,sitter
45042,Fruit - it's wrapped in rind for the most part,citrus
100221,Nurse in a casual shirt as someone at conference?,attendee
115713,What to do with an acute etc?,accentuate
28446,Large number of free handouts,thousand
35365,They say the writer had checked out,eyed
21442,Heroic tale from The Pickwick Papers,epic
28249,"An animal turned, one turned painfully?",ankle
50963,"Hold back when somewhat calumniated, backhandedly",detain
5671,A substitute for the match,lighter
95778,Jack training for the fifteen? That's sudden!,abrupt
53772,A place to hide the port,aden
92546,Got down to making a proposal?,knelt
122432,Heartless Tory stifles anger over daughter's misfortune,tragedy
22583,Twin of the King James Authorised Version,esau
68490,Is able to return assistance to port in Crete nominated by Italians,candia
80080,Time study requires putting one's foot down,treading
39138,Boatman's helm is prime mover about tacking east at first,shipmate
96322,Fury at American church leader having cash injected by unknowns,apoplexy
32936,"A bit on the side, having been dropped by Spielberg, perhaps",offshoot
136339,Drink supplier is more calm when absorbed by housework,distillery
12255,Tax man after fool,tithe
58448,It marks a turning point when king takes subject out,tropic
120904,Aplomb of company representative certain about nothing,composure
120453,Jars of fruit,rasps
103659,Schemes upset former political leader - unwanted messages being sent,spamming
71528,Difficult time to get aroused,thorny
86125,Entrance concealed by this peony,hypnotise
9202,"Little time this time, a waste of time if caught?",minnow
80666,Planner to insist - get painting back,strategist
68356,Greek character's very short in the leg,omicron
83037,To an unholy alliance,nato
139273,"Sydney, if tarted up to present a trivial, cosy image to tourists",disneyfy
83579,It may need a jack up before being repaired,steeple
53889,Remove gathering in part of collar with a low neckline,decollete
64640,Matter caught between modes of transport,subject
44002,"Old metal with a measure of purity, no longer with us",extinct
59188,Transport system invented by a one-track mind?,monorail
11033,"Go after opponents at table, then take action?",ensue
136284,Dirty and unkempt American bastard keeping liberal cleric out of work,slobbish
140454,"Perform check, covering county where Homer settled?",dovecot
79661,One to expect confidently to be an investment,unittrust
136618,Prestige car is offered to woman and son? They go on foot,rollerskates
81879,Springtime visitor from afar catching flower and fish,eastertide
2617,Guard dog - watch out!,secure
35652,Russian girl with stories of French comedian,tatiana
21445,Formal choice seen shortly,prim
27686,Voice of ballot box regularly ignored,alto
74156,Birds go initially into rustling trees,egrets
14391,Not initially unwilling to curse,oath
115626,Relatives can be flexible,versatile
76122,The wages of sin?,illgottengains
122786,Those who groom pedants,nitpickers
115162,Doomed leaders of rescue team drown in botched sea drill,illstarred
113159,Near desert place in the south of Italy? In the south of France,subarid
127436,Satisfy a companion to S. Beauty?,slake
23299,It holds cup - a brassy one?,saucer
101139,Maidens periodically need bluesy tunes,medley
132254,Is in toilet dealing with son in a state,wisconsin
69026,"A bit of a wag, even a joker maybe",card
33535,Bore down on a leading journalist,pressed
89532,Part of coat the French friend turns up,lapel
32708,"One frequently corresponding, as swan with dog?",penfriend
7290,Denunciation of one in business,tirade
63596,Claim right in a property,assert
8804,Infidel on the scene of the crime?,atheist
98749,"Standing by waterfront, a pensioner shelters",ontap
117756,Application of water or fire is pursuant upon fitting in British Museum,baptism
30647,Heard about twisted antler,learnt
72145,"Green, like an abandoned railway line",untrained
14222,Reverse current flowing through damaged dynamo,eddy
92468,"Eg ""Top Gun""",revolver
103831,"Weapon recoils and bags chicken, perhaps",nuggets
38949,Blissful state in which Ivan ran wild,nirvana
9588,"Peak, we hear, invariably referred to as high",dudgeon
130596,"Pocketing raised offer, my character's liable to deteriorate",corrodible
36096,Time to admit pig on a bus?,aboard
92760,Prepare and use dessert,sundae
83666,"Tomorrow, exchange money for Bahamas' foremost fruit",banana
92432,"Getting mean, incensed by Catholic petition",averaging
76225,"One not putting down roots, no bananas",nomad
55966,Expert in a small part of the organisation,adept
51874,Happy about piece of cake I consumed being frozen,glaciated
41079,A drop of the hard stuff,hailstone
125972,"European nearly related, but not quite",german
35211,"Deserter, first following through (unnamed) in vocal work, is unacceptable",personanongrata
94045,Not the only one to hold up a person who's late,pallbearer
85390,Women took in right top for sport,waterpolo
97664,Equipment given to one into cooking Italian food,rigatoni
61371,Feel distaste at toll collected by church,cringe
2782,Mix a cocktail to revitalise people,shakeup
10380,It makes light work of passing course,current
10697,"Part of flag, one shot to pieces",hoist
29463,What imprisoned blacksmith did when cell door wouldn't lock?,madeaboltforit
112222,Premium oil mixed in this?,aioli
3915,This bean may be transformed into a drink,absinthe
43112,Note synthetic stuff's colour,crayon
62555,"Man of law, not yet man to the French",boyle
24250,Blunder into hill monkey,terror
1137,Supporter for a girl in depression,adherent
2741,Forget to order half of an item?,omit
123812,Nothing bitter about very soft old fruit,loveapple
51941,A hermit has no time for showy feathers,marabou
72374,Show words inside book?,libretto
16512,Rastafarian's big number,aria
113010,One begins a test with need for bottle,opener
6388,Sort of oil - a mess all over earth,sesame
57672,Chairs in the departure lounge?,emeriti
130760,It adds zest to meals for sailor on board,tablesalt
68030,Hoax here that might dawn on one?,firstlight
31959,Twig a starting price swindle,sprig
51346,"Strangely, in matter of discipline he's strict",martinet
45593,Ransome characters at the seaside,sanremo
57592,"Hard man or woman, one beginning to climb up monument",cenotaph
78264,Hang around old dam,hoover
81267,Shrink on seeing circus performer,trickcyclist
130346,Being chatty makes Kate vital,talkative
2092,A swift turnaround was considered proper,sawfit
111754,"Tree, by squeezing it, produces vitriol",acerbity
98587,Bear increase in Ponting's embarrassment,paddington
20294,Cat maybe going for a song and a little info?,snippet
44207,Sport as a criminal activity,fencing
118304,Muck-spreading sense in Kent,dungeness
101262,French dance lesson in castle,balmoral
16089,Record current weight produces satirical comment,epigram
118789,"Important to retain office, standing under new US president",kennedy
113665,Where to find transport for a fish? On a boat?,carpark
102675,Report about hospital drug,bhang
114353,Extremely popular companion supporting English completely,everyinch
110011,Strip of those playing for Rhode Island,riband
9516,Barely hop around curve,hyperbola
28551,Fish's perspective,angle
60862,Old style of images - not first century,ionic
76913,Baseball player shot due to rifle,outfielder
60626,Man in Japan bit assassin,ninja
4816,Relative is friendly when taking Ecstasy,niece
76512,Sea bed made lower,debase
29246,"Factor when last in race, fast catching me",element
84139,Judge needs a long time to go over close votes,referenda
118544,Dentist finally going in to identify pain that's most sharp,steepest
105253,Loafer edited lists of plants from various regions,florae
90587,"Around time of arrival of train, leap out",perinatal
110680,Excessive cargo with Roger for a superior,overlord
36993,A large barrel is used in making port,tunis
119214,Everton strict ultimately in relation to payments,toffees
60413,"Penny, keen to return Jason's vessel to pub, gets shot",photograph
124280,"Talk with companion, trendy type trying to be funny",chinwag
116364,"Girl on location for studios, making things tougher",annealing
98945,"""The narrow way"": the clergy's material",broadcloth
17810,"Played in a sorrowful manner, before heading off for a drink",oloroso
1566,"Invested with this, there's little interest",apathy
81969,Offcut of rock appearing on the surface,outcrop
58782,A club to take up church teaching? It's for killing,abattoir
57543,Repudiate religious education booklet,retract
69786,"Frank, no mixer",straight
51994,Once a premier university,aberdeen
89958,Old university graduate twice blocks change,almamater
104722,Time for starchy maids to be relaxed,christmasday
11680,The Spanish nonetheless produce a cricket team,eleven
87577,"Trees sent back, asking to be punctured?",smug
17122,Paradox of direction when sailing west?,eastern
114807,Extract from a tree fruit revived graduates,datesugar
46018,"Faced paralysis, so possibly left bypass hell without beginning",bellspalsy
13819,Amended deed includes it when revised,edited
91977,Energy absorbed by tenants goes back in,reenters
41386,"President blows top, upset about new table service",dinnerset
32756,Widespread issue of currency,delta
44523,Where an adder slides to and fro?,abacus
84489,One employed to unpick seams?,miner
128967,Ocean mount?,seahorse
63120,Man without a cover for the compound,halide
12012,"A warning, of course: connect her with stout ancestor",forefather
119281,Metal cast put round to pave the way,leadupto
115101,"Guy, perhaps, has to resist, missing starter to eat fruit",effigy
77936,Unusually vigorous work of a model student in Greece,emergetical
12233,Puck's pursuer on edge?,iceskate
107854,"As cur caught in deception, try to maintain low profile",liedoggo
6273,Hillock discovered after initial sex change?,mound
77748,One taking exception to bad job given alternative to shock treatment,objector
131665,"Mammal after insect, one of these oiled",cricketbat
67051,"What yachtsmen hoist, getting drunk in this local?",sailcloth
17250,Flag of many colours,iris
64159,Sword in Rome forged by Cassius once,claymore
11006,Perform athletic activities? The fool!,dope
119566,"Wild trees of questionable identity, reportedly first encountered beside old railway line",wychelms
108361,Greek containers for moving zoo stock?,hippocrates
79595,Book an ex-Spice Girl,emma
102004,"Hideous, headless Greek character about to be carved",glyphic
108779,Very modest debtor might,power
19143,Rift between Conservative and Labour?,cleft
129701,Stay beside the sea,shore
49291,"Fine, if in some pain, after exercise",peachy
133939,"Lesser figure ends in juvenile court, having broken law",statuette
67550,Chief criminal makes dog turn on priest,godfather
20364,Securing device to pass back to Danish king,locknut
4975,Tinned meat heads specific products and manufactures,spam
49000,"Yard under pressure, taking long time to uncover plant",paeony
28104,Vessel in pond capsizing after start of storm,sloop
46886,Dish is a flop in a way,lasagne
127491,Brilliance of a good surgeon?,glister
15608,Soldier has complaint for stew that's highly seasoned,ragout
60682,"Bloke offering ""cor"" with endless love",geezer
15851,Not quite the perfect ancient city,thebes
65300,Number of games to support check,setback
122876,Her felony? To be taken wrongly,helenoftroy
57625,Hides from which one sees hound go after porkies,liesdoggo
70125,Speed zone,belt
48590,Touching man below belt,tangent
66768,Detract from a Chinese restaurant?,takeaway
110897,Battle to plug deficit at American research facility,losalamos
38339,"Page in some novel set in town, of course",epsom
104356,Charge one penny for boost,fillip
62259,Stop going up and down,pullup
87530,Inclined to be a fool about left,atilt
52895,Danish scientist shows strength in the field,oersted
69799,Beast - make sure it goes the right way,steer
124105,Prisoner is one with no weight in dress,gaolbird
54729,Old Year's beginning in caution and a New Year starts festively,annunciationday
3027,Artist drawing one mythological figure,titan
81683,"Somewhat fuddled, I reach South American territory",fuego
44098,"It's worn to order, perhaps",sash
86974,Contretemps are not shortened when stick is introduced,argument
25058,"Layer oddly, ounce after ounce",ozone
19687,Accommodate a man who suffered in fraud,putupjob
122290,Lying under psychoanalysis,onthecouch
15100,Iron he's blasted not far from sand?,inshore
90497,Try to accept the growth of moorland,heather
68170,Island's translation of Bible into German? Yes!,java
113645,Free of charge,unload
18685,Cigar a man in credit reflected over,cheroot
131355,Early vegetarian sausage primarily out - or bran flakes?,brontosaur
34721,Queen finished with dog?,rover
65313,Desperately want to keep grannie's promise,covenant
100006,"South American horseman, mostly clumsy with love",gaucho
73307,"Entertaining lady - see me mixing with atheists, getting among believers",jessiematthews
90842,Did rock celebrity ultimately meet all the crowd?,startled
113426,Shown to have perished without second drama,displayed
29410,"Poet gasping ""Retreat!""",dryden
26320,"One's expired, having died out of reach",breath
6448,Intently study for every purpose,peruse
29013,It's not part of city gent's choreographed minor ballet role,cygnet
139221,Fatty substances put Tory leader on edge,lipids
44,Current rock player,actor
63977,Top admiral to execute sailors on deck,adorn
103698,Prickly shrub's stick pierced by sun,gorse
82508,Celebrated striker very important to nameless left-wing MP once,bigben
130327,Glitterati check butts over,smartset
126392,Provides the odd steroid from the east,does
42355,Here nomads eat sheep's head for pudding,dessert
114039,Troublesome person with stick always set about music maker,reedorgan
120872,Crazy about true reform that's now ready,matured
57448,Races into smallest room for game of chance,lotto
122799,Bake buns - hate cooking,sunbathe
107246,"One in ruff, hard to overcome",triumph
82031,Almighty muddle in poem not close to perfect,omnipotent
109565,Part of letter read out by a man in Post Office?,ascender
135663,The longest chords in non-musical circles?,diameters
140382,Scotsman turned locks into beds,mattresses
23698,Conservatives present at that precise spot,rightthere
60711,Earl without honour,yarborough
18365,"Relating to a country, not one a bit like Iran",irish
62717,No stamp duty to pay after exchanging?,taxfree
92135,Celebrated part of speech heard during run up-river,renowned
133072,Absentee gets meals with old women,noshow
47396,Characters sitting in sauna maturely undressed,aunaturel
63049,Criminal hiding note in comic,gangster
9937,"Let jazz fans into joint, endlessly upset",obstacle
136191,What poor comedians do that's ridiculous,dontmakemelaugh
110895,"Traditional song of little convenience, one finishing in rude fashion",lavenderblue
2797,Get fed up with girl,enid
63984,Occasional butt from goat following girl,aprilfool
31223,An extremely self-conscious person,egoist
127151,I dunk crackers in caviar for military leader,ironduke
59601,Tone down a painter's medium,tempera
60720,Claim made by spa without aspiration,arrogate
52001,A bird found in the officers' mess?,adjutant
50410,Pink bottom breaking eggs,roseate
132783,Spotted second fielder conked out on the boundary,discovered
16724,Company chairman is calling for rescue?,overboard
110311,Greek beak is hard on men with a record,ephor
52778,Pointlessness of fuse?,futility
119947,American can have nothing against British actor,ustinov
89844,Almost night!,nearly
72817,Waters - alas! - are up the creek,aralsea
25087,Stayed and spoke at length,dwelt
20120,"Cult that is, perhaps, about to apply restrictions to network",reticulation
22023,Like Valentine I put in poetic form,veronese
4941,Is medium in time to give alarm?,dismay
48082,Single operations given up - futile,spouseless
100635,Pop round letter bearing oven bill inside,orangeade
28064,"Do successors occupy country, having ousted last PM?",premier
85908,"A cabbage, I do need room to view the ever-changing scene",kaleidoscope
131240,Yet it might be the product of an active imagination,idlefancy
78443,Loss of will makes girl lose head with Jack,abulia
103205,"Immature tone, no use orchestrating",neotenous
61123,Standard wielder of blue pencil?,banner
101133,"Chirpy bloke at sea, not grand, but overstated",hyperbolic
35843,Part of one's goal at university? Correct!,upright
24246,"Bothersome child, source of trouble and wrongdoing",terror
47494,Counters Cameron's trick,scam
4832,"Relative, once topped, that is buried",niece
78984,Values a means of revenue,rates
17589,"Strong, short stick has snapped",robust
10180,Find FIFA banning all females in Asian country,india
118037,Trainer has nothing in reserve - energy's lacking,coach
7696,"This girl's in love, as it happens",olive
33506,Mary Allis - silly flower girl!,amaryllis
131035,Line to gather unravels quite slowly,larghetto
132148,Guards keep sand out,kneepads
54864,It is found in every river,allure
24777,"Chafing when an undergarment is back to front, being worn",abrasion
136349,Indian product of French-Italian agreement,desi
60180,My turn with pair of shoes!,gosh
43492,Come to understand how to wallpaper?,getthehangofit
38837,Distinctive character makes some get hostile,ethos
135617,Recording to cover item put on by gents after game,shootingjacket
10843,North or south turns to take east and run off together,elope
123835,Inflammation primarily found in maternal breasts,mastitis
78960,Watchful man died first,observant
65362,"Way back, flying coppers in with security equipment",drawingpin
31255,These growths have their points,cacti
124368,Comprehensive horoscope for well-known performers in the show?,allstarcast
85314,Go to fix theatre broadcast,repair
50446,"Inundated and embarrassed following speech, primarily; he brought Thatcher down",showered
24359,Incas ate production of ranch,estancia
64663,"Without love, tramp and wealthy man don't do this",hobnob
57386,"Store of ready money, we hear",cache
89436,One throwing a pot,pitcher
42827,"TV entertainment, therefore, a time to include contemporary sound",soapopera
30863,King gets solitary confinement for hoisting sign up,enrol
123987,At St Paul's ultimate activist is unravelling government figures,vitalstatistics
112608,Once again wraps cake baked with grapes,repackages
109318,Madness holding church function in the country,macedonia
19394,Strong current that's not been invented,factual
107129,Determined man with lines twisted,hellbent
127859,Charlie gets poorer daily,cleaner
128454,Coats I see being altered? China uses them to keep warm,teacosies
120676,Person privy to celebration,party
26588,Everyone coming? Help worker guard secretary bird,home
29975,It may give direction to a sailor,star
138969,A chef explains cooking,halfasixpence
115916,"Diagram showing the average to take to the left, gaining height",bargraph
19518,Father tries moving piano first,priest
56110,Nicked wrap that's new,stolen
8118,Heads out to lunch,nuts
17170,Composer for the single harmonica,lehar
133826,Gold pot in fashion in poem,toautumn
59088,"Screen caller, picking out just what's needed",visor
142209,Delicate six-footer in league champion side,lacewing
57860,Run with Brummie's stalked cluster of flowers,raceme
59614,Something Blue gets an occasional Epsom run,porn
7665,Roman bridge (of the kite?) takes motorway left by way of the north,milvian
45613,Great fun for sadists?,scream
99357,Printed sign of hazard with broken seat,asterisk
96406,"Mafioso, perhaps - one from Italian city entering US state",criminal
101568,"Suggesting fetter, smile!",saycheese
121006,Container of tea drunk by kangaroo on its way?,journey
61428,Entire term wasted in seclusion,retirement
17968,Way forward for careerist in public transport?,fastlane
45391,Set out to be first personalised cook,steam
125811,"Dull Second and Third from Prokofiev, ending in Vaughan Williams' mortified cry?",matron
1848,Provision of guns etc outside current law,ordinance
124112,Brings back games and increases keenness,strops
50836,Drills type of junction box,teachest
125939,They may go spare in your Chinese meal,ribs
17546,Reptile smart as a peacock?,boasting
115522,"Censure Damian, vile type",animadversion
60778,I take directions to the hostelry,inn
93336,Police raids in a remote part of Italy,sardinia
138953,"Vacuous, happy folk in Maidenhead",hymen
72707,"Person exploring below porthole, moving right",potholer
83527,A county in Virginia,mayo
100187,Reprobate Wooster briefly in bosom of family,libertine
55235,In time soldier gives consent,agree
131478,Party of women succeeded replacing husband for a week,sennight
28017,Offensive rumour about a retired doctor,noisome
69601,"Low tide, but it's not very important",adropintheocean
102779,Fresh approach covering the ultimate in cookery books,apocrypha
48936,"Are including a bull at both ends, fit for ploughing",arable
141086,Ludicrous? I could be re-interpreted as this,ridiculous
105010,Sun of York who further dated revolution,edwardthefourth
69920,A low place to live brings humiliation,abasement
74679,Poet remains gay,bardash
79528,Good horse beef,groan
88120,"Wordsmith responsible for ""Nothing over sixpence""?",ovid
33093,Paper turning to the Left after split,sunder
44272,Agent's message might call quietly for Fonteyn's comeback,cryptogram
119995,"Decorum - for devoutness, rector must be involved",propriety
26463,He will be called to account,auditor
138276,Radical Winehouse left,amyl
51989,Shape of doom in the Atlantic for ships and aircraft?,bermudatriangle
31469,Nightmare at home with youngster going to America,incubus
94621,"Article owing to editor, it might be argued",debated
58365,"Fighting man takes second right, holding magazine",soldier
25375,Isolate a tree sap comes from,separate
128530,Cuts China off in seconds,mohicans
16579,Chance for tennis player to change pink boater,breakpoint
56766,"Terminated, so two cleared off",drewtoaclose
10443,"Cabaret actress - literally, little girl in short dress",minnelli
137692,Snap mother cleverly with this?,smartphone
83897,"Failing in crucial test initially, lacking judgement",uncritical
43320,Drink with Greek character new in seminar,teachin
89650,Setter with backbone in carriers that don't go far,homebirds
122712,Diane's short on Cheddar? Bring it up,disgorge
4087,Help us to get round OK,soso
98174,Go up with no thought for the consequences - German measels,roserash
66164,Being a student in university city,reading
33474,Nameless type in A&E scrape,abrade
84951,Name of poet showing sign of sorrow for one in transgressions,stearns
20430,"Note writer, one will take risks",gambler
11698,Put foot down hard with energy and mad rush,stampede
118139,"US president warning about ailing markets, initially",fillmore
106645,"I'm backed by the party, and - only one brother can win",miliband
14209,A female replaces article in platform at old monument,stonehenge
63062,Little fellow - in EastEnders he sounded big,mighty
124463,"Erudite professors or their proteges, perhaps",scholars
25587,Violinist’s first quartet offers list of options,menu
80933,Instrument costing a lot of money,grand
140330,Italian banker to sulk and exit briefly,popout
6708,Lump hard to get out of fabric,clot
12238,Bullish fashion statement?,nosering
9430,Supplier of car to Queen,mercer
59381,I have to follow law in force,active
101955,"Animal skin, a means of retreat",hideaway
39590,She had to set in order the impetuous ones,hotheads
31962,"Head of school, goody-goody young man",sprig
39864,Dirty colour,blue
54608,Find out the CD's finished...,discover
77881,State without a pit,maine
97182,Me always sick? There's a surprise,wellinever
38166,A man's drink,draught
61707,Exploiter of others given shelter by church,leech
138344,Climber from Stanmore going down the tube,monstera
111409,A last drink for the head on retirement,nightcap
22509,Smart singer,sting
3821,"Sail out to support daughter, one in African capital",djibouti
61419,Respite for swimmer boxing soldier,breather
14165,Renew the case for old reversion of property,escheat
79495,Can't be taken in? There's no answer to that!,insoluble
80164,Moved to be insincere,affected
30722,A coalition party's current excuse for failure,alibi
50858,Less familiar route followed by park official,stranger
59738,Level binder,tier
138320,"Quick butcher's got you turned around, say, and cut open",eyeglance
123804,Solid block of cars,cylinder
9517,Par hole by playing for curve,hyperbola
54487,Cut little city very hard,severely
56082,Stands in for Jethro straight away,rostra
15340,Row about slip up in the inventory,terrier
54167,Entrance by party or style,doorway
92533,The way an attorney's team give way,standaside
53188,Serviceman agrees about not losing heart,sergeant
88878,Window as in Bond,casement
51449,Clubs competing over three miles,league
53043,Inept in reply to a roving ambassador,plenipotentiary
39964,Account king gives to historian,chronicler
91361,Public utility taking line from Scott books,waterworks
14657,American city that has French artist but no Irish,reno
135076,"""Cancel order"", said Greek character entering the Netherlands",disannul
141108,'Ohio Dylan' playing 'Tripping'?,onholiday
123695,"Rogue ""repaired"" air con, trapping oxygen; there's little change ahead",picaroon
71032,Welcome Zambia into capital root system,rhizome
92092,Hanging around in amateur activity creates confusion,disarray
89404,Scheme for PLA,detailedplan
14423,South African leader has no end of blue material,smut
103842,No lisp by upper class turns into a Greek letter,upsilon
134015,Worry about extremely exploitative figure in capitalist system,freemarket
12424,Eager to get some boned geese,onedge
129673,Host served up rubbish,tosh
136195,Advance notice making East trade with West,warning
111324,Prospect following land clearance,opensea
9105,"Score from ""Concerto for Piano"" (Tchaikovsky)",notch
77204,Help to raise issue?,oopsadaisy
139920,"Victoria, say, welcoming almost everyone with posh greeting",salutation
31637,Greek mountain bones,ossa
81898,"Sit on the fence with dispute between neighbours, perhaps",hedgerow
91533,"Not concise from the outset - War and Peace, perhaps, a good example",epitome
66378,Men in game who are easily manipulated,pawns
53058,Recorder may accept this complicated test case,cassette
119174,"Philosopher from Yale, perhaps, foremost in empiricism",locke
32384,Dealer caught by animal trainer,chandler
52358,"A contralto not keeping time, perhaps, in gummy passage?",rootcanal
7518,Piano music - a duet,pair
97461,Depression with pounds lost in financially challenging time,sump
33873,"Cardigan, say, almost stripped off",earl
72508,Novice nurse employed by the infantry,tenderfoot
113523,Organise crusade for an old vehicle,usedcar
122101,Pipe of pipes,chanter
123519,"Dependent on charity, it makes Moseley yearn to be free",eleemosynary
85653,Does it soil the cloth?,glebe
99514,Non-conformist's turn to point to return of the same animal,unorthodox
1824,Craftsman's prejudiced when penniless,artisan
58902,"With head back, beast has knocked out daughter - it's in danger from a bull!",bonechina
99474,Killer's mistake is to interrupt races,terrorist
94930,Publicist wants sales-people brought up to succeed,prosper
52363,A nation's rousing piece of music,sonatina
51148,Origin of this wild flower? Harris?,tweed
130799,State answer: awkwardly ask hosts,kansas
17115,Proposition from Mike after love-filled word of comfort,theorem
2255,Understood devil comes to a lawful end,implicit
39160,Mean to do home nursing?,intend
114885,"Latest milk tooth, perhaps, was in front",newfangled
131510,"Queen wearing bra, I suspect, among endless goods one's handled in a shop",carrierbag
41149,Gormless mountain dog,cairn
32290,Sweet delight in steamy bath?,turkish
120552,"Novel writer Verne dismissing western as ""profane""",irreverent
96941,Cheerful end to negotiation after manoeuvring - an impossible treat?,freelunch
101430,Funeral directors show definite promise,firmundertaking
83358,Prayer for gold is working!,orison
63407,Performance object one included in jazzy intro,rendition
93658,Old couple who wrote amusingly,twain
23392,Security for sovereign overdue when in the pink,collateral
70673,Novelist and daughter joining the riff-raff,drabble
28416,"Picture frayed and old, showing a butterfly, for example",imago
90952,Centre Point's fine old state,focal
21156,Call to stop lying in new hoax,whoa
36789,"On the surface, some accommodation is empty",afloat
91928,Boats run in a smart fashion,trimarans
132058,Third failing to be accepted by Brown here for annual award?,birthdaypresent
58586,Bird won't finish - end of journey,terminus
57953,Swapped old coins and old coins,exchanged
90783,"Grill US bread, admitting I'm not sure it's bread",pumpernickel
138467,"Dead ends from copper, drug affair regressing",culsdesac
12942,Smooth French author gets certificate,sandpaper
15595,Container for spread,greenbelt
88851,Hinder bill backing French king,posterior
4535,Ill defined? Ill-defined a non-starter,ague
21684,Quiet piece of cloth in tartan,placid
60785,"Tried if car crash results in a death, relatively speaking",fratricide
47528,Pool ideas of weather-beaten undergarment?,brainstorm
14845,Some politicians were definitely refuted,answered
60042,Way of taking insulin - not in beer - for the more mature lady,bluerinse
46742,"Cream, mostly, and fan thereof, turning touchy",tactile
110603,Being dressed as a priest should pay dividends,investment
81916,Musicians defining council tax?,band
89174,Wing contains copper? Not a word! It's useful to embroiderers,pincushion
136367,"One who makes dim, daft subtractions",obscurantist
98546,Drive softly into tree in front of sovereign,willpower
123970,Perhaps contacts the French about nuclear antagonists,lenses
56015,Joiner caught in rain in play area,sandpit
19520,"Holy man supporting Pope Romanus's cardinals, that is",priest
111544,Former men's tennis champion could be feminine?,ashe
73228,Welsh ducks to boost market,sell
32449,Polite chap goes to fish,genteel
138919,Capital briefly storing pretty vacant old documents,papyri
116962,"About treating one with dental caries, as provided by nursing home",residentialcare
141133,"Pirate out of place in part of ship, be honest",keepitreal
32275,Nurse's profession drops a point,carer
88525,Study in lodgings and say it's practical,breadandbutter
71542,"Mourn for George, King-Emperor, the night before",grieve
93649,"Like vegetable or fruit, not quite raw",peagreen
105184,"Breathe out, at evidence one has yet to expire?",heartbeat
56214,Lower Guardian's charges after declining,downwards
30115,"At six, boy rises to get some plonk",vinos
107424,Holyrood debtor once fiddling with Lady Barbie,abbeylaird
126288,Outer door for pupil with gall,oakapple
14149,"Pay attention, or bend over",list
137773,Nuts to break up over European Community,pecans
131980,Supplies crew garlanding sea dog with noxious plants,mandrakes
11472,England footballer may go round with pride,lioness
18352,Generally where the seas are high,inthemain
90049,What a surprise! Half of that is fiction,myth
70419,Grim judge impounds laptop,bleak
132657,A Loire variation on a flowering shrub,olearia
83478,Food additive in a box ruined meat,aspartame
119778,Ancient Greek conflict involving sausages?,battleofsalamis
67919,Very bad mimicry about to become tedious,appalling
122494,Do begin with change in condition - but breast is better,feedingbottle
107497,Nuts in a restaurant?,outtolunch
91744,Dead small and born a fool,dweeb
14246,Show of indifference to quiet floor covering,shrug
46455,Work history includes working with one before court and one inside,convict
41055,Relatives given weapon with access code,password
127679,Dances in show done up the pole,hoedowns
92736,Question about stray barge,wherry
89802,Notorious gangster stole one,scarface
108579,Is hesitant when perplexed? Quite the contrary,antithesis
89150,Talking aimlessly about one-yen-to-the-pound scam,moneylaundering
31656,Run to make the five ten,double
122926,Happen to finish in the first three,takeplace
57654,Ragged beard on a Scotsman - this one?,aberdonian
42750,Elvis's joint position of authority,kingship
126536,"Composing a nice tune, say?",enunciate
110668,"Avant garde type from south-east county, mostly associated with top people",surrealist
35907,Splendid meal abandoned by prince,super
107717,Blows up princess's guards,distends
92385,"(b) dry, just about - start of day",secondly
125985,Fawns walk in confined area,crawlspace
17065,Time in reverse is hard to deal with,epoch
53338,Taxing time when Ford loses leadership at fifty,april
103219,Perhaps star in parliament holds a presentation,bestowal
25195,"Punishment for a murderer, say",cane
95235,Here is some advert I got for dizziness,vertigo
63619,Au fait with top Newcastle United form?,tunedin
99933,Carry on praying aloud for this arty type?,culturevulture
74028,Born with kneecap missing,nee
86139,"Old boy in house, or one sleeping rough?",hobo
89253,"Change reversed, having shaved my dog",fido
57456,"Pleasing to man, new town",leamingtonspa
50017,Blue (Conservative) characters bid as little as possible,oneclub
95907,"To get a drink change a quid, one the Revenue returned",daiquiri
131051,Popular edition getting everything topsy-turvy,inversion
72985,"Jazz legend's hit with ""Apple Girl""",grappelli
138178,Corresponding with one of the family,relative
25311,"Fudge-coated voices, premier of choirs is sweet",butterscotch
84906,Don't forget about raise!,recollect
62390,I get away with directions to skip,escaper
117470,"Composer starts losing tempo, say, gutted",debussy
38040,Holy place where painters go for 'oney?,ives
84237,Forgot the lines in production,driedup
72550,"Have to, when defining frenzy in elephants",must
103636,Row of architectural features getting characteristic reaction,domestic
16286,"Man possibly lives, if removed from life",isle
135331,Difficult taking wrench into work,prickly
46309,Model to come out displaying fabric,tissue
56236,On Wren moved to find fame,renown
96191,Old mathematician's story on witchcraft not beginning to be written up,fibonacci
119747,"With some enthusiasm, front and back to glue in antique",eagerly
85385,"Server missing one with pool, playing game",waterpolo
11343,"Man, one police trace finally - wanted for killing",regicide
70629,Peru deals in Scotch - is made to pay for it,penalised
120771,What the smart admirer presses,suit
38212,Music paper accompanying magazine,ragtime
129326,Alarming disclosure of beauty,bombshell
82779,One's home in the Kent area's good for gardening,spade
134163,Left back to dwell on the ball? It's up in the air,tropopause
90705,FA cross with U-turn that's a gas,xenon
142197,Almost stop ruler after game?,stalking
49994,Tablet halved: centre is deadly,lethal
62788,Wept for one held in popular respect,cried
14784,"It's here or there, perhaps",three
106658,Two hundred and one in protest bound by the dozen,duodecimo
90412,Grief soundly finished by lunch?,mourning
125975,Dope grasps reading mother tongue,german
121279,Golden match during interval,fiftieth
29363,Pa wants nose doubly reshaped? Time for much criticism,openseason
20534,Mother strangely sweet on famous film-star,maewest
12160,"Water god, leading American writer",thoreau
2437,Fight blows up,spar
141139,Playwright once releasing book to be grabbed by males ready for casting?,molten
54550,"Following hostilities, struggle after job",postwar
2425,Used for cleaning toilet with regular application of Flash,loofah
76633,Turn down improper proposal,pass
51437,Fruit punch included black stuff,graphite
19655,Reconstructed source of Aztec or Inca instrument,ocarina
116472,Mistresses take action to hold back desire,stepneys
94918,Chamberlain remains in place of Europe in America,nashville
6208,"In effect, I turn out to be capable",efficient
92004,Keep cutting image that's artificial,plastic
25731,"With no scruples, nose goes over line",amoral
103972,Playwright hit on the head has hard heart,behan
105281,Capable of two thirds output? That's dodgy,upto
133855,Small firm supports unoriginal types,copiers
11206,"Near Eastern front, money held by Southern general",levantine
93744,Place of refreshment for Great Dane off the leash,teagarden
97312,"Vacillate, as do sirocco and mistral",blowhotandcold
103011,Walker might precede it with impertinence in Tube,artgallery
45531,Set aside public place for ashes,overturn
85493,Diplomat having bad year without girl,emissary
90542,Spooner's fodder put through the mill for dog,greyhound
99431,Sphinx to cough up test that's hard,hawkmoth
12060,Dedicated a Sterne novel,earnest
66242,Some tie and diehard,oldschool
138947,"Fit to consume wine, Teddy gets lots of encouragement",wellsupported
36889,Almost everyone preparing to fight - that's scary,alarming
10228,Ink pattern close to Peppermint Patty's outline missing circles,tattoo
88761,G?,midnight
104568,Grass skirts twirling girl prepared,readied
83313,"""Shut up"", as voiced in Afghanistan",pushtu
100603,"Turned up in badly made trousers, Earl?",retrousse
53067,Old outfit in Genesis,origin
10504,Buzzword for one thing that bosses and workers all are,human
64822,Dutch uncle so inclined to offer it,counsel
24683,Steward takes lithium to relax,relieve
135855,"Garment cherished, exactly fitting I see",petticoat
5300,Undesirable development with us needing to leave the queue,breadline
61249,Rising star of the county,avon
47256,How to walk the first slope?,tramp
110067,Grandma is held for a month in Israel,nisan
112590,Mere list one's pocketed,pooltable
96300,Crazy family that could lead to one's downfall,bananaskin
87484,Might the military patrol this area in crotchless pants?,noflyzone
58834,"Actor writing article on Spain, perhaps",thespian
19152,Insult by leaving a tip,offend
75092,Voices to measure up on Sunday,emits
128889,"Much improved, so enjoying greater popularity",morelikeit
24327,Robin Hood's favourite sweets?,tuck
130455,Pay almost anything to enter competition,coughup
35246,Number's up - Roger's gripped with apprehension,nerves
92411,Clump of trees pruned by police,cops
38656,A new party shed clothes charity,handout
33041,Pack short underwear that's wild,rampant
3656,Fruit shortage crab turns nasty about,blackcurrants
10668,"Landlord in London, perhaps, found after a full",capitalletter
76317,Nouns are irregular? Nonsense!,unreason
132437,Place that could support life peer - chose differently,ecosphere
56826,Leader for clique giving private audience,headset
99136,High-flyer starts a fight in frolic,larkabout
39905,Like holding flash book,amos
120447,Steady current's drawn tide away,tradewind
2999,Operating properly as a monk,inorder
141935,"In general, possibly it might absorb kids in lockdown",elearning
87998,Idiot - to get tight and then dance,screwball
45744,Musician having time off with head of enclosed order,organise
117412,Eventual return of online expert in good health,netprofit
97794,Dangerous place for women alone?,nomansland
100640,"Cricket side, given nothing but boundaries, searching for contact lenses?",onallfours
4541,Fever is universal in advancing years,ague
41980,Kingsley & Son put together wrongly,amiss
62819,"Dull news, including nothing on Alcatraz, say",dungeon
136858,Fish in passage you and I must catch,walleye
111820,Sound of fire in centre of nuclear storage facility admitted,crackle
141535,Do exceptionally well in cutting a Victorian adventure novel,shine
85855,A pack animal?,wolf
139689,Gave notice about guard coming up short,awarded
76984,"A guitar in care of a singer, formerly",castrato
53671,Cops - insert rank,inspectors
72830,Provide for support with grub,caterpillar
112275,"Poet who died at Florence - from England, originally",landor
13922,Cheerless accommodation booked by Dickens,bleakhouse
131792,Isn't a fashion having ringmaster in Dolce & Gabbana?,italians
19974,Encourages nits in the kitchen?,eggslice
9434,One who has to hum and haw?,haver
128882,Badgering military alliance to upgrade base,onat
134912,"Pocket for everyone in Eastbourne, say, in retirement",trouser
83009,"Vessel taking lettuce, they say, to and from Kos?",mailboat
73327,Capital account? The accountant's about right,accra
7770,"Use more force, we 'ear, or it'll get cooled",ardour
130839,Got your own back?,redeemed
22249,Promised to be busy,engaged
95804,Dispense with lifted script in tests,exams
67492,"Slob in bar, knocking it back?",boozeup
4212,A small piece of land has a tenant,islet
115383,In this one is right behind someone with a private hobby,closepursuit
9436,"A chemist, perhaps, could start following arrangement",schematic
18550,It gives no grounds for certain fees being changed,coffeestrainer
80828,French government with a Liberal left in charge,gallic
118600,United cell is ready for insertion into broken toe,isogamete
81875,Footballer's gesture to one playing badly,beckham
72137,A gong is an establishment expression of respect,obeisance
92746,Hurried up with the cross somewhere in church?,narthex
88917,Ribald character last seen cavorting with a trio of females,falstaff
115679,County female finished on top,donegal
99350,Delightful fruit tree almost in bloom,sweetpea
120830,Yard chase forged money,readycash
140858,"Regarding Harcourt and Sheeran, say, as clarinet and saxophone?",reeded
96456,Purchase holdall,grip
74344,Criminal tie with sins relating to any of five popes,sistine
30097,City given half the capital for material,nylon
53528,Get together and tuck in,gather
8725,Tory leader's fury fades after misfortunes,tragedies
4524,Cavalry getting thin time on recall,troop
24842,"Grow a number in running water, then cut",develop
51709,Assorted old sea birds,divers
70118,Inferior ground,base
20825,Contradict unknown understudy?,deny
3494,Germany's European record is extreme,deep
102923,Income Boswell derived from dried apricots,mebos
89027,Palace beaten in a foul fixture,fontainebleau
83293,How prices are displayed by pub laws,barcode
43803,Dealing with dire warnings about Spain,answering
44352,Approved by the head,nodded
85298,Curse God when badly afflicted,scourged
2688,What sounds like region down below barrier,groyne
77455,Bread given by mine host voluntarily,pitta
65438,Endearing syrup?,grenadine
14353,Greek character comes up in time to get the joke,humour
91778,Champ artist,munch
98819,Sovereign wearing Catherine's skirt,kilt
32379,Rides here just run on shore,fairground
83628,Any item used as a source of pleasure,amenity
5929,Dubious tree doctor in faint,remote
27090,In between being sentimental and pretty,twee
61641,Mark returns to school,eton
74138,Some harbour dues with which Indians are conversant,urdu
49133,"Starts to corner in reverse, copper goes to second round junction",circus
22296,An eminent figure in the history of the postal service,hill
54218,Where sweethearts fell most violently at sea...,inlove
25418,"Rover, in search of pleasure, takes false silver back and forth",gadabout
83129,Dancing line seen in South America repeatedly,salsa
37032,Animal in a shopping centre turned round,llama
53898,One Bee Gee's heart of gold,auric
135721,Turned up to collar doctor,ambrose
80153,Expect number and letter on the phone?,foresee
140505,Caution entering covers of egregious texts,ebooks
45895,One of a group knocked down in an alley,ninepin
22389,"Those spotted behind bushes, office heads in women's clothing",bodice
56405,A champion paper,guardian
74324,Crossword clue with holes in it?,riddle
69974,Means of fighting an order in London,weapon
91028,Play with bad lad behind sauna,anidealhusband
101297,Old cars go here for service,ministry
129403,"State in introduction to match: ""team wearing green""",mexico
4772,Reveller half cut on drugs,user
106473,Dictator's rung for location of gulags,steppe
134580,Serious complaint in relation to left,grandmal
17971,Writer with lead part in sketch,pencil
4306,Remove covering as before,erase
133363,"Second liaison featuring, at last, one cheap thrill",ticklepink
122378,Prince Philip supporting soldier or old sailor,privateersman
73099,"Almost barking, dog's first to break cover",bandana
135032,"Deity above celebrated with poems, not half",sungod
123551,"Famous bell, swapping E for A and G first thing?",bigbang
74863,Her grace may be celebrated,duchess
52283,Time for cover up about a cock-up on the Embankment,thamesside
79379,Indian music on mule for urchin,ragamuffin
117916,Incidents where git punches crusty things behind back of cafe,episodes
102550,Actress initially motivated woman to get thin and wealthy,marlenedietrich
5823,Put up and soundly knock down,raise
116177,Admitted being deceived?,takenin
94915,Cooler manner shown by Secretary of State running into Queen,airconditioner
51840,Repeat rides around temporary dwellings,piedaaterre
45481,"What's offered with litre in hacienda, possibly?",enchilada
2371,Type of ring to give a friend?,opal
15156,"Perk up, dad - face life's later years!",appanage
121126,Scruffy dog follows student's charity procession,ragtag
38834,Spirit in the prophet Hosea,ethos
124974,Source of apple juice with high priority,asap
87416,Hum of large number engaged in trade,smell
134243,Monarch inviting all into the bedroom for sport,biking
46173,Basic principles that forecaster studies,elements
112188,Ring doctor's surgery for treatment,eyedrop
11610,Moor in Venetian chorus,anchor
1443,Tiny turned inlay that may have to be made up,leeway
93385,Drinks round the office for the followers,apostles
26816,Lack money to enter the Order of Rechabites ...,abstinence
8427,"Sign by restricted area, advice to those in rehab?",keepoffthegrass
60902,Red athlete can produce vegetable,scarletrunner
33598,King holds saint to be a lawbreaker,rustler
665,Idle girl going round giving choice to consumers,lazysusan
117332,Go back into tent with dairy product,yogurt
76965,Priest books writer,eliot
116997,Star ties knots for entertainers,artistes
28614,Observation post initially set in place on the other side,opposition
90089,Log that has been cut,record
34666,Herald supporting petition,proclaim
20371,Tense construction worker set off,trigger
107038,Take on inspiring role in puzzle,bemuse
15969,"The time when Lancelot, say, lost his head",night
35020,A cleaner fuel that draws well,charcoal
64890,The young director,schoolteacher
34065,A dilapidated lodge is ancient,ageold
10583,A jewel of which the opening may develop an itch ...,jacinth
55365,"Change to another option, showing intelligence in school",switch
80838,A builder in the yard,shipwright
9954,Fashionable second aerial?,modish
18789,"Duck died, strangled by old magistrate",dodge
30499,"Soft bread, when legal",tender
27367,"Good porridge rejected, if US version",grits
110202,Bear has something to go through backwards,pooh
90701,Bunk where youth has solitary confinement,boloney
96471,Stealing a church feature left out is risking failure,takingachance
105604,Express one's displeasure at the same error,booboo
139130,Boozer allowed yard plugs?,publicity
122476,Players act out of strange fascination,sinfonia
18182,Bad temper about catastrophe,doom
51082,Fish from the c-centre,chub
57641,Swift traveller,gulliver
43859,Set out incense back to front,range
122116,Hesitation before one crucified Italian,umbrian
12981,Aviator lacking a single chart,plot
43645,One up late for nearly the first time,nightbird
126631,English innocent has nothing on in the shade in Africa,nilegreen
85815,Somehow secures top wages,prosecutes
113207,"In revolutionary movement, discordant about Trotsky's end",gyrating
4822,Relation of resort in France over Spain,niece
46319,Front of tabloid magazine's web,tissue
43806,Left dog around one living in new country,settler
43231,Father's relative has his name in stone,agnate
30747,Cruise along the seafront,coast
87766,Marriage turns very cool in gardens,wedlock
57222,Initiating a breach,opening
96720,Soaks approaching Arab with a serious drink problem,dipsomania
3030,"Giant bird, one with green tail",titan
20972,Open country without milk,plain
47444,A private lubrication to rub in up the wrong way,poilu
49403,"King exposed, hence disorderly flight",rout
120961,Favours mates found on websites,espouses
8713,Support provided bysettler,trestle
5170,"A horse, say, or other cause of trouble",aggro
136676,"Touring Kuala Lumpur, going easy on bubbly",sparkling
12400,"Do better than worried tutors, including arts master",outsmart
102018,Cut fleece to make garment,trenchcoat
63441,Is woman allowed into bar?,cantina
45951,Drug ring detective follows with some hesitation,opium
28666,"Spider, say ? preserve one sort",saltigrade
27904,Portion of asparagus revolts pet,sugar
33707,Aversion to competitive sport?,racehatred
22637,The Guardian writers mostly set without expectation,suspense
95954,Containers of liquid hopefully sound,kettledrum
110735,"Thus Vince embraces one, being friendly",sociable
63016,Poetic section's specialised language adding nothing,canto
108470,Little fastener for unruly wig left down by tree,weepingwillow
7878,Comfort needed when you and me revoltingly grow old,assuage
105862,Scared to turn deaf ear,afeared
28644,A flyer cut short by drink,bitter
96673,Agreeable question,whynot
107415,Cox perhaps showing early disobedience?,eatingapple
724,One of the Windsors in difficulty,knot
22599,Part of flower that's right in wrong place,carpel
33294,Bad story related to shellfish,nautili
7225,Game without kids (in bed?) is engaging relations,spillikins
124366,Small bowlers for long-haul travellers?,spacemen
30170,Blue and not feeling well,offcolour
57100,Beyond the scope of a plumber,fathomless
9548,Spooner's activity of many prior to marriage,dalliance
31465,"Heartless Moslem returns, clutching youngster in erotic fantasy",incubus
44663,City where Oliver wanted this curry first,baltimore
71200,Mellor finally enters taxi - what a sour-tempered person!,crab
37071,"Orange, brown and green iodine compound",tangerine
47504,Distinctly not parts of Blue Peter?,blur
88429,Round number entry - retire for night?,globed
93545,Crab swallowing crushed gold does more than tap,clogdancer
24445,Letter of Swiss mountain hectares,alpha
109007,"Lecher afoot, ogling skirts, getting up to overstep the mark",gotoofar
53742,Clash with stoic could be academic,scholastic
65209,A defective concept after what happened later on?,eventide
101408,Round trip?,circulartour
65872,Games room,play
94643,Hit number,score
11816,Peculiar character of gold removed from the Lights,aura
40280,Leaders in Brighton and Hove Albion alarm shambolic Palace,alhambra
50427,I grope in jumble for a dressinggown,peignoir
47551,Hint about everybody round the formicary,anthill
15354,Horseman's qualification,rider
71228,Violent gale causing trouble to sailors up front,tornado
11620,An unfinished assignment as a mainstay,anchor
115268,Stores can provide the roots of trees,ancestors
90342,"Making noise, soak to absorb bread",sonant
130939,Cover for the flight may also include landing,staircarpet
106230,Money back due to substance in milk product,rennet
118001,Norma Jean almost got through African capital,monrovia
113842,Party with fury rejected an African,liberian
4657,Game for some drunken flirting?,tiddlywinks
42265,Admiral's strong grasp,nelson
51381,Palace establishment ordered to release various stats,blenheim
139239,Last piece of music recorded twice by a UN secretary-general?,outro
880,"Novel, article and story",recital
15343,Dog-soldier,terrier
96419,Insect let out another,beetle
50644,"Memorial film on canines, for example",plaque
47762,One would have the Sun going round the Earth,soil
100097,Players of music initially assembled?,deejays
99351,Step unsteadily over tiny adult plant,sweetpea
77181,Instrument in African music providing sustenance in Sicily,ravioli
92140,Spotlit woman with a lot behind her?,broadinthebeam
52568,"Almost stylish, certainly not in favour of wine",chianti
71238,City game to lift boycott,urban
128421,"On this day, man cooked",fried
67711,O! Can Eva use ingredients like oats?,ayenaceous
9649,Initially reduced a lot in adult? Very little,miniature
71808,Employ alien in the fall,retain
53128,"Will official survive in the end, after old court restructured?",executor
19456,A bird short of style,chic
87652,Paladin docked with his top half mashed in cooker,oliveoil
7975,Vegetable pot found in the dump,turnip
34231,No one with hair on end underwrites a claim,assertion
43847,Scrubbing grand country house Aga?,range
95851,Place everything and nothing with Blanchett,allocate
49846,"A comedown, but not a disappointing one",happylanding
24418,Law enforcers at Sunday school in control,possess
66773,Fish in dreamland?,kipper
30277,Inwardly shy baby with quirk,habit
63030,Stops white ants covering new area,terminates
5471,Case of senior overcome by auditorium,holdall
111795,Revolutionary support for a key performer,pianostool
52586,Music maker to emulate spider with web,spinnet
1974,"Pacify monkey, feeding it vegetables",appease
111461,"Authors? A US sequence includes him, possibly",roth
13540,He has a heavenly face,themaninthemoon
15943,Promises of party in show ring,manifesto
119510,"Working outside, not quite the millionaire but striving to be one?",gogetting
10696,Raise one gets in the army,hoist
78724,They work in Spanish and Latin production,thespians
23208,"Energy required, perhaps, to thaw this woman?",eunice
22174,Launch fitting with a different side indicator,propel
13195,One of one's kidneys is outside society,arsenal
107043,"Dies, frozen stiff",icecubes
116747,They shun conflict in barracks,cowards
105451,Greek ferry operator taking late arrivals,charon
78861,"In Africa, it has been killed by spear or gun, perhaps",gnu
12986,"Guide snubs one, so has he lost it?",plot
66774,One who's out as a result of smoking?,kipper
58421,I chewed over a bone,tibia
108492,Greek leader in evil warning,sign
27373,Devil in disguise - you start acting like God,divinely
134036,Roguish partner chasing roguish cars,rascally
77999,"Where Davy Crockett made his last stand, doctor-fashion",alamo
48165,"I career around, then collapse",ruin
66466,A higher lower?,sacredcow
98137,Notable people from whom one runs a mile?,luminaries
16431,Brief support,advocate
4250,Fire and unload,discharge
6691,Double blow from the micro-network,onetwo
36952,Money changing no sin? That's one way of looking at it,dimension
61668,Hopes to keep husband in forces,thrusts
14806,Loose gown cut short? Careless!,neglige
32118,Note allowed in law court,solicit
101152,"A little rash, yobbo gobbles string up to appear uninhibited",letitallhangout
79333,McCartney runs like a celebrity?,stellar
78962,Noticing alumnus's help,observant
89549,Dress up among struggles for basic facts,verities
135185,In the clutches of phantom I go doolally - I'm in shock!,omigod
32913,Bound to disappoint,dash
60395,Lingerie with flower on beneath,underwear
34049,How one may serve as subordinate member,underarm
36016,"At short notice, sent up information",data
67386,Laugher longing to interrupt brief laugh,hyena
124424,"Removes clothes, initially shedding torrid tears",strips
21738,European moves as October Revolution's beginning,serbocroat
135685,"Discard port, subject to legal constraints",bindover
58864,Academician is exposed in shock survey,appraisal
118086,"It all gets broadcast, including Queen's typo …",literal
24665,Spongy clue for boars?,absorbent
80529,Lurches uncertainly into the mess,shambles
95532,Drug found at university - put one's foot down,speedup
104774,They care for others,trustees
69646,Train maiden for kiss with this ruler,empress
74937,It currently makes western Scotland more temperate,gulfstream
33936,Transport for bicentenarian's dog,beagle
5216,"Popular deception almost taking in partners, one appearing genuine",intrinsic
120715,Pay a visit for game of cards with the family,lookin
45521,Roguish manner to make an entrance,archway
32582,His is a dispiriting occupation,exorciser
34014,Jolly fish entered rough water,tiderip
41062,"Tile on the slant bringing bird death, tragically",cockedhat
98350,Sailor and girl go together to doctor over rebellious child,absalom
1143,Shake head then split with disciple,adherent
95560,Writer involved in a recent riot shows remorse,repentance
18041,Service vehicle lifted onto end of jetty,navy
4154,Where mass is a measure?,inch
92261,Gave a positive sign in bad taste and slept,noddedoff
92941,Strong support,strapping
70763,Pioneers asparagus tips,spearheads
130002,Last bits of words not entirely difficult I master,ultimas
79129,Jaundiced view of English critic,icteric
90242,Alter course in yacht and sail east,jibe
141526,Partaking of booze killed wrestling champion,ozeki
437,Deer making animal noises with force,moose
132160,Penfriend suffered anguish to win female? That's ill-considered!,cobbledtogether
1452,Star pupil's marked surrounds,shiner
133489,"Oops, freshly out of potatoes newly dug",teat
10095,Directions for delivery of speech,address
3737,Dance that's literarily unexpected,twist
7690,There's nothing bad about an oil producer,olive
65844,Tasteful priest delivered clothing,sapid
24080,One over the eight? A near thing,tight
11568,"Welsh food, peculiar taste",rarebit
45764,Not as much activity in class?,lesson
7635,"Having got my ape movies muddled, I say I'm king of the river",mekong
59503,Dressed-up street traders have nobleman tucking into tarts,pearlies
65205,"Confession of theft, as has been said, applied to democracy",propertyowning
89983,"Naturalist puts end to middle, perhaps",maybe
117500,"Like brothers, getting on in gum tree",monastic
135942,Thus university finds little money,sou
9683,Genuine engineers follow later,sincere
98396,It's very expensive to get legal papers heard,ritz
62,Wealth in a Bath or Chelsea trip?,abundance
7315,To boot a balloon,aswell
3465,Clubs with restrictions for members,irons
138897,"First body, you might say, to tour northern French city",carcassonne
115931,Fools semi-wild or semi-nuts?,halfwits
23375,Soak putting away litre in confession from one down?,imbue
38965,Business concern,affair
20777,Partial problem in German dynasty,ming
77094,"Feed baby no more, having swallowed document",lactate
32188,Is among those left to fight,resist
62322,Get gold set in silver - that's scary,awing
100206,Put up security,shelter
141844,Rent securing quiet location for theatre work,hipreplacement
80606,Lover involved in standard affair,paramour
94360,Citizen of Crete and other island bans Catholic,minoan
45887,"Neither Orville nor Wilbur is wrong, we hear",wright
52174,What one may give a quid for - drink for enough people,quorum
61206,What one thinks of love taking wing?,opinion
3242,Disregard devastated region,ignore
75389,Greenhorn left in mountainous region,tyrol
142011,"Mostly, you and I grappled with problem protein, for one",biopolymer
98944,River artist on the carpet making a comeback,tamar
113133,Religious leader wedding Jack and Elizabeth,abbess
58924,"Arriving at airport, female leaves confinement",lyingin
87993,Falsehood and its source revealed willingly,lief
63602,The last charge to Jerusalem,zion
5789,There's no end of such things,eternal
8822,What's thin and red in the middle?,rare
20805,Hostel heads fighting over muddled ends,wardens
138401,Floods where Moses was found,inrushes
141444,Fresh source of water first for annual purification?,springclean
132173,Reason to fall out of boat one scuttled with sharp tool,abonetopick
21350,Prize tree that's on hand,palm
127084,"Things scheduled, apart from hospital, for famous doctor",watson
112866,These people overlooking river mouth have perceived a long runner,themousetrap
94955,Copper - idiot about to drive dangerously?,cutin
112827,A strong inclination to be somewhere near John Lennon,garston
58275,Factions claiming local gains,winnings
135691,What vamp wants to do for coach,pullman
115445,Birds move round one on seafront,budgies
116955,Just as cycle rider starts wobbling …,scarcely
32730,Two girls meet an optimist,pollyanna
84858,Silly boy is on heroin,childish
5348,"Take it, if you mean to stay dry",pledge
82084,"Conspicuous chap, possibly a flasher",signalman
22823,Hairstyle for a transformation?,afro
12690,Involve volunteers in line-up,entail
114546,"Forest vines could conceal wild animals, though not a large number",lianas
14634,"Whitstable resident making way into hall, topless",oyster
34672,"At the heart of remembered sleep, let's start to misappropriate",embezzle
34331,It's cold in the country - get a fur,chinchilla
141170,"Me, foolish? OK, with LP mistaken for a book",puckofpookshill
91963,Forgotten about defect that's returned and grown worse,degenerated
68824,Slow swimmer to take up position at opening of a hole,manatee
59250,Mark left when cars crash,scar
11145,Nodding to agent general inside,sleepy
113449,Drink in between partners,wine
66364,Clotho's from south Middlesex location?,spinner
119742,Key European sets limits on chosen representatives,delegates
14430,Black stuff that could be blue,smut
23288,Radiate support,beam
131308,Feeds pets right away,stokes
110605,Smokes and produces an angry reaction,incenses
77898,Scope for firm with a thousand to spend,compass
65654,Warning soldiers may not expect to get in the field!,bewareofthebull
32957,Get back from uncle and think again,redeem
77032,Hidden tile broken and shown on the front of the magazine,covertitle
118193,Bony half-cut artist in wine shops,bodegas
43914,Hardly a full-blooded complaint,anaemia
22237,Battle with no rage involved is fruitful,blenheimorange
14438,Chopped capers in pickle,scrape
98268,Shells expressing disappointment,shucks
1795,Girl is brought up in Italy,sienna
65009,Nothing new about her being shown out,ushered
98476,Entertainer making a big fuss with crew,songanddanceman
99188,Red hot tape turned out to be highly informative porn!,deepthroat
12345,Exaggerate about party,overdo
75712,"Wreck shoe, turn grey",sabotage
125477,It's sharp to read about taking Greek over Latin,razorblade
97649,Hunting for sexual pleasure,venery
58993,I won't be gone long? Ultimate in patience this to hang on?,noose
68828,Play by members on Indian islands with change of central article,armsandtheman
43862,"What storms do, circling northern mountains",range
70922,Wire to a friend abroad showing friendliness,amicable
138728,"Like groups on vacation, getting money by selling things off",assetstripping
93700,They work at sea and on the land,tillers
116692,Musical jazz singing star initially held back,cats
84479,Healey's unusual facial hair,eyelash
31102,Dare he produce stick?,adhere
133333,Unsympathetic treatment of husband after trousers split,shortshrift
138548,Idiot missing half of proclamation in parliament,twit
19559,Penetrate enemy defences in a major advance,breakthrough
123638,Rubbish about female cats,panthers
135498,Assistant comes up bearing clean copy version for reference,encyclopaedia
43994,Collected tales of Franco-English PM,decameron
30414,"Morse, for example, seen as an embodiment of the law?",code
40984,"One with claws caught her slip, perhaps",catcher
108023,Don't allow supporter to see player,banjoist
67226,One sort of letter said to indicate confession,avowal
137461,Fisherman's position on water's edge,standrew
22895,"Vicious hooker, member of the Eagles",talon
48663,Suspicious of conflict over youth leader,wary
33404,Arrange release from prison sentence when winter finishes,springtime
122869,"Temperature found in simian, one dead",atpeace
27923,"Quits competitions, being short of time",evens
5240,Portrayed as haggard?,drawn
105207,These may be given away by accountants to the rich and well-dressed,castoffs
79846,Nasty smell with vessel in kitchen going over - little encouragement to enjoy food!,bonappetit
37189,Fool in gamble for one particular dog,basset
7057,Criminal looted European city,toledo
120418,Whales etc could be first among liquid assets,seabeasts
126644,Short beauty given hotel work as porter,bellhop
116367,Russian writer tries Latin,gogol
32892,Invitation to approach makes them heroic,comehither
74257,"A Greek, in secret, is henpecked",hagridden
15196,European in work unit turned over explosive device,grenade
60696,"Encouraged - lost canoe, but still encouraged!",urged
17904,Piece left out in a dashed dotty business,morse
93442,Black host is bonkers,barmy
106863,"Lift energy with old copper, not nitrogen compound",oxide
118444,Dry piece of writing on Belgian capital's destiny,blot
140769,"Exchanging words, hope to achieve immortality?",bandying
121156,Quick! Hot spicy food going cold - out of bed!,hurryup
108012,Angriest exchange when argon was called this?,inertgas
101840,"Socialist left consumed by nonsense, that is",bolshie
2551,Listed what the last man at the top did?,heeled
78630,"Very hot, like the boy in title's opening letter?",piping
8397,Spring and Fall,trip
1641,"""Lights on the Headland"" - a painting by Constable?",landscape
86500,"Half-exposed, like Ilium's towers",topless
130537,Woman has kids in tune?,melisma
136970,"With a heave, that's covered pig's head and into the stove it goes",gaspipe
114853,"Church painter, one who follows trends",chartist
75034,Wrap leading edge (add less if turbulent),negligee
134798,Redecorate Gaelic bar with symbols for numbers,algebraic
6359,What makes a man hate the curse?,anathema
39891,"Just emission from drinker, perhaps, during recent setback",ethical
43680,Religion is embraced by them,theism
123069,"Hideous creature filmed, one out of Scream",shrek
47943,Lick cat after skin of terrier,trounce
67204,One twice got the bird,ibis
75649,Harbottle is thrown out of union,betrothal
1983,Code word for 'S' is rare in use,sierra
1709,Can fine involve money?,finance
49788,Nuts discovered when they are in evidence,nudists
113813,Natural heat's origin in one's cloud formation,unschooled
50916,English composer holding recipe that may be used in kitchen,strainer
51504,English capital in danger at a certain point,thereat
20562,Vacuously self-important ass in top-flight location,stairhead
43965,Guardian's singular responsibility for grant,award
131838,Rude wife assumed command going about,lewd
26016,"Guns, if raised, back original work",firearms
78410,"Takes advantage, gaining three points on centre court",uses
33210,"Settlement for Peterhouse, initially by the river",camp
112592,"Pot ball flukily here at last, having previously pocketed nothing?",pooltable
117722,Criminals' joint business in trouble when in this,receivership
1866,The Queen takes it to an assassin,hitman
19845,Hardly a counterfeit coin,real
90391,Ponders composer taking charge,deliberates
123132,Emergencies? Charlie does his best!,crises
47829,Cat seen round the church a great deal,ocelot
56455,Reduce the rent in a swindle?,stitchup
17541,Start off following artist over,extra
123843,Starting well? Start game without starter on the other side: cover with unobservable object,quickoffthemark
134377,Get to eat out with head of firm,fetch
56931,"Landlord, one that's found in bed",hosta
5899,Stop American heading for president to interrupt address,suspend
129212,"Sees sense maybe, within reason",witnesses
70616,Solve mystery about kingcup,clearup
136883,Event idly arranged - obviously,evidently
102890,Conservative peer noticed tool,chainsaw
34080,Hum to upset personal drink taster,mouth
130117,Doctor eluding detection initially treated himself,indulged
37021,Promptitude in installing audio equipment around bars,earliness
16078,Naval cutter in dock joined by young woman,cutlass
111446,"Armoured vehicle shortly suppresses revolutionary rising, without exception",toaman
104993,Met inquiry into a serious tax evasion fraud Detective Sergeant leads astray,satisfied
97674,Big edition ran spread,inordinate
78512,Southern Native American rock formation,scree
45861,"Not known in cafe, then put out penniless",bankrupt
45075,Dirty article taken away by broker,uncle
137137,"Importance of parasites coming back, in a manner of speaking",distinction
130426,"Neat acts up, dancing round back of shed, assembled from various places",cutandpaste
119874,He preselects as trained athletes,steeplechasers
56189,Imprison bloke for debt?,remand
115046,Girl of superior sort breaks into collection of civil defenders,homeguard
83198,Scrabble sloth (ai) exists to create social problem,halitosis
30877,One going to court and t-tailing off,litigant
68287,Arnold's poem at the worst part,matthew
117746,"What may be high, say, and unlucky",jinx
75016,Famous tipster hit the road,startout
117327,Growths worrying Kate and Rose,oaktrees
140839,"Thinner axes bend, we hear",xylene
85789,Meat not well done in French city,tournedos
77636,One may be surprised when they go up - must be hairy!,eyebrows
5595,A spirit favouring the young,ageist
50981,Girl I sign on as an astronomer,galileo
64097,An odd flower,arum
1721,Flipping small bag is for drink,cassis
47041,Sewer's cramp?,stitch
30014,Money for boat,punt
30076,Logical thinker bags century in the test,spotcheck
77051,Dish of wood,bowl
123572,"Split and went down, pierced by killer",divorced
12883,Speaker switching one and a half schedules,orator
93466,Forgetting name of out-of-date Asian cooking ingredient,asafoetida
41710,Goals or a near miss cited by poor loser,alsoran
122556,Gave up cat during split,renounced
83181,Mournful note - Greek playing flute,regretful
94624,Molest while in charge - it could carry a charge,cartouche
64434,Seats fixed by the river,settees
133015,Crude mural stretches across current plants,arumlilies
141745,Rearing bats with greater spleen?,angrier
78664,"Baroque bairns sculpted by plumber's mate, say?",putti
11854,Work with your hands saying what you should have,need
60549,Other than a lion - perhaps something less concrete,notional
41479,"Type of contract, not funny at start of play",notrump
15533,Might this be a deterrent for tease about to use tongue endlessly?,garlic
103708,Hazard hidden in garden,danger
133552,Will race upset singular athlete?,carllewis
29240,Member of crew in Spain gave permission,element
16274,I stole away to an isolated spot,isle
102119,Hornblower's first crew measure up?,height
87223,What helps with bruises? Fresh air can,arnica
56220,"Solicited English to go for deal, say",wood
72748,Muse involved with Art for ages,matures
94363,Pod in sea picked up; depth subject of investigation,seedcase
85370,"Umpire's call, distinctive, upset side too much in one aspect",overspecialised
112646,"Beast to the left, bird to the right",lemur
91543,Poisoner: one of ten on the way in the distance,mistletoe
107785,Trainee without bad habits,novice
64724,Canteen stew?,mess
1624,Unusually enamoured by one's appearance,demeanour
1637,An enticement to hold your child initially when travelling?,carrycot
23905,Look at cracking cryptic done like a Cyclops?,oneeyed
44309,Underbids me possibly to take a load off,disemburden
28622,Leg positioned in accordance with the rules on another field,onside
131521,"Fought with second copper, getting fine - then ran away",scuffled
116127,Perhaps nun's to change entertaining scripture,votary
126912,Desecrate tomb of nobleman,margrave
97419,Players collectively demolish extra food,sidedish
116628,Leer rudely at bosom - way of a place up north,chesterlestreet
141124,Only one to escape being stamped on?,solesurvivor
47087,Shed takes on mission as a favour,byrequest
63806,"Polish model, downright tense",perfect
36156,Huge portion of sauerbraten or moussaka,enormous
109224,Lie in mag is wrong in sending out the message,emailing
2173,Flavour of salt on cooked organ,tarragon
88599,Lines for article in carrier with first class directions for making sauce,hollandaise
11045,Inverse function error is mine,boobytrap
43059,Caught in time - setback in an area,acre
62283,River Plate's no place for beginner retrained as a proper pirate,privateer
99082,Deeds brought before a judge,actions
134766,Put up or cut up,quartered
18472,Frisky South African clique?,capering
30962,Imprisoned with torture - ultimate decency abandoned - well-known figure involved,pentagon
129132,Party held by cat is gatecrashed by fellow creature,redfox
121058,Female novelist has it in for Labour leader,gaitskell
105979,"""Follow My Leader"" enters the language",tamil
136222,"Having lesson in parts, messenger lacking English",barer
119579,"When displayed are golden, as rabbits are",longeared
56114,"In opposite directions, lacquered metalware taken",stolen
62698,Very cold? It depends,icicle
79515,Sausage and fried potato on hot plate? Eat heartily,chipolata
71989,Light Infantry in degrading defeat,demolition
5266,"Needing a place to go, fellow's withdrawn",aloof
60383,Well-rounded notes in an unbeatable score,fullmarks
55108,Neither partner has a girl,nora
66394,Joined the Guardian in reporting medicine,linctus
107546,Litter mounts up after English Proms,esplanades
112411,"Where one may put the chalk before break, at the right moment",oncue
107133,Suite from flat tenants gutted,planets
111295,Pester to the point girl retreats,harass
108430,Seared lamb chops daughter made for Ray?,laserbeam
19453,Companion I begin to cherish has style,chic
14267,"Make declaration, I say, before church",pronounce
75461,Article included in wages in the Philippines,panay
77161,Pro receives one more likely to have been supplied by Del Boy,hookier
66649,Art movement's block flooring that's raised inside,dadaism
7726,Official gets to stride around making introduction,preface
67032,Thousand absent in retreat - that's your lot,heritage
54119,Carroll had on record this laugh's etymological origins,chortle
45716,Commercial I appear in crops up now and then,sporadic
70764,The points of savage attacks,spearheads
101028,Fight for junk,scrap
90241,Opening extended - front and back opened wide,gaped
15617,That is nearly the date,ides
2873,Overwhelming service winner from such rank beginner's accepted,massacre
58808,Composer's enclosure,cage
25647,Bound to be performed by the ballet dancer,entrechat
55068,"Fine cow, the best",flower
10154,Dense fog - Central tube station first to get disrupted,obtuse
93351,Inscription I used between record and chart,epigraph
113975,Debase article on revolutionary writer,cheapen
44519,People in the wrong producing annoyance,torment
57495,First person supported by a conservation group is determined,adamant
30016,Bet the Euro's replaced it,punt
74558,Directed police offensive,rancid
105106,Grating lines interrupting endless woe,grille
132244,Obvious replacement for Ant's partner,transparent
71320,Spinner sets up this caught and bowled - old boy we brought in,cobweb
60830,"Whenever in extremity, nature fights back",anytime
87376,"Trace element, for example, brought up",tinge
118748,"Settled in Bath, I dine all over the place",inhabited
125506,Australian half-rewritten scripture,sutra
59477,Corruption riddled Victorian project,protrude
2296,The feast is almost oriental,easter
108937,Not steady as head of state,quaking
42037,Dance music as end of broadcast on radio,tango
2530,Alcoholic compound with lead altered alter ego,aldehyde
20383,Old hat worn on the way out taken by cab,hackneyed
54205,Writer's into ice cream,scoop
24033,Overlook the habit to swank?,brag
122646,Smoked fish in pub - it's cooler outside,finnan
61143,It protects two protuberances around front of pate,earplug
40032,"What a doctor has, catching current bug",aphid
52671,"Page back to front, which can be irritating",flea
137642,Being sexist in guest house,existing
83333,No lime squash found on a rig,oilmen
1182,Insect ineffective after head transplant,louse
22697,"High light, low point",moon
12684,Involve leave with restrictions,entail
28574,Rip parachute revealing well of emotion,teardrop
119113,Mental hospital got specialist doctor,pathologist
29982,Beginnin*,star
119518,He complains bitterly about film supplier,retailer
2144,Free to take off Albert!,unchain
132730,Moving any U film screening fine for parents and kids,nuclearfamily
52108,"As bottom delightful, bottom pinched",arsenic
113863,Good book for citizens,romans
11362,Time to come up before a court,area
18797,Scheme with Italian bigwig fencing diamonds,dodge
123046,Stop vote being held that's historically right,dexter
662,Old soldier who got the hump,camelcorps
104710,He takes risks when another takes cover,insurer
38590,Get tanned but still get a medal,bronze
91825,Changing role in era that's past,earlieron
13179,Found habit less developed,establish
79678,Fit to work like a horse,harness
31599,A fish jelly,agar
4519,Boy Scouts left holding nothing up,troop
132486,"Heading for Sydney, the plane's ready for you, sport!",snowboarding
109439,Performs burials by oneself to fit them in between other things,intersperse
51054,Like either part of eternity ring,endless
18108,Vigorous frolic in jerks to strict time,prompt
34806,Lemons and melons may come from here,lemnos
130185,"Ravaged by conflict, old craft breaks up",wartorn
8917,Mr Bean attending church contact group session,seance
80734,House tenancy rejected - or alternative …,hotel
59195,A bundle of surprising letters left on shelf,single
140208,Dump below?,bowelmovement
91245,Leading scorer gets more than one record,archives
74649,What UN Secretary-General does includes time to consider,meditate
21084,Unskilled group circulating changed locale,bluecollar
76302,Way for moving on boats,towpath
90547,Bolder men stripped off clothing,brassiere
7200,Repeat after some reflection,echo
136342,They may pass on what they know,examinees
123586,Behold Shakespearean heroine with retrograde moon,voila
139674,Charlie inclines to abdominal pain,cramps
95901,"Here in Ohio, crime reported twice (returning thanks, Boatman)",cincinnati
101962,"Kentish Man, I'm holding uranium element",selenium
45921,Recipe for love ? embracing journalist behind the altar,reredos
40207,Dodgy faction keeping us quiet,suspect
60497,"Ex-moll, almost faded away",oldflame
141048,Female? No!,ironman
113152,Toy with one part of course that's excellent,tophole
27593,Hold the fort,keep
48361,It needs pluck to play in triangular formation,balalaika
133853,Maybe acts as the ancient mariner?,castadrift
41629,She does not want you to see any more of her,slimmer
141662,So what's new? Court is to exercise discretion,showtact
7335,Can university upset one?,unit
69858,Carpet to decorate with feathers,dressdown
109749,Intended to underwrite duel odds in challenge,defiance
21250,Tumult raised at abattoir's closure,riot
105458,Cancellations certain to appear in The Times,erasures
13471,Plough into vile jail,bastille
84939,Acknowledge head of music in entrance,admit
128937,"LP I clued poorly, that's very clear",pellucid
111522,Where Friesians may be seen on Friday going out on a limb,dairyfarm
46410,Shocking starter inferior - so not this?,scrummy
11464,He must be involved with the media!,middleman
34192,What the doctor ordered after Tom became morbidly inflexible,catatonic
127373,La Costa resort by the sea,coastal
137522,"Agent responsible for rising? Yes, aged Conservative manning post",yeastcake
140043,Ring man once your lad arranges supply,sugarrayleonard
101851,Spanish gentleman takes taxi to go round in France,caballero
39086,Strange sprit to a natural sculptor,topiarist
78402,On-going course of action,proceeding
119973,Weapons old actor concealed in vessel,skeans
8279,Pushchair in road next to car,stroller
4498,Proper formality for Tory leader turned crazy,protocol
54728,Midas-like grip necessary to get rid of employee?,goldenhandshake
59390,English letter writer and French getting US decoration,epaulet
118249,"South American revolutionary? No, a university teacher",uruguayan
40417,Labour leader is not bothered about current issues,editions
68880,Film about alien in naval vessel that's out of action,watershipdown
8658,Yankee weapon or the European copy,derringer
26027,A cargo ship transported old boxes,sarcophagi
89828,Curmudgeon and non-believer proved attractive after fifty - that's beyond me!,meldrew
39186,Time for this clue starting off with gin sling?,evening
138091,"Radical replacing agnostic's in charge, having an official staff",sceptred
40026,A bit of plant sheltered a pest,aphid
134138,Port or claret?,bordeaux
125432,Infant feeding pot with a European coin,stotinka
101116,"Gang of backsliding yobs arrested, having broken this?",asbo
39762,"Mostly gas-fired, this Latin period",neolithic
103057,Empress who danced briefly until confined by parents,matilda
37753,Fan's short run to player,extractor
135212,Able to travel distance over bog and empty steppe,footloose
17327,Stars manage without motoring organisation,draco
27363,Wild fire damaged church,fierce
25535,Come down on fire,alight
56512,Cover wanting to abscond - why it's said to be a sin,envy
7379,Stop talking twice before work's close,shutupshop
31893,"Boy: ""Wonder about nickel, boron and gold?""",robin
98589,Mean lad should be shut up,closeted
64826,A time for high-handedness,twelve
110698,Gay or straight,mantoman
108290,The hand is used to sound out other's opinions,feeler
56541,Full-bodied drink,stout
93974,"French-American composer gripped by comeback of Chinese ""Ravel""",varese
136169,Lines blocked with empty Eurostar coaches,trainers
50452,Swear when attending the big match!,attest
56923,Former boat racer's topping yellow colour,oldblue
119149,"Descriptive of a kind of monster novelist: the Old Devil, for a start",greeneyed
36246,First love given drink in Iranian currency,original
68790,Not a subject to knock back in Somerset: a cider press,predicate
58267,Exchanges are down - isn't everything volatile,tradesin
9863,"Savings scheme - one that's good making profit, reportedly",isaiah
100655,Highway in a sea of stars,astral
15602,Banks are going bust - in a state,nebraska
7052,Yarn that's embroidered,crewel
29352,"Stylish and posh, favourite clothing brand",upmarket
119622,Say how one might surrender regularly,weekly
43133,Foundation of government on all sides,ground
4971,Dickens's character preparing to light up?,fagin
90323,Unaccompanied sailor has seafood,abalone
134984,Authorising omission of a king from old water sport,okaying
8479,An emperor's birds without superior,titus
61796,Large plant containing a small volume of sticky stuff,treacle
108480,Divisions used in local government or in branches,boroughs
92126,Use a footbridge in a breeze?,walkover
46551,"The meal's not the first provided by the ""Bull""",inner
44198,Source of milk giving us energy when drunk,guernsey
66595,Those in favour get preferment,promotion
3655,"Small bit of anatomy, such as Spooner's Manx cat has?",toenail
98842,"Artist, British actor and, finally, Francis Bacon",rashers
131613,English currency Scotsman holds in error - such mysteries,eleusinian
126716,Harder time getting old? How repugnant for the Queen,tougher
89533,Students keeping primate in a flap,lapel
15939,Reveal circle responsible for party programme,manifesto
128372,Intimidate Daisy?,cow
11979,Game for a dance at the depot,baseball
10572,Disturbing set-up of European republic?,eerie
13670,Disinclined to act in plainer terms,inert
117037,See bottomless pit in plot,behold
47749,"Loose skin punctured by bees, we hear?",flabby
24058,Music maker Scotsman's potty about,piano
9929,Let alumni get to grips with utterance,obstacle
30576,Intended taking one quarter out of capital,fiance
74603,Shed you once found in river,outhouse
128934,Extremely polished attempts written about in time,shiniest
99030,Protection for an American series of games,rubbers
81674,"Boxer of Animal Farm, with a turn for the right where one went on the parish",workhorse
37144,Narrows definition of second feature,strait
138777,Shades cover personnel facilities,thrones
70898,Channel Island lodges Scots abroad in Brooke's old place,sarawak
67112,Rescuers on the way to see rescue ship find one of first pair listed for saving?,aardvark
71390,When a Sikh has an honoured place among Hindus,nasik
83718,"Woman, see, wanting head removed!",salome
21977,Snake takes shelter when hibernating,asleep
96112,Pigment used by Nancy first,cyanin
111053,"Cambridge student, one not known as a strolling singer",cantabank
83660,"First of broken articles, might one be split?",banana
83630,Part of the joint where the spat took place?,anklebone
42562,Stout vessel Lotte scuttled tailing Auntie around river,beerbottle
95607,"If aid calls out, it's giving the wrong impression",falsidical
11232,"""Drugs kill"" bar",estop
75022,"Passed open book, skipping introduction",overtook
74303,Unique observation about the City,especial
71741,Take butterfly and name 'Bambi'?,commandeer
24420,Own crew on ship,possess
34919,Jacket worn for smoking?,reefer
55542,Envying endlessly randy rookie?,greenhorn
85764,Money comes in handy in China,delft
59626,"With speech, makes pots",urns
73232,Caught spoiling sweet,charming
106064,Served to perfection?,aced
23260,Shock caused by teachers' union's uprising,stun
119409,Dogs (not bitches) don't bark?,malemutes
42263,Hold Napoleon's foe,nelson
76718,Butler's AC/DC mentor,rabbi
130680,Change needed for Easter - put in new pews?,reseat
126003,"Puts chaps ashore, since they're no sailors",landsmen
90518,Plan(e)t,mercury
90771,"""Put that light out!"" Not these lowlifers!",glowworms
129856,Offensive breaks through peace line in village,shtetl
89113,"It's partly a republic, ie country without a king",ireland
13775,How do you do without a round body?,hull
113134,Religious leader with no need for a highwayman's horse,abbess
127038,"Jonathan Ross, say, talking of space where people start",womb
104967,"Way of riding is rejected, having finally destroyed knee joint",sidesaddle
48103,Non-worker directed in a quiz,absentee
131554,"One lies dead, in a way perfected",idealised
85556,Special symbol must be suitable with national award being set up,motif
9755,Don't take holiday,leave
54813,"Get drunk on ""Sunburst"" and throw",unsaddle
60728,Turn back on man while sleeping?,bend
127248,Owner of shop in Suffolk to be in place of films,debenham
23904,"Polyphemus was so like Porphyrion, Agrius or Tityus, they say?",oneeyed
81531,Scandinavian blade cut part of body,thorax
64032,Spot or mole?,spy
26202,A loose family member,auntie
1993,Model gets disheartened over artist's range,sierra
34871,"Tenant becoming ""tnant"" on bottom of missive",lessee
26792,Writer's book is out around second half of the month,ibsen
56089,Grades said to be attainable with no difficulty,ease
71440,Confusion and disorder regularly look gay in this study,zoology
110175,Half of July in Shetland isle? That's not fair,unjust
40823,Popular European city church getting down to the basics,inessence
96114,Style of top kiss in supporting role to Leonardo?,turtleneck
74552,Offensive directed by plain-clothes policemen,rancid
141545,Extra: a run made without referring to the score,byear
130563,Nonsense that's going to this setter's head?,myhat
56158,Drew attention to article pocketed by accused,indicated
18239,More attractive invitation - that is received by both sides,comelier
111150,Associate can report disruption,copartner
73496,One archbishop without a blessing,benison
81693,Heard of one learning to follow funny feeling,aural
85396,Piano I installed in disorderly club open to all,public
95874,Aware of new leading dress material,ninon
136001,Pinched vestment,stole
49856,Thwart revolutionary American artist and sovereign,snooker
21921,I'd look up to see a star,idol
101846,European city created stink detailing African nation's uprising,bologna
10374,Waller and hairdressing,hadrian
26040,A smallholder in the fruit trade,punnet
74480,Does he lead prayer for openers? Is Mohammed a Muslim?,imam
32468,Minister soft on crime,parson
14622,Noble way to enter a city,aristo
34569,Put an end to good spirits,scotch
7890,Old crowd rise in praise,extol
89414,Club porter,caddy
82257,"Take off, with all taken off",streak
124733,Salesperson carrying products with the potential for growth,seedsman
30079,"Winding up poker players, perhaps, in girls' establishment",finishingschool
33304,Robe a novice might wear to take part in jollification,beano
73344,Hole that's round when poking food,orifice
54581,"Like nurses at work, keep going!",onward
55860,Angel made unusual appearance for Mary,magdalene
111733,It's normally kept by the fireplace or sink,scuttle
97568,Revised version of a Communist battle,redaction
45664,Piece that is for someone new to the job,rookie
127480,"Shades of an ex-poet laureate, we hear",hues
124527,ENO FAQs peed us off at one of their productions?,queenofspades
115318,"It's not terribly clever to box, we've found",constitute
67846,"Chap comes up in new suit, gets big wave",tsunami
50698,Lark in flight takes wings to ascend,escapade
105837,Parking on line for a bit of fun,prank
36073,City that needs to be left secure,belfast
36824,Way to go on gentle walk,stroll
34123,"Having given up my pork, I organised Jewish festival",yomkippur
88667,"In terms of habits, not getting any less anti-Freudian?",shrinkresistant
127711,Puma might have a savoury taste,umami
10521,Old bishop at old city may show sanctity,odour
56930,Landlord given American plant,hosta
519,Air traffic control,elevator
49065,Consider possible saving in Euros,envisage
40886,English in unhappy French city in Italy,trieste
40210,"Sit back after opening of ""Absolutely Fabulous"" man",aesop
94683,Term applied to eastern food outfit backed by Ford name,tikka
106204,Forcefully expel from Southern part of church,spew
117047,Explorer's hut split,shackleton
69746,A bitter brew that might go to father's head,biretta
19547,"Green, straggly juniper must be lopped",unripe
59669,A game starts to get interesting attacking defence,apologia
68966,Nowadays upstart's delayed and flatter,adulate
120542,Match put to second curtain holder,tieback
4492,"Act, taking a central role, then quit",departed
3798,Give a view round the tree,opine
94383,Popular crowd laid up from fungus,inkcap
13401,Drug-taking artist's a colourful occupant of one's bed,dahlia
9502,Sound type wanted,sought
44302,An ear for music?,organ
31936,Prospect for gold in the country,panorama
12786,Carriage in ambush,trap
43821,Monstrous U-turn Alan has to execute,unnatural
59159,Happened to hear of an Asian nomad,occurred
5120,Cut back a radius in kind of circle,polar
18562,Two of these for a match?,elevens
896,Little known support first to go into service,recondite
50053,Catch a number of balls before he gets a run,overhear
97344,Take place - the Guardian's - without minimal space,occur
98284,Make harder to fathom,deepen
139739,Spilt cod onto shirt? This may straighten things out,orthodontics
141735,"Float worker managed to pick up a paper, Sun and Mail, initially",raftsman
49978,"After dancing in clogs, drinks up and all must go",closingdownsale
46723,Direct broadcast from the prairie,plainspoken
95266,"Whatever the cost, it could make a nice party",atanyprice
34943,Agricultural worker parking woman in outhouse,shepherd
89105,Notice truth's obstructed by opening of show trial,adversity
126654,Greek primate's eaten shellfish,gaper
27709,Statement of employment,profession
7389,Simple way of affluent living,easystreet
122339,"Figure I make, certainly disheartened, nothing to write about",ninetysix
25969,Top game can be the very devil,diabolo
10462,Old African butcher scraping trimmings from plate,amin
41870,Idiot has no wife to join,ally
77852,Medium substance disturbs poet's calm,ectoplasm
54533,Bringing forth the case for the Euro?,evocative
31940,Long time choosing to go out working,operating
89753,Wife has to leave reversible grass skirts in garbage,hogwash
44129,Strike for which the catering staff is responsible,buffet
16706,Create goodwill by being a close listener,endear
26148,Start off continent expedition,haste
39936,Chanced getting a hat trick of diamonds,diced
40044,Arena where one marched without honour,astrodome
33657,Choice over time of surgery,operation
4022,Save loot in the van's old instrument,sackbut
68610,Worked without finishing thin material,toile
6071,What one may say when being shot?,cheese
71059,Appearing upright before being taken to court,erect
68321,Ultimately wanting Tyneside's odd lot,destiny
37895,Lager knocked back at university in error,slipup
88314,Toy restaurant's covered in itself,trainset
114760,One of the top three celebs touring lake next to the sea,medallist
29724,Look briefly across stage for exit lines,elegy
31702,Mortality figures are a complete write-off,deadloss
71409,"One occupying island with name Odysseus, perhaps?",ionian
77370,Weapons loaded with bullets to begin with and they're blown up,armbands
131098,Spaniards here struggled to break scoreless draw,oviedo
88443,"Consider accommodating mother, smelly thing",pomander
71720,"Continuation, we learn, to be disrupted",renewal
22519,Sky decided on the last word at end of broadcast,firmament
40337,Relief from a long illness,alms
64584,Wee girl almost collapsed due to endless weariness,lassitude
79197,Iron in the mouth turning muddy,befog
121138,"This person given exceptional award, a Nobel prizewinner",medawar
100823,Love sent by email?,attachment
29417,Piece of meat lion chewed up,loin
50340,Intimidate daughter and uncle's wife,daunt
1463,The challenge of accommodating Aunt Letitia,gauntlet
89160,Siouxsie fan understood Beethoven's Fifth,goth
99607,"Man who sketched nothing, a dim-witted chap",bozo
40258,The ones with time to get stockings on?,those
18216,A brave line to adopt,indianfile
63110,Go through with exotic recipe,pierce
48602,Composer of large variation,elgar
140147,Rabid dog bite requiring treatment,bigoted
92171,Beat departed spirit,drum
18791,Avoid Kansas city,dodge
41110,Say to the Post Office what was said to the Guards as fast as before,atempo
47122,Crowd with arms waving,swarm
5324,Other transport used in Spain after rail disaster,airline
23029,To grip the device with the foot might be useful!,tightrope
79014,Neighbour to stroke cow is an eccentric accepting kiss,coxswain
129377,Wretch after wilder kind of transmission mechanism,idlerwheel
60387,One-sided support for literature,bookend
29636,Its ups and downs may be studied by the pilot,tidetable
32500,Inadequate tip?,lean
113799,Big beasts dropping a subject with rounds in it,mammoths
31287,Message from Gallagher: 'e's making a comeback!,email
18551,It could provide grounds for drinks to be served on the coach,coffeestrainer
1370,"Member in liquor, say",allege
50843,Hand out everyone books in church?,allot
56285,Study elevation in a suspension bridge,clifton
127496,Omit to join search for exercise equipment,skippingrope
52551,Shadowy Parisian hotel room may contain it,unlit
89822,Be serious about usury?,meanbusiness
88849,Miserable record playing into the small hours,disconsolate
112904,How surprised can one be changing right to left in jest?,pleasantly
82708,"Popular boy coming second to sibling, swore",insisted
75803,Class of lungfish in one's pond for a change,dipnoi
88343,"Injured Royal Marine in head, badly",harmed
98027,Structure for hanging that thanked us very much,scaffold
96096,Utterance from Buttercup College is not what you'd call rocket science,lowtech
14603,Expire in gold vale,adieu
14447,Possible euphemism for that is a serious crime,scrape
139562,Notice reporter half-cut before his boss retired,adjourned
54671,"The woman's in a tizzy, causing rupture",hernia
19145,Presentation of news about wine years,reportage
84002,"Bird, no chicken, entering award with the others",goldcrest
123006,They've got something worse to broadcast about capital in Nairobi,owners
136175,Decline to admit major sight problem,pinkeye
124281,Whig can get involved in conversation,chinwag
48569,Criminal homes in on illicit booze,moonshine
58842,Girl to finish in her underwear,brenda
133750,"As well as being surrounded by revolutionary guards, they are waiting for a conference!",graduands
40471,Collect for service,mass
80242,Fashion centre housing old and new fabric,cretonne
52373,Success not all fair,winsome
114940,Alcoholic measure to butter up composer,martinu
139179,Bear swims in channel for fish,seabream
75744,"Left to last, one following the lead of General Jackson",glenda
30386,Cordial poured over hot body support,chassis
66670,Drunken sot in chaste pose,posture
12331,Seat in third row that's painful,couch
35072,"Fabric that's fairly crass, but not entirely",lycra
9925,Attractive endgame - it's needing analysis,magnetised
141334,A rum old collection assembled bit by bit,modular
13324,Go out with Anorak Joey?,kangaroo
20988,Take on appropriate accommodation for party,adopt
122885,Forward march ending somewhere in Australia,perth
13205,Learns a remarkable stock of insults,arsenal
30948,Where hunters meet to bag a duck,smee
133641,Had mate coming up with ideas regularly for Spurs v Arsenal etc,derbies
68973,March to Belgium for discharge,demob
82718,"Crack car, it's said every boxer needs one",promoter
50431,"Eccentric suppresses cry of pain, but he's scared",coward
91430,Writers' blocks,notepads
75292,Practice established with time: it's in a way to telegraph pole,tradition
28045,Politician misled into taking mansion I had to leave?,mandelson
72288,Nice little job for student who can't start,earner
39094,Portrait that is on the outside of a magazine,image
136832,Singer from Blur accepting back payment,melodist
53400,A brave tribe revolting? Just so,rebarbative
116786,Contemplating truancy?,absentminded
103865,"Note proposal of love, for example",emotion
22663,Stapler ruined holy book,psalter
126304,Reinforce Regent Street's conclusion with NHS reforms,strengthen
107010,"When it's rough, choice of wine is unimportant",anyportinastorm
73093,"""They're ruined!"", said the King",wrecks
6506,One needing bananas hurried outside fast,ramadan
6378,Sam has to look out for Ali Baba's opening word in panto,sesame
80844,Trotsky came back for the festival,noel
67640,Qwerty characters?,typists
61165,Drug finally injected into bare elbow,nudge
115177,Biography of Tyler is revolutionary,lifestory
78151,Unfashionable run for sailors,seniorservice
141649,Blamed IRA for explosion? Excellent,admirable
43134,"Rounded figure to finish up publicity and hype, initially",endomorph
124139,Cell mates making this?,zygote
111419,Providing a home for a small charge,adopting
123848,He solicits cheers when guinea pig hides oven mitt at first,toastmaster
97893,A writer mostly associated with a group of stars,aquila
76223,"Retiring academic interrupted by Scholar-Gipsy, perhaps",nomad
108472,Prison clique causing trouble,stirring
71769,"Entertain a lot, say",fete
63333,She originally supplied your local public house,sylph
34661,Adores having doilies scattered on top of sideboard,idolises
94516,Note about a great success on the island,tahiti
112793,Last queen but one between posts,keeper
857,"I had isolated part of the UK, in a manner of speaking",idiom
13726,Stay to drink beer left in first-class,supporter
63981,Embellish trouble with the navy,adorn
127100,"Doctor saw one overhead, circling",oncologist
80113,Trotter for the most part raised showed signs of laceration,bled
46251,"Forces abroad, for example",displaces
137872,"Spooner's important pager, one working with constant buzz?",beekeeper
102578,Well-informed about scratchy ape developing insects,pupae
75719,Wise man protecting new boat from malicious damage,sabotage
32385,Writer's name is chromium plated,chandler
92357,Idolaters he meets somewhere in Greece,heathens
3000,"Working properly as a Jesuit, say",inorder
113242,Holes made in sponge,openings
86146,Up-beat game,golf
39262,English leader agreed foreign money is a blight,eyesore
66844,Bill is to raise and set sail for French port,calais
21054,Produce for stock,crop
102759,One crazy about fish?,tuna
79679,Bent PC helps to discover haul,schlepp
138836,"Person admitting deficiency, right person to knock on door",blackrod
38726,Nothing orange about this plant!,oregano
61614,National articles (including a series of letters),afghan
107604,Word of rejection from a very little lady in the family,avaunt
68241,Not a row of collaborators as fifth regular feature,column
83479,Establishment types putting Ken in Bloody Tower. 'e's not bothered!,oldboynetwork
123143,Admit with promise of endless jazz to captivate listener,swearin
86767,Academic accepting you once as leading figure in field,doyen
20832,"Maltreated and sick, then employed",illused
103383,Dumb animal turns; then I turn,taciturn
8913,"Brit in India, one smoothing over quarrel at last?",islander
964,In France a syllable is unforced,easy
61275,Tendency to corrupt,bent
39036,A state about to back up result,answer
121686,[What's needed by old man in small bog?,scrappaper
59953,Case of wine sent up to college head,canister
98635,"Posy makes horse noise, according to Spooner",nosegay
21560,Whatever America claims ...,states
8608,"Though unwilling, took sustenance during examination",intestate
42121,The end of the road for one who saw the light,damascus
43918,It's said tea garden borders a US lake,tahoe
14637,When man quits monastery abroad he's tight-lipped,oyster
43480,Fine beverage inducing drunken trance,nectar
119666,Prevent gains being split by nucleus of money launderers,detergents
77839,White? Rosé provided if not,otherwise
112726,Staff of office?,clerks
6757,The followers stand here when assembled,adherents
35766,"Twins, for example, reversed the car",gemini
64297,A decent American school led by blokes,mensch
132340,Trojan's raging lust around foreign king,troilus
14229,Kiwi more fitting with unknowns?,apteryx
44882,Welcome for Cleveland favourite?,redcarpet
26280,Women pursuing one setter in desire for increasing bad behaviour?,crimewave
99309,Winger listened to talk of success?,whinchat
130220,"A tiny bit goody-goody, one of the cricket sides",pion
9957,Brazilian diplomacy may be taken as read when there's trouble,riotact
39100,I am a long time getting the likeness,image
5965,"Bonnet, perhaps, hides top set of wheels",headgear
33066,"Flower, one I'm preserving in a pickle",eveningprimrose
23739,Family ties for mother's boy,apronstrings
84950,Old devil with letters providing the formula to produce a pet,screwtape
14773,"Have cannabis for sale: one could find a meal here, too",stockpot
76415,"Single girl struck, but not put down",unabashed
3149,Time to invoke the Muse,erato
54035,Exploit group of cows left out in part of Ireland to get cleaner,featherduster
118226,A case of mixed dates,anachronism
24645,Dedicated artist goes back to the pit,ardent
59152,Jack's weary,flag
50754,Place with racing stable,steadfast
53488,Ancient skill in bridge,spartan
79560,Don't utter the golden number - add some butter,shorten
18878,"French physicist, right off colour, treated by doctor",coulomb
39249,"""Girl!"", scoffed a Greek maid",galatea
67662,Decide about a city in the US,seattle
102093,Extremely poor way to determine allergy?,skintest
83316,Periods of reported stupefaction,days
57733,"Islander, formerly African, losing points",rhodian
49673,Silver-r! See me share large pile,agglomeration
33237,Keen to get type of melon in freezer,cryogen
76423,"Shove can make me stupid, almost",impetus
100968,Put off effin' Bambi!,defer
1786,Araucaria exemplifies this sort of diagram,tree
124068,Call to get permits? They depend on the head,ringlets
69785,Frank's flat,straight
25781,Premier man on our times,head
41766,Grab woman who's on the streets,baglady
17339,Strikes up a bit of an argument,spat
15968,It's dark almost on time,night
90969,Concoction of phrase and fable?,brew
116256,Acquire stout upright piano imported for musician,bagpiper
65444,Reportedly black vegetable,chard
80726,"Scholar took exam, securing first place",savant
71003,Control put forward and brought back,reinstated
62441,Fortify badly-made nest - it's most risky inside,stiffen
21069,"Prison for Miss Philips, back holding head of loved pet",alcatraz
43706,Produce a tie?,deadheat
3102,Sailor's fate follows his superior,matelot
77133,Capital got constricted?,bogota
32433,Functionary put in charge in advance,officer
92998,Fire's fluid seal broken,fusillade
120404,Poet writes new sonnet about New York,tennyson
141833,Is meagre with use of colour on board,stints
64846,"They're close, close to getting top man",king
33482,A girl's ugly husband's rather big,largish
108771,Free kick routine producing some fireworks?,setpiece
17063,Time to deal with returning to hospital,epoch
25683,Go in for chips without fish,enter
3344,Arise from name brought up at first encounter,emanate
113013,Tin or tape cutter?,opener
12851,"Accomplished meat producer joins ""Institute for Beef""",pastrami
34697,Bridge opponents demand round of coffee,espresso
31125,Tendency to write vocal music,penchant
12351,Newspeak of a crank,nutter
108402,A vehicle in light brown turned orange-red,nacarat
87848,Godless individuals involved in robberies,atheists
85536,How we feel about someone giving our corns a twinge,rancorous
44922,Disputed a lot of lies,atissue
18437,Queen Elizabeth - right or wrong,error
50995,"Old king imprisons spouse, head to foot, in small compartment",cubbyhole
87880,"On watch, man on board provides telescope part",eyepiece
12118,What's in the paper fragment with missing heading?,article
22587,"No young shaver, this biblical twin?",esau
99721,Actors first seen in a musical,casts
49290,Excellent fruit year,peachy
27193,Miscreant makes proposition about outcome,offender
58135,Sweet to charge around loudly,toffee
36364,All concluding sudoku is done and spent,used
37498,Harry and Mary - one of them works on the railway,yardman
64764,Actor on the way with lord's backing,streep
16561,Exercising choice of imitation,echoic
142158,Blocked piano moved with effort,plugged
92559,Hell at home: Eastwood embracing a cowgirl showing new reluctance,disinclination
139033,Mostly tinned pulp caterer put away,incarcerate
84534,Cabling her was awkward,hawser
127618,Crazy family's slippers seen on these?,bananaskins
70296,Extreme inhumanity in beauty,devilish
11901,"Philosopher's noble title, that's not it!",aristotle
52397,Auditor's fashion cut,mowed
86201,Oscar competed in Algeria,oran
14581,Obliquely request an Anglican,askance
93410,Day BoJo strips off facade to provide enlightenment,satori
119759,Match religious group with flying guinea pig?,testpilot
22459,The volunteers have a Greek character,theta
23172,Call boy's takeover,hijack
136789,Subsidiary offices of the Forestry Commission?,branches
95076,Part-timers kept in check by Queen's servant,retainer
74850,Plant hunger - a bit unusual!,thunbergia
108019,Finally attained a high position,endedup
18594,Fabric articles (three) put behind counter,barathea
102673,Way of acting silly with feet in a pickle,lifestyle
53686,Cake singer stuffed in hole,madeleine
103370,Courtesy title given to upstanding political theorist,proudhon
63796,"In a muddle due to ale, chap let off drinking partner",allovertheplace
4128,"Pursued, we hear, but not wanting to be caught?",chaste
126809,Apple product reported for bugs,beetles
74333,"Free, led to crack puzzle",riddle
72187,Virtuous card game?,patience
132560,Manly height can be got up on track,snaefell
7520,Hand in piano tune,pair
47895,"With empty menu, enjoys linguini for breakfast",muesli
67869,Trains Tom to wear suede pants,educates
56802,The Nora Batty is someone else!,another
30125,Woman given note and present,here
105391,Panto role only assigned to Poles,buttons
40516,Russian comrade,tovarich
73116,They say binder discloses what's said,pronouncement
92433,He got stuck in the bath,marat
52966,New cool shelters additionally for a Great Dane,nielsen
31689,What dogs do around trees,bark
133118,Measure resonance in aerobatic stunt,barrelroll
34786,Unruly as well as lacking a design,lawless
36865,Any power could have this armament,weaponry
46078,Insert cop's rank,inspector
16305,Neighbour of Oxford tutor found by a search engine,abingdon
35182,Cast out parsley?,players
27271,Completely fill military order,charge
101056,Learning required for issue about sport,erudition
85515,Pedestrian walkway?,gait
39699,Critically shocked expression after playing short suit okay,iaskyou
6541,Strong finish in female tennis battle,intense
104039,"Watery lake, wet banks",sloppy
88980,"Straightforward, not wanting a reciprocal action",oneway
117811,Contending successfully with a course of masonry,coping
84432,Extra run for paper,newsprint
141354,Scot and Austrian working together in a branch of science,astronautics
134557,Turn somersault before degree is taken,pilfered
123214,Ferocious swimmers cause mishaps round the land,piranhas
24345,Nurse at stream said to want climbing aid,tendril
3840,"Finally, ball is placed on spot (but not the centre) for scorer",liszt
82465,Reconstructed in stages our prehistoric specimen,stegosaur
100173,Queen involved in dishonest behaviour? Get outta here!,scram
110702,Worried Cameron pined for mastery,predominance
44177,One's disapproved of the present party,shower
85300,"Put off and fed up, having made a mistake",deferred
1045,"A Catholic, about a month in France, uses a Semitic tongue",aramaic
125452,Stone in French museum that has to be viewed,mustsee
64485,Who gives a swinging piece of wood about Newton?,donor
10618,Primatial line?,metropolitan
140274,Film director developed erotic club,bertolucci
14619,Got Sir Andrew to back some thoroughbred,aristo
28132,"Tempestuous at heart, I'm about to preside over chaos …",misrule
34188,Saul's clan involved in numerous matrimonial disputes,matri
52144,Engineering unit is at original location,insitu
84831,"Within limits, Paphos tried to recreate a reputed visitor",aphrodite
24948,Bird rings before end of the day,osprey
47695,Break seal to get drinks,ales
6340,"Test foreign students about Nepal regularly, before university",elevenplus
129103,"Very best bars providing cold food, but less cold temperature",choicest
71291,"Marks man, say, as second rep in trouble",sniper
53614,Potential health risks of tailless camel eating earth,bacteria
36600,One can't recollect me as I can recollect,amnesiac
106670,Cook starts to explain echidna's grim diet?,regime
53600,"Extract information from woman or man, primarily",worm
133144,Two Dutch chaps?,bigamists
94215,English class held in part of church forming enclosure,enclave
28267,Run into agent that's able to move supply,spry
15215,Somewhat lethal variety of sweetmeat,halva
139675,Sort of story for solver,detective
84793,Wine and dine with what's on plate and beer,regale
106889,"Seaweed and rags recycled, as in the manner indicated",sargasso
134202,Managed to win Clive's heart to yield original Sinclair Spectrums,rainbows
100198,Man with weapon hidden in clothing,garment
134724,Steal a march on man with bad temper,preempt
42206,Preserve the end of past prestige,cachet
75938,Failures the learner dismissed in the recesses,apses
9598,Drunkard very quietly left during row,tippler
35651,Russian girl's farewell embrace of Scottish boy,tatiana
40973,"Naturally, such food is grown",organic
19555,Disclose opportunity to stop working,break
53717,Friday's writer,defoe
19570,Old liar - one who's into fruit,ananias
80307,Even the most generous would be deaf to such appeals,inaudible
44376,Suffer German and consequently Latin,undergo
105909,Three Scotsmen with long lives,macrobian
70452,"""Mirror"" has problem carrying page with cryptic clue",speculum
88053,"Agree to differ, being passionate",eager
123096,Feel sorry for setter - we hear it's cold and damp,rheumy
105082,Was too credulous for this kind of market?,overbought
71162,When abroad one may have dubious tax record,expat
93478,"Perish from condition - it is the skin going red, black etc, so I've heard",seas
102001,Brilliant that Louise is accepted by Greek island league,colourful
47142,Ecstasy from glory in clues of doubtful distinction,flyingcolours
79779,"Author is hard to follow, like others of his ilk",scottish
133305,Note a river's mud flow,lahar
5852,Utility supplies hands across the Channel,mains
72382,Wanderers keep escaping!,bolton
115912,Enormous duck you get turned away by Malay sahib,gargantuan
110689,"Eggheads' turn to legislate, innit?",intelligentsia
12733,A blemish on the church is seldom found,scarce
105901,Charges include a number of royalties,princes
37330,"Frightened a learner with a gun, say",alarmed
29078,Guide produced by the woman in spring,sherpa
20796,Trailer showing Mafia on French island getting Mo back to plug the ambassador?,mobilehome
10658,Early victim of some Bible-basher turned back,abel
7870,"With great delicacy ""thee"" has been replaced by ""truly""",ethereally
80504,Dreadful pastor I catch out,catastrophic
53670,Crisp notes corrupted policemen,inspectors
51909,It's tight being without members,legless
70812,"Virgin man in a pickle, model having fled",branson
121806,Good accommodation to be found in Newmarket?,grooms
84861,"Imprisoned New Labour two, less than honest and decent",honourable
74523,Genuine resident of Liechtenstein,echt
65762,"At home, book is available if required",inreserve
22977,Some rugby players prepare to go on tour,pack
36560,PM in European country left bottom out,eden
126893,Cynic died before seeing about having a ball,diogenes
110462,Propositions for where they say one can't smoke,premisses
48678,Superlatively eternal peak?,everest
107885,Secure saddle as horse shelters,leash
51394,"With opener dismissed, subject bagging duck on the rise, finding bottom edge",hemline
59995,Administer a beating at Westminster?,whip
140396,Does press put English into old page with changes?,expedites
22651,Name has to be changed? So be it,amen
101572,"Had mobile broadcast died in clamour, it would be one problem after another",badhairday
96229,"Hired in the tandoori, say",ticca
63520,Loud shrieking comes from this bird,kingfisher
102329,Guerrilla and I with a gun back in the car,irregular
17164,Pipe and a book,hosea
19720,Jobless indulged from time to time,idle
117033,"Fox avoids him - person outside national TV spotlight, initially",huntsman
39458,"Furniture item fool perhaps shortened to get round corner, finally",dresser
75442,English poet's two conflicting responses,noyes
85508,"Mention ""A Taste of Bangkok"" (Mansfield) to confuse",tieinknots
51526,A Tory fixed seal with lugs,otary
107073,A spot near to a place in Yorkshire,whitby
63760,"Organised body, dead body - disposing of evidence at the start",corps
41362,Hat has shifted right up,shako
6211,Man having to admit set-up is kind of cross,maltese
74204,Love potion said to enhance purity,philtre
50878,"Exploit Ireland, the composer",couperin
108629,Toke finally taken from joint? Pass on to another,refer
138479,"Medic, American, on senior programme",docusoap
116830,Make a mistake with story about space traveller - all gold then and no silver or bronze?,tripletie
126547,"Hardly any conform to metric system on weight, ultimately",scant
96402,Hamilton I'd wrongly placed farther east,midlothian
93412,Gangster's girl firm about model for a writer,smollett
99399,Golfer's shot home help,pitchin
119205,Summary of the former USSR?,precis
104244,Something hit it - an iceberg?,titanic
106068,The last word in communication?,farewelladdress
29909,Article's focus is God,anubis
22395,"Easter treat, consisting of lime mixed with cold nitrogen and steeped in a sort of wine",simnelcake
271,Become engaged by the network,mesh
94503,"Half-cut idiot, hardly cavalry material",twill
47380,High standards of ladies become corrupted,ideals
123808,"Turn of partner to err - for example, about passing",elapsing
50573,Husband from Second Avenue,save
17438,Kick back produced by six elements,react
25284,Grating sulphur with a large fork,strident
107947,Large amounts secured with these?,lashings
121106,Wild chase to forest to provide a protective cover,caseharden
136908,"Small spud, but no King Edward in fact",stat
94122,Repeatedly forbid engaging in charge at fortification,barbican
119491,"Having made the side, a sportsman's idle very rarely",onceinabluemoon
69188,Finished warhead steering into swamp,overwhelm
13141,School Esther reformed is a model,clotheshorse
136056,"Group flying, by the way, in Rolls",baps
19059,Pale-coloured metal in road sign?,sallow
130328,Fashionable people get new mattress,smartset
39068,Rubbish spy admits Foreign Office employed by Cameron?,tomfoolery
136320,Men atone finally for wrong … in small measure,nanometre
135665,"Some thinker, supporter kept in check by government department",forebrain
23976,Preview draw,trail
138642,"TV detective to search old house for clue, essentially",columbo
38046,American who scored heroin leaves busy places,ives
126332,Lean's ultimate director in fat hat,sunhelmet
52409,"To suggest making love handle, rip apart!",philander
28018,Primary setter thus admitted foul,noisome
24027,"Great article taken from ""Ornaments Design""",monster
19908,Large vessel's to continue to signal,flagon
31148,Second horse is a drawback,snag
40945,Producer of red berries from Lambeth?,rowan
105157,"Initially, surgeons can't operate until really clean",scour
116038,"Germany, the booze state",alemaine
128244,Ridiculous popgun challenge,oppugn
60529,A cleaner at work among the chatterers,toothpick
92450,Like a good poker player's bad handwriting?,unreadable
99621,"Assaulted, having had food in inn on journey north",beatenup
11847,Stir it when there's an entry to the outside,agitate
63280,Old man from Maine so well in retirement,methuselah
34043,Give a Royal Marine's guard order to salute,presentarms
61761,General resemblance to Humpty Dumpty?,allround
97228,Pack to put between opposing card players,stow
32508,No small islands around old port,ostia
70129,Those gawping about king being in the altogether,starkers
28679,Make warfare a thing of the past,deration
88857,One can make so big a mistake in marrying again,bigamist
135818,Oversupply a couple's food additives,glutamates
85784,Good little boy wearing English fur,estimable
107948,Lots of beatings,lashings
79479,"Tender resignation finally, sure to be sacked",nurse
96887,Dodge wealth distribution and escape detection,evadethelaw
104168,Paula's last in race - will get/not get this,hurray
28492,"Cast of beginners to study hard, exercising daily",shed
3592,"As predicted, lunatic hit copper",prophetic
118101,"Leftie somewhat short, if hugged by supporter",fabian
17599,Novel turns at a party could be on the stage,mikado
73587,"Drink with small grains in, swallowing hard",shandy
113822,One manoeuvring with rod,wangler
28114,Tasteless mix is in eg hummus from the east,insipid
124603,Area that's wet and hot on planet,marsh
27059,A pound to one on Britain,albion
118965,Cornish visitors encountered in German city,emmets
72224,Foreign Office desk?,bureau
32487,Pure nonsense about firm having to make good,recoup
30946,Silent monkey milked silent cows here!,miltonkeynes
16540,"Court has its process around Chelsea, perhaps",tribunal
25974,"Those biting heads off tarantulas, eating even tiny hairs",teeth
140550,Attempts to restrict naughty lesbians,tribades
103042,Completely holding game up with hubris,arrogantly
113189,Lambert Milne's funny cake,simnel
105043,"On the other hand, he's just as good",ambidexter
45193,Runners coming about five - time to yield,harvest
1427,A game of tricks cut short,abridge
13249,"Altered image about me, finally, in this puzzle",enigma
39831,Composer walking about topless,glinka
45633,Republican traitor dipped into Green's account,narrative
28655,State a kind of beetle,colorado
106323,Case husband found in market,shell
47727,Exhibitionist who's of loud disposition,showoff
95749,Less than one hour for action,zero
39501,What's eaten in the chamber?,diet
57258,Whistle-blower stops hard labour in plant,trefoil
64573,Swill some beer in Serbia,rinse
51480,Victor was no spring chicken,mature
19114,Admit defeat and return,yield
74384,Note golf score: adequate but may be improved,reparable
1958,Fleece jumper put on king,rook
24088,Fast way to get drunk,tight
8411,Story about a sheep in a Western town,laramie
57656,"Scot, a head welcoming lecturer in religious education",aberdonian
59651,Animal fur one goes after,coati
19768,Guest for the bingo official,caller
10048,Whirlpool in the West: fifty corpses resurrected,maelstrom
58174,Work out problem in textbook?,exercise
110666,One breaking art's rules in bizarre fashion,surrealist
1900,"He's ejected from heaven, then uses Eve initially as a means of approach",avenue
41680,"Old racing driver's less rash, nursing fractured toe",charioteer
10644,Get a peep inside binder,tape
26984,Solver's penetrated the Spanish alcohol base,ethyl
18158,Racehorses certainly not foaming at the mouth?,stable
82223,Expanding carrier for body or brick,stretcher
99170,Completely blown away by mixing spice to those?,shottopieces
1447,Latitude for song about piss-up,leeway
38160,Current reversal for Don Juan?,flow
30967,This angler knew the score,walton
82005,Flightless bird's new roost in rocks,notornis
98118,Place of interest it's the custom to be silent going round,museum
1235,Charlie's bar is bright!,clever
85987,Promote what sounds like right scandal?,propagate
122371,Passengers initially go swimmingly in bus designed for local tours,pubcrawls
55607,Did not allow judge to be taken advantage of,refused
12951,Thug shot unfairly and that's not just one opinion,thoughts
117910,My old man (if grand) with a tax cruelly inflicted on rabbits,myxomata
15673,It provides an opportunity for advanced theatrical work,apronstage
128098,Spurs getting to grips with new balls?,gonads
87261,Online factory work?,assembly
33567,Churchman securing a supplier of energy,reactor
1031,"Noble rank inspiring baron finally, last in line",grandee
113205,Conservative leader suspended for being shifty?,changing
59860,Cheer and cheer wildly - not English: it's far-fetched,recherche
30720,Perhaps Clegg gets in great excuse,alibi
20492,Sit a certain way for the ideal journey?,bestride
1968,Satisfy a couple of leading players wanting relaxation,appease
63347,Men switching sides in a city of trials,salem
119440,Confiscates one thousand sterling,impounds
69101,"From where, with some work, it's onwards and upwards!",downstairs
71004,Exchange of gunfire's declining,refusing
44226,Show? Yes and no,screen
74422,"Initially supplied second-hand, now disposed of",sold
88677,Overcoat of provincial origin?,ulster
119910,Birds fight and have arguments,sparrows
104218,Bad boy may develop into booby,yobbo
47012,Miserable wretch in sort of cloth hat,reptile
41238,Sucker for cake,sponge
93256,Sifts puzzles,riddles
71956,A novice in the actor's union has the same rights,equality
81474,Marauding type of short woman married to ruler,viking
15808,Considered giving shop censure,deliberate
54763,Ultimate theorist taking a pause between notes,fermata
111851,Student in warning to deliver,calve
127184,"Ad reads ""Gold Blend - a very large one?""",saladdodger
114929,Transmit over cliff to get meat for stew,scragend
3822,"African country having boom, blossoming in endless decline",djibouti
56486,Fantastic to see her fitter for Oxford?,shoetree
59638,Period novel heroine on the tile?,tessera
33475,Scrape a new beard,abrade
60836,Haply ordered divisions of animal kingdom,phyla
107708,"Initially, dead rude: Ben Elton cracks English line about sex?",doubleentendre
69315,Dodgy gear forfeited in compromise,agreetodiffer
130835,Stagger inside to get separate uniform,splitlevel
139369,Gang leader doing notorious Jack's work (riveting),gripping
122865,Actor's description of Starsky and Hutch's wheels?,redford
86702,Looking as etiolated as a home-fed Cornishman?,pastyfaced
27417,On first of October turn collar up in Scotland,oban
57384,Many need a nest egg,cache
82480,"Take it easy, if copyright of song is yours!",liedown
29894,Field team from Spain in the first half,realm
10484,Beat record,cardiogram
59067,"Obtained support, having used threats",leanedon
92328,S is very hush-hush,topsecret
5069,"To a degree, a female illness",malady
71018,"In essence, almost keen to hold Blair back",keynote
35647,Produced singin' (and dancin') star highly thought of,generated
97544,Opera covering polar opposites? Wisdom was famously one of them,normans
124508,"Future flier, no gentleman to treat with disrespect",caddis
129496,What's warm?,thawout
56227,Expert discovered to have great insight,profound
3633,Multiple breeder has to go on incessantly,rabbit
116571,"French aviator's ""Oui"" drowned by bells shaken with violence",louisbleriot
39331,Capital market's amount of business conducted before alleged scandal?,billingsgate
40114,Entry to a profession,admission
22661,Empty pews? Revise hymn book!,psalter
12364,Fudge cake made with iron,waffle
99465,"Once more bring in dance, twist etc",reelect
120551,I say large is fine by me,cool
81763,"Want skinny rat? Watch catcher, ultimately, six feet under collecting equipment for sewer",needleandthread
84316,Time to request stuff for working party,taskforce
16218,Persian ruler upset Congress and King,xerxes
56640,Ensure boat is ordered for resort,eastbourne
130966,Spinner of web in wood approaches a forgotten shelter,timbernerslee
25810,Alan's wrong to be nosy,nasal
12584,Bear twins and think nothing of it,poohpooh
43516,"Spread toast, left off plain starter",antipasto
82903,Some role!,part
80531,Second-rate low-lifer's objectionable offspring,brat
126862,"Religious official trying to convert Iraq, so intruding",grandinquisitor
122983,"Appear more stupid secreting drug, when cared for",lookedafter
26203,A loose woman in the family,auntie
3282,Reckoning that I must be involved with crime,arithmetic
62107,The point in religious belief is the exercise of absolute power,despotism
101550,You and I wearing Edward's country outfit?,tweeds
125392,"A wreath doubtless required, but in no hurry",leisurely
1679,Bury the top of it under some bug-hunters,entomb
17600,Emperor seen at the Savoy,mikado
117680,L-shaped bar in a longer form,angleiron
31317,Old King Cole's third dish,offal
135070,Fighter grabs large rope,marline
112216,It's hard for prisoner on island,concrete
32184,Between-maid after new position,amid
138219,Crown and Church join in dirge,coronach
35831,Paris summit conference,teteatete
32589,Thailand's currency causing concern,trouble
27956,"One and ten are confused, of course",aintree
100865,"Strike, perhaps, that brought parts of this island together",actofunion
17119,Orders are sent from Asia,eastern
109456,Open present yonder,overthere
19716,Unemployed member of comedy team,idle
41937,Criticise pupil for making jelly,crabapple
1608,Forthcoming seaside attraction?,fortunetelling
12655,Girl always found in the bar,bertha
35106,First characters assembled in military mess,snafu
4557,One is supposed to look better for eating them,carrots
140919,"Titans of business defeat US Feds, ignoring the odds",colossuses
121560,Outstanding leap by a player,payable
101441,At the same time it's archaic,ofevendate
44707,In fog duck gets damp,moist
115798,Truth and openness initially is displayed by every Irish prime minister,taoiseach
113648,Did some lines when kept in,penned
28765,Flying to an away match,eloping
58638,Sinner sexually explicit before mid-afternoon,adulterer
35460,Worker with vegetables?,peasant
120009,Game you and she shot repeatedly,houseyhousey
20584,Pressure put on wildcat strike,pounce
25662,"Old queen there to be rung before tea, finally",isabella
38122,Box outside youth centre for clergyman,curate
139000,"Before getting squeezed round back of cupboard, leaning to one side",prejudiced
110731,Choose the Parisian in the faction,select
126435,Court case: it's arranged so this person may prove their promise,trialist
74393,Uprising of South Africa and one gets old spear,assegai
49925,Set out to marry drunk,stewed
119093,This writer's work gives hint,imply
109815,The French writer climbed here,nepal
118482,Bit of a bloomer from Top Cat,anther
74154,Is sorry about losing rod and waders,egrets
32466,Half of parish wants a young male priest!,parson
71597,Old time coppers?,beatgeneration
131451,Boring project with petulant rant?,crossrail
96724,"Iron skirts? Time, I see, to be demanding women's rights",feministic
136101,Spectre at the feast mentioned trouble at Lloyds,banquo
60798,Makes you French look Italian,tuscan
14261,Snoop around a Kardashian exhibiting flesh,skimpy
91330,Utilitarian tendency for bad actor,bentham
82197,Person seen in mirror taking ecstasy's a pixie,oneself
57686,"To spare a net breaking, fold round it",aplenty
82925,Ray Reardon? Primarily a sportsman,skater
125678,Metric units Lister worked with?,litres
115634,Payment to an author - it isn't common,royalty
61103,Girl with a Latin prayer book,missal
63183,Convey old Bob's demise,send
108894,Setter's volume includes right to show publisher's identity,imprint
139652,End of silent film for one on the railways,trainman
115607,Mark has song for girl,maria
75070,Web of global proportions to detain space traveller,internet
130996,River seen swirling backwards,inreverse
126434,Diagnose suffering in such a state,agonised
13413,Grasp a fellow member and set her up at last,comprehend
101484,"""The young get nutrients from this cola"" - Sky broadcast",yolksac
11671,A number of French pupils change direction at last,eleven
89115,Composer close to Britten in sound,ireland
110562,"Thanks sex deviant, with death a certainty",taxes
15601,Order ranks Abe Lincoln here,nebraska
63213,A place where silence was demanded by a female writer?,agatha
102209,Number playing cricket for county? Miaow!,twentytwodown
97546,Rabbit seen twice somewhere in France,gascony
74820,Hard work by company is kept under one's hat,sweatband
87920,Struggles to accept soft feeling,vibes
89760,"Design pet device, but not what it seems at first",deceptive
78492,Character actor of dubious quality making comeback as a military leader,mahdi
88658,Rock ’n' roll classic clue stuffed with wicked content,lucille
74566,Police chief did this bad?,rancid
116906,"In Near East, initially, meet irregularly about source of oil",neemtree
105409,University head has the opportunity to turn back,chancellor
139409,"In good health and out of bed, working on stuff",uptosnuff
84574,Sage nonsensically contradicting Kipling?,wise
66625,American rockers make time for artist,rembrandt
25431,Plant variety of rose ahead of time in bad weather,horsetail
94694,"What many people call their country cooking: yellowish, mushy, rather unappetising starters",cymru
70226,It could make me a lord,earldom
83704,Shippers heed order for food,shepherdspie
56711,I don't know I'm all over the place,passim
135359,"Fireworks in the sky make Penny nervous, excited - even gassy",supernovas
83549,Review of batsman’s role losing most fans in the north,boreal
30403,Footballer collects books of calculus,pebble
86606,Sigh at one's lack of perception,shortsight
30739,"Near end of holiday, one's taken in second test",resit
8832,Thin for choice,rare
121650,Abroad - not very far?,afoot
60043,Salt beef on the hoof with wings,oxalate
72017,Tell me your modus operandi in a difficult situation,howdoyoudo
50565,Lots of flights contributing to worst air strikes,stairs
124749,Disturbing means taking in spoon-bender's abnormal enlargements,aneurisms
123393,Manoeuvring wide lorry with anxiety,worriedly
22082,Exchange rate certain to provide wealth,treasure
33891,"Force could, possibly",might
129071,Very involved psychological state,complex
124593,Agrees to a wage cut and drowns one's sorrows,takesadrop
99260,Awkward ascent in carriage,stance
140958,Vow broken by Reagan briefly showing resolve,ironwill
34246,One who is ill and not operable?,invalid
107005,"Yet again take in post, including bill",readmit
85592,Skinhead left Cliff's vehicle,sportscar
20986,Support expert capturing cheat,adopt
89784,"Reformed lag in prison, now a church member",anglican
127535,As old leaders of poverty hit and repressively armed oil nation in crisis,pharaonic
90961,Monet original found in mother's drive,momentum
93369,Plant rallied Ada's spirit,aspidistra
81114,Wild sheep - one taken by an old citizen,ephesian
104620,I changed twice for a fashionable tea dance,chachacha
15863,David starting to take possession on his way to his office?,downingstreet
137005,"Tweeted, like a wagtail quietly absorbed",piped
104235,Charge misbehaving child in front of a head,impeach
95783,Short bar turned up on time,abrupt
28193,Go separate ways in Croatia,split
70703,"Heartless girl - an irritation, a difficulty",glitch
68777,Very sad unfinished story about rising smoke,tragical
81849,"In the end, provocative footwear used, oddly, for pastoral work",eclogue
64825,Test authorised on reflection here in Israel,telaviv
59217,"Gambling system one I try? Not at all, silly",nationallottery
134238,Author collecting gripping material for transport regulator,levelcrossing
96352,Crumpled antique impounded by US agent,folded
138696,Vacuous government accepts zero-hour contract ought to pass,gothrough
32114,"Well, just ask!",solicit
73456,Bad atmosphere pervades Mamma Mia's mansion,miasma
113127,Pain conveyed to the audience by playwright,ayckbourn
73614,"Ship's officer died, finished off on board",mated
4467,"Script's opening extract: ""Get into bed""",seduce
103740,Is clumsy butcher first with entrails?,bumbles
136918,Youngster to lose control round hotel in fashionable setting,schoolkid
72305,Appealing desperately for a little extra in the Bronx?,lagniappe
135827,Look down on river holding drinks up,despise
18509,Issue of extreme importance,utter
118792,Purpose in very warm weather to ensure no squatting indoors?,housetrain
6467,"Lady Heather, in the main very sentimental",maudlin
84444,"Beat - with extra energy, still beat",leathered
30534,Lust aroused by indispensable bird,turkey
96153,Push to remove the hacks,depress
58590,Not a rich tea - cooked more than a biscuit?,thrice
111767,Like a thinking man's raison d'être,cartesian
101403,"Proverbially remains cool, though often framed",cucumber
121549,Bird with grand display,swank
115875,Writer drops in to tea or something stronger,tequilla
3785,"Its aim is to produce winners, of course",studfarm
114777,Society to arrive for burlesque,sendup
141868,"Creep lazes about, say, around bar endlessly",sleazebag
44725,Support for women an order,garter
120666,American teen hacked into newsgroups,usenet
131297,Refuse to deal with lad's company on Tuesdays,boycott
60011,December speech calls for trimming,decoration
86768,Veteran cook given Asian bread,doyen
63364,Boats heading off to fish,eels
19339,Teller of tales has crane cavorting with lots of …,raconteur
103506,Leader in Gerrard has messed up in a woeful game,guineafowl
84011,Tipsy ambassador's anything but stiff,lithe
30602,Stage favourite's elevation,step
116269,Name adopted by setter in a novel proves amusing,entertains
39578,Misleading promise to wear glasses,specious
11848,Stir it in a football crowd,agitate
27490,Lens or prosthesis back to front,eyeglass
33834,Marsupial not as wild as flower,primula
12750,Copper was impressed with the old Royal Yacht,britannia
92970,Discovers there's not much left,traces
121681,Those in studio on about arrangements,recorders
58383,Hit the bottle? Moi? In a Greek temple?,metope
16349,Family in common is Asian,balinese
119245,It's no good one featuring in design of the past,longago
53066,Where axes cut roots,origin
68294,"Prevent from scoring, thus?",shutout
111759,Second city (American one's about first) to grow pineapple,bromelia
97237,Illusory quantity in thoughts of summer!,imaginarynumber
48227,Carriage provided to go round the area,fiacre
136698,What solver does breech in an afterthought,parses
35665,Check temperature inside animal,deter
77841,Mother wisely included it - or else!,otherwise
120394,Again lay down sort of wine I got in English station,redeposit
104667,Walker greeting bishop leaving the pavement edge,hiker
35467,"Report of wolf at US city: no, nothing's up",lanolin
142334,Number of fashion items in Mary Quant's era,sixties
73745,Sounds like a company car,escort
30116,In this place he must join the Royal Engineers,here
128892,People living around pubs,locals
107735,Naughty ladies went to sea,sailed
61447,Boy's father has regular build,paul
134886,Single focus of drunken egotist may be here,ontheshelf
1692,Court accessory takes a month climbing in an anorak,netcord
135080,"Made neat, because tangled",formatted
30430,"And then, given a meal, sailor tucks in - invited to sleep here?",sofabed
43191,"One previously learning the French for ""siren""'",lorelei
140439,Convenience of Western warnings on Arab uprising,womensroom
116182,Back in time,anticlockwise
8051,Whip up a story to deceive girl,natalie
94917,Film director of note takes in everything,malle
113928,Wire in the mousetrap?,cheesecutter
116733,Good family person used in place of John,gaunt
73683,Canadian resort artist,whistler
140047,Insects regularly suck on horses,scarabs
112441,Heliotropic grass surrounding international organization,sunward
90250,Very little seen of atonement in Yerevan,tiny
78274,My! Tremendous sound as birds gather to do this,migrate
107650,Travel services express policies,airlines
51432,Decoration stocked by department in Selfridges,tinsel
135959,Current associate's holding back merchant,etailer
64984,Tuareg's forbidding home leave,desert
107171,Musical of various styles?,hair
92585,Some children sheltering others in animated family,simpsons
88651,One sea and other river nymphs,naiades
115198,Go to hug tree with delicate branching,tracery
88336,"Somehow, I made the news channels",media
15831,Top three characters for United in scoreless draw,outdo
63435,Invigorate loco engineers with no end of passion,energise
9293,Popular Valentines feature a nymph,larva
71460,"In the gallery, Series C is cut short",truncate
86823,Turn over to the state something traditionally bad for the system,ptomaine
121696,Nimbleness of soldier in Italy on manoeuvres,agility
49332,Pussy getting his number after church raised a lot of questions,catechism
102856,No new copy's involved in this case,genuinearticle
40607,News the teacher would welcome in any form?,intelligence
109933,No end of religion for this girl,isla
56054,Broadcasts about end of tyranny upset country,syria
138387,Spring day weather returns with southern Europeans,spaniards
6443,Playthings?,properties
5959,Morally suspect behaviour of departing boy,goingson
113275,Next clue needs this for a diarist's age,threequarters
87203,Accommodation for soldiers' target area?,eggcup
137571,"Where potential ministers learn caution ultimately, dividing two houses?",seminaries
54539,"Marketing gamble by Joe, with his big band role",lossleader
11287,Farm hand producing lower output,milkmaid
127105,Rodin's The Kiss is French - and most permissive,laxest
3014,"Italian painter, not one to represent primordial god",titan
73900,Form of novel - early one with post involved,epistolary
99157,Persecutor of Christians having edict - a lion to be let loose,diocletian
126456,Piece of metal plate or cup elsewhere,tasse
80627,"Huge creature's ear bitten by grizzly, end ripped off",beluga
130774,Exclusion from place of work as rugby player dismissed,lockout
135686,Head in control of ITV revised The Prisoner,captive
37007,"Report from small gallery: ""Oh no! Monet's been vandalised""",statement
127902,Face ship holding an inferno back,sanserif
1166,Associate journalist collapsed in Bow,bedfellow
114347,"Given beers, cur turns to Hound of Hades",cerberus
2047,"Ideal pot, unhappily one not forthcoming",optimum
102296,Chelsea versus Bath?,bunfight
4792,Stone axes one cut in advance,onyx
89553,"Well protected, gumshield and all?",armedtotheteeth
53630,Describing Hamlet and his difficulty,danish
12212,Pinter's tender scene shot again in the car,caretaker
97964,"Quibble about trifles, resulting in parting?",splithairs
4362,Brave man: he has heart of iron,hero
35047,Pollarded more promising willow ...,osier
129061,Keep following live act,behave
130027,"Starts to get excited - Ronnie's back, eyeing reds and making plant",gerbera
65805,Warning: a big picture is being put up,alarum
25297,Three times they initially faced terrible peril,triple
127558,Shots from short distance fail in sporting competitions,closeups
90708,Unscrupulous character to thrash with cane,rattan
18538,Waterproof for model letter writer in rainstorm,tarpaulin
87100,Church given warning signal - it may contain explosive,chamber
88975,Island university is model ...,uist
48299,One under this is thought unlucky,fourteen
49162,Not able to be committed with one's spouse?,adultery
85798,Whizz round whirlpool on soft toy,teddybear
84909,Soldiers get together to reminisce,recollect
58728,Crawlers get past new landlord,licensee
64272,Find out what's allowed online?,elicit
33185,Class describing imaginary number for Einstein?,genius
94903,Saw about the digs?,sighted
1827,Worker finds working a strain,artisan
129336,Aunt is prim as a result of this,puritanism
61412,Egg - perhaps pheasant - found by Lawrence,gamete
140385,Saying nothing about Chance makes one a fool,dumbcluck
127592,Creature ailing badly,nilgai
67643,Celibate in order to be Joshua's parent,nun
96903,Alone with France and Ireland in battle,solferino
27153,Cold vegetarian dish excites young man,eggsalad
45773,Banter from tipsy fliers wearing buttons,persiflage
139105,Launches campaigns,projects
65292,Forgiveness for negligent one aboard,remission
71274,Formality of leading performer at church,starch
25077,Dame initially with part of the shoe lived-in,dwelt
43651,Gloomy son's lost card game,ombre
108103,Recurrent rap pedestrian gets caught in,entrapped
97467,Cut down flashing behind missing satellite,moonless
112630,Find path from the summit,trackdown
80035,"Cry from the heart of Basques, unanimously",squall
133846,Salad ingredient or Spooner's green nightmare?,pinenuts
64799,Flower poisonous if a traffic controller swallows it,aconite
73556,Expect disturbance in bar,except
141793,Pattern knitted into popular anorak,aran
111877,In foreign land painter gets thanks for artistic work,latraviata
107457,Harry to wax enthusiastic about silver,ravage
24499,Betrothal needs new wife to absorb good game,contractbridge
128082,"Coming down pass, have a little drink and celebrate",collapsing
34835,Nutty biscuits,crackers
124645,Combination lock on bicycle,crossbar
50926,Soul sister's founding father,franklin
54001,State where we feel separation from our island,missouri
55750,Expert in French,aufait
25285,Muck raised and pushed across to grating,strident
27878,Conduct orchestral rehearsals for the militia,trainband
18527,"Unqualified, say",utter
78362,One believes he is only seen once in the robbery,theist
19000,Trouble in gold market,ordeal
73828,Looking at money in government stocks,eying
85461,Running shoes have these laces,spikes
13032,Restricted cover for small child's inclusion,limited
88391,What leads to destruction in theatrical location?,broadway
134690,Loud chuckles first heard from Lewis Carroll,chortles
54367,Conventional hot rod free to steer,orthodox
56895,Cut out or included lay,exorcise
33015,Hanging a writer to make an impression,pendent
77537,Discovers lapse in hazard warning,rumblestrip
67676,What do naive characters make of a beauty spot?,naevoid
31931,Survey military men in Central American country,panorama
3790,"Some ornamental work is so fashionable, face up to it!",inlaid
87239,A place to ring doctor for assurance,aplomb
43317,Skate back into dock for rope,lanyard
126353,A display of balance by Kent batsmen at crease,bankstatement
117377,Cow left in steamship dirty looks will earn,scowls
93609,"Twice as expensive? Oh, my!",deardear
44473,Nation whose leader was elected unopposed?,iran
48085,Is in Paris holding shipment of delicacy,escargot
88692,Name given at registration - a feature of old cars,startinghandle
111501,Theatre play is on Handel,sheldonian
115088,"Distractedly scan Iris, Sun model? Mirror fan, probably",narcissist
92401,Apple that's about starfish,costard
50824,Expose risk with torpedo,betray
52676,A weight - I can carry it all,atonego
56296,"Show, in two senses, to have sickness benefit",avail
62991,Tortured soul is immersed in river to get rid of parasites,delouse
81904,Stops or starts playing billiards,breaksoff
56854,"When it goes, it's the end absolutely",bang
8045,Girl gives boy a tall story,natalie
96831,Extremely wary crossing lake in case,leeriest
21908,One with old-fashioned image,idol
108163,Anxiety returns after tea with illumination that isn't scheduled,charterflight
18873,Lack of employment gives one endless recreation,idleness
51834,Play with pots and kettles to repair,tinker
25341,Unite and turn to overwhelm,inundate
41735,One taking part in an emergency,understudy
72128,Valley outside the borders of my French estate,demesne
1570,State of being for ever out of the way of passion?,apathy
47039,Shorty goes to Sweden in pain,stitch
130574,An example of extreme wear,frayededge
119251,Sing with Italian sopranos covering heavy metal,confess
26486,See where I go round house in cold climate,igloo
141027,"Car models, including carbon copies",ectypes
64330,Girl gets unrestricted job employed by ranchers,lasso
84504,Cast or cast out,actors
33858,"Star, for a very long time, in the ascendant",vega
97094,Latin is shoved into each small child - truly a dead language,elamite
92627,Miss toying around with a man who can't stand her?,misogynist
34035,Look round very fast,starve
47970,Sum up the charge,countthecost
66336,Mother's murderer turned up: he's insane,maniac
55720,Needle slowing jabs up in arms,irritate
6426,Flower always preserved?,severn
1507,Doctor in middle of walk makes sacrifice,gambit
53378,Attack drinking song taking off women,assail
1862,Book of grayling between poles,numbers
110115,A problem of choice,dilemma
137906,Ruminant occupying hollow tree,pignut
103103,I'd say young US man is able to pick up a Corsair,buccaneer
25928,It makes a hole in material,drill
90714,"Where ministerial leader not serving me, unfortunately",misgovernment
135511,Spanish cheese contains it - exactly!,quiteso
88977,Versifier's value seen following lyrics,wordsworth
60987,Perhaps his topic includes a principle for reduced consumption of nuts,pistachio
1380,Stake where Italian poet lost his head,ante
64371,Booze left by roundabout,carousel
83873,Lead widespread in the outskirts of Derby is very dangerous,deadly
132223,Blunder will get you down,fluff
5903,Skilled writer with writing on doctor's round up for inclusion,wordsmith
3085,Abrupt and unreasonable,steep
121365,Narrow way for the donkey in Provence,lane
14994,"The Lone Ranger, perhaps, on popular horse",heroin
91813,Assembled at three for drama,theatre
107156,Opening words?,keyphrases
116918,Saw screen medley performed outside,discerned
48523,Close call sounds natural,terminate
53911,Extremely little basis for appalling narrative,chronicle
112725,Animals that go round in bands,zebras
41622,"Give up attic, once delightful housing",concede
129987,Salt distributor used as fire extinguisher?,sprinkler
17053,Bride appearing drunk after drinking two litres is certainly not ladylike,illbred
141637,"Scottish man flu symptom reported, what might the malingerer take?",weekoff
19218,Blood money paid in Chicago,buck
98204,Being so one may react rashly with unusually ill grace,allergic
134496,"After an upset, bug gripping relative endures",persists
134627,Formula for getting fat - I lose it,throwafit
26785,Playwright with drug - ditch posh professor and put in saint,ibsen
102712,"They produce notes (including tenners, say)",malevoicechoir
124356,"Make something of prisoners transported by lorry, it's said",construct
95399,Sap's game?,blackjack
123239,A modern language?,html
103810,She possesses tract with expression of pain hidden between old lines,landowner
63218,"Disapprove, putting a right back between the goalposts",harrumph
141244,"Hard time getting back into Prague ground to assemble, as in former days",upgather
66975,"Privates are behind this English flag, if ordered",figleaf
118212,Red-faced girl's relieved,florid
106641,Leader of Greece pricking Europe's uneasy conscience,superego
38012,Parts of skeletons found in Western Australia,sterna
9385,Duck into street close to path in covert movement,stealth
116044,Possible anger with dud exam result?,ungraded
9355,Unsuccessful person held back by irresolution,loser
48633,Off on a course,away
8775,Raised clubs in attempt to wound,stab
133982,"Time trial rearranged, without any parts changed",literatim
18495,What a pity Grahame's character died inside,toobad
59329,Two months to boil down,decoct
80603,Magistrates rise to defend a marine boss,seagod
41987,East Jerusalem uprising causes row,noise
2784,Island produced a change of air,madeira
104382,Fail to pay dresser for rabbit?,welsh
87348,Row results from wearing an underwired bra,bustup
22725,Attack a sailor verbally,assault
50080,The flower of German wine,rhine
85582,It creeps through by six,viper
117724,Expressed disappointment at team's announcement,sighed
60802,Italian with bride can cause disturbance,tuscan
93693,Historian with back-to-back articles on record,annalist
136603,Pure Cockney politician reviewed top-class games venue,olympia
2009,Stop and notice people getting tons of affection,endearment
109136,Old bucket before long captivating PM,spittoon
126983,Notice job is to be relocated - protest!,objection
70336,Being obsequious would put Mrs May off,smarmy
120362,Genuine ricochet heard on parade?,trooping
13126,Flaw on outside of space vehicle is mistake,blemish
121713,Male model?,norm
9798,"Greek island has a snack, three-way design",samosa
101731,Upwardly mobile person gets Arsenal player initially supple infiltrated by intelligence agency,socialclimber
47370,National English top grade in typing wangled,egyptian
128333,"Something armour-plated and brown looking, essentially",tank
91606,Is quoted backwards about being non-specifically religious,deistic
107194,"Stroke, making murmuring sound",coup
106739,Young birds cry heartlessly to drunken gents,cygnets
86137,Tramp has nothing on top of the cooker,hobo
102359,Main messenger coming to a fishy end,triton
90431,American way featuring in dance film,busstop
67069,Range of colours spread round holiday home,palette
105743,Archbishop a long time fashionable within faculty,languages
104020,Neither radio nor wireless!,cabletelevision
78251,A right toff in a South American country!,argentina
97437,"Beans munched, fizzy drink swallowed",sebastian
55209,Russian plane abandoning reported check on playwright,antonov
37577,"Showed off, though second-rate and badly dressed",bragged
50176,"One, we hear, who interferes with fruit",medlar
131662,Whence dawn breaks in the West Country,frome
52401,Drama viewed by audience,scene
2956,Birdcage,prison
61056,A rum item turned green,immature
35270,The tot will be before the christening,unnamed
22001,Whereas there's a sort of drive for a learner to enter,whilst
94087,Sultan leaves home,saladin
100399,Abandon garment? Not entirely - turn it over to him,ragandboneman
108318,"Lacking in detail, should speed up the painting",broadbrush
109930,Some anger about an organ corresponding to another,isomere
27263,Expense of electrical supply,charge
120602,How strangers may be known to unknowns in bay,bysight
33833,"Flower border occupies me, with minor adjustment?",primula
10493,'eadlight caught liegeman going back inside - or not?,alfresco
104772,"Prepares to bring back, say, rest day recreation",getsready
100489,Gorilla has to consume fruit outside,greatape
137423,"Breaks in knee-length trousers, we hear",breaches
136020,"Advised not to go swimming in lake, deep at one end",mentored
2815,"Musical genre for sweetheart on top of sergeant, say",flamenco
102929,One's designs appear on flags,pavementartist
126706,Prehistoric flint head of the Spanish distant conflict,elfarrow
32092,One's Queen having arguments about taxes,tariffs
17919,Planned programme in favour of Jung's initial shock treatment,project
117924,"Product of Spanish press that's not entirely factual, I can tell",alicant
16866,"What might hold, or float on, water?",vessel
139001,"Wildly impetuous, missing note (you shouldn't have!) in soprano role",violetta
11720,"City can, if located round old city",turin
92250,Poison working at this point? It's up in the air,ionosphere
113150,"Okaying chart-topper for the King, reworked by Elton John?",gayicon
85833,"Attend to small boy, first to go in",listen
130008,See girl on coach but fail to take opportunity,missthebus
75464,Drunk hates pure running water,euphrates
91799,Some latent heat required in place of action,theatre
77317,Second tea or coffee,mocha
3041,Ermine age terribly in a zoo,menagerie
47726,"There's no performance of ""The Peacock""",showoff
70882,Needlework's more liberal,sampler
45239,Tune up in real term connected with insurance,actuarial
56811,"There's a lot more, in fact, in the main car:- female article; gems; and black work unit",tipoftheiceberg
138336,"Keels over, having striven in conflict",inverts
133190,Food for Schwarznegger on board,sarnies
9631,Section of wardrobe seems large,obese
20068,Charged a hundred spent on account,accused
7112,"Foul, bad, mean, grasping, low and abhorrent",damnable
121661,"Pudding where we'd expect to see tea, it's said",afters
111104,Sauce with fish making you fat?,lipid
106730,Boy makes move in dance with girl,stephen
44535,A coach keeps bill for calculator,abacus
39395,UN's not involved in fundraising - somehow unbecoming,infradig
103834,'Three months' - something Judge Jeffreys rarely gave,quarter
110642,Unexciting and almost entirely honest about this type of wall,drystone
655,Refreshing spot of love for a relation,oasis
133105,Intervals quietly employed in empty talk,gaps
133833,"Woman prepared to rise, supporting popular uprising",intifada
112404,Partner lacking energy tucked into excessive salad food,tomato
36722,Queen replaces one in drug work,operate
13243,Play in game with variations,enigma
24710,"Sign of caution in an officer and gentleman, perhaps",lambert
34119,Insect crosses screen over swallow,believe
93116,Early moon or star motion study expert,astronomerroyal
130298,Catholic reportedly hated getting dressed,clothed
83603,Mostly Italian food given to one pet? Nothing to be plucked,pizzicato
57035,Drink put down by fantastic bird is rejected,cordial
124758,Raleigh produced it to help make policy clear,cycle
40820,Section broken off sunglasses? Hell!,hades
85843,Thinking to put spirit into a worker,ruminant
52964,Actress returning home with golfer on ecstasy? No!,nielsen
128700,"City in the Peloponnese, in the Adriatic or in Thessaly",corinth
126121,The unsteady begin seeing with glasses,stumblers
121938,Perhaps I eye hemp on Soho trip?,homophones
78158,Feel anxious carrying through a delicacy,caviare
27155,"Agree to remove top player, reportedly",accede
108517,Excel in relation to roles where French diplomacy succeeds,outact
84582,She's in peak form in Crete,ida
141891,Bird is rotten glider in a storm,ringdotterel
72670,Mother's side seen in skirt,maxi
133328,One's wrong to eat no protein,myosin
41433,A spirit to woo meant victory for Henry,agincourt
112154,Writer's material could be based here,inkstand
14796,"Lines by the Bard, the writer first to show malice",illwill
65632,Where horses are is like a small shelter,ascot
53556,Maybe Pugh's an expert at the game,blindmansbuff
132549,"Axes to split old plank, pretty ugly one",oxymoron
105302,Brendan and his like are such dogs,irishsetters
55166,One beast like another with no tail in spring or autumn,equinox
33735,Divine companion upset coddled creature,lapdog
29186,Censure or preach dementedly,reproach
132749,Potent smell's caught that's representative of pupils,headboy
56124,Report of carnal love in board game,ludo
19175,Articulation that is ultimately quick on the uptake and keen to change,knee
84134,Put new gloss on a Pinter play?,repaint
125631,Scotch is complex and sweet without ice,hardliquor
23868,Dear friend's letters regularly went astray,erred
32537,"Company getting past, holding up victory in Europe",bevy
127706,"Pirate can't do this with mermaid, as some may ’ave said",counterfeit
63764,What's yellowish from Pitlochry?,ochry
98437,Rummage about for article in the smithy,forage
82262,Barely move in sprint,streak
39144,Man in check cap,screwtop
19836,Society stayed on line - while he built the Oxonian theatre?,sheldon
3221,Copper investigates Fiona's disputes and fights,fisticuffs
40359,Point to one politician as being ineffectual,wimp
1171,Ally improbably felled in front of ship,bedfellow
107456,Destructive effect of a sign that's made in anger,ravage
53221,Slut performing turn in highest place,trollop
2392,Hip seams split under stress,emphasis
63837,Signs of growth in tax records,stretchmarks
96507,Chatterboxes check on the wheel,ratchet
120613,"Trace, contact and meet",touch
131810,Heroes camp out but return to base with difficulty,scrapehome
126418,"Sticking a blade nethermost - sliding around, is it?",iceskating
17154,Authorisation also held by partner,mandate
68952,Transformation of shipmate's room?,metamorphosis
16790,Fruit makes a number react badly when eaten,nectarine
33824,Wages squeeze is beginning to lacerate east Scottish town,paisley
65378,File name lacking appeal for poetry,odes
115472,Cyril's playing with words in numbers,lyrics
70462,Legal eagle missing turn at jousting match,attorney
3627,Two presents impossible to locate,nowhere
64700,Gallery items for sale for a time on TV,godslot
104835,Sort of beetle found on hops in holiday resort,coloradosprings
21523,Earnest doctor teased,sedate
110873,One of several moving scenes in the theatre,stagehand
91520,Thirsty? Swallow a drink,drymartini
124687,Pressure on national bats circling entrance to Tottenham's growing estate,plantation
70879,Accompaniment to cheque isn't sincere when service follows,payslip
6478,Assembly's thrash held up in cathedral city,senate
8700,"Saw girl, huge, being cut in half",adage
16045,The dyke builder would take endless refuse,offa
82751,Soldier takes time touring chap's plant in London,regentstreet
93711,Girl's hat turns up and is found in the plot,annelid
131257,"""Steer"" to enter these businesses? One points to ambition",driveins
33253,Give the once-over once or twice?,looksee
51930,Against a trio performing in Canada?,ontario
79604,She started a college in Cambridge,emma
49889,Instrument held in by Bordeaux,clarinet
65825,Agent's below-the-line item,sleeper
112586,Who'd destroy housing out there more than others?,oddest
15288,Love poem's unfinished: to an unpleasant person it's all too much,overspill
113914,Related company takes on new agent,cognate
13041,Four regulars in pub having a joke,infun
79950,Passionate desire - something sailor had for a number of years?,lustrum
14230,"Semi-staged, ""The Talking Bird"" requires staying power",stamina
125819,Unsteady boxer,rocky
34297,Descending line in melody,strain
116819,I've left off working on Hebridean island,retiree
80364,Cheap metal sink,tinpot
88455,Man or woman is kept outside hospital department - such may be waiting for doctor,patients
84621,Shed wants a slow movement,lento
80524,"Concede to mistress, causing shock",bowlover
4269,"Made a proposal, but didn't stay",moved
120977,Bad boy's crimes affected social worker,miscreant
107636,Student trapped in sacred court died in LA,hollywood
117006,Run through Kama Sutra's middle one: climax in new positions!,exclamationmark
4788,Stone horse with head missing and unknown addition,onyx
67977,More than one sound in cavity wall,pleural
14471,Submarines torpedoed? U-boat's heading away - close call!,nearmiss
115329,Going round to corrupt a politician,rotatory
82357,Offer divers find generous,handsome
67433,"So Hal was appropriate, according to The Listener!",robotic
98460,Engaged - or already married?,tiedup
134891,Film star getting short romantic missive with love,valentino
127230,"Sweet Queen Elizabeth, perhaps, protecting herself, Elizabeth and daughter",sherbetdip
82749,"Old lover, smooth, fast mover",express
113495,Dark atmosphere from tune at the end of the day,nightair
99335,Essentially need to have installed Windows version change to make quicker,expedite
53272,Call and get back a bit of music on the line - it gets under your skin,ringworm
61801,Sentimentality becomes Electra,treacle
42153,"Unreliable date, yes? Not 'e!",steady
39789,Boredom contributes to under-eighteen nuisance,ennui
13973,Express boarded by Latin Society,world
14731,Priest hosts wicked dance,lambada
85919,Sports venue where Dumas gets it wrong,stadium
19034,"Document, always _____ to the left",passport
90316,"Reportedly, the long jumper is to make a dash for it",flee
40773,"Far from cheerful actor, so they say",dour
53689,He crashed awkwardly before the end of the race - bad luck!,hardcheese
90722,Athlete regularly involved in rows,oarsman
27116,Season well,spring
57524,"Over time, state intrudes typically!",onaverage
38246,A gem of a game,solitaire
59822,Bank charge right to go up,reef
100994,Being a movie actor told,inthepicture
24968,Nelson's house left to relation,ratio
63735,Most of pouffe on the back,hump
132732,Say band always returns to appear again,reemerge
962,"Promiscuous and, without question, a bit sick",easy
127940,Fifty-one doctors appear to be members,limbs
34896,Worker with pass,hand
83951,Bird to follow round in dive bar,cocktaillounge
29040,Avoids breaks when touring island,resists
19574,"So tired, shattered by their paperwork?",editors
16517,Araucaria's gold Roller going for a song,aria
109307,Chilblains cause apprehension,coldfeet
95411,Acting so strangely when in doubt,agnostic
46061,Measure and test doorway,entry
34827,Lose wind when seeking muddy shoal in Cheshire estuary,deflate
58118,"Right, left rubbish",lawful
72548,Frenzy's essential,must
15313,Fruit for concubine,sultana
65168,"With it, answer and leave show",chicago
88505,Traveller to arrive on time,comet
110408,Recorded morsel of memory,byte
68073,It normally completes the written enquiry,questionmark
81805,Indiscrete xenophobia covers reactionary city,exeter
38242,Viewpoint that's not in fashion,outlook
69460,"Antisocial person hails me, strangely",ishmael
31395,Put off mounting watch,remit
84666,"Nurse goes round African country, being of no fixed abode",vagabond
103965,He's cut and knocked out - but not hurt,unscathed
127359,Pig accommodating uproar by end of Animal Farm,holding
24755,Agreement that's current - something binding?,accord
112567,Rings for matches,arenas
47849,Dad's on trial unfairly? Just a bit,partial
82043,Tidy the latter half of where one eats,groom
108032,Man left on river? More than one concerned,plural
81514,Recruit maid first to polish?,shellac
36391,Jersey etc stolen by a European back in Italian city,brescia
123500,Satirist aiming dart at fashion,rushton
64463,"Right places passed over in trip - one flies over Paris, for example",tricolour
124706,"Joint in ponies and, abroad, in many sheep",fetlock
88788,House associated with drink for an officer in China,malting
86345,One taking steps in time,dancer
7979,The root that shows us pi?,turnip
1560,Trainee to dust round hospital department,student
99964,Everyone in feud unusually mature,falldue
91852,Skin's fine deposit,flay
35456,Boring place to live,flat
16780,Footnote about fish's glittering scale,spangle
83917,"""Pit""- short for a dog",collie
26514,Duke is placed next to earl in row,dispute
39681,Stuff in blue cube that's fried,crouton
40040,Agreement held by right of office,mayoral
72655,I went on a pilgrimage to reverse the priority of holy war,hadji
34254,One helping Turkey and half of Uzbekistan start to thrive,assistant
64987,Leave course when disheartened,desert
115674,Idol is cut up about being underhand,duplicitous
86083,The whole batch is propagated in a cool bed,caboodle
138168,"Singer roughly covered by Elvis, or with Kinks",vocaliser
109379,Took a seat on returning vehicle - one way to get home?,satnav
95354,Book half a month online,novel
110624,Lodger keeps Alsatian largely to make an impression,printing
16400,Ale or gin from the local?,regional
32475,"After getting rid of cold, stopped and relaxed",eased
29657,Somehow resent accepting small bribe,sweetener
54832,Answer is again wrong,retort
89837,Sees war chest spent on nibbles,cheesestraws
77155,"Power to harm and be upset, I heard",evileye
118713,Purist hot tip for academic job,tutorship
59082,Light diet may be ordered,daytime
13038,"Old painter, kind person, one in need of company",angelico
88937,Empty university accommodation finally gets grant,unlet
72804,It's up to me and mine and it's set to go off with a bang,timebomb
17468,Hip name in design for person shopping,informant
114041,Composer lifts side overhead,massenet
28315,Very musical fool - very good,assai
73321,Boxin' 'owdydo has a pantomime character,punchinello
46591,Harry keeps home functioning,doing
131866,Prayer involving a couple of bishops - one left in a huff,crabbily
91716,They abuse right to occupy band on the road?,torturers
52505,Flatter shade of brown,fawn
58832,"Lover Romeo, at Juliet's end becomes distraught",amoretto
16901,Royalist without care,cavalier
39037,A newscast leading to royal response,answer
45365,Oblige prisoners to exercise,constrain
31,A line replaced from elsewhere,alien
141435,Beatniks somewhat high starting to puff on empty pipes,hippies
15186,Fruity syrup lacking in pineapple,grenade
47000,Swindler who strung people along?,fiddler
4077,Fair appeal for help and love,soso
40557,"One hoping for beneficial response, say, lacks the power to secure mail operative",claimant
135108,Such land is an accepted basis of discussion,commonground
134590,Admire spa from a very small vessel,eyebath
102244,"Leaders coming from north, as usual, resting up in Pacific island",nauru
134359,"Could be next Open Champions, perhaps",exponents
45253,Particulars of attractive sartorial features?,niceties
122206,Hello admits shocking treatment - celeb initially furious,hectic
101250,Chasm may be providing income for landowner,groundrent
100076,Vulnerable spot targeted by Paris,achillesheel
83458,"Don't doubt this sphere at high speed, retiring",realmccoy
11762,Order for fruit,orange
115841,Fear surrounding money and experimental methodology,trialanderror
92975,Once a council's official tree-feller,alderman
1846,Bill or Bob keeps batting,ordinance
89195,In appearance everyone is lacking in depth,shallow
71411,"Sum of money advanced was sufficient to have invoked admiration, they say",imprest
782,Renegades making Ascot?,turncoats
32939,A stroke of the cat may produce it,purr
141558,"Formerly, a fascist symbol broken in half",aswas
905,To follow without books can be hard work,travail
138551,"Vehicles, one after another, carrying assistance, turned up to support a major medical emergency",cardiacarrest
73682,Artist sees women slither about,whistler
12706,"Grey, maybe, or blue? It's tricky",sadist
110123,Play with little cat after a change of heart,pygmalion
109220,Drug to treat patients foregoing exercises?,statin
38033,"Painter, soldier and engineer",giotto
37346,Lives created in self-reliant way,autobiographies
55964,Addle-pated fellow who ought to know better,adept
71866,Leave it behind once?,exit
109187,Swot up about a Pacific island,guam
77821,It is insane to make something acceptable?,sanitise
135974,Sausage and veal cooked in sauce,saveloy
18037,This has cut smoking,navy
11833,Period for redemption states article on church,usance
35039,An event for wine people,sackrace
117113,Football's bird?,winger
35769,Sign of stone in icecap,gemini
61304,A good man to torment for the latest news,stoppress
35811,"Twisting hair, drinking strong drink and spilling guts",harakiri
117900,Shed fitful light on man in Southsea (in France),shimmer
12492,Prominent headline about power cut,splash
12603,New fears about opening the attack,strafe
109797,"Asked to pay, when cryptically laid up?",billed
49384,Pals come round in French town,amiens
55676,Fruit one has to like if on the turn,satsuma
20507,Cause confusion by putting rooftop into roof end,garble
122239,Change the name of a fuel,methane
69955,"Top dog, say",peak
36508,Singing and dancing and how to follow beats,floorshow
71374,Sectarian bias understood? Not so!,bigot
49023,Stir up endless noise within UN agreement,unison
139812,Interrupt prince filling beer mug,stepin
40279,Jolson supporter takes poor actor into Spanish palace,alhambra
24127,"Pub gets round churches, maintaining direction sung by Blake",innocence
55207,"All over the place, drunk, empty bottles",unkempt
122103,Party issued approval,consent
98254,Subordinate entertains at home as a way of drawing attention,underlining
94190,Lethargy does for love in a primate,languor
25567,Apparently different Reserves go by,elapse
39295,Sense discrimination,taste
55747,Girl executed in the bullring,veronica
96918,Food preparation is part of the service,dish
50405,Leading actor's lines are bright and pointed,starry
9296,Muscular vagabond embracing nymph?,larva
105288,"Strong desires well up, beginning to end",urges
38072,Masseur with group keeps papers together,rubberband
56226,"With great insight, golf club has filled a key staff vacancy",profound
116133,They say solver had dinner late to lose strength,attenuate
119370,Odd dealer in an odd novel,danielderonda
130945,"Remove all trace of one with two names (one hot, one defunct)",annihilate
16717,Increase affection for organ stop first,endear
131844,Glass utility houses slow section,lassu
117103,Perhaps tigers with long hair taking a short cut,maneaters
114792,"Sundae with hot and cold shakes, not made liquid",uncashed
30699,Country of splendid wickedness but topped coming up,tunisia
90773,"On balance, different",unequal
89094,WC lacking sides and a spotted thing,die
132086,Disciplines daughter and son at end of reformed life,fields
40398,Don't totally accept the cut-price offer,discount
113481,Tumulus disturbed outside key Roman town,tusculum
34015,"More than one current meeting I cancelled, conference closes during tour",tiderip
28169,At home more healthy to have respirator,inhaler
139173,Confirm EU ground is wedge-shaped,cuneiform
111892,"Tees, say, first stolen from golf club",river
117215,"General idea that's not opening, is opening",rift
56376,Good person with halo maybe in train,string
35150,"Repeating time after time after time, I love breaking in",iteration
40497,"Fabulous bird raised, literally, on an island",corsica
108011,He is one running Tangiers,inertgas
122711,Sun on raw wound,snaked
67075,Network free after midnight,grid
62353,Giving flower to male is foolishness,poppycock
62870,District capital's hospital,parish
135357,Measurement akin to leaking?,insideleg
110885,Did something current with Mr Hughes,acted
17617,Work-to-rule neither starting nor finishing in the capital,oslo
39589,"Former African dictator, extremely electable candidate",examinee
35532,Notice a government official's conduct,administer
59342,"One could bring hope to a suffering saint, internally",osteopath
125570,Joins members of the embassy staff,attaches
8529,Ban involving English doctor on Greek ship,embargo
31950,"Going round is good in Paris, in small amount",ambient
119039,Be glad to see jewel comets without jets,welcome
123467,Not the grand sum of drink in vessel (one litre),subtotal
44991,Regarding the birth of the bum,natal
133125,"Make something for washing ass's rear and a pony, if messy",saponify
64428,Pinch head off a duck,teal
31206,Involving the bell-boy in strikes could well cause storms,rampages
78287,Daughter spoke out about tense workstation,desktop
44468,Sky put article in text of news story,canopy
41020,Thought expert Gore invested in anyway?,analyst
110201,Ring up to show contempt,pooh
22256,"In conclusion, crack cocaine ultimately taken",engaged
17486,Check those printing religious tracts?,repress
135466,"Closed hand around broken nail, one of only two left?",finalist
127477,The Guardian's into rejecting obscenity - which may be malignant,tumours
90210,One who's drawn Dolly?,sitter
78389,Going back to the lapel lining's number one fashion,reversion
111974,Cast pushing the boat out,fling
61421,Animal lacking tail that's taken home by old star,alpacino
96929,Everyone's doing it to make earth legal,alltherage
46374,Unruly boy I quell in a roundabout way,obliquely
66675,Introduced new dietitian,initiated
81429,Annual pop festival,fathersday
34428,Simple departure is without formality,easygoing
41687,Bishop without polish,blacking
102340,Am I a figure involved in race relations?,family
44674,"Idle, maybe cold-blooded creature",python
57092,"Where Strauss, say, pops in at Lord's?",crease
4598,Guideline for most of the study,thread
39576,False standards over debts,specious
53759,Classy girl leaves it in large town,city
45495,Hold pin used for mooring a vessel,dolphin
109148,Wagon overturned on Eastern trail,trace
26194,Chips are fried to look heavenly,seraphic
64722,Where to obtain some pottage,mess
26288,"Hannibal, born to take the stand",lectern
67274,Verbal authority,sayso
42984,Female relatives of a pawnbroker?,nieces
53395,"Died in combat area, nothing turning up that would keep one going",adrenalin
23125,Home late having had a ramble after church,chalet
46141,Train's running on time!,transit
9763,Again establish checks unlikely,reinstall
26182,Support brilliant objective,defend
35849,Just a kind of piano,upright
29115,"Relation attending university that was a joke, creating uproar",brouhaha
86302,Getting compassionate,understanding
69183,Crush gets too much for wife at steering wheel,overwhelm
55422,"Alone, one dead in the ground",isolated
38722,Lay speculators in a state after losing pots ruinously,secular
121832,Stubborn or eccentric characters get a hundred lines,cranks
90665,Morals corrupted by champers?,molars
60283,"Non-fliers, holding US wheel-protector back, honourably discharged",emeritus
118514,In recession refuge accepts yen and another currency,riyal
10949,Teacher admits time in prison,stir
32533,Ben's own Highland pony coming over,mountain
78574,PM out west gets firm with frisky animal,bronco
72412,Device to sense when to turn off includes time in firm,detector
113492,Very thin ogress desperately eating a piece of meat,gossamer
28415,"Puck's game, catching a butterfly?",imago
95780,"Odd bits removed, barber cut path so short",abrupt
1765,Way electronic device falls short,mode
75685,Firmly establish I have a qualification to teach,imbed
34050,"Type of deodorant that's scarce, making a comeback in nudism perhaps, is outlawed",underarm
22619,Record subsuming records all about the truth,gospel
22569,"Sleepy old English mascot, perhaps?",comatose
126390,To show greater indulgence may be stupid,mindless
97797,Mammoth is initially grey in colour,huge
46966,Breakfasters need this to get grime removed,eggtimer
56205,"Sloppy, rather emotional leaders current in papers",remiss
128914,A number entered here - vital to move quietly,keypad
84154,Italian city in a different country,romania
68629,King pair (Vlad's),priam
10630,Socially one left right out,loner
140450,Contemptible people's cruel quips are stopping points,pipsqueaks
22915,Girl's firm provides entertainment,disco
91057,Calm after having drinks in A&E,atease
65811,Cut of meat in lunch in eatery,chine
44614,"Able to do maths, working out true mean",numerate
117146,Sad musical with less entourage,miserable
38205,Rose petal arrangement,leapt
22922,Snaps come out and go round,encompass
109724,Buzz rising around one thoroughfare and another that is much desired,musthave
74730,With cost adjusted price is about right without tax,scotfree
106551,Fastidious attitude of one city poser,preciosity
128895,Want to try? Only too willing!,likeashot
141046,Be good enough to satisfy hungry pelican?,fillthebill
126043,"Awfully coy at heart, ""Jane without a name"" gets a name",joyce
76582,Show red card to underworld girl,dismiss
128353,Nominally commit oneself to work?,signon
6108,Block and tackle?,stop
51650,The Parisienne wearing sweet headgear,balaclava
124846,The opposite of bustles - yet still worn,slacks
142009,"Feeding badger, need pot that's sweet and sticky?",blackpoolrock
33295,Stuffing for tuna utilised for molluscs,nautili
56933,"Bit of armour: is familiar with rest, it's said",nosepiece
126261,People wearing religious clothing,inhabit
6543,"Powerful batting, past, present or future?",intense
102681,Performance cancelled due to lack of a final decision last time,playoff
15351,Added recommendation for a jockey,rider
90057,Something read in Deuteronomy? This is not true,myth
45249,Jack off in old swinger's boat,ketch
18024,Spots One Direction's involvement,acne
10092,Pay attention to sermon,address
63958,Withdraw charter consumers introduced,recant
61524,Missing persons,absentees
102847,Trees rendered fragrant compound,ester
1990,"Code word for ""S"" is rare in operation",sierra
37829,Some officers raced about,cadre
3962,Delay of an hour on the way out to Oxford?,holdup
1864,Book every anaesthetist will have?,numbers
135640,Weeping priest to turn to line (part of Bible),purulent
118134,Provoke rage placing old tree in van,exacerbate
62859,"Ahead of strike, navy issue coarse stuff",grogram
83862,Restrict king in temporary quarters,cramp
7397,Stylish swipe that gives body support,hipbone
11727,Capturing part of the city,turin
8309,Hikers disturbed bird,shrike
53940,Director concerned with type of film,renoir
42740,"Seeing revolutionary monarch, shout ""hooray""",cheer
21729,Interrogate arrogant young man about maiden,pump
66362,Top bowler?,spinner
74682,Soldiers restored enclave's topicality,relevance
89594,Commonly done,diddled
81421,The way to speak? Not the best way,stutter
66372,Docile and quiet subject,pliable
80948,Little fellow heard to be after duck roll for bishops,diptych
80104,Man with giant strawberry on his head eats fruit - well I never!,gorblimey
33664,"Fruit nasty, we hear",ugli
129241,Cares about large and diverse brood - they are biologically related,bloodbrothers
94551,"National rating, one other",argentino
47066,Means of securing textile fibre,staple
128711,Workshops where academic’s not acceptable,studios
123592,Seaweed keeps society protected from disease,lassafever
72999,Take off old prime minister,peel
3767,"Might one be popped in quotes, perhaps?",question
91642,Cross opponent of the Middle Ages,saracen
68547,Cut down on meat,chop
26669,Study a gospel land,denmark
128947,"Tidy, maintained without muck for a start",kempt
87847,His taste converted the godless,atheists
101231,Old entertainer calming a dicky bird,magiclantern
27863,"Like being in British Isles, in principle",basis
101806,"Call to keep up extra aphrodisiac, allegedly",pheromone
55316,Industrial action that's quite out of the ordinary,striking
47752,University folk trained accountant the wrong way,academia
132047,Food for tramp in Spooner's mantraps,trailmix
13912,"Certainly, you will need a hospital",yeah
15680,Those not in the minority choose to speak out,electorate
93987,Unknown object makes stomach almost turn inside,thingummy
9286,Italian inventor of Romanic extraction,marconi
42953,Record turnover is not commonly a cause of this,plaint
26591,Ecclesiastical vestments may hide them,calves
54402,For this Chopin wrote two volumes,pianoforte
121824,Most inquisitive regarding lack of short nap?,nosiest
110520,Posh female set,gel
137822,"Season has ended - make an appearance, quickly!",springup
103223,Willing to finish in debt,endowing
97253,"The Turk's Head for such hostelries, say? Is mater upset?",imarets
4469,Swarm in a vault,abound
4298,Cut out first letter in language,erase
97040,"Repetition is, after all, Peter Piper's speciality",alliteration
44636,Lively tune penned by lover bursting to propose,volunteer
31951,They won independence for boy in a man's environment,americans
33825,Material I'll recite in hollow performance,paisley
75546,Mixes drink to raise funds,jumblesale
40208,Questionable cult defends American power,suspect
6921,Beloved band's last audience,dear
107599,"Morgan, when entertaining live, is a tool",pliers
40065,It has the like of Polyhymnia mostly in charge?,music
117081,Robin's nest,sherwoodforest
88049,Cockney pet mad about city,amsterdam
89121,Bad press? No setter's inclined to answer,responsive
112017,Cheap as nails?,tacky
76384,Is he or she right about the heavy worker?,shirehorse
9026,Go ahead with loan,advance
107346,Many a girl gathers piles for a skinflint,cheapskate
137471,Doctor or sleepy nurses run kind of hospital,leprosery
37270,Travellin' on island or atoll,bikini
92219,North American medicine man gets the bird,mohawk
132445,Tear into solicitor and get high,tripout
67834,"Plants fruit, showing a most important craft",flagship
116291,"Rebellious supermodel, a remunerative case for one?",numeral
119621,A turn-on for scientists finding a way to plughole?,gastap
53119,"Manager, a stud",boss
85328,Remarks not intended for the other players,asides
6598,'I'm clueless!' - Hunt to Amber regularly,searchme
77406,Sort out the man inside with the rest,others
26184,Guard appears fed up over tip,defend
14613,Unionist pursues crazy idea for so long,adieu
72463,Making provision for pocket money,allowance
140350,Turn on US president (wife getting chop),bushwhack
41286,Hold cups up in time,harbour
118535,Enigma not puzzling essayist,montaigne
91307,A hollow farewell!,vale
29113,Sounds like a concoction to ditch when there's such a fuss,brouhaha
37369,A choice literary gathering,anthology
38730,Wild ass brought up to love herb,oregano
7756,"Letter to Greek man embracing Muse - half a half, say",numerator
103275,Destroyers take position across the street,locusts
13535,"Spilling blobs, make mess on small disk",splatter
82482,It makes one wild what people do when they retire,liedown
90772,Not even a Parisienne qualm is detailed,unequal
142176,Car is to pull in and be damaged in spin,publicrelations
88694,Awkward situation a golfer may get into,hole
101456,Butt of a gendarme's covered,fagend
115644,Pearly ring with faint odour,opalescent
105701,"Kills hero at sea, away from land",offshore
99192,"Loves bread, or especially sandwiches",adores
138742,D's place out in the sticks,backofbeyond
77880,The state of the compiler - covered in hair!,maine
135755,Even a prig could be a passer-on of gossip,grapevine
131523,Soft centre with bit of liqueur inside,mild
15460,Ropy material in recut sails,sisal
54356,A bar across the channel?,bistro
125193,Rotten cold before game,crummy
76046,Claim to put pounds above euro in petty cash,challenge
73325,One accountant accepting credit with capital,accra
30200,Broods about one's exploits,misuses
85420,Lounge used for thinking,loaf
77208,"Unexpectedly arrived during tea, drunk on this?",tablewine
67377,Asked to have breakfast in bed?,begged
42958,Sweet dumbing down,gobstopper
91698,Employees stick,staff
13033,Small child wearing cap is kept within bounds,limited
87979,Drop dead in uncultivated Nigerian capital,falldown
57897,New flag adopted by diocese without reservation,entirely
4998,Be king of Niger?,reign
37464,The base and the elite to start making up?,foundationcream
117768,Forces to dish up mostly frozen confections,services
87394,Greatest respect for commercial delivery,adoration
138995,Upsetting oath about vessel in unenlightened time,darkage
40646,"Allow some, given a blessing",enable
1389,"Dined about noon, or before",ante
106296,Last maiden to prepare for a new engagement?,rearm
112139,"Ostracise, after losing two books, an archaic, destitute person",lackall
70670,Release Cleopatra's killer after relative is docked,unclasp
75407,Somewhat indigenous language,slang
83532,Second bottles always for sauce,mayo
3848,Seize family at dinner - it's their cover,napkin
141325,A holy play brought in to stir up Windsor?,royalhouse
51495,Harmony always around US institute,amity
140638,"Like sound from worst headphones (Aussie cans), terrible at first",tinniest
20682,"It's to do with the pursuit of game, naturally",ofcourse
109441,"Father (Roman Catholic) aptest, I fancy, for such skill",priestcraft
39292,Discrimination shown - but not a lot,taste
31899,I brawl endlessly over plant extract,elemi
48631,Absent abroad,away
93194,"Distress seen, whoever seizes revolving exit",anxiety
13765,With bulge around,sandwell
135947,"Horse keeping dry, put back as before",stetted
37313,As in general revolving frame,easel
9188,Bitter cold in desert,acrid
105673,"Effusive, improvised C sharp setting for Groom's Vow Rejected",rhapsodic
118827,Prescott a false witness?,spectator
22332,Begin to explain what I did at the restaurant,initiate
9924,Fly at an early age,maggot
109940,Normal procedure in accessing course,routine
73743,Cavalryman's shout of joy heard,hussar
54667,Open tank to replace Japanese icon,avatar
104330,Rocky knocked out leader in town,unstable
108956,Artist - one in European city,munich
131854,"Was hidden plastic, encasing canine opening, like a filling?",sandwiched
79041,Book of Life,biography
101928,Lean over the counter where your shoes are repaired,heelbar
46974,Priest depicted in church memorial,relic
142304,"Dicky, given article and box, improvised",offthecuff
1371,Claim supporter tucked into the booze,allege
24473,Desires Cinderella needs to set aside,rescind
130603,"More compact packing is preferable, primarily, for pharmacist",dispenser
108643,"Export from China needing to be cut, top-sliced",oolong
3392,"Single out animal sanctuary, English branch first",earmark
117552,She died with honour at stake,joanofarc
111788,A military point of view,observationpost
139631,"Understandings seen as target, using visual aids",insights
111057,One taking cap off batsman following balls,bottleopener
1384,Stake and it is quite slow,ante
101792,Miles away from imported rolling stone,peridot
125689,Revolting bard soon causing breach of the peace - from which all hell broke loose?,pandorasbox
46709,By autumn mine is over; that's the snag,pitfall
19271,Totally fair,clean
51281,It's not easily carved by one in a confused state,ebony
53287,Four-bar cadenza containing an overarching passage,arcade
130597,Choir's situation shortly after chorister finds better option,treblechance
126602,Order me new shirt? It's a deal!,arrangement
6718,Finish with awfully sore back,endorse
7528,Instrument to last with a material,organza
7178,Country home completed - one's in it,indonesia
134388,Paper bags quietly turned around,spun
126037,Low-pitched noise from this replacement dog,subwoofer
64594,"Out for six, proving the point",prong
53292,Shops here are holding scoundrel,arcade
11687,Prime and irrational number? Large primes can't be this,eleven
69387,New plan to re-use drink,greenchartreuse
110590,"John - me, say - as a Shakespearean maid",lucetta
59233,"Mark races back, losing a point",scar
122009,Coming back in baroque entrances,renascent
93360,"Make impure drug, cutting what mature people pay",adulterate
121160,Old king putting drink back in lists of options,menelaus
61133,Range of a climber that's in Devon,ilfracombe
18102,Shoddy cold store,cheap
88041,Mocker of one featured in foreign articles,derider
85392,A book on the Mob making a WMD,abomb
118857,Welshman chasing year-end orders,decrees
110869,Church sees drink to its end,kirk
82588,"With old Liberal retiring, voila, a way for Berlusconi!",via
87230,Learn? I can't - lacking time for observation and application,arnica
46744,Performance in hat likely to touch people,tactile
63952,"Call up a woman, a case for approval",evoke
59942,Aspen is rocking to music with Los Angeles ready to start,tremblingpoplar
12724,New mascot hard to put up with,stomach
73112,Dish of boiled hen - it's fed to a wild dog in India,toadinthehole
135885,"Cleaner artist succeeding, having wiped rear",kleenex
54158,"Help stomach and bottom line initially coated with blusher, free for all",roughandtumble
7705,"Twist nonstop, squeezing oil from it?",olive
7423,The language of poetry needing no introduction,erse
19572,A children's fantasy land's not right - one lies,ananias
77572,"Dazed, having swallowed cigar butt and likely to croak?",froggy
112775,Stupidly set bulb that's prickly,stubble
9518,Castigation for putting on casual clothes?,dressingdown
57636,Breaking up coal for the furnace,cupola
103105,What's contemplated is a bit flipping irrelevant,navel
83893,Sort of thinking lacking in man going overboard,knight
118977,Figure for exercise,workout
5359,Promise to put piano on shelf,pledge
97863,Indian princess has hair a man styled,maharani
19026,Doctor taking drug to poor lad in madhouse,bedlam
127428,The rest of the players,halftime
62147,Fish with a sort of tailpiece,coda
24079,Drunk in snug,tight
136629,"Cheese and soft, green fruit regularly not out",pecorino
105158,Trouble in Reading is entrenched,ingrained
36792,"Middleman to offer new shares for sale, so not going under",afloat
41696,Novice reporter on a Caribbean island,cuba
9660,"Principle number eight, gutless",tenet
46368,What Blair became before spring,orwell
2636,Prisoner I meant to rescue,inmate
85214,Disloyal? Not US!,unamerican
71272,Stiffness of celebrity at church,starch
125787,Oxygen-enriched form of cast-iron combinations,consortia
86868,University evokes old times for many,oxford
84653,Burlesque with outlets for game,skittles
68299,Bore passed by a majority,carried
23587,"Take part in discussions? For mathematicians, just the opposite",converse
24617,Correct bit of metal piping goes outside,remedy
12269,Order Lambert to be detained in fortress,castle
120790,Cheer ’eard to order?,array
134986,"Sweet, lyrical, inventive introductions by company songwriter",licorice
96522,An old hand's adopting new protective gear,aprons
1519,Not much time for another helping,seconds
133885,Representations of modern culture left around the state,popart
53959,Brake loudly: road ends here,kerb
128905,Saw around soft fold in limb,appendage
77321,"Hot drink, second cuppa?",mocha
78633,Hybrid vehicle not a huge success at first,cross
60418,Wagon traffic,truck
134264,Safe now to serve beer so?,outofthewood
84009,With discipline sometimes for the birds,strictly
92397,Queen Anne's successor goes through the mill,grist
115667,Makes a wish and does well in company,getsalong
362,English apricot crumble can be overdone,operatic
48730,Wrongfully in charge? It's criminal,illicit
103615,Section prepared includes unknown constituent of DNA,cytosine
1652,Teacher was upset by note,swami
120943,"Month, bleak and damp, turning summery?",warm
35134,"Wanderer, former invader, right across the front page",jupiter
14098,Imagine going to dig being fantastic?,dreamlike
68013,Toast US abolitionist,brown
31956,Sucker in starting price swindle,sprig
29005,Old lady's going to walk,mall
30464,Shakespeare character in love - or isn't he worried?,hortensio
20527,"Indigestible food, for example ... - sent back",stodge
105200,"Removed dress - good one, torn",stripped
59948,Eight days or weeks with hail,octave
100249,No good wheedling about capital,newdelhi
63700,Poet made of setter in time sherry's drunk,rhymester
140077,Caribbean islands where snake gets protection,windward
90307,Rag label cover protecting ring,tabloid
45620,Cry as body of collier found in coalface?,scream
34165,A painter is comparatively smart ...,nattier
29440,Go to live in Ribblesdale,settle
43312,Emerging forcefully from hot Irish capital in fall,dehiscent
121142,Dad getting chased by goatsucker ruined the holidays,packagetours
141864,"Awkward bra, anger miss with fumbling",embarrassing
36904,Shy touring area of Ibiza - that's funny,comedy
50562,They include a case for those seeking a rise,stairs
48959,Nit-picker gets ace fighter in a huff,pedant
35586,Put off and rescheduled hosting day in Paris,adjourn
139032,Like film-maker's second try to knock out western,taketo
80160,Leave nameless Bond villain with sulky expression,dropout
30302,A match for Nick?,lucifer
42535,German poet inspired rising alternative star,heroine
116368,One article from China for lover of Wuthering Heights,cathy
9220,Composer before Liszt sounding note for Sainsbury's?,chopin
43895,Submit pill when temperature's taken,table
37651,Frightened of the weather forecast?,windy
104261,It'll dry moist places with little adjustment at last to seal you in,oasthouse
23621,Loner about to get taken in hand and signed up,enrolled
63464,Gave way to current director,fellini
124827,"Old man in Cuzco, perhaps, exhibiting lack of power",incapacity
52209,Many contend over ceremonial flower,marguerite
5561,One sort of maths leaves one gasping,asthma
129551,Club member getting birdie?,woodpecker
90058,Shopped and completed operation,stitchedup
80649,An easing of tensions after river engulfs marquee,detente
74445,English drummer's sound produces sea holly,eryngo
130408,Wonderful people Spooner invites to parties where there's much chatter,gabfests
89214,One-time celebrity beginning to be superior,excel
15858,Sort of gun in story by right bugger?,listener
26802,"One called round, being sorry",ruing
131479,He held the greatest ring not to be enough,frodo
115251,Architects' work bringing peerages?,elevations
134550,"Relaxed, prepared for another shot",reposed
37017,Tidy up formal page,primp
105026,Rob caught Dutch liquor in pan,steeldrum
56943,Basis of measure once with listener in class,forearm
19051,Backward class welcomes religious examination,tripos
68724,Act as a dismantler?,takeapart
57700,"It makes sense, if it is used to win at cards",finesse
55649,Verbally cross and discourteous,rude
27512,Person striving to keep motorways in better condition,trimmer
89018,"Apply initially after exercise, right, to stop soreness",appertain
79685,Euch! Is Auntie cooking fancy food?,hautecuisine
138492,Writer like Nelson?,columnist
26189,He pays the price of publicity,advertiser
18977,"Starter in pastry dish, hot item",flatiron
125106,Today? Forever? Never!,noway
100561,Pretend agreement will cover non-professional,playact
10393,Particular soldiers,detail
114849,George was such a pilot,automatic
78973,Chaps eating cold caviar he served professionally,mcenroe
93408,Sudden enlightenment emerging from Pisa to Rimini,satori
55407,He sent a cable setting out financial position,balancesheet
21981,Please spread out,asleep
94380,Rashness and cheek? That's about right,imprudence
31835,"Fatty acid must be emptied out, I submit",adipose
40155,Some civil unrest must be laid at his door,milosevic
116746,"Don't say anything like ""spradget""",notaword
43409,"US measure it, beginning to accelerate in recession, people learned",literati
76802,Miserable quarter heaved,wretched
102835,Settle government department's year,defray
105845,"Central part of Italy, or northern part of England",cumbria
9341,"Silk gets brief, thanks to French cheese",taffeta
78164,They fly or take a train,rails
67441,State of region almost in tune,arizona
27813,He ruled no Britannia!,canute
114393,"Dances with strange, rhythmic beats",rumbas
101458,"Nutty type could be a mug, sadly",amygdalus
102628,Depressed by drug prevention campaign,crackdown
132968,National fervour to interrupt heartless neoconservative ramble,newzealander
59903,A small cut is required in this theatrical performance,keyholesurgery
54448,Still there? Cool!,unmoved
90603,Complaint of a Russian lake opening for trade,ailment
50153,Lather moistens back,stew
137498,Good routes for long-distance drivers,fairways
33108,Trail a wandering star,altair
55886,Drink by mayor and old drunk,bloodymary
42578,Ram in cherry tree maddened dog with energy,getupandgo
26391,Get stuck into animals from behind,tackle
132862,Disciplines making sense of CSI scene?,sciences
16039,Many sheep will be found in Sussex,lewes
71382,Endlessly vacillate before a game try,haveago
63916,Pirate school,teach
81104,It proves playing is playful,sportive
21704,Against being held in quarantine,anti
35429,Find out second time colour is spread,rediscover
132345,Threaten to put raven and hog in a stew,overhang
133665,"Fish suitable for tea dance, say",conger
43362,"Year One, being involved in Latin: state ""poetic""",lyrical
73010,Sword drill in general (learner barred),epee
51112,Look at a ghost as a protective shield,eyeshade
8557,An eye for a drink,optic
34491,Bear-baiting's leading one to perdition,bruin
25138,Charisma could be an outdated concept,archaism
105348,Denial set in code,nodice
16391,Kitchen staff gather in Israel,scullion
105446,With a drink problem one may lose direction and become offensive,vinolent
47157,TUC severely criticised,cutup
42122,"Olympic event, for one, a master's city",damascus
4679,Name the number below,nether
12476,Hopper in convoluted dance,hornpipe
66922,"Offhand, despicable people love going by railway",cursory
111165,Outstandingly bad (say) royal without love,egregious
89531,Arrangement of flowers in the pit,parterre
20352,Profligate has pound put back in the shade,royalblue
124483,Plants free of insects? Not quite,bugles
44792,"Hospital department needed a doctor, so called for",entailed
6766,Commercial payment collected by that man's fans,adherents
140282,Company member initially gives hope of settlements,compromises
129074,Describing Jill when cut off by Edward?,jilted
61414,The rest of the liver,breather
123965,Second action plan in relation to plants,botanic
16824,Soldiers on ship holding the sheriff's men to take back property,repossess
110867,Outskirts of Derby creating new rural development,gardencity
24705,Doctor's love for Italian red wine,medoc
21546,Poison makes space for a number to move freely about,envenom
98643,It's on twig?,cotton
39546,"Structure federal agency to make a comeback, although antiquated",archaic
30021,Gasp after adult's gone for upper-class boot,punt
22988,Leaders of International Trade Corporation holding yen,itch
264,"Nasty fellow, from the first filthy rich",welloff
137500,"They follow the harvest, less abundant in source of comic operas",gleaners
128838,Get out jewellery for outdoor pursuit,scrambling
87662,Collect for a divine liturgy,amass
41660,Surprise of persistent look officer kept up,startle
42038,It's danced south of the Sierra,tango
5082,Signal carrying little weight,verylight
16904,Small tiff - it's with sweetheart,petite
80668,I supply its targets,strategist
61754,The way the theatre gets honoured came from Iolanthe,strephon
82120,Abatement in partner of la ewe?,letup
4688,These regions are hell!,nether
2726,Fragile copy,flimsy
53560,Ancient solvers holding girl up without much ado,easily
26940,Motion rifles to retreat,stool
71781,Fair to put the head in charge,fete
71650,Papers resorting to smear tactics?,reams
100122,Rusbridger retains people to do this,emend
98193,It's a fixed sort of charge,bayonet
87066,Conceited midshipman,snotty
61708,Scrounger taps general first,leech
116706,A jumper for the South African side,springbok
28966,Needle sounding blunt,bait
64250,Getting permission for bank job,clearing
124236,Support in reverse,backup
115524,Pressed Gordon first about reshuffling Balls,dragooned
65203,"Lenin was taking party with me, after revolution, over the sea",embalmed
63678,Something raised short of a bloomer,dais
124751,Heather cutting father's fences,palings
11098,Slowly incorporating a building extension?,leanto
41757,Factory shutdowns designed to cure loss,closures
36266,Rabbit's tail trimmed to a point,scut
57280,"Clapham is, historically, home to a sect",amish
112354,Cow that's converted ignores hell,lowerregions
95016,"Snake - in fear, it's got up",wind
41799,Powerful passage of literature?,corridor
39000,Animal rights dividing supporters,ferret
92456,"Get bill reduced, strange to tell",acquaint
47479,Panelling for cart that attracts tax,wainscot
132979,"Looking shabby, he meant to reform",motheaten
93646,Flighty female about to settle colour,peagreen
124308,Fugitive has to rush a barrier,runagate
98732,Hope lad's working in plant,asphodel
134111,Procedure to agitate film-maker?,motoroil
110568,"I create when intoxicated, penning very obscure stuff",esoterica
81215,One desiring solitude - magnificent but ultimately twisted,greta
86221,Bernie shortly hosting function in Atlantic City,santander
42126,Sailor from the East left a hurtful mark,lascar
89002,Greek poet's energy about to inspire one of her letters,sapphic
113785,Cocktail of drugs for liner,poet
91385,Though analogue isn't a poisoner ___ ?,digitalis
19381,Molly's topless solo,alone
25253,"Impressive, also soft and not upright",grandpiano
63422,Vote to keep unusual slim footwear,plimsoll
93089,"Screw badly, then drive out",frighten
65315,Relative bound by fancy contract,covenant
59913,Newspaperman determined to go out,sheet
20669,Trick brings the French into view,sleight
22658,"Palm fern, regularly used after prayer",amen
42404,Firm in the money,coin
51585,Mark drives badly in reverse,spot
44481,State that was under my command?,iran
44277,"Thrown out of dubious dive, etc",evicted
70567,"For instance, game briefly written up in press",urge
99462,How to pay in terms of golf?,chipandpin
140468,Is aware Primark now sells sandwiches,knows
14888,Poor place for new hose - a slum,almshouse
25894,I doubt if an austere person would go topless and embrace the piano,sceptic
14569,Allowance made to new cleaner,tolerance
87080,Commanding Officers running for shelter,cocoon
103299,She's unusually mad about the country,miranda
140823,Follow fashion rule in women's clothing,tailleur
130230,Good spirit to get old Irish leader half cut,deva
46351,Nicely critical - as if studio would be worried,fastidious
40386,Day when giant nearly reached the Eastern region,mongolia
14292,A bishop with touching lack of restraint,abandon
61837,Gold coin replaced old South American currency,orinoco
133724,BBC coverage of central Highlands cattle,beelzebub
66784,Central European is turning on heartless islander,silesian
86996,What is human but loveless - one politician establishing dominion,territory
110296,Drop a scam for starters?,soupcon
138614,Mobile characters in Tate don't care for?,attendto
113015,Key sporting event about to return,opener
115143,"With loss of leader, famine grips numbers back in state capital",carsoncity
58319,Hot rod accessory? One might spare the rod,spoiler
22926,Take in strange oxygen-depleted moonscapes,encompass
89304,Araucaria absent in exam about dealing with comparison of pressures,manometric
69607,He reeled in a creep's boozer,alehouse
138386,Burning petrol joins up to produce power,jetpropulsion
134262,Why European no longer inside,brexit
19543,Boatman is at once overturned,canoeist
3022,Great man gets money without acknowledgment,titan
59555,Poacher's concern requires words of comfort repeated quietly,mantrap
23661,Bow of sailing boat in outline,sketch
25827,Hence come waves without water round an opening,daventry
96532,Nearest point at sea for the launch,presentation
45920,"Dance by first lady at entering, with cause to rise again",reelevate
4969,Dickens character portrayed as Andy Capp?,fagin
64119,Unsaddled? Raise taxi during breakout,bareback
72073,Old relationship Ruby brought to an end,expired
40742,Endure transfer: outside left not returned,unrequited
10425,Animal's whiskers cut short,bear
29961,Long to ventilate hideout,lair
104080,"Didn't get a leg up, so employed delaying tactics",draggedonesfeet
105307,Cracked jokes when bound not to speak,gagged
138524,Monkey on board creating big problems,stinkers
64007,Light inside by request,prayer
21737,"Split tongue, perhaps...",serbocroat
92677,Queen wearing glasses waves,breakers
6692,Owen to run around with quick-fire passing,onetwo
101609,Ruff at rear end of body,trump
42618,"Canned beer (stored in the usual place) runs out, we think",cerebella
135621,Girl's large - you see why in audition,lucy
8518,Gravel's scattered about icy surface,verglas
103273,Happen to desire secure relationship,belonging
112186,"Shakespearean tear, singular medicine for seer",eyedrop
32718,Doctrines in a single text,isms
19212,"With receding hair, he's finally long in the tooth, outwardly at least",enamel
28781,Where to see supporters scoffing at back?,stadia
103308,Toast's not fully three inches,chinchin
139519,King or queen beyond rabbit hole? It's hard to say,jawbreaker
82332,Atrocious football team at home with no score against us,villainous
124050,"Scented oil bad in ship, not good",brilliantine
129210,Singer kidnaps film-maker - good for rival,challenger
105439,Company where anything goes up,two
95426,Plate carrying meat source is the cause of disease,pathogen
62028,"I go up and down, for a start, like a rainbow",irised
129599,Thick peers banning books,viscous
16302,"A river skirts Crosby, a town in England",abingdon
88045,State of student turning up sack,pupillage
98155,What could be heard nearby? A carol (old) I arranged,localradio
19240,Plant causes Penny awful bother,potherb
135723,A tree through which sun can be seen,anselm
103000,"Writer, perhaps, in Sun - one penetrating heart of Fleet Street",essayist
50696,"Notice, in flight, a lark",escapade
83896,"Having no complaints when circulating, endlessly doing so?",uncritical
118097,Lord Copper edging closer to junior doctors,crumbs
20870,Flyer in posh part of London paper,swift
125077,Child that is clothed in cut cloth,kerchief
60119,Almost sluggish when capturing the governor in Bolivia,lapaz
82515,Europeans can create sensation,estonians
54246,"Help with second letter, having misplaced the first",abet
53838,Small type turns out to be mere lad,emerald
98295,Schoolchildren maybe working,class
134999,"Nervous, gutted, Johnny's drinking beer with no head",jittery
8683,"They went in search of sheepskin, as bottled gas ran out",argonauts
830,Manage to come up with true sort of nourishment,nurture
118426,Disquisitions degenerate into disasters,dissertations
50912,I live by narrow inlet somewhere in Europe,iberia
129824,Rocky area is uranium-enriched vast tract,eurasia
127835,"Claws back pounds, advanced in huge quantities",talons
73941,"P for Pinter, broadcasting John's gas with Robin",birthday
4378,Personnel screen English Oscar star,hero
359,Know-all's message covers the main chapter,wiseacre
116419,"Corrupt CIA men ran cartel from Nicaragua, perhaps",centralamerican
106758,Charlatan on trial,empiric
104725,Unsporting deliveries at Lord's?,sledges
110840,Woman around hotel bar's one,rhoda
112823,"At sea, tar yeh?",hearty
97657,Trying one end of cigar - smoke's blown,irksome
79616,Child in charge of rising currency,fosterling
33211,Financial restriction accepted - many affected,camp
2483,Bass: turn way down,bust
92740,Top class has intelligence and intuition,sixthsense
60968,Good chance it is in the throat,glottis
139343,"Killed duelling, criminal's put on outfit oddly",guillotined
89243,Traditional Sunday races,classics
13145,Haulier found dead in conflict,wagoner
112002,"Old banger's a windy threat in Arizona, say",rattler
76467,Start of play: letter from abroad about battle,actium
20747,This hold up could bring up redness,suspender
93694,Ordered fabulous bird to appear in expensive cloth,brocade
126290,Some swear blind about bank,brae
55622,Imp made noun into bedlam,pandemonium
36486,Dramatist heading off to place underground,inter
126636,"Dumb rock causing upset, supposedly soothing entertainment",backgroundmusic
109226,Doesn't do well - not as a rule,misgoverns
125830,"Brunette with plait plaited, sweet thing",peanutbrittle
7162,Spirit causing one's suspension,angel
78486,Giants fighting to eat before seeing big cheese,supremo
38361,M. Ali's conversion - was to this?,islam
119084,"Describing a sex party, not half crude in house",bungalow
99119,Like a city father with a clear mind,aldermanic
107062,Young stationer joined up as a soldier,infantryman
5854,Supply items not on the starter menu?,mains
52825,Nanki-poo's sequel to spring flowers,trala
142276,Virus that is pierced by old medical instrument,bougie
127770,Fly to see remake of Tati in Love - dire!,volitate
86343,She looks childlike in these pyjamas,babydoll
73242,"Motto, not ""quick on the draw"", say?",slogan
127430,"Rome's in trouble, besieged by cyber criminal on line with fish",horsemackerel
15820,Unfashionable party cap,outdo
142049,"What dreams were for Hamlet, with mad hero about to act decisively",crosstherubicon
136270,"Can an adept, shy engineer be so very shoddy?",cheapandnasty
94134,"Any chit of a girl, perhaps",cynthia
125955,Behaves in accordance with follower of gospels occupying stage,actson
87400,"Cross, tense and nearly going nuts",tigon
27825,Delicate kind of finish?,eggshell
90691,"A strict, or a liberal, gentleman?",aristocrat
80157,Interior alone ultimately in British parliament,bowels
133310,Savages bad housing that holds area back,mauls
3150,Daughter of Zeus in danger at Olympiad,erato
31815,A noble moves to new country,lebanon
94864,Is East going nap?,siesta
66398,Direction taken by PM,north
94802,The debtor somehow under an obligation to settle?,betrothed
83854,Crease new cloth,linen
42014,"Penny survived, holding soldier tight",plastered
26302,The colour of treacle that's not quite off,claret
52662,"The carrier's in liquor, the rat!",betrayer
15236,Actor's instruction to play As You Like It?,adlib
16563,Wild party in Gloucester Avenue,rave
116050,Sea off Tripoli with a leitmotif?,themed
122480,Far from gayest sort of sodomite?,moodiest
44149,Damaged car in tense passing situation,transience
51876,Climax won't start to get this across?,eight
78650,Round lump sum of old money,obolus
20632,Decency in art form - odd?,decorum
138432,Smiley's group jams here in central London?,cambridgecircus
116542,Trot round shop that's been put right,restored
64785,Wine - and where you might get it on account,barsac
84820,"Setter's maternal relations are legally placed, keeping poor Tommy with the ladies",onmymothersside
132528,There's nothing in sermon about people showing a bit of cheek,mooners
104338,Attach note about husband being substitute for striker,pinchhit
17419,One of Steps developed his art - not H,stair
62527,"Travel to capital, say",roam
31666,They will accompany kinky corsets,escorts
8682,Greek sailors finding tuna dish in store,argonauts
89874,"A form of indulgence that is defended by nothing, on reflection",liein
43573,Child that's left hospital: men criticise nurses,orphan
54370,Established when hot rod crashed into farm animal,orthodox
14943,Article on the New Style capital,athens
3254,I travel across north on bypass,ignore
45462,Queen making pawn act a role (of Leigh and Taylor),cleopatra
5541,"Liberal policy in West Coast state, welcoming writer to party circle",opendoor
44256,Post-conceptual development more by accident,embryo
56727,Deceive about fermented drink which is an innocuous one,limeade
138734,Tense about wild fun in baths with little liquid,dessertspoonful
2372,Stone circles rolled over,opal
125503,Tired no one out,allin
87398,Try to throw money over cross,tigon
71481,A gift from Rita and the first guy,gratuity
122812,Travel over hot rocks to get this signature,threefour
89931,Sound of impact when king enters town,wrexham
43681,Belief is held among the many,theism
68504,Vegetation found on part of course with rough rye,greenery
128365,Tokyo lunchbox contains cup of tea and doughnut,bento
77344,Riddle to study: what does Kofi have to beat?,conundrum
31026,"""Onslaught"" is one of Laughton's",anagram
117547,Confess going in opposite directions after deposing leader,ownup
21356,"Pole on charge in the unfinished ""Case of the Flying Fragments""",shrapnel
118389,"What might make spaniel run from Labrador, perhaps?",peninsular
99726,Part of your design is pointed,urde
5431,Stopped suppressing annoyance when threatened,endangered
111673,Exercise too much? It's evident - need shower,overtrain
95224,Too much oxygen in the cycle (German)?,otto
56432,Old dear is lost round a place of easy wealth,eldorado
113118,Adopted and raised,tookup
141039,Drunk and disorderly crew landed with doctor missing,wrecked
18734,Leather shroud,hide
111594,Holds tightly when restraining pugilist? That shows guts!,chitterlings
93261,Language coming from artless earthlings,english
105768,"Satisfied, I return no argument",contention
3908,Clerics left out of deal with swindlers,deacons
45818,Mimic joins company at the pier,copier
92183,That's what you get from bad diets,idest
111238,Do lie about being past one's prime,oldie
31003,Board's Franco-German affirmations?,ouija
89604,Lion tamer together with poor loser strangling head of circus,androcles
58446,Period between financial booms?,meantime
64055,Grassland on which navy loses heart to flier,leaflet
130607,"Small talk includes ""Yo Blair"", initially Dubya round, going over wearing this?",cowboyhat
15516,"Lost, as a dog may be",astray
110722,"Indisposed, for example? Absolutely!",illsay
57736,Labourer came first to invest the fluctuating mark,workman
51147,Material for dainty daughter,tweed
64677,Obliged school to enrol representative English learners,compelled
96644,Anything that sounds obligatory,aught
78746,Words written by a loyal supporter?,yoursfaithfully
133631,A lot see round new and refurbished rooms opened by university,enormously
81636,Attic studio suitable for this Spanish painter?,elgreco
93910,Penitentiary with unlimited accommodation?,openprison
131747,Vaults and nimbly clears end of pommel,cellars
23256,Amaze head of school with union backing,stun
50742,Removing front of best girl's book,esther
68314,Hope and Crosby rising and falling,bobbing
66476,"It comes from a conifer, naturally",fircone
125508,Eg Dull and Boring tunes oddly enthral women in drag,twintowns
32661,"Caught with dancing muse in river, I'm sorry I have to go",excuseme
73629,Sailor comes up a rope - this one?,ratline
82064,"Is old, old tennis player (about a hundred) descriptive of some figure?",isosceles
90921,Happen in company encountered on way from Paris,cometrue
67840,Wave fashionable in Matins service,tsunami
102353,"For example, future king is more nervous",tenser
52830,Asian city that's mad about English mayor,tashkent
68841,Slides that can't be hidden?,transparencies
33804,"Distribute gin, perhaps, by a ship",assign
32754,Language uses wordplay to needle one,punjabi
123084,Bum getting smaller? Mine is hell,bottomlesspit
101114,Christmas box contains something given for playing loud music?,asbo
52306,Turn in a trading place brought back bad experience,trauma
5779,Sign inexperienced journalist's written up coarse material,buckram
29618,Allow insulating material is a disappointment,letdown
124546,"Avian raptor, perhaps?",parrot
85118,"Goat, perhaps, identifies missing person",butterfingers
114643,Extreme sceptics,nihilists
41701,Young reporter has article on Caribbean island,cuba
77559,Fail to keep up a legend,saga
130803,"Head gets most important lead, showing cunning",archness
131809,"One trailing dumb group, half lost in city",mumbai
129596,Succeed the first time? Don't be ridiculous!,comeoffit
125464,Repulsive scheme to turn to dust,pulverise
100948,Earnest and oddly sweary notes from short people,serious
1242,Money paid to a king's retainers,ransom
17012,Prize stone cut with edge of blade,rosette
39329,Transient supporter turned up to invade pitch,fleeting
15594,She's very alluring in the first sixty minutes,houri
16846,Coppers shut up vacant courthouse,pence
39168,Habit of crow ascending,garb
44141,Case of the second date,stakeout
19035,Papers vote for the Left,passport
128188,Experience an illusion having date with a large drink,seedouble
47203,Release grip of property ownership,freehold
36231,Orlando's latest? Fine - whack in few varied with hint of colour,offwhite
72734,Snake path that winds on the river,boatrace
124587,"Adult, one man's transformed state",tamilnadu
8788,What peacemakers try to do is put at risk,endanger
115768,Relaxing from the world's roundabout,unwinding
54755,A model of vegetable growth,moss
138378,Guided element of a type of display,led
9169,Dispensed with us once caught taking journalist around,excused
39259,Setter observed by hearing or sight,eyesore
104048,Doctor keeps Victorian pick-up quiet,muted
69408,Devotee of nature creating hell among teachers,nudist
85484,River bird may be a record holder,deejay
32013,Cutting grass outside always,severing
116831,"Chap with no head embracing Andrew, strangely moving",underway
10653,Name the first to be knocked off,abel
63896,"Tree sheltering sward - why, they say, threatened with the chop?",trelawney
21846,The First Lady left in New York without hiccups,evenly
19127,George Eliot's one novel mused on extremes of parsimony,pseudonym
141051,Ungenerous to be left in wretchedness,miserly
120837,Lively Frenchman backed to become in charge,energetic
68655,Reptile found in the wrong department,tortoise
140275,Engineer crying out for agreement,congruity
71748,Hearing is difficult,trying
33644,Frank accepts relationship in business,operation
76920,Outfit changed on inclination,gear
12111,One telling stories about Grand Union's first governor,regulator
104452,"More loud, weird or outré",rowdier
107815,"Gloomy members, who do not strike",blacklegs
59138,Eternal king of rock and roll?,sisyphus
110187,Successful slimmer working on a flat bottom,lighterman
66979,"Charming hostess, who helped her guests make pigs of themselves",circe
47902,Movement in which boy takes first note,rondo
119449,"One wearing black, a little New Yorker",gothamite
66905,Second stroke is lower,slash
84132,Something a car might need - agent isn't in ignorance,repaint
53236,"Near the end, about to be defeated",close
106580,News rooms,quarters
72371,"Words translated without charge, too much to reverse",libretto
17342,One cooks with aid of vents and North Sea's combustible,fanassistedoven
115059,Playing together with no hesitation in Jewish quarter,ghetto
141357,"Put away in vehicle, packed in box: drug smuggled in",incarcerated
37418,"For example, worker in row at plant",eglantine
12915,Brief period of famine,shortage
91384,Number on Ali's drug,digitalis
83099,Club to suit elderly monarch?,royalandancient
31173,A great number in quite good environs degenerate,decadent
33181,Group contains one prodigy,genius
48035,Personal repair kit on display in the Tuileries,etui
7037,Official kind of collar,mandarin
4218,This girl needs to change daily,lydia
119554,Sailor climbs ropes - these?,ratlines
77074,Sunny race in suburbs of Sydney,smiley
111184,"Politician starts in this office, ends in another, say",tory
23642,Former temp working for free,exempt
76398,Ideas set out in part of the metropolis,eastside
56168,"Led a nun astray, but not charged",unladen
73718,Garment of paper set on light removing hem,raglan
74976,Southwestern enterprise zone vacated in allergic response,sneeze
24748,Agreement on current lead,accord
12181,With telepathy you begin to observe,espy
120897,Recreation ground - men's team hosting United,amusement
50336,Very little money distresses utterly Dome's supporters,centrings
39456,Storage cabinet provided by bald barber?,dresser
43505,An exceptionally warm spring,geyser
11976,What Ruth played: Bottom at The Globe,baseball
17117,Oriental egghead getting behind,eastern
75293,Customs making sad idiot rant,tradition
111122,Urging a dog to swallow a bone?,pushing
99169,"Is offended, as mistakes could be made",takesamiss
131640,They check cards and figures on green flags,pinnumbers
33252,They appear in recital to sing,altos
92899,Where NHS staff are making progress,onwards
84937,Show in commercial institution in America,admit
77560,American to talk about legend,saga
19452,Growing red during brute scene in play,erubescent
65454,Island where spring starts frostily,sicily
21411,Bird box attached to line,lark
90804,Drank up a round behind the others,lapped
79917,Household product of sugar field?,lifeguards
70928,"Cruise, a belligerent sort of missile",tomahawk
49166,"Cheating unrestrainedly, letters of sinner hidden before messing around",adultery
139396,"""Isn't good"", tattooed actor Christopher said in short",succinctly
141111,Other than bums may be contracted in this,notrumps
24390,Payment received by letter,rental
115159,Convert writing? Only text without margins,proselyte
132745,Turkey to destroy dogs? They lead the way!,trendsetters
84030,"I'm starting, so I'll have sago with tumbleweed",isagogic
28716,"With spin, one's taken in by Cameron? I see what you mean",lipreader
106996,American and Jamaican music amidst banner waving,nebraskan
104991,Paid and happy,satisfied
35881,Cover of new novel breaks record,envelop
58405,Unpleasant argument in Hyde Park?,rottenrow
46829,She loved her father to pick the academy,electra
77975,"Noble old lady died, owing about a thousand",grandduke
86161,"Told to go, having got off floor",sentdown
121508,Cheetah pulled by cheater?,fastone
125104,Reticent judge about to butt in,interject
88147,Sign of Roman god almost,virgo
5038,Block found in Roman villa,anvil
7041,Segmented language?,mandarin
100119,Good-for-nothing gathering tip from Iraq for this report?,dossier
89936,Sweet and attractive sort of complexion,peachesandcream
61740,Hold cap awkwardly for squire,oldchap
91413,Designer label in top and rubbish coat,mackintosh
81035,Lays down burden of soul and swings,unloads
2785,Forced terrorists to drink,madeira
64518,"What to do with a plan, say? The axe?",hatchet
39921,Key may be associated with this slow movement,largo
65752,Thomas and a maiden sitting under tree,beecham
34135,Adopt self-regulating volume control,softpedal
99759,"Very English, wearing bloody tubing",vein
80579,Dull patch discerned by lone guru,longueur
73453,Farrow's mum's noxious emission,miasma
22533,Powerless to get substandard player suspended,hamstrung
70516,It's best to overturn child's toy,tiptop
92445,"They have their points, but not at night",sundials
50815,Possibly how Hitler went to surrender,throwinthetowel
53620,Quick movement everyone needs to catch a bird,allegretto
131509,Nail in strips put up in English city,stalbans
19502,"In bars, tea may be served for a teetotaller",abstainer
97,Rod Laver's back following nudge,poker
104086,"Bill's cast out, but protected",shaded
104485,Bound to embrace good character after a performance,rigmarole
69547,Instrumental tracks are overlooked,unsung
79947,Many a love token to show affection,caring
22796,Drop round to see one off,lapse
18586,Qualification required for course,entree
90258,Shakespearean in the orchestra,viola
77438,Top of pretty flower given to pretty Sue,prosecute
131069,"Smart on top, is that woman in rubber?",burnisher
91294,A comfortable place in the garden,bedofroses
29902,Time for drink in a ball?,twine
72574,To rusticate a student is commonplace,banal
94569,Parasite wriggling lower in small space,eelworm
72667,River takes the lid off a hot place,itchen
93671,Native to steal from raised local houses,inborn
23322,"An artist owns up: ""A great waste""",sahara
80645,Make river flow round temporary home for relaxation,detente
46640,Not aware Italian worker has lost son,ignorant
120976,Rogue's pile spanning rolling acres,miscreant
110665,Choose an offensive way to provoke disagreement,pickafight
90676,Light a master of sci-fi briefly recalled that seems familiar,dejavu
89303,Started in Scottish (not Northern) isles: they get depressed in church,organkeys
124051,One worker in East going after fish oil,brilliantine
58469,Legal right the Cockney man's intended to feature in the hearing,easement
42367,Censured about money issue,child
34172,Part of waste disposal system close to gypsy settlement,colony
15478,Ice cream production out east in China,ceramic
40687,"Noisily drink up, touring a camp",gulag
65151,Fit to run across,meet
135041,"I go downhill in rally, occasionally taking chances",riskily
93698,Taken on and taken off without reason,appointed
70117,Found to be contemptible,base
66885,Son of a bitch backing sloth in the papal court,curia
71115,"Harvests from seeds, say",yields
88863,He breaks more than one union law,bigamist
32067,What keeps mum awake at night? Second husband in sulk,motherhood
66465,Papal bull's counterpart that's beyond criticism,sacredcow
87405,Restraint on violinists?,leadingstrings
57415,"Mail a lord sent out, which is naturally under personal cover",armadillo
29755,Instrument of the law,recorder
50114,Why droughts show where to take waters,hydro
62452,"Paper clip, perhaps, to keep things secure",pressfastener
141227,No sound from horse heard,nay
115183,Sign in tyrant's removal for the first time,indicator
103963,Drink made at sea,mead
100404,"Sloping round pub, raised walking stick",ashplant
20145,Girl left home with lawman,linda
110376,André gets badly alienated,estranged
87716,State payment split by daughters for basic job,doddle
44301,Musical journal?,organ
111809,Conceited character given to display,toad
115343,Unanswerable question about religious leader in holy book,koran
31982,Game that's hard for rustic to grasp,pheasant
3918,Eccentric bathes in spirit!,absinthe
55377,"Libelled, but need it drag out like this?",denigrated
87731,"Back in time, Chinese feel pained",agonise
87285,Destiny of sovereign is fulfilled,kismet
43712,Black moth: one found in old clothes,beggar
131681,What you shouldn't do with a thousand fish around,famish
71485,"Wary about British premier, a Canadian province",alberta
92549,At the call of duty one takes avoiding action ...,tacks
70407,Signs up?,zodiac
93713,One working the soil turns up tricky problem: two metres need replacing with nitrogen,annelid
102369,Clergyman's vehicle trailing doodlebug,vicar
71674,’ook doesn't have what it takes to succeed thus,aspirate
88843,Blade introduces a doctor to club,spadroon
127191,"Place tee in golf, rolling ball on green",putting
109217,The chair to criticise following a difficult situation,jampan
3029,"Cut slack, as sensed in hearing, for powerful person",titan
137570,Muslim queen is brighter,sunnier
8559,"Concerned with seeing old photo, taking time",optic
18417,A so-called German teacher comes up with an Italian dish,risotto
29033,Reveal odd characters in name while in Britain,unmask
31837,Notice one model getting fat,adipose
11186,Weight that's white with spots,ounce
5381,A small earring makes a man sexually attractive,stud
66928,Patron from the nearby army depot?,regularcustomer
52893,Danish physicist of long ago appearing in big Oxford reference work,oersted
84183,Fail to collect runs with ball keeping low,grounder
73483,Frank! Look out!,openair
132700,"Slowcoach ropes me in, for one, to move up in race situation",lemans
112027,Fabric for belt requires input of skill,tartan
40514,Commotion behind the Guardian,rumpus
118144,South African club has male member that is touring Irish county shortly,knobkerrie
127799,Wimps of a type very taken by politicians,milksops
131321,Go into care managed by an oldie,octogenarian
132649,Understand pastime in which he's involved,empathise
124949,Subsequently involves Conservative in U-turn from behind?,rectal
85899,"Hundred thousand taken in after tax, that's characteristic of a smart outfit",necktie
19101,New native quarter shows simplicity,naivete
78514,Artillery inspection by planning authority,ordnancesurvey
39949,"Royal train, perhaps?",retinue
57116,"Preferred sort of countryside spin, out touring round lake",unspoilt
48224,Love quiet time with a good book when one is given a choice,optant
73177,"Application of light, result of flashing?",exposure
16694,A relative is right in trouble,brother
122675,Where to find bones - some of old king and some of his mistress?,charnel
84535,A ship-to-shore cable,hawser
71222,Tempestuous Rent-a-Party?,tornado
110024,Infer motivation requires the taking of ecstasy,derive
138499,"In wind, I umpire inside",indium
137537,Frees from tax in Norfolk town,disburdens
94062,Stir up in low state,monaco
46658,Because obtained number is omitted?,forgotten
76027,"Model of spheres, or about railway termini",orrery
51493,March maid accepts it in friendship,amity
122272,Like an old chapel in Wales Nye restored,wesleyan
28995,"Emotional state low, with onset of depression",mood
31721,Supposed spitter has trouble backing plant,camellia
53767,Fantasy with English piano is carried by fiddle,escapism
91163,Even part of state supporting main goal of politician,seat
12640,Boris upset about article describing Met line,isobar
16311,Struggle with fish,flounder
98364,Studies hijacking plot,conspiracy
53611,Bugs Bunny's beginning to play with Queen Isabella after vacation,bacteria
60505,It's unusual to hear in broadcasting,ontheair
75080,Threefold test of a French tenor,trial
37000,Beer container is capital,tunis
37758,Condescend to plan lacking direction,deign
7654,Earth-dweller knocking wings off UFO X-cube,foxcub
93112,Shocked when a good man's ’arrassed,astounded
81053,"Hopelessly in debt, lad's not prepared meeting",blinddate
87336,"Fix to short handlebar, say",attach
20787,"Road runs into nightclub, maybe",drive
136609,"Otherwise stern, sees what's lacking in long sentences",terseness
101983,Calling for online mission?,evocation
53771,Loaded vessel's last to leave port,aden
130465,Old instrument with nothing left in time,mandolin
79209,Tynan describes strong desire to drown in such a drama,kitchensink
137231,Like sleep of wild pony in concealed surroundings,hypnoid
22180,Colleague's pain heard over collapse of market,workmate
64715,"Banner displaying duchess's home back in Rome, perhaps",oriflamme
62142,"Not yet decided on flying, perhaps",intheair
15294,Tiny margin of safety for Damocles,hairsbreadth
98431,Party politics covers up blunder,typo
97936,Lustre of the man in the money,sheen
114153,Nancy's a fool getting man to strip,unclothe
55677,Something that's essential when raising fruit,satsuma
44284,"Whiskers around animal, hard biting its prey",moustache
56346,American trade balance before getting protection from falling,balustrade
91745,Geek to go on date with bachelor,dweeb
138238,Is he a pain in the neck?,rick
136390,Conductor wants date put off,rattled
85952,Unreliable pilot's first yacht capsized,patchy
5706,Set aside the result of clumsy cosmetic piercing?,earmarked
5089,Main offenders suspended from this branch of the Met?,yardarm
129235,Some split hairs to modernise this Asian language,siamese
65863,Walker gets right inside the wire,telegram
8396,Dance tour,trip
89620,"They're cold inside, that is, on top of stick",ices
118486,Able to descry two properties of a needle,sharpeyed
131606,The part of Agamemnon - part is angelic and disinterested,nonpartisan
68288,Man with his book cut - dull introduction,matthew
46663,Unproductive poster I left hidden,sterile
86387,Jet fighters?,impi
34467,"Mark, perhaps, made on a spoon",apostle
122033,Criminal from a timely spy movie,playmistyforme
61871,Offensive film location,onset
87802,Providing with calf here?,stocking
41134,Pick up king with knight,learn
139606,"Be very annoyed, getting oneself distressed?",tearoneshairout
95437,It could be construed as what makes us single,ugliness
39090,Araucaria's time for representation,image
379,Group gathering around peacekeepers' champion,tribune
39434,Boy taking novice a flower,nigella
65682,Cut short street party building to a climax,crescendo
119232,Knowing about a diet applied in resolute fashion,steadily
140611,One supporting and backing American composer,sustainer
30835,Male who's on the up as a speculator,theoriser
55879,Concerning wild oats,asto
17892,Enemy social worker has a go on Ulster street,antagonist
122817,King mentioned by Samuel as a joke,agag
97044,Somehow undo the French knot,nodule
111078,Hesitancy in booking,reservation
52694,It may go down before a fire,hearthrug
20174,Chap having passion for news,coverage
96879,Put down Dorset riot at the end of the day,destroy
13136,"Trade union strike, no adult left out to meddle",intrude
62253,A beauty of a musical,myfairlady
55286,Look good with a weapon,glance
20289,Reproduced book with colour added,bred
45560,Our Rover? A dog!,setter
86073,Value talks before building stately home,chatsworthhouse
71789,Tips worth waiting for?,tronc
126073,Type of Tory member (registered) involved in seed planting,impregnation
26652,When to tell all?,census
108706,Please be serving cheese,belpaese
132766,Daft words dreamt up for source of condiment,mustardpowder
16933,Harry Potter's appeal,protest
7372,Organised stock,neat
86293,Hint - take out annuities,insinuate
140563,Just this big? Not any more,nolonger
126942,Socially circulate computer malware around region of South Africa,workaroom
100824,Legal seizure of property from bond,attachment
73873,"""Abandon plane!"" is not, perhaps, necessary",jettison
49906,The jumping game,cricket
38271,Frequently take papers on round,ofttimes
74959,Affairs of everyone one found in social events,dalliances
72346,One oriental male in Walton's isle presenting a bloody problem,ischaemia
54678,Stop Colin with some fudge,semicolon
60331,Very late,dead
114724,Spots Hector Sants with leading industrialists,stains
67016,Interfered with the roofer,felt
11835,"Hopeless cause, with investment of unspecified figure, is normal practice",usance
9494,"With it, the essay is without purpose",trendy
134114,What's possessed by wag - so hilarious!,gsoh
140034,Somehow crams everyone inside this?,smallcar
72969,Ordinary seaman or malcontent?,normal
74483,I'm a Muslim leader? Yes,imam
92201,Captain Jack's last to replace learner in error,skip
6341,Test the foreign fizzy Seven Up left in,elevenplus
41974,Help two fellows inside at about six to make statement on oath,affidavit
38711,Caught droppin' curry in the sports pavilion,changingroom
136722,Put down tip from firefighter,pourcoldwateron
134246,Stone bloke found inscribed with a note,malachite
80791,Delivery charge for a flowering plant?,storksbill
117975,"Indigestion, say, caused by French bread",pain
14107,"Red not English, but may be hidden in the closet",skeleton
52267,Lake on which animals feed,lucerne
113042,Ken and Kelvin got up,know
37811,"Return, for example, no article from Italian city",genoa
24846,Make negative positive? That's progress,develop
99274,Incentive for panel game host to do send-up,carrot
31580,Boatman taken by Youth set,laid
104669,One grand received by female rambler,hiker
36649,Conductor designate went by bike,electrode
86096,The canon should be shot,round
54105,Standing finish,endup
8158,Warning: ladies gone west!,omen
116228,A neat way to go down under?,stockroute
95896,Ignore youngster eating a little horse,passup
24733,"Send up, say, topless waiters for a change",satire
28993,The last thing a crowd will do,disperse
127879,Confused blog stated it's a kind of fuel,bottledgas
107088,Piles of money (estimate for tax ultimately concealed),masses
7028,"Present for appointment, having to hold on",donate
55051,Wife boarding vessel to find man on board,pawn
36430,Fellow in the Cat and Fiddle,cheat
102975,Good chance entering cooked eels for snack,elevenses
51593,Pickle lids lifted,spot
6002,Total compound interest? No way!,entire
105006,Grandly taking over diocese at end of this month,instyle
2660,Reversal of setback keeps one in the frame,espalier
80401,Examiner's job is to replace sign around what helps to create jam,inspecting
19342,Teller gets changed to run race,raconteur
2744,Skip university in pursuit of love,omit
132763,Artwork seen in excursion to church on outskirts of Troy,triptych
15054,"Equine quadruped - for example roan, perhaps?",onager
114375,Loveless union on the box contains one big long mistake in a way defying interpretation,unintelligibly
46439,Genius dismissing what he'd call a mug,stein
15558,"Deft, say, to conquer?",defeat
133849,"One paid, possibly responsive to treatment on offer?",procurable
18960,"Angler's equipment is authentic, we hear",reel
88449,Social occasion in Boston: tipping in the main was dutifully observed,teaparty
139826,Give more time to sextet in free concert?,reconvict
91137,"Polish, perhaps - or not, by the sound of it",finish
90797,"Draw out new tape measure, it's five foot long",pentameter
12870,I am holding pine up over a shrub,magnolia
113517,"A true chaplain, turning out to be a star",alphacentauri
69148,Vulgar chaps start telling a low story,basement
55858,Object endlessly to the French style,entitle
126348,Kent resort offers wide-ranging flights,broadstairs
18110,Immediate help for one who's lost for words,prompt
119210,Short study course for university student in form,module
73804,On and off?,going
72765,Serious start on galvanising party,grave
40827,Meditating for all that time ...,thought
59277,Painter to banish boastful talk?,degas
76658,Does he believe an emperor will return?,rasta
119689,Set bonuses distributed with insensitivity,obtuseness
52472,In two minds when three notes are written in anger,irresolute
21132,"She loves ""The Prince"", but after work he's endlessly a deceiver",ophelia
16054,"Gone, a king long ago",offa
18341,Lost drunk butts in here,ashtray
137286,Tense and unhappy about work led by the bosses,topdown
95573,Favourite fruit,apple
5098,"After working on yacht, in principle it goes very fast",tachyon
29539,Uppity one who turns back over single could get duck,retriever
94824,Band laying siege to old Latin capital,colombo
48273,Means of lighting possessed by the super-rich?,moneytoburn
16121,Able to get radio broadcast on time,adroit
47269,Stump male in role reversal,tramp
136638,Mahler song on travelling dock worker,longshoreman
74037,"Shop ran out, owing to demise of producers",orphans
60181,My groundhogs!,gosh
74927,Way to dramatically expose king not ruled out,inplay
126698,"Sweet William, say, bringing incense to goddess shortly",dianthus
75309,"Wear ties knotted oddly, so to speak",asitwere
129805,"Question about Arachne's extremely strange, fanciful behaviour",whimsey
86920,"""The Sound of Music""?",pop
30857,Put down Scottish region when returning,enrol
44644,Legal offender,contemner
37552,Judge returned hand tool to prospector,examiner
39580,Easily influenced by one in the factory,pliant
39046,Response to a monarch seizing territory down under,answer
91930,Different names for church property,manse
36596,"Fine isn't stopping bad boy, ultimately",dainty
42708,Sound ceremonial observance for Conservatives,right
107110,"Race gets time to suit, perhaps",tutsi
93024,"Securely locked in meat safe, towards the ceiling",fast
14074,"Shrew put spell on a horse, brought back by Tam's leadership",termagant
31813,Storm created by Shakespeare,tempest
113552,Playing in the Proms - one aim for two performers?,pantomimehorse
18994,Test dunce's limits in examination,ordeal
49863,"Horse in theory the better gelding, all at the rear dropping back",grey
108489,Warning evil's masking good,sign
28889,Boatman finishes article on primes,theme
68571,"Hunk goes over to relax, say, in swingers' bar",trapeze
27270,Rush? Do this to excess and you will,charge
57471,Be relevant to smart heads of academies in Norfolk,pertain
75217,The ore may be converted to this,hereto
53981,Motorway place setting,milieu
57161,Service! Butler's holding it up,matins
107632,Charlton's whirls?,eddies
125358,Voluptuary disturbed by satire,sybarite
74126,Pioneers synthetic rubber compound,isoprene
120751,"Assembles in large groups, we hear, in plant",phlox
108463,Don't hold with careless vapid prose,disapprove
56301,Hot stuff written about keeping one's advantage,avail
21188,"Old-fashioned transport, shape not material",stanhope
27850,OK to put away bed and lie around?,edible
28955,Primate may be positive or negative,rhesus
118610,"Bug improperly put here, concealed in hat",treehopper
103852,Plant protects man after heading for dirty habit in retirement,bedjacket
123897,Element of Open University mirth?,thorium
107659,Dial can be cool,laidback
21632,Celebration of card partnership,diamondwedding
89269,Capable of going round register on board,rotatable
108265,Rococo for a grand painter,fragonard
45576,It moves very quickly if spotted,cheetah
23686,Lay out fashionable underwear,invest
105098,Much ado getting Dad to bowl,palaver
67622,Stick had mysteriously gone before,ere
12073,"Money to tie up, fell over time",moorage
53224,Spinner without spin producing the opposite of a good maiden,trollop
35810,Japanese ceremonial departure,harakiri
109452,Scrap copper item,particle
102831,Hot stuff,stolengoods
32032,"Man using force, one out to be evil",malevolent
70768,"After almost a month, beds could produce fruit",apricots
83556,Student taken in by unfamiliar expression from America,newworld
124275,"Frenchmen, capturing a wild beast, showing bottle",magnum
38843,Character of those whose energy is raised right up,ethos
65998,Set sailor free,absolute
78611,"Unreliable chap, albeit with character reference",alphabetic
107077,Sayings in page's rim need translating,epigrams
136418,Most drunk end with most sleep,tipsiest
52402,"View viewed, say",scene
32200,Fight southpaw primarily in further test,resist
8893,Repairer retains bit of abdominal wind,meander
43446,High-yielding stock the City held,fecund
63513,No deviation from a working party policy?,beeline
82068,What makes Denys tick could be disastrous,stickyend
9969,Part of a lock that holds water,tumbler
113774,"Little time to cry, protecting wife after a month in siege",trojanwar
89309,First in the ENT department? I wish I could see the point,otologist
116052,Where Sicilians are provided with one motive,themed
53708,Strange Roman way going into hollow,deviant
126377,Relief for the ailing socialist ideal after change of leaders,bedrest
100341,Victor embraced by lady I fancy with enthusiasm,avidly
11076,Name attributed to award - literature for a start,nobel
113283,Yet it's a misplaced feeling of gratification,satiety
55473,Writer's filling issue for singer and playwright,simon
33582,Rates set aside; rents remain,tears
66388,Alcohol has another reeling one side to the other,ethanol
121370,A lovely lying back with a partner come together,amalgamate
94669,Strain to hear pitiful creature,retch
78627,"Sign in neatly, don't in coloured ink, under my initials",indicium
126782,"Some Greeks without, some within",spartans
133228,"Foreign fliers beginning to fly at heads of untold falcons, flew madly",luftwaffe
89550,Well protected with forelimbs on child (male) and choppers,armedtotheteeth
98745,At the ready facing strike,ontap
29641,Like type of delivery from above reaching a fighting force,overarm
3117,American lyricist said to be someone still developing technique?,learner
108670,Change in ministry problematical - half the females unwanted,modify
131525,"Feeble, not too clever, getting upset over Latin",mild
31612,I stay positive once eliminated from rough competitions,optimist
93400,Nut lovers' collection in Cumbria,ulverston
16601,Duty imposed on one vehicle,taxi
112374,Striking reminder of a Lowry figure,matchstick
92350,Sound of Somerset flower,tone
106178,Perhaps the devil is cast out somewhere in Venezuela,angelfalls
21334,Something to eat - for little boy little time is more than enough,abundant
95792,Killing time,huntingseason
48307,"Again tries, with energy, to perform play in practice",rehearse
113747,Weapon almost goes off without reasons,figures
24801,Wrote off loom,tower
65593,Girl who is musical,annie
114845,Often used to talk crap,euphemisticterm
38362,Faith is supported by short Asian monk,islam
115176,Change in character faced with a gloomy environment for pub,metamorphose
80083,Plodding or pirates' noisy cat-like sound,treading
68290,"Without it, the speaker would dry up",saliva
106754,Tony's knocked out by ex-world champ,tyson
48992,Lay assembly?,henparty
21588,"Phoney issue, but if only you knew her!",susie
112676,Short work made of some material star collected,novella
105910,Recidivism is partly about being a gambler,dicer
22049,Country is leaving Europe after Remain leaders retire,israel
31755,"Volcano's showing changes, to be sure",erebus
82491,"Uprising hordes obscuring donkey, black, obscuring device",smokebomb
131584,"Sample tea, short of a brew",testout
88472,Heartless colleens rejected love in Ireland,sligo
138064,Decorate country house for the King,graceland
63920,Force loosened Ron's extremely strong grip,engross
69863,A cost to produce opera,tosca
140553,Tricks of one who proved Fermat's last theorem,wiles
124144,"Country, capital city once gutted",laos
85652,Attendant chiropodist?,footman
75026,Time to conclude home study mark,indent
38750,"Time to start to relax, kid",tease
128367,"Hot pants, more or less clean",thoroughly
122138,Lord Coe entertaining a fool to fish,seabass
54412,Astronomer contrived to employ with nothing lost,ptolemy
17981,Smooth ruffled feathers?,calmdown
74563,Foul what detective chief superintendent did,rancid
136687,Two clubs going East - mind the crockery,wedgwoodware
127848,"Sort of animal with others, superior beast standing on head",ungulate
126432,Worried about San Diego,agonised
107119,Cilla's without the words - so someone's got in hers?,blackbooks
32156,"""With ____ of leaves and ripple of rain"" (Thwinburne)",lisp
10424,Harbour transport,bear
64805,"As good and bad employees may be, with enthusiasm",fired
68221,Research centre has model cloned finally and tagged,labelled
22531,Move fast to deal with dead ringer in flower,canterburybell
126252,"Bowler's dream, new balls caught in the slips",tenwickets
72160,A danger it constituted for one on stage,tragedian
99696,Stallholder's cart causing pub brawl?,barrow
18965,"Dance that's authentic, so it's said",reel
67436,Steal books and one gets caught - it's mechanical,robotic
5836,Cast hasn't finished the quarrel,throw
47261,Car parking for one without wheels,tramp
49893,Edit article about new liquorice stick,clarinet
58268,No paying guest has this room above water,freeboard
104173,He wrote novels about samurai,cronin
79120,"Happy about wine and coke, given a spring",elasticated
8753,Sweet dog Bill Sikes owned,bullseye
104379,Game not entirely on high ground,partridge
11515,Ned resents contrived affection,tenderness
75269,A sports official wearing shoe - or not?,barefoot
136115,"Left a quotation, not one for milk delivery",lactation
20920,Plans for mottoes,devices
13020,Hampshire needed part in The Forsyte Saga,irene
102065,Ordinary bitter makes one feel unwell,commoncold
48806,"Lunkhead, trendy and zip, for example",lingo
109742,Drink to fortify for embellishment,necklace
39616,Booze from the East Indies,asti
66335,Island games organizers assemble for meal,maniac
119693,Small boy hit in disturbances,scuffles
114758,Prizewinner introduces director to food programme,medallist
95137,It may help to rescue a country from mad policy,diplomacy
512,Stage directors make them up,boards
78296,"Feature of Oxford: quiet dons in the morning, working alone",ashmolean
123267,Free-for-all in kind of dance in Cornwall,floral
66725,Holds until completely motionless,stockstill
113911,Say coffee's popular? I may wear that,moccasin
59686,Spider Woman keeps a bible,harvester
78853,Tossing my amusing work out here,gymnasium
79269,Pasta made by a river over iron pan,macaroni
127724,Collapse of French work of art,decomposition
7653,Trick most of third power lately come to earth,foxcub
137914,Priest and sweetheart like sexy underwear in church office,prelacy
40783,Lord appointed to protect king,duke
129788,"Bid one's spades over West, showing immaturity",callowness
139744,Teacher to shake hand of God,thecreator
19833,"Even board members, having dined, give a speech",orate
125824,They ruminate about ex-PM not reaching a conclusion,cattle
81123,Delivered my first line?,queue
57343,Comprehensive to throw girl out,global
126507,"Tethering tiny mongrel, rebellious little dog",tyingup
89980,"Perhaps by getting in the paper, ""leader ousted"" written up",maybe
118268,Divorce adjusted in second court,disconnect
125239,Town's serenades interrupting cook,basingstoke
111035,Environmental effect of airport development?,terminalcancer
38511,Unidentified person gets a rebuff from the French,anon
41370,Desert folk struggle to succeed,ratrace
97502,P-plum?,softfruit
62817,"Common cause of urine, if abused",unifier
44260,The outcome of intimacy may be more by accident,embryo
46864,Walker turned up to be run over,recap
28720,Chair removed from a Chinese dance-hall,sedan
42277,A huge sprawling city,hague
32778,Small numbers from Dublin? They fit the brogue!,trees
116154,Leading villain is unbalanced!,topheavy
84775,Move officer into counselling service,relocate
69556,"Perhaps grave speech: get rid of euro, in part",accent
95376,"Anxious teacher said to be taken in, tricked",concerned
67130,Something to promise a cut in labour?,computerisation
65067,Dated mail for the frontier,outpost
127518,Half of those present put up by little girl,netta
39888,Proper organisation of nameless chatline,ethical
94145,Odds on wet weather causing injury,sprain
45089,Article raised number of deer,axis
107496,Red tape in new form - superficially new,repainted
53967,Till the rice grass goes to seed,cashregister
53929,Some drug sounds like grass,nark
21995,"Cut I had, or wound",hairdo
7321,The whole thing can turn around,unit
29049,Transport system to be up-market needs direction,tramway
15527,Live helium light attracts this beast,behemoth
27269,Rush payment,charge
52072,An afterthought: change last noisy old instrument,psaltery
44646,"He wrote ""Western Assassin""",whitman
141839,Peers briefly stand up to Conservative nonsense,aristocrats
34276,Newspaper medium may turn on the heat,timeswitch
110425,Result of a big blow to the economy?,inflation
12994,It's barbaric to stick farmyard animal in the oven,heathen
105906,Conveyance from one endlessly gracious in The Faerie Queene,minicab
133662,"Tricksters briefly oppress faithful patriots, pinching capital",illusionists
45189,"Looking terrified, woman hides in an opening",ashen
32386,Name in credit as thriller writer,chandler
59515,Four-letter word causes great problem in public transport,tetragram
83011,"Didn't speculate? Evidently, no div! Then get run out",nothingventured
42592,The actors have to press hard,castiron
92095,A jumping dog?,springer
671,Wretched state of learner observed in strained voice,falsetto
45157,Decider could be fine - too reactionary to cry about,penaltyshootout
64282,Legless and short? They're just the opposite,tights
56002,"Not wanting say to be stifled, I had to discuss terms",negotiate
94723,Scene of a towering row,babel
70576,Men driven mad - so what?,nevermind
66584,Enemy confounded by one kind of Arab,yemeni
85489,Upset at pain from running: this isn't running,crossstitch
15217,Boatman from old region?,gondolier
78558,Earnings do not begin for a long time,ages
115466,Young guns?,colts
86165,Supplier of water for Irish capital on hill,irrigator
26163,"Taunt a trio intermittently, giving musical instruction",tutti
40120,Some time for us to talk?,hours
62709,Dig up old philosopher,exhume
137833,"Very devout, hot and reportedly sour",hassidic
106358,"Single-handedly circumnavigating the unending ""heart of Ireland""",athlone
138972,"Metal objects in the raw, no rivets to knock about",ironware
111247,"Authorised instruction to Edward, the hairdresser?",permitted
82738,Push former wife in front of train,express
50996,Spooner's other half meeting old king in confined space,cubbyhole
8970,Grew flower,rose
20831,How the exploited patient felt?,illused
42780,Bird associated with a crow,cock
73577,Ape a historian,gibbon
117070,Girl's or French man's clothes,jeans
65132,Rank shabby material in South America,status
31221,It goes amiss to be a selfish type,egoist
79856,"You may find gateaux on it, but not fruitcakes",trolley
42334,Still wearing dead baby's outfit,layette
65257,Ready for battle before introduction of slow bowling technique,underarms
97082,Supplementary feature of road junction,adjunct
87819,Whisky is a stimulant to a savoury,scotcheggs
28418,I love tackling journal's final stage of development,imago
114095,Worshipper with faint heart - irregular soldier,idoliser
96106,"We may talk while we eat, it seems",nosh
40750,Good health shown by professional model,prosit
7718,"College study, including reading, is a fabulous thing",unicorn
41415,Cross-examiner?,scrutineer
115796,"Prime minister: ""Good conduct is for everyone""",taoiseach
47115,Licensing measure for bird and fish,entitling
36864,"Spice Girl drops hands with rage, blowing top",ginger
91531,"The very model of it, found in English fruit",epitome
93028,How to lose weight quickly,fast
86374,Sibyl and Edward become angry,seered
77618,"One may be seen as ""old"" after end of first year!",tyro
125326,Block in basic construction,foundationstone
52517,Urgent for every English representative on the right,peremptory
60686,Customary for no vermin to be docked,nomic
25858,Very important mines worked by a novice,seminal
35244,New verse about butterflies,nerves
88037,Large 'astral' cast might be …,allstar
50367,Outlaw having to cheat in anything but poetry,proscribe
104457,"Look up when entering deserted city and town, say, to see insect",creepycrawly
28600,Is second-born a girl?,isabel
58841,A name I call myself? Not quite - and wrong gender,brenda
32428,Distinctive character of bird artist captured,trait
14224,"Current craze, mad fad thankfully ends",eddy
83623,Sister admits Shed is God,numen
77954,Thatcher's injunction for Tim to embrace Sloppy Joe,rejoice
117485,One with nervous trouble can be really sour,acetic
128564,End rise of deficit in drop,dissolve
14790,Duke or count - he falls off gee-gee in middle of bog,orsino
135982,[A metalworker's tool turns up],snips
120392,Stops working and leaves in vehicle,turnsoff
18379,"Impose fee on Roman Catholic, when straying",enforce
112032,Fear of God doesn't begin with rhyme or reason originally,horror
35659,Put off portion of French potatoes,deter
9753,Go and wash round back of house,leave
97650,Herbert is a gardener's bane,aphis
1684,Internet mob broken up,entomb
123537,Artist - did he use golden ink too?,orpen
93877,Throw a punch? Don't do it yet!,castaclout
100140,No-man's-land taken over by Napoleon,animalfarm
6657,Figure no mature person prevaricates about,litotes
37699,Old Frenchman's almost finished consuming meal - cake,gateau
133756,Where crafty people meet Cathy's bolshie staff,yachtclub
82602,Team heavyweight's always first,everton
13846,Celia altered recipe for cake,eclair
38572,Moral quality associated with house group,thewho
4526,The capital gets poor return in this company,troop
69508,Vehicle from space ascending over time takes an age,motorcycle
125207,Turn blows to find their direction?,windsocks
6439,Abstinent church admitted to wine consumption at first,ascetic
20465,Pained reaction about computerês last crash,prang
95953,Practice of religion is somewhat difficult usually,cultus
132294,"More distant relation, first in reunion to be hugged",farther
108992,"Major, say, once grabbing padding of her bust in town",pembroke
33031,Weasel docked in colonnade,stoa
90325,Seafood for the sailor aboard the Mary Celeste?,abalone
59728,Row coming up about it,tier
60229,"Terrible leader, I lead",ivan
56476,Change gear as temporary measure,makeshift
89816,Wreck passed over in sound in drizzle,scotchmist
76879,Hate seeing the French keeping a promise,loathe
126762,Name Will shortly after Bill's rejected,call
81648,Expert shipwright?,craftsman
132219,Giant in dispute with neighbour idly playing with alien,leylandii
54556,Mathematician's set up hint - left concept on back of publication,euclidean
41806,Impractical brain-warping couple?,crackpot
139125,Fix round vessel for cake,parkin
19901,Desiring change of place to get the best view,ringside
102128,"Delivery of the Guardian, perhaps, with circular",paperround
50883,City fails to make a profit - financial backer brought in,losangeles
132976,"Where hammer found nailing lid on gradually, working effectively",ingear
32461,Beg child to abandon jump in Covent Garden,entreat
65289,Sends back statements about former spouse,reexports
39445,A shelved medical assistant,dresser
139357,"Players putting Irish broadcaster in a spot, according to some",quartet
80175,It is charged for a portion without wine,ion
20395,"""Man gone crazy"" is my epithet",agnomen
4374,Woman's over leading actor,hero
46498,"Game girl but no model, ultimately",bridge
129696,Make moves to raise one's standing?,takesteps
77392,"Double-crosser, jailed more than once?",twotimer
56464,"Introduce Daniel, perhaps",leadin
44931,Kind of memory that returns to engulf a little fighter,matador
8596,Woman books for occasion,event
113128,Risk going out with extremely tiddly girl,kirsty
76121,Swag? Swag not legit: not with nil result!,illgottengains
10984,Stop to request fabric,damask
97063,Conservative ceremony to publicise backing for standards,criteria
42676,House share with a one-eyed philosopher?,horatio
76364,Chambers ran to some races,anterooms
43767,There's gravity in woeful song of farewell,dirge
47327,Lottery with its opening in church,chancel
5999,Absolute savage in tree,entire
36458,Distress call on the radio,wring
87489,"In a cycle test, nine failed to enter",triennial
37466,Opening debate on US visionary,dreamer
33495,A clipped English accent,acute
104896,Haymaking disrupted after I must leave for sports meeting,gymkhana
100806,He has stacks of work to do,chimneysweep
119443,Strict control for company employee,firmhand
43719,Kind of cattle crossing in this place?,hereford
65332,President helping to cover up Republican's deviancy,aberration
75084,Ms Gardner started an avalanche,ava
90994,Bathe between Old English and American dramatised by …,oedipus
53431,Loaded statement?,bulletin
94237,"Hesitates, for the reading is set in hell",dithers
141623,Training note after he translated for old writer,penfeather
12947,Train overcrowded at the start: main line to occupy platform worker?,oilman
31865,Meal for four?,afternoontea
108900,Cheshire ain't way off - it's pretty close,withineasyreach
139697,"Pat halted orgy, in order to ____ ?",playhardtoget
36330,Doctor about to get an increase,more
109743,Point to Elizabeth's favourite part of old England,wessex
102058,"Setting up financial backing, but nothing comes in",founding
44647,Poet and wife killer,whitman
96800,How scholars are reported to be stretched,taught
45459,Firm Madame leading heritage organisation evokes criticism?,comment
141091,Birds in tight corsets,scoters
96591,"Say ""heartlessly merry"" describes a foolish-looking person's face?",eggy
3935,"Period of time - spring, for example",tide
135848,Some games of short tennis arranged and unlikely to be changed,setinstone
35101,United supporters raising chaos,snafu
77884,"Me, appearing in full state",maine
20774,Another court passage,extract
89657,I am a doctor - or I was - put on the altar,immolate
104571,Seek to resurrect cry of Bacchae about moggy,evocate
49517,Phone bill cuts I'll bring down,blower
64338,"Gray, say, was celeb at heart with significance",elegist
34137,"Be specific, identifying at least three celebrities",namenames
2787,Admire a freshly baked cake,madeira
24374,"Elaborate on payment royal received, though not personally involved",fancyfree
47446,Great Olympian raising the course of the water,zeus
85527,Nameless firm arranged song due to late lamented musician,compaysegundo
39785,Boredom of a kind experienced by English nun travelling to Italy,ennui
69455,"'Bird training's no good!', you shout at home",penguin
142260,"Blunder, as one may in Balmoral?",putonesfootinit
65970,"Tailor is abroad, getting more qualified",outfitter
36076,Clanger: left out large fixed capital,belfast
131314,Leave soon with English liberal and moderate,slingoneshook
3959,Kind of robbery most likely to occur during rush hours,holdup
9161,Youth leader in a squalid neighbourhood seeking shelter,asylum
70260,Peter's brother was warned once,andrew
84122,Supply AA with rations in clinics,sanatoria
5809,Seeing explosion - small or big bang?,genesis
80915,The pest keeps the greatest number to a marked degree,thermostat
110257,Rob's insult about unprofessional law enforcement teams,dispossess
120442,Likely divorcee's grudge holding water,respondent
54224,Central feature of unbuttoned garment,doublet
31662,"Time off for his lady-love, perhaps",holidays
99646,"Society friend embraces her, being perfectly round",spheral
40041,Ken's spring exam?,mayoral
32243,The officer's in this as a rule,general
17219,Belt buckle worn by men in formal wear,cufflink
16569,Try tea brewed like this to make you babble,yatter
32932,Branch out on photography session,offshoot
110293,Organised fine opening by Queen through artistic institute as set out in different letters,transliterate
13203,Reserve of strength in a football team,arsenal
121433,Swift German sheep jumps ditch? Not half,graham
23706,Errand of sorcerer bearing letter,message
58281,"Descriptive term for drug depression and ""the change""",epithet
131528,Basically bitter wind up for worker outdoors,ranger
107040,Importance of investing it in stock,gravity
27441,"Leave people under a tyre, primarily to get flat",apartment
135537,One messes up Godber's pants,bodger
3818,"Nothing actually to wear? I'd buy a T-shirt, possibly",birthdaysuit
138853,French bottom pinched in lift styled like a toilet? What mademoiselle might exclaim,oohlala
43549,It brings up and up - quote me!,emetic
112088,Ride in a devious way,roundabout
97303,Held by Florence Nightingale's ghost?,spiritlamp
119499,School garden party - head not required to take part,compete
39254,I heard about Cupid's bit of nastiness,eyesore
86021,Liberal with novel proposition,lemma
76098,City approached game without energy,cambridge
58094,Interpret old poet,expound
96625,A short bird's fishy snack,scotchwoodcock
4009,Craft needed by a member of the orchestra,tuba
34420,Rest centre or new meeting place in town,streetcorner
79282,"In direct opposition, before the guillotine's brought into action?",headon
62111,Likely to be on a crash course?,accidentprone
57582,One erected fitting in church as a memorial,cenotaph
125906,Temple ornament I'd made badly,diadem
64718,Tries to find Deborah here,judges
117799,"Wild celandine by river, one without a partner",linedancer
93372,"Flower set to come up first in Iraqi city, non-starter",aspidistra
8696,Catholic film studios,universal
47134,Declared loner dressed as naturist?,garbo
118710,The French for the Rock and the clear,legible
99222,Like an astronaut returning - or failing to get lift-off?,earthbound
121170,Figure in plane caught in old muddle,octangle
41086,I'm awkward - and in record time,inept
92394,From other end Turks produced blast of lightning,thunderstroke
72098,Regret taking root,repent
87436,There's nobody to sign up,nemo
61200,"In the grass, succeeded getting sexual satisfaction",oats
119179,Embarrassed Spooner broke fast and went fast,redfaced
109798,"Awful time to plug Gordon Bennett, governor!",director
99630,In the role of a greedy person with clam to eat,quahog
19998,The reported grain yield,cede
129006,We are not starting marathon in near future,erelong
81752,Grade one hit could arise from it,rightidea
32842,"Tuft of grass turned over, giving cover to bird",topknot
73910,Part of France with nothing to serve as a carriage,deportment
54897,"Beat given by instrument, no favourite, creating a storm",tantrum
116353,"Forward or circulating, drink coffee I make",percolator
126538,Militia quarantine housing water,aqua
108135,Roman sex guru's a mug,visage
29389,Five fish attached to a piggery - not a pretty sight,videonasty
58276,The boring bits of exercises,drilss
85177,Signal to raise hat to old mathematician,euclid
5072,Complaint of youth in spring,malady
128441,Do they keep writing stuff in back of book at stations?,inkstands
139241,"Act superficially, ordering makeshift cures",skimthesurface
125644,Artist models clouds,strati
11732,"Quest, the conclusions of which you can reject",hunt
50329,A vague idea permission is needed,impression
136886,Where Albania introduced prohibition - among other things,interalia
71284,Real tax changes covering drink upset outside the walls,extramural
54329,"Shop, perhaps as a means to express emotions",outlet
106073,"Cold beer, duff drink for the brain",cerebrum
17214,Sailor eating jam caught in vehicle,tramcar
67455,"Action? There I may be misplaced, being an impractical type",theoretician
91662,Insulate Bresnan to cause excitement?,stimulate
42223,Poor shot at route planning,outer
140741,"The majority needing food to eat, being least contented",mopiest
111518,Convict to love society in Nigeria,lagos
55895,End of three months and Wood not quite burnt out,ember
87011,Controls only half restored,reins
30018,Boatman's craft is tip-top! A groan-up joke first!,punt
31744,One may be in or out,striker
130660,Deployment of cloth has covered uniform headgear,slouchhat
53795,Card sharp gets in a round,tarot
135067,A drink or two on the quiet,paleale
123880,"Stubs toe painfully, being most stupid",obtusest
134769,Classical sextet uncovered folk instrument,viol
4801,Queen's speech?,miaow
124600,Putting fear in these endlessly leads to extreme depression,thehorrors
78319,Second stroke results in untidy writing,scrawl
76541,Recently Oscar got deflated by egghead,oflate
94660,"Development of gallstone gutted Victoria, for one",gestation
72895,Rope is no solution for such as Crippen,poisoner
110087,Wife's ceaseless bellyache,squaw
6578,Joe's impressed by Scot's spelling,magic
116827,Certainly small hot cakes after a turnover for Scottish dance,strathspey
81373,Stir navy dye glutton left for decoration,adornment
119198,The best stuff available around the East,cream
114419,"Completely exhausted, but making maximum effort",allout
36990,One successfully putting into Manx cat disease,cholera
107337,Boy facing his first few balls?,justin
9531,"King had one hand, finally, on paper",dream
23315,"Address for Turkish man, if prime of figs need re-ordering",effendi
16249,Sloth and fish not doing too well,ailing
50839,A shade partly drawn in good weather,awning
100645,Bond gets suspicious about invective,warranty
119482,Digital manicure shaped tip of fingernail,numerical
63933,Lewes can't be mistaken for a northern city,newcastle
65208,Man on island finds loch (not lake) within loch at the weekend,fridaytomonday
64827,Time when most strikes occur,twelve
45747,"Query filling up bag, though it's intended for packing",gasket
130594,Line of French reservists invading lyceum,decolletage
110811,Mice run about in numbers,numeric
32738,Three-legged competition,triathlon
13614,Attack causing displeasure,offensive
47808,Fool's endless foolish talk,prat
97341,Unenthusiastic uncle gets involved with tart,reluctant
29474,"In Timbuktu, torturer is master",tutor
61391,Jewish spice gives lift to alien musical,stacte
7363,Unwatered stock,neat
107580,Prisoner supports opening of tunnel in it,stalag
28058,"Given an income, but at the finish was in debt",endowed
102719,Boisterous term cut short by debts,hilarious
136309,Do catch tailless fish: it sounds deep,contrabass
17729,France's eastern mountains form a barrier,estrange
1405,Cabinet's mean temperature?,closet
48726,Super-balloon,swell
30806,Water overflowing the green,naive
113314,Benches surround fashionable meeting places,forums
111819,Noise of fire and laughter across river,crackle
108561,Banter by creep gets the bird,chaffinch
44355,"Until now a mite shady, possibly, about one",tothisday
105397,Rave in French Quarter - so constrained!,enthuse
17495,Wide part of an extractor fan,extra
120389,"Two friers going wrong, smelling worse",frowstier
141277,"Early on, rug's clean around the edge",premature
102970,Reprimand severely - must be detached,tearstrip
123912,Philosopher giving an American guitar to the ’appy couple?,anaximander
84867,Cooks for the crew aboard ship,steams
7327,Finally you can return to group,unit
469,"Financial assessment that's most malicious, restricting good man",meanstest
4750,By which Hebraic tears joined Nebuchadnezzar's irrigation system?,watersofbabylon
135091,Slang term for ladies bearing large families,clans
25677,Go into the middle of America without introduction,enter
124822,Praise fool's misguided attempt to make pie crust?,puffpastry
81070,Did nurse prepare Mark for weariness?,boredom
107203,Last bit of the agreement is a matter of astronomical significance,epact
21659,Smooth sole could be changed for calf's dish,scaldfish
141867,Jonathan Ross's expert declared to be a charlatan,quack
16774,Poet who makes me snore,emerson
3913,Drink mixed in the basin,absinthe
107478,House on reclaimed land abandoned by queen and king,leopold
56406,"During song, daughter breaks arm for us",guardian
28743,Bird observed by the keen of sight,eagleeyed
84763,Put to death - and do it with a will,execute
13529,"Southern dish to make a mess on the wall, perhaps",splatter
53309,River needs to be on-line,elbe
69119,Doctor Dylan's MA presented to Don Giovanni,ladysman
9155,Old empire backs Western alliance over test,ottoman
40812,Many not able to provide a word of opposite meaning,antonym
60442,"Wife, not daughter, has arranged a discount, going round sales with lowered prices",dutchauctions
1762,"Cut grass, say, this way",mode
35309,Finding method that's revolutionary,radar
21127,Shattered hope and returning trouble robbed her of the will to live,ophelia
84552,OK if prince tucks into Nuts Pavlova? Not very,approval
100027,Weighbridge blown up,largescale
80970,"Brave soldiers summoned up, corralled by the man in charge",heroic
113713,Duck I caught in the air recalled hunter's cry,yoicks
5866,Return cosy and glowing from report,gunshot
89981,"A month to live, perhaps",maybe
134611,Do as instructed and misbehave before performing,actupon
62007,"Fawn caught in river, falling over",ecru
50579,Classic film's last word taps into anyone's heart,psycho
79165,One coming last after good sex,gender
46953,Alluring abstraction?,taking
83818,Mexican dish in county for ancient burials,catacombs
5491,Office would leave me in depression,department
37221,Where to get a cheap jumper?,fleamarket
71293,"Bird with ringleader, gunman",sniper
112183,"Dead, possibly - sending back dessert made sense",addedup
100192,Slacks?,casuals
29915,King George I taking a drink out for a governor of Britain,agricola
31069,Leaders of army coup go free,acquit
92806,Ploughman with a capital investment?,shareholder
129025,Old republic's sport one's gripped by,weimar
97159,Against the current higher school grouping,upstream
77050,Deliver receptacle,bowl
49471,Victor or William?,conqueror
58170,Work out tax the Queen's saved,exercise
139893,"Article on government branch by cabinet minister: ""Low point of misery!""",thedepths
3791,Decorated a lid in freehand,inlaid
95611,Vegetable in general is sticky stuff,legume
121119,Left to change top with some relief,hilled
78811,In the Pacific it's done without reward - for love - which is impressive,honolulu
140358,"American English lacking in proposal, zilch in shorthand?",idahoan
113322,Spaghetti tree hoax was no laughing matter,pastajoke
89750,Nonsense on the farm?,hogwash
4618,Are there three bank holidays for the rest of its crew?,trireme
59190,This record is available,single
130965,Time wasted by appalled one hiding under cover,disguised
130897,Boasting about a corgi dog that's cut out barking,braggadocio
71906,A random shot from a musketeer,athos
50320,Adversary turning up in far-flung surroundings,disputant
119948,Old raconteur seen one month after the second half of another?,ustinov
13738,One inside betrayed firm,solid
71005,Saying no to becoming joined together again?,refusing
40942,A line authentic Nazis put first,aryan
95605,For ulcer I used bland food ingredient,riceflour
86642,Tiger clubs,woods
100338,Change of heart in a little Australian prayer,kyrie
55095,Almost sure to take a turn in the air,somersault
57098,"Tuck, the musical, gets a new lead",crease
126551,Twisted end of cap - fresh sardine packaging,sprained
126835,Looks for some people in the other place,peers
18431,"Three rights, one heartless, make a wrong",error
37152,Sound’s singular feature,strait
82218,Decoding any signal that's broadcast,analysing
47959,Bird slow to to imitate,emulate
10852,Cross lady gives English film director the gold,eleanor
99936,Abusive stuff coming in torrent - troublemaker getting maiden trapped,hatemail
141906,Second room - the travelling sort?,motorhome
22070,Having the strength to admit Miss Carrington is winning,adorable
45165,"Felicity's content, not being banned",licit
79085,Irish air fatigue seen coming up to land,eritrea
5980,"Not entirely open, so closed",over
78026,Time to employ lifelong forte for dressing down,tellingoff
128576,Prostitute back in problem level of society,stratum
100878,How returning space travellers have to adjust to reality?,comedowntoearth
110009,An aphid developed from pond life,daphnia
32503,Spare film director,lean
127703,Sweet liquid and equivalent solid,waterice
139142,"When nothing went right - nothing! - he'd often say so, angrily",oneofthosedays
26355,"Heading for penitentiary and walls of Rochester, is one inside?",prisoner
2072,Title for a chapter in a football manual?,heading
122027,Working - like David Copperfield?,doingthetrick
38952,Turn out a revised paper,appear
43454,A little more drink for toasting new pet?,topup
69813,Teach two nurses to take on part of the crossword,enlighten
41497,Eighty percent included? That's kind,type
72609,Worth seen in former Italian leader,merit
48810,Zip up coat of gigolo making speech,lingo
66970,What highly attractive investments may yield?,handsomeprofits
65722,A bit of slapstick? It's cheap and vulgar,kitsch
104530,Rehearsal for a desert marathon?,dryrun
142057,Stop crime? Go afresh to tackle seriously,cometogrips
69970,One paw could be an arm,weapon
113545,Escape trouble with wild bear captured by a couple of cards,jailbreak
67214,Irish leader twice gets the bird,ibis
102823,"Melville's doomed character in ""Graham"" by Zola?",billybudd
97346,Gold-plated carbon and copper exist,occur
35032,"Criminal broke into cart, a bloomer",wakerobin
78169,"Unguardedly messages one back, opening spontaneously",extempore
115899,You and yours have reportedly stolenW. King's toys,yoyos
104662,The state you're in after the match,matrimony
107797,Early example of an oxymoron?,beforetime
128248,Homer apt to display this linguistic solecism?,mixedmetaphor
69435,Muddled socialist leader removed from seat,addle
3786,Artist enters with something insubstantial,wraith
22938,How the Tour de France comes round?,cyclically
115630,All-purpose taser shot into base,versatile
128836,Time to get stuck into a bit of dressmaking or cooking?,stewing
42456,First-class fruit,plum
123611,"His aim, setting crackers?",enigmatist
37114,Free of charge,exonerate
104819,How I told pope I was leaving?,toodlepip
101964,"Writer's block, he's unable to begin",james
74997,Self-reliant girl died sadly,unaided
77673,"Tew, perhaps, is an isolated spot",backwater
38644,Cold and hot alternatively in a neckwear item?,chain
5512,Sleep around with desire and brio,panache
105486,Touch chum's head,palpate
135,Great name for the Earl of Tunis,alexander
13053,Long-standing model - and it worked,oldtime
128271,"Game of choice perhaps, out of cinematographic production",ptarmigan
83827,Many fit in lodge,dwell
102837,Brain transplant?,changeofmind
68911,Spoils of war unknown to Wellington?,booty
64454,Majority to ditch leader in mature response,riposte
77979,"Tree south of Reading, for example, is looking more healthy",rosier
68913,A bit like Balmoral's hot stuff?,booty
59705,Adagio I'll play without a number of bloomers,gladioli
56375,Intently watching a lost series,string
14957,Divine female leads a double life,isis
13206,Star's first opening scene having left club,arsenal
102243,Part-own a Uruguayan island,nauru
50864,There's a lot about this in Hollywood,studio
58707,Three men hold back Arab leader,emeer
90126,Request for vocalist providing medication?,dosing
87162,"Bottle snatched by gorilla, I veer backwards",vial
1787,May perhaps be middle-of-the-road?,tree
121599,Sharpness in Greek cooking not good for rice dish,kedgeree
90427,Snooker player to mess about,potter
20179,"Way to train horses, say, when covered in hair",manege
72960,Anthea's contributions to magazine?,articles
87034,"Embarrassment caused by colour? No, the reverse",crimson
50397,Person responsible for laying out poet,spender
75344,Gag is left out,stifle
30650,"Got to know sailors in leathers, half-cut",learnt
28719,Battle for the chairman's seat?,sedan
129724,"Beautiful women, they'll leave you in pieces!",bombshells
60164,Something done both ways,deed
4550,Colleagues contracted fever,ague
93210,Bid to establish more than two centres,threehearts
24595,"Agree to differ over a pint, hosting a very, very zealous individual",eagerbeaver
55670,Each-way stake,putup
103910,"Where top brass are taking sovereign's side, without mercy",headquarters
82694,Secret American organisation,incamera
