Index,Clue,Solution,Spaced_Solution,gemma_predicted,gemma_solved_answer
112931,Dames popular with sailors?,broads,broads,double definition,MARINA,0
39500,A weightwatchers' congress?,diet,diet,double definition,DIET,1
47168,"Very cutting, but inviting riposte",twoedged,two edged,double definition,ICE BREAK,0
25643,Academic sinecures?,easychairs,easy chairs,double definition,SINE CURVES,0
47761,It's suitable in public,exoteric,exoteric,double definition,APPROPRI,0
66596,Advertising in advance,promotion,promotion,double definition,PROMOTING,0
104275,No good at making pudding,duff,duff,double definition,SAGO,0
124178,Mason's fermented juice?,perry,perry,double definition,CIDER,0
30402,One of the Stones appearing worn - affected by the drink?,pebble,pebble,double definition,SOTTED,0
53157,What Mrs Sprat might do with rabbit,chewthefat,chew the fat,double definition,EATS THE LOT,0
36723,Carry on in the theatre,operate,operate,double definition,OPERATE,1
26394,Temporarily relocate help,second,second,double definition,RESITE,0
51064,Coming to no conclusion,endless,endless,double definition,PENDING,0
2115,Bird of prey,raven,raven,double definition,EAGLE,0
112643,Found out such appliances are dangerous,unearthed,unearthed,double definition,UNEARTHED,1
40199,Doubt one may be apprehended,suspect,suspect,double definition,SUSPECT,1
41758,Second in importance,moment,moment,double definition,MINUTE,0
137544,Grouped together with a retired joiner,banded,banded,double definition,UNITED,0
75815,Make an effective stab at providing a short survey,runthrough,run through,double definition,HIT TARGET,0
26973,"Subscribed to the ""Listener"" and the ""Pantheon"", say",rotunda,rotunda,double definition,ADHERED,0
87379,"A slippery customer, the winter sportsman!",skier,skier,double definition,SKIER,1
63736,Knock cap off sleeping policeman,hump,hump,double definition,COPS,0
27894,Reportedly waited around grave,staid,staid,double definition,STAID,1
47499,Put up rainwear in a swindle,scam,scam,double definition,SCAM,1
33300,"Write, for instance, ""to rise"" as your answer?",getup,get up,double definition,PEN UP,0
134309,Holder and others sounded greatly impressed,slayed,slayed,double definition,AWED,0
51733,Where accidents are affecting the roses,blackspot,black spot,double definition,BLACK SPOT,1
91152,"In tight spot, swear!",plight,plight,double definition,ASSERT,0
46199,Cooked potato with cold joint,chip,chip,double definition,KNEE,0
134666,"God's dog and ten animals I slam in a net, perhaps?",palindromes,palindromes,double definition,ELIMINATION,0
35372,Enormous scratch by the ear,great,great,double definition,GREAT,1
60290,Secure forward position,lock,lock,double definition,FAST,0
98299,It is difficult being so sensitive,ticklish,ticklish,double definition,TICKLISH,1
116464,"Having broken a personal record, though on the decline",pastonesbest,past ones best,double definition,OVER THE HILL,0
6256,Scandal in the sluice,watergate,watergate,double definition,WATERGATE,1
45346,Relish an Indian addition to the meal,chutney,chutney,double definition,CHUTNEY,1
121944,Quoted poet sounds like Mary's garden,shelly,shelly,double definition,CITED,0
50807,A reward for the taking?,priceononeshead,price on ones head,double definition,PRICE ON YOUR HEAD,0
134682,Cheers solvers are barred from getting,youshouldnthave,you shouldnt have,double definition,THE LAST WORD,0
91690,Performance of capital detachment,execution,execution,double definition,BEHEADING,0
50572,Free husband,save,save,double definition,SAVE,1
38373,Small and delicate,slight,slight,double definition,SLIGHT,1
29441,Calm North Yorkshire town,settle,settle,double definition,SETTLE,1
34965,Jack's screwdriver?,propeller,propeller,double definition,JACKSCREW,0
3128,"Clifftop home creepy, we hear?",eyrie,eyrie,double definition,AERIE,0
119926,Warning to speculators on gravy train ?,mindthegap,mind the gap,double definition,MIND THE GAP,1
98100,A marvellous idea taking off in dream,aspiration,aspiration,double definition,AIRCASTLES,0
46325,It's cryptic woman's paper,tissue,tissue,double definition,TISSUE,1
40368,Make new arrangements for the holiday place,resort,resort,double definition,RESORT,1
41398,Acts as executor - some teachers want to,beheads,beheads,double definition,S-W-A-N-T-T-O,0
22648,The end of the New Testament,amen,amen,double definition,AMEN,1
52288,Rubber reported by my sister in Paris?,masseur,masseur,double definition,ERASERS,0
2591,A representative business,agency,agency,double definition,AGENCY,1
62314,Snakes top their opposites,adders,adders,double definition,ADDERS,1
51626,A hard thing to catch,nail,nail,double definition,COLD,0
93701,Where people go in for charms,entrances,entrances,double definition,JEWELLERS,0
102896,Soul music?,spiritual,spiritual,double definition,SPIRITUAL,1
30758,The keynote to good health?,tonic,tonic,double definition,TONIC,1
12774,Dragged to the altar?,towed,towed,double definition,TRAIN,0
87168,Confinement which sounds yellow?,custody,custody,double definition,SALLOW,0
28479,A building in Slough,shed,shed,double definition,SHED,1
129531,Emission - tax to the limit,exhaust,exhaust,double definition,EXHAUST,1
78366,Factory philosopher,mill,mill,double definition,MILL,1
117834,Order a course,sequence,sequence,double definition,SEQUENCE,1
46683,Where Horatio asked for the kiss of death?,trafalgar,trafalgar,double definition,GRAVEYARD,0
74952,Made up a number,composed,composed,double definition,COMPOSED,1
108257,Be punctilious having to get back for the fish,stickle,stickle,double definition,SARDINE,0
77048,Deliver a blackbird,bowl,bowl,double definition,SAVE,0
78770,Uncalled for correspondence,deadletter,dead letter,double definition,FREE LETTER,0
1543,Community to pay workers overtime,settlement,settlement,double definition,SETTLEMENT,1
1478,Snick a boundary,edge,edge,double definition,EDGE,1
75508,"A day in dopey stupor, endlessly like t-h-i-s?",spacedout,spaced out,double definition,SPACED OUT,1
28758,"A stroke by a batsman going for a run, perhaps?",ondrive,on drive,double definition,ON DRIVE,1
98043,Occasion to eat a piece of cake,picnic,picnic,double definition,SPREAD,0
77843,Sailors sought by TV producer,ratings,ratings,double definition,SALTERS,0
121029,Sydney's landmark before building works?,operahouse,opera house,double definition,OPERA HOUSE,1
102328,Not even a soldier,irregular,irregular,double definition,ODD-SAPPERS,0
72759,"To be lying here, it's serious!",grave,grave,double definition,GRAVE,1
32745,A-class grass,alfa,alfa,double definition,REED,0
44642,How ill was the reviewer?,critically,critically,double definition,CRITICISED,0
88477,"To the bride', perhaps, in German (Browning)",toasting,toasting,double definition,GROOMING,0
30462,It's supposed to prevent travellers' bags getting in a snarl-up,bfcycleclip,bfcycle clip,double definition,LUGGAGE TAGS,0
64648,Spare fire,letoff,let off,double definition,LET OFF,1
32909,Be nippy? Not a lot!,dash,dash,double definition,BITS,0
53033,Said to be the story's end,tail,tail,double definition,TAIL,1
14106,"Not wanted at the feast, best left in the cupboard",skeleton,skeleton,double definition,SKELETON,1
10926,Act as an agitator and get jail,stir,stir,double definition,STIR,1
104766,Spike has doll that is missing,barb,barb,double definition,IDOL,0
6110,Close check,stop,stop,double definition,STOP,1
40179,Peculiar game,rummy,rummy,double definition,QUEER,0
25486,Violinist's private room,bower,bower,double definition,STUDY,0
34853,He designed a water container,adam,adam,double definition,DREW,0
57863,Carry on in summary fashion,resume,resume,double definition,RESUME,1
96014,Sharp stone for the remaining persons,alltherest,all the rest,double definition,THE ODD LOT,0
50761,"Telephone bell starting off, but not so loud",lower,lower,double definition,PIANO,0
109072,Something dentist may have to do with lineage,extraction,extraction,double definition,ROOT CANALS,0
123726,Vegetable essence,marrow,marrow,double definition,MARROW,1
93892,Solid grasp of company case?,firmgrip,firm grip,double definition,FIRM HOLD,0
8968,What's got out of bed?,rose,rose,double definition,FLOW,0
10829,Religious house is too much for this priest,abbe,abbe,double definition,MONK,0
114956,"Exciting book, ""The Musician's Aide""",pageturner,page turner,double definition,PAGE TURNER,1
33947,Law suit finally disposed of - for a figure,statue,statue,double definition,STATUE,1
74212,"What maintenance staff should do at points, etc",checkrails,checkrails,double definition,SHARPENING,0
103221,One seen in a hanging basket?,balloonist,balloonist,double definition,SCAFFOLDER,0
38183,Monster fish,troll,troll,double definition,WHALE,0
18838,Danger for sailors in popular music,rock,rock,double definition,ROCK,1
101788,West Indian play groups,steelbands,steel bands,double definition,STEEL BANDS,1
13695,Grim prospect for yachtsman trying to catch rival,stern,stern,double definition,STERN,1
27162,Books for more than one opera,libretti,libretti,double definition,OPUSCULA,0
82252,Bit of a gut for Goon (pronounced),caecum,caecum,double definition,GUTTER,0
8270,Safe place to let out the clutch?,nest,nest,double definition,NEST,1
52928,Regulated state - alternative to Red Revolution?,order,order,double definition,ORDER,1
84492,Quarryman's key picked up,miner,miner,double definition,MINER,1
131897,He takes obstacles in his stride,hurdler,hurdler,double definition,HURDLER,1
39535,Devil's tie?,deuce,deuce,double definition,BONDS,0
53980,Setting maybe at Watford Gap?,milieu,milieu,double definition,HIATUS,0
100802,Footwear hamper,clog,clog,double definition,CLOG,1
64869,"Tender, relatively speaking",sister,sister,double definition,SOFTER,0
66402,Governor that entertained PM once,north,north,double definition,TEMPO,0
17537,Run one of the film crowd,extra,extra,double definition,PRINT,0
123097,"It's unhealthily damp but not too confined, as they say",rheumy,rheumy,double definition,RHEUMY,1
11501,What Cupid bears audibly for lover,beau,beau,double definition,BEAU,1
93618,Red-hot stuff,cayenne,cayenne,double definition,CAYENNE,1
141286,Work units heard of in Holland,joules,joules,double definition,GUILDS,0
29573,The kind of Constable that's out of the ordinary,special,special,double definition,OFFBEAT,0
90612,Compellingly kind,obliging,obliging,double definition,FORCIBLE,0
23967,It's probably not steam and possibly not electric,oldiron,old iron,double definition,GAS FIRE,0
60725,Traffic hazard could be sinister,bend,bend,double definition,LEFT,0
63370,"A show-off, the bounder",prancer,prancer,double definition,UPSTART,0
63299,"Lacking respect, notwithstanding",regardless,regardless,double definition,REGARDLESS,1
16884,A lawless thief: I was once one myself,pirate,pirate,double definition,OUTLAW,0
116114,Sporting barrier that generates pots?,backstop,backstop,double definition,RAILINGS,0
23944,Sounds like place is an eyesore,sight,sight,double definition,SIGHT,1
85188,"An equal to Earl Peel, the last of the shire",count,count,double definition,PEER,0
90916,Fly biting,sharp,sharp,double definition,MIDGE,0
60138,The old starting signal falls without delay,atthedropofahat,at the drop of a hat,double definition,AT THE DROP OF A HAT,1
57018,Silence in jail!,shutup,shut up,double definition,SHUT UP,1
391,Food item for one's heart-throb,pulse,pulse,double definition,PULSE,1
79976,Post of interest,stake,stake,double definition,STAKE,1
107087,Lots of money given to fools,masses,masses,double definition,MASSES,1
122860,Issue not raised naturally,adoptee,adoptee,double definition,NATURAL,0
64292,Agree the score,tally,tally,double definition,TALLY,1
135159,The very thing I do?,oneandthesame,one and the same,double definition,THE DOT ON THE I,0
49676,"Lancashire dish, one to produce a tricky problem",hotpotato,hot potato,double definition,POT STICKER,0
72527,Where to find chaps undressed?,bath,bath,double definition,LIPS,0
133193,"Thud may be heard, but not on a rug down there?",onomatopoeia,onomatopoeia,double definition,SUBTERRANEAN,0
101910,Cut grass?,awn,awn,double definition,MOW,0
32760,Letter delivered with a becoming conclusion,delta,delta,double definition,STAMP,0
119662,Marathon in which we are all dead?,longrun,long run,double definition,LONG RUN,1
65354,Charges for original film shots,rushes,rushes,double definition,TOPICS,0
7095,Fellow of no practical use?,academic,academic,double definition,MANNEKIN,0
23111,Very verily,really,really,double definition,REALLY,1
98393,"It's not cheap, making legal documents sound",ritz,ritz,double definition,DEAR,0
77941,You'll be lost without these,bearings,bearings,double definition,ROADMAPS,0
42893,Young man inexperienced with a gun,colt,colt,double definition,LADS,0
55756,Seize an egg collection,clutch,clutch,double definition,CLUTCH,1
53018,Insure sign?,underwrite,underwrite,double definition,UNDERWRITE,1
93905,Singular Anglo-Saxon orientation,attitude,attitude,double definition,S-SAXON,0
42960,Sweet lumps on hat,gobstopper,gobstopper,double definition,SUGARPLUMS,0
138426,Who would bother a runner?,harrier,harrier,double definition,HOUNDER,0
95618,Yank involved in weightlifting,jerk,jerk,double definition,JERK,1
49096,"A favourite of ""Gardeners World""",cosmos,cosmos,double definition,PLANET,0
87026,Lightweight worker in goods packing?,boxer,boxer,double definition,PLANT,0
28177,Disunity shown in the former Yugoslavia?,split,split,double definition,SPLIT,1
113631,One is better out of it,sickness,sickness,double definition,SKELETON,0
109664,One expecting to hear broadcast,heir,heir,double definition,HEIR,1
106448,What may be spoilt by daisies and big rats?,supergrasses,supergrasses,double definition,SIDEBOARDING,0
98251,Supreme international body,missworld,miss world,double definition,HIGH COURT,0
81357,Maybe Franklin's backer switched poles,inventor,inventor,double definition,BACKSIDE,0
68792,It's what Barry and Gary do,rhyme,rhyme,double definition,SINGE,0
34802,Weapon held up by a corporal?,lance,lance,double definition,MACE,0
1441,Margin of error in general practice,leeway,leeway,double definition,MARGIN,0
62697,A drop of ice,icicle,icicle,double definition,EYEDROP,0
77414,"Guns against water, not including storm",barrage,barrage,double definition,ARTILLY,0
52011,Where the less important fishes learn?,secondaryschool,secondary school,double definition,SMALL FRY SCHOOL,0
50645,Tablet's coating causing harm in mouth,plaque,plaque,double definition,ENAMEL,0
74150,Saul's blowers?,bellows,bellows,double definition,SHOFARS,0
1522,Inferior articles that don't last long,seconds,seconds,double definition,TRINKET,0
56537,"Looking annoyed, wanting power trip",outing,outing,double definition,SULLEN,0
46171,Weather required for electric fires,elements,elements,double definition,ELECTRIC,0
97441,Flower one sees periodically,annual,annual,double definition,S-E-V-E-R-N,0
46226,Old soldier taking flight,archer,archer,double definition,VETRAN,0
104891,Reminds one that it's time for church?,ringsabell,rings a bell,double definition,RINGS A BELL,1
124062,"Shout and dance, say",bawl,bawl,double definition,BAWL,1
31538,Not a mod chair,rocker,rocker,double definition,CHAISE,0
811,"Complain about a rule, we hear",arraign,arraign,double definition,RAILING,0
134760,Put your foot down as a plantsman,heelin,heel in,double definition,STEP ON,0
16633,Cut a dash,drop,drop,double definition,TRIM,0
30630,Make better pickle,cure,cure,double definition,CURE,1
4204,A child of necessity is given to falsehood,invention,invention,double definition,INVENTION,1
103705,Sent money and relaxed,remitted,remitted,double definition,REMITTED,1
48333,Noel's tower of strength,reindeer,reindeer,double definition,LEONTOWS,0
2152,Accommodation with hot water in Yorkshire,house,house,double definition,HOTEL,0
38440,Kids drink it,goatsmilk,goatsmilk,double definition,GOATSMILK,1
70138,Jumbo pilot?,mahout,mahout,double definition,TUSKER,0
38080,Car benefiting driver leaving river behind,ford,ford,double definition,CART,0
119431,Savage as Dracula,bloodthirsty,bloodthirsty,double definition,BLOODTHIRSTY,1
39556,State where the keys are,florida,florida,double definition,FLORIDA,1
11074,Inventor who dynamited half belongings?,nobel,nobel,double definition,NOBEL,1
2165,Key to the mess?,hash,hash,double definition,ISLE,0
122163,An old joke?,jest,jest,double definition,SAGA,0
110655,Historian's report of Cumbrian city,carlyle,carlyle,double definition,CARLYLE,1
105488,Announced fruit's value,gauge,gauge,double definition,VALUE,0
28061,Empire-building queen and cabinet maker,premier,premier,double definition,ANNEXER,0
53713,Sordid details,lowdown,lowdown,double definition,SQUALID,0
67636,"Like Old Marley, unproductive as a stud",deadasadoornail,dead as a doornail,double definition,DEAD AS A DOORNAIL,1
31042,Dialect that comes from the mouth,estuary,estuary,double definition,ORALISM,0
44990,Related to one's origin in South Africa,natal,natal,double definition,NATAL,1
12330,Weed the bed,couch,couch,double definition,ERASE,0
89970,Turning points in making purchases,fulcra,fulcra,double definition,PIVOTS,0
28167,It might help a serious smoker,inhaler,inhaler,double definition,INHALER,1
5241,As curtains might be tied,drawn,drawn,double definition,ALOFT,0
101891,Folk hero's bonnet,hood,hood,double definition,ROBIN,0
36093,On a plank,aboard,aboard,double definition,BOARDY,0
125333,Window leaves producer on the coast,bay,bay,double definition,ASH,0
69641,A Merry Christmas is often likely,onthecards,on the cards,double definition,IN THE EVENT,0
22058,This fellow sounds serious,ernest,ernest,double definition,GRAVEA,0
45412,After which one's in the majority,seventeen,seventeen,double definition,THRESHOLD,0
43609,How Keats wrote upside down,inverse,inverse,double definition,STROPHE,0
99012,"Was evasive, having received hot property",fenced,fenced,double definition,ELUDED,0
100911,Refuse to go through all the cases,decline,decline,double definition,REJECTS,0
135976,Measures the mast beams,yards,yards,double definition,YARDS,1
110525,Imagines being ordered into uniform,calledup,called up,double definition,DREAMS UP,0
54276,One doesn't want to do this at a bank,loseonesbalance,lose ones balance,double definition,LOSE YOUR BALANCE,0
53280,Warming drink that takes some beating,eggnog,eggnog,double definition,EGGNOG,1
13073,The devil to come up to?,scratch,scratch,double definition,SATANIC,0
116380,Perhaps some of those at the company meeting don't have their own cases?,shareholders,shareholders,double definition,BARRISTERS,0
134887,Principle of not striking?,pacifism,pacifism,double definition,PACIFISM,1
30481,"Replacing of ""ruth"" by ""quarter""",fourth,fourth,double definition,QUARTS,0
72186,"People being treated, say, with forbearance",patience,patience,double definition,PATIENTS,0
113647,Put in charge? Quite the opposite,unload,unload,double definition,INDICT,0
71680,Snobs? Rubbish!,cobblers,cobblers,double definition,SNOBBERY,0
51757,No longer greeting completely frozen rain,allhail,all hail,double definition,ALL GONE,0
131170,"Not precious stones, but possibly worn",pebbles,pebbles,double definition,PEBBLES,1
120800,"Source of milk shake, not quiet",udder,udder,double definition,CHURN,0
80163,"I'm la-di-da but, healthwise, not benign",affected,affected,double definition,MALADIES,0
30954,Get Tom's goat? That's the last thing one would do!,putoutthecat,put out the cat,double definition,DIG ONE'S GRAVE,0
50002,Boating clothes in Durham?,riverwear,river wear,double definition,RIVER WEAR,1
2401,Donkey and another old one,noodle,noodle,double definition,ASSINE,0
126028,Look for the men of Smithfield,butchers,butchers,double definition,BUTCHERS,1
31596,A sentence to be penned?,custodial,custodial,double definition,PARAGRAPH,0
111160,Among atheists he is pink,leftofcentre,left of centre,double definition,THIS IS THEIST,0
21493,Johnny's ready?,cash,cash,double definition,CASH,1
10039,"Silence, please, for the game",whist,whist,double definition,WHIST,1
40470,What's meant by the end of Salem’s Lot?,mass,mass,double definition,DOOM,0
115610,But they're not clerks of the course,turfaccountants,turf accountants,double definition,RACE STEWARDS,0
20772,Passage from a booklet,extract,extract,double definition,EXCERPT,0
113164,Not having been given a good enough hiding?,visible,visible,double definition,UNTAMED,0
14663,Pleasant resort,nice,nice,double definition,NICE,1
20133,Fireside bower,nero,nero,double definition,SNUG,0
498,"Easily portable lamp, for example",light,light,double definition,LIGHT,1
86656,"Did the ""lumpen proletariat"" show signs of this plague?",bubonic,bubonic,double definition,BUBONIC,1
59793,The legend of Arachne? That's a tall story!,myfoot,my foot,double definition,A TALE,0
42247,Dined in college by the sound of it,eaten,eaten,double definition,EATEN,1
107011,Take whatever's offered - it could make you party on!,anyportinastorm,any port in a storm,double definition,ANY PORT IN A STORM,1
81643,Will settlement,determination,determination,double definition,DETERMINATION,1
65154,Find flesh by the ear,meet,meet,double definition,MEAT,0
21774,Number to facilitate and inspire truce,ceasefire,cease fire,double definition,PEACE SIGN,0
101447,Trousers designed for passing water,drainpipes,drainpipes,double definition,WATERPROOF,0
16765,First half of the big game,rhino,rhino,double definition,BISON,0
131583,Men found underground cathedrals? No way!,miners,miners,double definition,MINERS,1
963,Stop rowing on the street,easy,easy,double definition,STOP,0
141248,Order repeatedly issued by them for audio equipment?,speakers,speakers,double definition,SPEAKERS,1
67401,Brunel seen as a diplomatic type?,bridgebuilder,bridge builder,double definition,BRIDGE BUILDER,1
9887,The French index is not right,left,left,double definition,LEFT,1
40864,Holds one's own ceremonial robes,copes,copes,double definition,COPES,1
98851,Went without saying,absconded,absconded,double definition,UNSPOKEN,0
72712,More fiction ...,utopia,utopia,double definition,FALSER,0
86297,What a traveller pays for a meal in a dining car?,trainfare,train fare,double definition,TRAIN FARE,1
41082,It could result in deflation being on the way,puncture,puncture,double definition,PUNCTURE,1
35323,Unusual police function,arresting,arresting,double definition,OPERATION,0
27707,Business statement,profession,profession,double definition,COMMERCIAL,0
136100,Capital invested in model planes,mosquitos,mosquitos,double definition,STOCKHOLM,0
95332,First class house room?,reception,reception,double definition,STATEROOM,0
71001,"Out of danger, sailing past Holland",offthehook,off the hook,double definition,OFF THE HOOK,1
18446,Howler monkey shaking head,error,error,double definition,HYENA,0
24840,Said to be family,related,related,double definition,RELATED,1
94167,Green alcoholic drink,lush,lush,double definition,SLOE,0
69176,The bill offenders may have to face in court,beak,beak,double definition,BILL,0
57871,Get back to CV,resume,resume,double definition,RECVIE,0
118978,Resolve to have some exercise,workout,work out,double definition,WORK OUT,1
2201,Able to pay for a form of abuse,solvent,solvent,double definition,SOLVENT,1
7689,Twist a bit off the tree,olive,olive,double definition,TWIGS,0
62980,Host got up for this,elevation,elevation,double definition,BREAKFAST,0
47966,Forget how to take charge,overlook,overlook,double definition,OVERLOOK,1
90368,What they are is difficult to say,tonguetwisters,tongue twisters,double definition,TONGUE TWISTERS,1
53040,"Was not all there, as Greeks claim?",lostonesmarbles,lost ones marbles,double definition,LOST SOME MARBLES,0
104299,Start court proceedings,serve,serve,double definition,TRIAL,0
119086,"No tricks, that's a promise",misere,misere,double definition,PLEDGE,0
65514,"Drop suddenly, missing the first thrust",lunge,lunge,double definition,LUNGE,1
18967,It's used to catch small river fish,reel,reel,double definition,REEL,1
102988,Lots of entrances for Father Christmas,stacks,stacks,double definition,PARCEL,0
98889,Bristol sounds like a French port,breast,breast,double definition,BREST,0
53960,Temper heard by the side of the road,kerb,kerb,double definition,CURB,0
29718,"Funeral lament in cathedral, for example",elegy,elegy,double definition,DIRGE,0
76468,Means of raising a flag,jack,jack,double definition,POLE,0
59792,I can't believe it when my bottom shows!,myfoot,my foot,double definition,NO WAY,0
30031,Mother of Paris seen in lake,mere,mere,double definition,LEDA,0
66442,"Justly won as Ashes eventually were, it's said",earned,earned,double definition,FAIRLY,0
21343,Fruit from this on hand,palm,palm,double definition,PALM,1
14409,"Sell out, as it might?",shop,shop,double definition,SALE,0
46550,Champion releases arrow ending just outside the bull,inner,inner,double definition,BOXER,0
129441,Welcome cry up North,greet,greet,double definition,GREET,1
3491,Ocean's water departed on a rising tide?,deep,deep,double definition,SEAD,0
140362,Such as would suit you down to the ground? Only half,kneelength,knee length,double definition,SEMI FORMAL,0
73772,Third power block,cube,cube,double definition,CUBE,1
30418,Laws that can only be broken by an expert,code,code,double definition,CODE,1
3787,Scottish battlefield's rumoured to have a ghost,wraith,wraith,double definition,WRAITH,1
81095,One-time premier rank,major,major,double definition,ORDER,0
26701,Improvement of action due to training,education,education,double definition,EDUCATION,1
74669,Criticise achievement at cards,slam,slam,double definition,SLAM,1
135519,Crafts based on fundamental duplicity,catamarans,catamarans,double definition,SUBTERFUGE,0
91960,A natural aptitude is present,gift,gift,double definition,GIFT,1
34502,Tree providing shade,lilac,lilac,double definition,ALDER,0
64112,Piece of music unsuitable as voluntary?,obbligato,obbligato,double definition,OFFERTORY,0
60435,This provides the main prospect,porthole,porthole,double definition,SEAFRONT,0
89212,Fitted with a groove,slotted,slotted,double definition,SLOTTED,1
134748,"Sun etc in before this, brightness ends",popularpress,popular press,double definition,STARLIT NIGHT,0
46146,Improve one's bust line?,uplift,uplift,double definition,BUSTLE,0
34903,It's designed for handicapped drivers to do the rounds,golfcourse,golf course,double definition,GOLF COURSE,1
48413,They meet in the centre of the ring,radii,radii,double definition,SPOKE,0
102106,Shy soldier getting worn out,retiring,retiring,double definition,FATIGUED,0
19581,Bob put forward an idea,float,float,double definition,NOTIO,0
125738,Flying in Hackney's hair-raising?,airlifting,airlifting,double definition,AEROBATICS,0
109949,Short dominatrix may have done this,strappedforcash,strapped for cash,double definition,CRACKING THE WHIP,0
100397,"Power outage, possible source of conflict",generationgap,generation gap,double definition,FLASH POINT,0
109944,Standard performance,routine,routine,double definition,AVERAGE,0
108474,Help one gets in this day and age,aid,aid,double definition,AID,1
135441,"Diamond, did you say? Prepare to propose!",kneel,kneel,double definition,KNEEL,1
100039,Rubbish food with chips?,cod,cod,double definition,TAT,0
44359,Colour to leave alone,maroon,maroon,double definition,MAROON,1
35803,Scandalous conclusion to entry,gate,gate,double definition,SINF,0
82220,Data in notebook,facts,facts,double definition,DIARY,0
131749,Big business street must be this for Scot,holdingcompany,holding company,double definition,CAPITAL STREETS,0
117593,Somewhat equally? Exactly,fiftyfifty,fifty fifty,double definition,SQUARE DEAL,0
61034,It can be hell for criminals,underworld,underworld,double definition,PUNISHMENT,0
14044,"In that case, flights won't be covered",quiver,quiver,double definition,STAIRS,0
28490,Crossword setter dropped,shed,shed,double definition,FELL,0
10888,Awful person with no end of affectation?,poser,poser,double definition,SWINE,0
31590,Biting trill is heard,mordant,mordant,double definition,CUTTING,0
76484,Old coins providing conversation,exchange,exchange,double definition,SENTENCE,0
54831,Answer to be found in chemistry lab,retort,retort,double definition,RETORT,1
36216,Paul's respect,revere,revere,double definition,REVERE,1
108705,Attribute of one flying fortress,fastness,fastness,double definition,PROPERTY,0
108890,"Of course, it's sweet",pudding,pudding,double definition,DESSERT,0
109861,"Getting forks out to skewer books, those unpleasantly dry?",splitends,split ends,double definition,STARK DRY,0
20596,"Tap: tell me, what do you do if it's stuck?",faucet,faucet,double definition,NUDGE,0
90357,Theatre of war?,operationsroom,operations room,double definition,OPERATIONS ROOM,1
5879,Percussionist circles,ringo,ringo,double definition,DRUMS,0
43700,"Sailing vessel, clipper",cutter,cutter,double definition,CUTTER,1
110102,Employment in which workers were paid to unpick seams,coalmining,coalmining,double definition,OCCUPATION,0
69067,Go away to get in with no contest,shoo,shoo,double definition,SCAT,0
31387,Watch over instructions,remit,remit,double definition,GUIDE,0
10303,Firm plan,intent,intent,double definition,STABLE,0
24800,Extend towards heaven as breakdown vehicle?,tower,tower,double definition,TOWER,1
12325,Does this imply sharecropping?,allotment,allotment,double definition,PARTITION,0
112667,"For a start, it's essential",ignitionkey,ignition key,double definition,SKELETON KEY,0
112589,"Office workers sign in invisible ink, perhaps?",secretaries,secretaries,double definition,SECRETARIES,1
71498,Ceremony appropriate for audience,rite,rite,double definition,RITE,1
133920,Ban on the very people who frequent this dating venue?,singlesbar,singles bar,double definition,SINGLES BAR,1
40889,Revolting individual given a step up,riser,riser,double definition,ARISE,0
71902,Successfully managed a kidnapping?,carriedoff,carried off,double definition,CARRIED OUT,0
134440,Female character of enduring quality?,manofiron,man of iron,double definition,SHE IN WAIT,0
112379,He leads speakers on march: an order goes out,anchorman,anchorman,double definition,DRUM MAJOR,0
135713,It's plain stupid for a mountaineer,alpinist,alpinist,double definition,SIMPLEST,0
9975,One falling for acrobat,tumbler,tumbler,double definition,TUMBLER,1
141237,Most elevated dizzy heights,highest,highest,double definition,HIGHEST,1
59898,Score runs in a series,arrange,arrange,double definition,STREAKS,0
90451,Big shock absorber,bumper,bumper,double definition,BUFFER,0
65301,Misfortune that TV repairman may bring?,setback,setback,double definition,SETBACK,1
16047,Refuse stopping short old king,offa,offa,double definition,DENY,0
82695,Where to find film not for public viewing,incamera,in camera,double definition,IN CAMERA,1
137827,No head on Nick's mop,wipe,wipe,double definition,WIPE,1
91370,"Slab, board, list? It ends in a square",threetimestable,three times table,double definition,TABLE TABLE TABLE,0
117060,Lexicographer wearing underpants?,johnson,johnson,double definition,WEBSTER,0
14238,Sketch of partial rail strike?,outline,outline,double definition,OUTLINE,1
90206,Percher from the nuthatch family by the sound of it,sitter,sitter,double definition,SITTER,1
43203,British capital,sterling,sterling,double definition,STERLING,1
10324,Not the best way to beat an opponent,worst,worst,double definition,WORST,1
137314,"Money problems, no capital",roubles,roubles,double definition,DEFICIT,0
50501,Remedy may be to change gear,redress,redress,double definition,REDRESS,1
74443,Topless in bed - so what might be on?,pyjamatrousers,pyjama trousers,double definition,SLEEPING BAGS,0
18777,Strap may follow report of some difference,thong,thong,double definition,SINEW,0
43277,Discussion at board level,tabletalk,table talk,double definition,TABLE TALK,1
74818,Lizards that may be using a double disguise,iguanas,iguanas,double definition,IGUANAS,1
103790,Hal stopped with him,ted,ted,double definition,HAL,0
46126,Strap that goes on a bit,rein,rein,double definition,REIN,1
141025,One unable to make a killing getting fired?,blankcartridge,blank cartridge,double definition,CLAY PIGEONS,0
49208,One disparaged for working for a crust?,scab,scab,double definition,SCAB,1
13506,Bear accepting stakes,tote,tote,double definition,BIDE,0
20441,Heater once used by people approaching retirement,bedwarmer,bedwarmer,double definition,BEDWARMER,1
133384,Stressed but having fewer wrinkles than you should?,underlined,underlined,double definition,DISTRESSED,0
92737,Becomes engaged in predicaments,plights,plights,double definition,PLIGHTS,1
124619,Psychiatrists? They're all savages,headshrinkers,headshrinkers,double definition,HEAD SHRINKERS,1
53843,Type of green,emerald,emerald,double definition,LETTUCE,0
76662,"Bob Marley, for example, could be a star",rasta,rasta,double definition,RASTA,1
104740,"Order, mostly seen in this clue",comma,comma,double definition,ORDER,0
133352,Butterfly to emulate uroboros?,swallowtail,swallowtail,double definition,SWALLOWTAIL,1
92822,What are you doing here?,crossword,crossword,double definition,STATIONED,0
35910,Wonderful boss,super,super,double definition,SUPER,1
50041,"""Bullets""",ammo,ammo,double definition,DOTS,0
126552,Dried fruit shapes,prunes,prunes,double definition,PRUNES,1
125526,You'd feel better without them!,gloves,gloves,double definition,THORNS,0
76641,Way to get through Fathers and Sons,pass,pass,double definition,READ,0
69559,Once a public transport industry,diligence,diligence,double definition,DILIGENCE,1
89861,Small town dropout,dorp,dorp,double definition,STOP,0
988,French master responsible for courses,chef,chef,double definition,CHEF,1
58426,Such tolerance may be a matter of degree,latitude,latitude,double definition,LATITUDE,1
25638,It may be put on disc,identity,identity,double definition,BRAKEPAD,0
105529,"Come on, tell me what to do with unpalatable food!",spititout,spit it out,double definition,SPIT IT OUT,1
3287,"It's OK, there's no one left",allright,all right,double definition,ALL CLEAR,0
13896,They have small parts in a big picture,insets,insets,double definition,MOSAIC,0
132352,Youngsters bound to get along with them,pogosticks,pogo sticks,double definition,KIDS GLOVES,0
120088,Wicked woman caught using traps,witch,witch,double definition,SNARE,0
60856,Thatcher's a nonentity,society,society,double definition,STRAWMAN,0
27953,African leader is number one in France,moi,moi,double definition,UNO,0
64672,Triumvirate running the tundra?,troika,troika,double definition,TROIKA,1
53302,"Where stout, diet?",local,local,double definition,STATE,0
18125,Underactive German worker is no longer needed,redundant,redundant,double definition,REDUNDANT,1
42363,Answer to this clue should be clearly stated,putacross,put across,double definition,THE ANSWER,0
91692,Performance killing act,execution,execution,double definition,EXECUTION,1
76471,Flag lifting device,jack,jack,double definition,JACK,1
78383,Another setback as the result of stiff breeze?,freshblow,fresh blow,double definition,KNOCK BACK,0
40987,Stone provides a barrier,agate,agate,double definition,BLOCK,0
5824,Get up in a lift,raise,raise,double definition,RAISE,1
19265,Not carrying anything one shouldn't? Absolutely!,clean,clean,double definition,CLEAN,1
19108,Submit a return,yield,yield,double definition,YIELD,1
99538,"Prune - or another fruit, we hear",pare,pare,double definition,PARE,1
4159,Bird (not strong) found on Scottish island,inch,inch,double definition,SKUA,0
37775,In theory he wants the best,idealist,idealist,double definition,IDEALIST,1
40866,Manages to provide clothing for priests,copes,copes,double definition,COPES,1
42887,The usual ones are likely to be the first taken in,suspects,suspects,double definition,REGULARS,0
83495,One in the eye for an unwilling school creeper?,pupil,pupil,double definition,PUPIL,1
59260,Fungal pattern,mould,mould,double definition,MOULD,1
1956,Man to cheat on bird,rook,rook,double definition,ROBIN,0
6976,Open to defeat,undo,undo,double definition,ROUT,0
97443,Flower book,annual,annual,double definition,ROSARY,0
124115,Doubled over and collapsed,foldedup,folded up,double definition,FOLDED UP,1
29991,Ace intro for sales pitch,star,star,double definition,SOAP,0
16426,Recommend a defender,advocate,advocate,double definition,ADVOCATE,1
82222,On which to stick the sick brick,stretcher,stretcher,double definition,CORKBOARD,0
77887,State in Midwest,maine,maine,double definition,OHIO,0
115110,Finger the back of a book,index,index,double definition,INDEX,1
108316,He removes his customers,taxidriver,taxi driver,double definition,TAXI DRIVER,1
26733,"Senior slip, perhaps, dropping two",elder,elder,double definition,ELDER,1
31641,Made to smile by a thought?,amused,amused,double definition,AMUSED,1
41438,Baptismal name(s) given to an invader,norman,norman,double definition,RAIDER,0
119320,Numbers among European aristocracy,counts,counts,double definition,COUNTS,1
98356,Army command prepare for war,orderarms,order arms,double definition,ORDER ARMS,1
111565,Critical point of eating a biscuit,crunch,crunch,double definition,CRISIS,0
133055,Fisherman who does will be more pleased than the boatman,catchesacrab,catches a crab,double definition,CATCHES A HAUL,0
129846,"Openings to dressers, offices or rooms, say",doors,doors,double definition,DOORS,1
26988,"No point, darling",love,love,double definition,DEAR,0
4157,Little distance from island,inch,inch,double definition,INCH,1
76036,Mail steamer,packet,packet,double definition,POSTER,0
86099,Drinking song?,round,round,double definition,SHANTY,0
2888,Indicator of some aggravation,needle,needle,double definition,STRESS,0
62988,Architect's plan for advancement,elevation,elevation,double definition,STAIRCASE,0
32660,Dance? Did I step on your foot?,excuseme,excuse me,double definition,DANCED ON,0
127431,Are they responsible for many bad things?,devils,devils,double definition,ERRORS,0
56213,How this word goes in,downwards,downwards,double definition,INSERTION,0
6135,"Blunder, if this worn in summer?",muff,muff,double definition,SLIP,0
134857,Jumps on fools,mugs,mugs,double definition,SAPS,0
886,"Being this, he is leaving the land",testate,testate,double definition,EMIGREE,0
41693,Cats in the pound?,ounces,ounces,double definition,LITTER,0
15666,"He hits you, you're smitten!",eros,eros,double definition,AMOR,0
6093,Stops goals,ends,ends,double definition,ENDS,1
33636,Reason traditionally lost at Oxford,cause,cause,double definition,SENSE,0
71765,Belts from old clothes,clouts,clouts,double definition,STRIPS,0
59149,Give a signal and slow down,flag,flag,double definition,FLAG,1
104855,"Squandered University award, we hear",blew,blew,double definition,BLEW,1
32618,Picture not painted by Landseer?,seascape,seascape,double definition,LANDSCAPE,0
27647,"Showed respect for an old lady, but insulted a young one",stoodup,stood up,double definition,CURTSEY,0
116881,Generous party member …,liberal,liberal,double definition,LIBERAL,1
129417,Natural dwarfishness?,undergrowth,undergrowth,double definition,MINIATURISM,0
91722,Crew said it's likely to be passed at Chiswick,eyot,eyot,double definition,FOUR,0
809,Charge call to account,arraign,arraign,double definition,INVOICE,0
105691,Part of town public steers clear of,outskirts,outskirts,double definition,TOWNSHIPS,0
8931,Cliché of a hi-fi buff,stereotype,stereotype,double definition,STEREOTYPE,1
44673,Programming language that's good at compression?,python,python,double definition,PYTHON,1
46248,Female subject of an old song cycle,daisy,daisy,double definition,DIANA,0
99632,Please let's have a non-CFC deodorant!,rollon,roll on,double definition,PASS IT,0
128691,Again ask for employment to gain work,reapply,reapply,double definition,REAPPLY,1
6084,Suspends only half of one's objectives,ends,ends,double definition,AIMS,0
48140,"Disreputable, extremely short, wasn't standing up straight",louche,louche,double definition,LISTED,0
41487,Use the office keys?,type,type,double definition,TYPE,1
47654,To drill can be tedious,boring,boring,double definition,BORING,1
81411,Wine to show a bit of leg,hock,hock,double definition,PORT,0
92516,Pass on:,colon,colon,double definition,RELAY,0
15272,"In the main, this calf is dangerous",iceberg,iceberg,double definition,SEACALF,0
44251,"Bumpy, therefore odd?",uneven,uneven,double definition,UNEVEN,1
88280,Getting to the end of this exhausts one's patience,tether,tether,double definition,TRIALS,0
115632,Uncommon feature of British society,royalty,royalty,double definition,SPECIAL,0
131794,Coolers designed to hold a small criminal?,minibars,minibars,double definition,CHILLERS,0
29972,Big name appears nightly,star,star,double definition,STAR,1
73611,Matched and dispatched?,mated,mated,double definition,SLAIN,0
80766,He'll tak ye tae the quarry,gillie,gillie,double definition,HUNTER,0
60056,"A match for ""Thus Spake Zoroaster""",avesta,avesta,double definition,KINDLE,0
84729,Demolish Humpty-Dumpty's so convincing argument,knockdown,knock down,double definition,SOLID CASE,0
13542,Whip used to enforce this community service?,partyline,party line,double definition,PARTY LINE,1
31134,Land on one's head?,panama,panama,double definition,ISLAND,0
35792,Target someone who is relatively friendly?,auntsally,aunt sally,double definition,SOFT TOUCH,0
10330,"Paradoxically, it could be best!",worst,worst,double definition,WORST,1
12387,"Bound by discretion, one is silent",tacit,tacit,double definition,TACIT,1
9758,They're used to create curls and waves,rollers,rollers,double definition,CURLERS,0
64733,"Lacking inspiration, he goes for a walk",pedestrian,pedestrian,double definition,SPIRITLESS,0
508,Stage directors in groups,boards,boards,double definition,BODIES,0
4537,"Fuzzy, not very fit",ague,ague,double definition,SOFT,0
21741,"Male/female, evenly distributed",evelyn,evelyn,double definition,MESHED,0
68296,Take encouragement in comfort,cheerup,cheer up,double definition,CHEER UP,1
137739,Lock worker's increase in scale,friseur,friseur,double definition,UPSCALE,0
83739,Legislation that went against the grain,cornlaws,corn laws,double definition,CORN LAWS,1
27101,Pretty short message,twee,twee,double definition,CUTE,0
14967,Oxford banker,isis,isis,double definition,ISIS,1
133402,Set one's sights higher and improve,lookup,look up,double definition,STEP UP,0
57233,Communicating off the field,intouch,in touch,double definition,IN TOUCH,1
110247,Not much to drink (much less than a full finger in fact),thimbleful,thimbleful,double definition,THIMBLEFUL,1
17936,Re-used cover of previous issue?,handmedown,hand me down,double definition,HAND ME DOWN,1
5317,"Carriage axle bush, for instance",bearing,bearing,double definition,BEARING,1
125627,Alpine flower,glacier,glacier,double definition,GENTIAN,0
87658,Painter appeared first - this followed!,camera,camera,double definition,SECOND,0
5991,Dog without lead finding some balls,over,over,double definition,ORBS,0
119570,Boatman's a little troubled in the head,salt,salt,double definition,OARS,0
127217,Fruits singularly not given by uncaring types,figs,figs,double definition,COLD,0
102111,What gets to stick when one's terribly hot in it?,clothing,clothing,double definition,SWEATBOX,0
13732,Golfing connections,links,links,double definition,LINKS,1
85032,Annexe's relieved state?,extension,extension,double definition,EXTENSION,1
12436,Nervous performing at the Fringe?,onedge,on edge,double definition,ON EDGE,1
18488,Literary props,bookends,book ends,double definition,BOOK ENDS,1
19315,Flight departure,retreat,retreat,double definition,TAKEOFF,0
19277,"Change sides, which is a bad thing",defect,defect,double definition,DEFECT,1
115311,"Divorced, eh? Good news for one in for the long term",freepardon,free pardon,double definition,LIFE SENTENCE,0
74020,Age span,period,period,double definition,PERIOD,1
78925,Naturally good leg-spinners,spiders,spiders,double definition,SPIDERS,1
575,Fixed quantity in firm,constant,constant,double definition,CONSTANT,1
94721,Ruth left Bedlam,babel,babel,double definition,CHAOS,0
29337,Ventilation for the gallery,louvre,louvre,double definition,AIRING,0
98413,Black rhyme for Greene's coloured boy,inky,inky,double definition,BLUE,0
35599,Bird with no head for danger?,ostrich,ostrich,double definition,HAZARDS,0
2518,Longs for young ladies,misses,misses,double definition,MISSES,1
133690,What Newgate is for Dickens,oldnick,old nick,double definition,THE GAOL,0
7962,Where reels of film may be seen - or heard,cannes,cannes,double definition,CINEMA,0
137560,Line clippers?,clothespegs,clothes pegs,double definition,SAILING SHIP,0
118779,Have a go at bird,snipe,snipe,double definition,S-T-A-B-S,0
52450,Late train?,cortege,cortege,double definition,CORTEGE,1
56767,Training vessel for aspiring officers?,cadetship,cadetship,double definition,CADETSHIP,1
38460,Tells these jokes,cracks,cracks,double definition,CRACKS,1
44921,Sounds like what you might need,atissue,a tissue,double definition,A SCENT,0
51340,Sort of policy for the Lib-Dems?,thirdparty,third party,double definition,THIRD PARTY,1
16990,A certain success is not affected …,natural,natural,double definition,SUREWIN,0
3727,Dickensian dance,twist,twist,double definition,WALTZ,0
21115,"Mature, or mature to a point",ripen,ripen,double definition,S-H-A-R-P,0
80854,Prince with more cats and dogs?,rainier,rainier,double definition,RAINIER,1
140039,What snooker player does when past his best?,goestopot,goes to pot,double definition,MISSES IT,0
140315,"Not much attire, going topless",abit,a bit,double definition,A BIT,1
53729,Instructions once written on tablets?,tencommandments,ten commandments,double definition,THE COMMANDMENTS,0
94685,"Tom, on date, sought sexual contact in public",cruised,cruised,double definition,CATCALL,0
67502,"Covering bottom of utensil, often slippery - is it?",teflon,teflon,double definition,ENAMEL,0
4272,Girl with little money - and that obsolete,anna,anna,double definition,ANNA,1
16420,"A look-alike, sometimes dead",ringer,ringer,double definition,STATUE,0
35067,A paid informer,teacher,teacher,double definition,TIPSTER,0
70420,Swimmer looking miserable,bleak,bleak,double definition,LOACH,0
28322,Most unlikely model to endure weight,last,last,double definition,ODDS,0
39870,Rude to squander,blue,blue,double definition,CURT,0
81691,Test we hear? A river,aural,aural,double definition,TRENT,0
56166,Guard gives a warning,lookout,look out,double definition,LOOK OUT,1
33115,No heart of stone,diamond,diamond,double definition,PITLESS,0
58690,Keen to have one foot in the grave?,dying,dying,double definition,ACUTE,0
62462,Lands on the sheltered side,leeshores,lee shores,double definition,LIE ASHORE,0
15881,Once the highest position for an Afghan was a space station,amir,amir,double definition,SPOT,0
87869,Not a scrap of bias,fairfight,fair fight,double definition,FAIR SHAKE,0
72524,Clean citizens here?,bath,bath,double definition,BATH,1
25763,Thinner is better,finer,finer,double definition,SUPER,0
30495,Offer rented accommodation,tender,tender,double definition,TENDER,1
122557,There's no good in Mayday melodies,songs,songs,double definition,SONGS,1
138347,"Ravel, go away",getknotted,get knotted,double definition,GET TANGLED,0
67884,Smell fine reserve,book,book,double definition,NOSE,0
24151,Wellington's section showing how soldiers should march,instep,instep,double definition,IN STEP,1
52612,Disputed frontier,borderline,borderline,double definition,BORDERLINE,1
5677,Barge carrying less cargo?,lighter,lighter,double definition,LIGHTER,1
129634,Maintain the same policy?,reinsure,reinsure,double definition,RENEWING,0
9392,Initiate Israeli leader,begin,begin,double definition,BEGIN,1
110329,"Fish eggs, fruit of the deep",seagrapes,sea grapes,double definition,SEA GRAPES,1
64847,Posing like deposed ruler,king,king,double definition,STAR,0
787,A pound of sultanas?,harem,harem,double definition,LIRAS,0
69540,Innocent abroad?,naif,naif,double definition,NAIF,1
127548,Detachment of soldiers holding clubs in card game,picquet,picquet,double definition,SQUADRON,0
32540,Some ladies drink,bevy,bevy,double definition,MEAD,0
41014,Complex to explain,elaborate,elaborate,double definition,ELABORATE,1
65918,Biscuit produced in a mass,wafer,wafer,double definition,SCONE,0
83510,Blocking promotion,plugging,plugging,double definition,STOPPING,0
39731,"Rocker, say, meeting conductor",chair,chair,double definition,SAYER,0
42159,Go it to date - not so fast!,steady,steady,double definition,ADAGIO,0
10312,Determined where nomads live?,intent,intent,double definition,INTENT,1
19516,Service provider,priest,priest,double definition,SERVER,0
38758,"Relatively speaking, one's kept under wraps",mummy,mummy,double definition,SKINS,0
117600,Rock group's third,tertiary,tertiary,double definition,STRATUMS,0
40625,Deal with entertainment paid for by another,treat,treat,double definition,TREAT,1
55385,"Surprise article, something you may get lost in ?",amaze,amaze,double definition,AMAZE,1
57790,Argues over part of the make-up of crosswords,rows,rows,double definition,ROWS,1
122642,Let Jack be seen to supply a military presence,showtheflag,show the flag,double definition,SEND THE ARMY,0
123859,They serve older boys cigarettes,fags,fags,double definition,TRAY,0
19406,Proverbially hard on one's toes?,nails,nails,double definition,STONE,0
5003,Prevail in pronounced bad weather,reign,reign,double definition,REIGN,1
75784,A good one is important to one bowling from end to end,length,length,double definition,ALLEY,0
3742,What the chef uses in a tense situation?,knifeedge,knife edge,double definition,KNIFE EDGE,1
141359,Commonly about to hear one who's had it,gonna,gonna,double definition,HEIRS,0
107844,Condemned equal rights dispute,quarrel,quarrel,double definition,DAMNED,0
107321,Dip? You might need such a heater,immersion,immersion,double definition,IMMERSION,1
89109,The astronomer is such a dreamy individual!,stargazer,stargazer,double definition,STARGAZER,1
28739,Personal impressions that are very individual,fingerprints,fingerprints,double definition,FINGERPRINTS,1
137628,Catch the sheep?,dolly,dolly,double definition,HEARD,0
84584,Duck reported on mount,ida,ida,double definition,ALP,0
75424,Spell a word,term,term,double definition,TERM,1
21542,"Author of ""Tom Jones"" is not in",fielding,fielding,double definition,FIELDING,1
67161,"It's not, they say, something of mine",gordian,gordian,double definition,MINERAL,0
46336,A camp whisper,aside,aside,double definition,SOUGH,0
22342,Girl waits for its performance,carol,carol,double definition,OPERA,0
70594,"Finish, though not Finnish?",polish,polish,double definition,POLISH,1
27614,We probably can put up with his plans,architect,architect,double definition,TENTATIVE,0
126347,Eminently suitable to be excluded,cutout,cut out,double definition,CUT OUT,1
65784,"Bowled out, possibly leg it for boundary",limit,limit,double definition,LEGIT,0
62669,Company relationships in public transport,business,business,double definition,COACHING,0
44951,"Boots, perhaps, given red film",chemist,chemist,double definition,REDTAPE,0
39450,Lady's maid found showing off in the kitchen,dresser,dresser,double definition,S-P-A-T-U-L-A,0
72297,Get hairy before court appearance?,bewig,bewig,double definition,TRIAL,0
53996,Running away to join up?,elopement,elopement,double definition,ELOPEMENT,1
20037,Fish on a fat-free diet,sprat,sprat,double definition,SKATE,0
126746,"Inspecting, unannounced, what teenagers get up to in bathroom?",spotchecking,spot checking,double definition,SPOT CHECKING,1
44283,Growing row over a speaker,moustache,moustache,double definition,SPREADING,0
106169,One who refused to accept tyranny to work as a bank clerk,tell,tell,double definition,TILL,0
63500,The bill is here,copshop,cop shop,double definition,THE BILL,0
60291,Officer returned to cocktail bar,lock,lock,double definition,RAIL,0
59828,Bone from the centre?,radius,radius,double definition,MIDRIB,0
46985,Survival is regarded with reverence,relic,relic,double definition,ALIVE,0
88235,Tom Jones's coiffeuse?,delilah,delilah,double definition,BARBER,0
90544,Support restaurant in which one has been raised,brassiere,brassiere,double definition,UNDERPINS,0
89894,Presents for volunteers,offers,offers,double definition,OFFERS,1
130765,Suitable work for a lay reader?,songbook,songbook,double definition,BEDLINEN,0
4851,Understanding Norman?,wisdom,wisdom,double definition,FATHOM,0
31569,Type of paper placed face up,laid,laid,double definition,LAID,1
50289,Detailed short note seen in time,minute,minute,double definition,MINUTE,1
13462,Stop and shoot,stem,stem,double definition,STEM,1
39230,"More colourful, though less experienced",greener,greener,double definition,GREENER,1
10993,Left in France? That's rather awkward,gauche,gauche,double definition,GAUCHE,1
96043,A schoolboy howler?,crybaby,crybaby,double definition,SCHOLAR,0
24852,Calling for speed,career,career,double definition,URGING,0
57111,Narrow escape after cutting it fine?,closeshave,close shave,double definition,CLOSE SHAVE,1
105836,"Nincompoops, many losing face",asses,asses,double definition,ASSES,1
116294,What the finicky cleaning lady did: something in the groundsman's shed,sawdust,sawdust,double definition,SWEEPER,0
84759,Finish off the job?,execute,execute,double definition,EXECUTE,1
69567,What the poor man has and the rich man wants,nothing,nothing,double definition,NOTHING,1
69084,River comes to a halt in the sound,styx,styx,double definition,STYX,1
127990,"Engineer, did you say? Please repeat!",what,what,double definition,ECHO,0
35832,A meeting of Continental heads,teteatete,tete a tete,double definition,HEAD TO HEAD,0
34190,Is one's engagement a head-turner?,reversegear,reverse gear,double definition,WEDDING RING,0
40788,Impressive time of year,august,august,double definition,AUGUST,1
97097,Encouragement to perform for very little money once,doit,doit,double definition,SPUR,0
60880,"Possibly asleep, certainly inactive",dormant,dormant,double definition,DORMANT,1
44218,Hide or show,screen,screen,double definition,SCREEN,1
115928,Begins to show such order,alphabetical,alphabetical,double definition,ALPHABETICAL,1
105063,Temporary structure in the Sun's building,nissenhut,nissen hut,double definition,SUNTAN BED,0
86860,Sick to a great degree?,aegrotat,aegrotat,double definition,FEVERISH,0
112873,Eighty-eight flaws to date? I will have to make some changes!,twofatladies,two fat ladies,double definition,THE KEY BOARD,0
92815,Antithesis of flare as source of light,taper,taper,double definition,TAPER,1
53412,Pleasing as a lollipop that's calorie-free,likable,likable,double definition,POPSILE,0
124064,The favourite that's in form,teacherspet,teachers pet,double definition,FAVOURED SON,0
57030,Preserve predicament,pickle,pickle,double definition,PICKLE,1
87148,He may counsel the sexual offender,therapist,therapist,double definition,THERAPIST,1
12895,Go to pieces in card game,snap,snap,double definition,SNAP,1
21260,"""Singin' a song ____"", in concert",sidebyside,side by side,double definition,SIDE BY SIDE,1
124871,Steps taken in yards or metres,measures,measures,double definition,MEASURES,1
3896,Where there's often a gap in character formation,stencil,stencil,double definition,SPACING,0
113547,"Value force, from what we hear",prize,prize,double definition,PRIZE,1
10389,Small part of military detachment,detail,detail,double definition,DETAIL,1
28320,Model's bottom,last,last,double definition,BASE,0
4270,"Having spoken with vision, is accorded a position",sited,sited,double definition,SITED,1
117918,A way for Steps to cover material lacking copyright,path,path,double definition,FREE,0
48262,"Now Epiphany, as if any were needed",newyear,new year,double definition,ANY MORE,0
103826,"Put one's foot down, as a matter of duty",stamp,stamp,double definition,STAMP,1
9177,Compass cover,spread,spread,double definition,SHEATH,0
9659,Conviction that can be reversed?,tenet,tenet,double definition,TENET,1
123098,"It's said capacious hanky's needed, if you're like this",rheumy,rheumy,double definition,RHEUMY,1
45553,They are taken slowly at the Proms,adagios,adagios,double definition,ADAGIOS,1
118599,Enlightenment for the masses?,slimming,slimming,double definition,SKYLIGHT,0
34097,Indulge in conspicuous consumption?,eatlikeahorse,eat like a horse,double definition,EAT LIKE A HORSE,1
89495,Let everyone outstanding be audibly spoken,allowed,allowed,double definition,ALLOWED,1
102086,Second retreat?,back,back,double definition,BACK,1
690,Holiday bay,recess,recess,double definition,RECESS,1
118763,Clooney talk?,chatter,chatter,double definition,GEORGIC,0
60166,You can read this document whichever way you like,deed,deed,double definition,DEED,1
24540,Blue flower?,danube,danube,double definition,VIOLET,0
127121,Want to pen new book to reminisce,lookback,look back,double definition,LOOK BACK,1
12978,Garden design,plot,plot,double definition,PLOT,1
7524,Couple stealing gold from home helper,pair,pair,double definition,AIDE,0
50253,Ghost in sunglasses?,shades,shades,double definition,SHADES,1
140727,Provided for Ellie splashing out - why one's very easily led,lifeofriley,life of riley,double definition,LIKE A PUPPY,0
129882,One quick to advance caress?,softtouch,soft touch,double definition,SOFT TOUCH,1
24938,Encourage to use ears for special understanding,insight,insight,double definition,INSIGHT,1
78940,Might cod be assaulted?,battered,battered,double definition,COLLIDED,0
30635,The appropriate jug for punch?,toby,toby,double definition,SACK,0
77158,"Partisans on hand, or soldiers on foot",phalanx,phalanx,double definition,PIKEMEN,0
64845,"Head of family, note",king,king,double definition,PATE,0
25271,Pass for a mere youngster,chit,chit,double definition,COLT,0
107821,Dress for Dumbo? What's up?,clothe,clothe,double definition,S-S-T-R-A-P,0
38772,Kind of Western food that's long in the cooking,spaghetti,spaghetti,double definition,SPAGHETTI,1
94904,Able to see where it's said to be placed,sighted,sighted,double definition,SIGHTED,1
26764,Present or past president,grant,grant,double definition,TENSE,0
89768,The minority? Yes indeed,nothalf,not half,double definition,THE FEW,0
118993,Prepare for take-off?,unbutton,unbutton,double definition,UNCLOTHE,0
80810,Wheeled carriage beginning to move when this is provided?,ramp,ramp,double definition,MULE,0
103462,Leaving open,outgoing,outgoing,double definition,UNSEALED,0
25224,"Something needed by horse or mule, perhaps",shoe,shoe,double definition,SHOE,1
112942,They monitor recreational activity for Americans,checkers,checkers,double definition,S-U-P-P-O-R-T-S,0
101502,Feature of cartographers in Northumberland,nose,nose,double definition,C-O-R-N,0
82743,"Hacks no more, say",express,express,double definition,S-H-O-R-T-E-N,0
57129,Close relative of the walrus,seal,seal,double definition,S-E-A-L,1
103724,Saint Benny?,goodman,goodman,double definition,B-E-N-E-D-I-C,0
85868,Budget sweetener?,brownsugar,brown sugar,double definition,C-H-E-A-P-S-U-G-A-R,0
118722,Tale of mystery to undo with difficulty,whodunit,whodunit,double definition,U-N-R-A-V-E-L-S,0
120297,"Small mammal with horn, active at sea",chevrotain,chevrotain,double definition,RHINOCEROS,0
15978,When to see the moon near the end of August,night,night,double definition,LUNAR,0
125649,"Breathe in, when gone to sleep in winter",hibernate,hibernate,double definition,HIBERNATE,1
29158,Call for something to confirm marriage,ring,ring,double definition,RING,1
80040,Official statement concerning volte-face,return,return,double definition,REPORT,0
51600,Identify the precise location,spot,spot,double definition,SPOT,1
20865,"Bird, the satirist",swift,swift,double definition,SWIFT,1
35724,"One of five, one may feel",sense,sense,double definition,SENSE,1
56157,"Screw is attached, then not - one assessing the cost to secure it?",prisonofficer,prison officer,double definition,COST ESTIMATOR,0
41278,Unsuccessful editor's complaint?,badcirculation,bad circulation,double definition,ILL-ILLUSTRATED,0
13938,Middle-aged English travel writer,chaucer,chaucer,double definition,TOURIST,0
25481,"Jack Ketch's security device, perhaps",bower,bower,double definition,NOOSE,0
123331,"Supposedly lucky types, fair people who never speak well of one another (Johnson)",theirish,the irish,double definition,RED HEADS,0
105678,It's not really intended to be read on the surface in a lounge environment,coffeetablebook,coffee table book,double definition,LIVING ROOM RUG,0
75931,Discharge from the Royal Artillery,salvo,salvo,double definition,RANGE,0
64639,Inferior theme,subject,subject,double definition,SUBJECT,1
19280,Desert fault,defect,defect,double definition,DEFECT,1
139880,"Unable to proceed in recession, king offloaded shares",cuts,cuts,double definition,CUTS,1
64972,Swift sentence?,bird,bird,double definition,FAST,0
16785,Small foreign instrument,piccolo,piccolo,double definition,SPINNET,0
39571,Understands fares,makesout,makes out,double definition,MAKES OUT,1
96786,Top contestants' top shots,aces,aces,double definition,ACES,1
113719,Property like flats,assets,assets,double definition,ESTATE,0
86317,Waste which takes a battering?,fritter,fritter,double definition,RUBBISH,0
24205,Songs the Führer sang?,lieder,lieder,double definition,LIEDER,1
49124,Tiny thing bagged for a nicker?,tealeaf,tea leaf,double definition,SOWS EAR,0
68377,Wooden handle,deal,deal,double definition,DEAL,1
106304,His or her model beneficiary,their,their,double definition,THEIR,1
9317,Demand to be precise,exact,exact,double definition,EXACT,1
31508,Catch Fitzgerald's disease,rubella,rubella,double definition,SCOTOMA,0
47339,Bowler getting out,oldhat,old hat,double definition,HAT OFF,0
6059,Many have soft feathers,down,down,double definition,DOWN,1
87380,Highball on a slope?,skier,skier,double definition,PITCH,0
60045,Ruined but not executed,undone,undone,double definition,UNDONE,1
89222,Caesar's forty said to perform well,excel,excel,double definition,EXCEL,1
84799,Peterhouse represented at Westminster?,safeseat,safe seat,double definition,ST PETERS,0
5066,Goalkeeper's bung,stopper,stopper,double definition,STOPPER,1
11779,Like an Oompa-Loompa's house,orange,orange,double definition,LITTLE,0
101282,They end up winning against the odds,bookmakers,bookmakers,double definition,DARKHORSES,0
22691,"Be unlucky in raffle, but lucky at Russian roulette",drawablank,draw a blank,double definition,DRAW A BLANK,1
37316,Second mate who raises the issue?,stepmother,stepmother,double definition,STEPMOTHER,1
94114,Secure report of a congregation that's little more than gross?,clinch,clinch,double definition,COARSE,0
109957,"Grouse shooting imminent, so surrender!",thegamesup,the games up,double definition,SAY UNCLE,0
70918,"Work of a forger, bent but possibly lucky",horseshoe,horseshoe,double definition,HORSESHOE,1
39930,"Broadly similar, gold cups",largo,largo,double definition,CUPEL,0
34344,Rip off clothing item,fleece,fleece,double definition,FLEECE,1
114861,Isolation: it could be found in an old apple orchard,quarantine,quarantine,double definition,DETACHMENT,0
107783,Having a choice makes them cross,electors,electors,double definition,ELECTIVE,0
28621,The leg properly positioned to receive ball?,onside,onside,double definition,SOCKET,0
118218,Expression used to attract attention,look,look,double definition,LOOK,1
50860,A Broadcasting House workshop?,studio,studio,double definition,STUDIO,1
98614,Big brother?,abbot,abbot,double definition,ELDER,0
75661,"Is dismissed, but doesn't go",playson,plays on,double definition,STANDS UP,0
32434,"Member of the police force, if qualified",officer,officer,double definition,OFFICER,1
29626,Furniture with seats?,cabinet,cabinet,double definition,BENCHES,0
44267,Bottom employing this spacecraft?,shuttle,shuttle,double definition,CAPSIZE,0
82735,Paper train,express,express,double definition,SCROLLS,0
103633,Row of houses,domestic,domestic,double definition,TERRACES,0
48310,Hold a show trial,rehearse,rehearse,double definition,EXHIBITS,0
139512,"Young producer, calculating type",multiplier,multiplier,double definition,PROGRAMMER,0
108607,Harry Potter,niggle,niggle,double definition,TINKER,0
134171,They leave their coats on the wall,plasterers,plasterers,double definition,PLASTERERS,1
91507,Flat rate?,rent,rent,double definition,RENT,1
71069,One with woad maybe heard applied to straits,dyer,dyer,double definition,BLUE,0
62109,Such a one may need concerted pain treatment,accidentprone,accident prone,double definition,PRESSURE POINT,0
87511,One with a box in the nursery?,arboriculturist,arboriculturist,double definition,HORTICULTURISTS,0
119028,Where to find a paid informer?,classroom,classroom,double definition,NEWSAGENT,0
53845,"An isle - Greenland, perhaps",emerald,emerald,double definition,ICELAND,0
10936,Mix porridge here,stir,stir,double definition,STIR,1
105355,An amount of rye from the nursery?,pocketful,pocketful,double definition,CORNSTALK,0
79097,Dispose of foolish nonsense in contrasting volumes,polishoff,polish off,double definition,THROW OUT,0
60329,Having lately joined a certain choir? Absolutely,dead,dead,double definition,SURE,0
68726,Results are usually laughable when this missile is launched,custardpie,custard pie,double definition,LAUGHING GAS,0
118402,The Dogs of War?,terriers,terriers,double definition,BULLDOGS,0
119590,Solidly built bunch of idiots?,thickset,thickset,double definition,CONCRETE,0
135970,"It's deceitful - ""hat"", if clued cryptically?",badfaith,bad faith,double definition,LOW CROWN,0
26911,The ABC of literature?,letters,letters,double definition,PRIMERS,0
75971,One used to avoid getting the ticket,parkingmeter,parking meter,double definition,PARKING METER,1
85018,Dismiss one on the register,cashier,cashier,double definition,CASHIER,1
64851,"Religious leader, follower of Martin Luther",king,king,double definition,POPE,0
126657,Member employed to split the opposition?,swordarm,sword arm,double definition,SPLIT PIN,0
69789,"Of course, part is in apple-pie order",straight,straight,double definition,ASPIRINS,0
77308,A cricket captain may do so and confess,declare,declare,double definition,CONCEDE,0
8236,Birds presented with bill for geranium,cranes,cranes,double definition,STOCKS,0
74593,"Comprehensive description of ""The Three Blind Mice""?",detailed,detailed,double definition,DETAILED,1
93660,A writer Kipling never expected to meet,twain,twain,double definition,SCRIBE,0
33995,Record appearance of full moon,disc,disc,double definition,DISC,1
74709,Stockings getting runs in clothes drier,horse,horse,double definition,HOSER,0
52667,"High jumper to run, it's announced",flea,flea,double definition,FLEA,1
45755,"Definitely short and sweet, perhaps",course,course,double definition,CANDID,0
102462,Complete extrovert,unreserved,unreserved,double definition,UTTERMOST,0
67604,Writing crosswords is getting hard,setting,setting,double definition,PENNING,0
19308,Go back to pay for another round,retreat,retreat,double definition,RETREAT,1
54712,Close a make-up case,compact,compact,double definition,COMPOSE,0
134354,Finished digging? My congratulations!,welldone,well done,double definition,WELL DONE,1
29637,Publication showing current changes,tidetable,tide table,double definition,TIDE TABLE,1
96427,What could indicate a limited number being really excited,turnedon,turned on,double definition,STIRRED UP,0
37646,They are wound and screwy,wingnuts,wing nuts,double definition,WIND UP,0
84220,Beer bottle for Brecht's mother,courage,courage,double definition,ALEMANA,0
26528,Here to make an introduction,present,present,double definition,PRESENT,1
11096,Shed a little off the perpendicular?,leanto,lean to,double definition,LEAN TO,1
59362,Bob's actress,sleigh,sleigh,double definition,CURTIS,0
139304,Reporting for work,journalism,journalism,double definition,ACCOUNTING,0
73548,Demonstration of spiritual strength,proof,proof,double definition,PROOF,1
112047,Dated and removed,tookout,took out,double definition,WENT OUT,0
33601,Specialist in stocktaking?,rustler,rustler,double definition,AUDITOR,0
74328,Pervade conundrum,riddle,riddle,double definition,RIDDLE,1
29758,Judge an instrument,recorder,recorder,double definition,RECORDER,1
42087,In which one should certainly hear a pin drop,bowlingalleys,bowling alleys,double definition,BOWLING CENTRE,0
4107,Declare support,maintain,maintain,double definition,ADVOCATE,0
118829,Observer Magazine,spectator,spectator,double definition,SPECTATOR,1
37813,Source of Columbus's sail,genoa,genoa,double definition,TRADE,0
131083,They were once responsible for the mail,armourers,armourers,double definition,ARMOURERS,1
47680,Fights that dogs enjoy,scraps,scraps,double definition,SCRAPS,1
68661,Ways to be heard on an island,rhodes,rhodes,double definition,RHODES,1
76928,Clothes one changes in the car,gear,gear,double definition,GEAR,1
15885,A little peck is seen here,kiss,kiss,double definition,LIPS,0
129442,Hail or drops of water in Scotland,greet,greet,double definition,SLEET,0
71443,Defeat makes no difference to mum or dad,reversal,reversal,double definition,OVERTURN,0
17029,Drawing instrument found amongst dividers?,ruler,ruler,double definition,RULER,1
121287,It's kept in banks but also found in circulation,blood,blood,double definition,BLOOD,1
46177,How the weather can heat kettles,elements,elements,double definition,SKELETAL,0
56893,Arab chief's tremor when speaking,sheikh,sheikh,double definition,SHEIKH,1
83667,Variety of yellow crackers? Not quite,banana,banana,double definition,BANANA,1
76640,Decline to respond to come-on,pass,pass,double definition,DENY,0
76712,"Box, for instance",case,case,double definition,CASE,1
103474,The point of a quarrel?,arrowhead,arrowhead,double definition,SHARPNESS,0
46657,Growth for production?,plant,plant,double definition,YIELD,0
15031,"Married to eleven men, perhaps?",united,united,double definition,UNITED,1
78454,Walk unsteadily at different times,stagger,stagger,double definition,STAGGER,1
91356,Is unable to face the situation with free-range poultry?,chickensout,chickens out,double definition,CHICKENS OUT,1
61812,Lord of a Belgian town,liege,liege,double definition,LIEGE,1
73048,The first notes of a French artist,dore,dore,double definition,DORE,1
138907,Shorten journey to and from work,commute,commute,double definition,COMMUTE,1
44962,Ineffective exhortation to inveterate consumer,useless,useless,double definition,SPONGER,0
21606,Like the Swiss between shifts,neutral,neutral,double definition,NEUTRAL,1
14137,Settled in a resolute way,determined,determined,double definition,STABLISHED,0
68341,The best workmen,optimal,optimal,double definition,TOPHAND,0
75995,Old English district sounds wet,soke,soke,double definition,SOKE,1
57082,Piped music is groovy,fluted,fluted,double definition,FLUTED,1
44965,Economise in vain,useless,useless,double definition,SAVINGS,0
129620,Not knowing how to mend a fuse?,inthedark,in the dark,double definition,IN THE DARK,1
4656,Runners organised in some schools,streams,streams,double definition,STREAMS,1
46488,Game constructed by snooker player?,bridge,bridge,double definition,SQUASH,0
8130,Join forces?,enlist,enlist,double definition,ALLIES,0
55758,Eggs used for a change?,clutch,clutch,double definition,SHELLS,0
21697,Relation may be related on the other side,anti,anti,double definition,ECHO,0
113161,Order to freeze work on fortifications,keepstill,keep still,double definition,HALT WORKS,0
41350,Beethoven's fifth penguin?,emperor,emperor,double definition,EMPEROR,1
38285,Playtime in January,twelfthnight,twelfth night,double definition,HOLIDAY BREAK,0
43049,A measure of port,acre,acre,double definition,DRAM,0
6924,Expensive honey,dear,dear,double definition,DEAR,1
32127,When across the street it may need to be wet,whistle,whistle,double definition,WASHING,0
25318,Castles in the air?,rooks,rooks,double definition,ROOKS,1
120255,US port's wind-powered structures,mobiles,mobiles,double definition,SEAPORT,0
100099,Improbable? No fear!,notlikely,not likely,double definition,OFF CHANCE,0
23274,We're told sea bird shows a bit of a habit,cowl,cowl,double definition,TICS,0
23893,Anger - a feature of high church ritual,incense,incense,double definition,INCENSE,1
103849,Deadly connection,terminal,terminal,double definition,TERMINAL,1
2504,Struggle in which the services prove decisive,tiebreak,tie break,double definition,TIE BREAK,1
84802,Bishop of a foreign cathedral,chartres,chartres,double definition,BASILICA,0
79230,Scorn for amorous behaviour causing trouble with the judge,contemptofcourt,contempt of court,double definition,SNEERING AT LOVE,0
128939,Under-the-table activity is said to be a financial indicator,ftse,ftse,double definition,TICK,0
34565,Frustrate check on tax,scotch,scotch,double definition,THWART,0
117829,Which is unlikely means of capturing a crowd scene on film?,longshot,long shot,double definition,LONG SHOT,1
98025,Group is for capital punishment,scaffold,scaffold,double definition,SENTENCE,0
89953,"Except for its head, river is brown",umber,umber,double definition,UMBER,1
18122,Surplus to requirements and turned off,redundant,redundant,double definition,REDUNDANT,1
19792,Piece of paper for erratum,slip,slip,double definition,SLIP,1
109644,"Coppers, obsolete money?",oldbill,old bill,double definition,OLD COIN,0
76494,Supplier is the plaintiff,issuer,issuer,double definition,ISSUER,1
62622,Which comes as no shock to those who have it,alopecia,alopecia,double definition,EARTHING,0
29479,Coach to cut short corner,tutor,tutor,double definition,ANGLE,0
54976,Are you Ben? Apparently not,arthur,arthur,double definition,UNTRUE,0
4007,Potato sound in the orchestra,tuba,tuba,double definition,TUBA,1
47739,Lower in a mathematical scale,abase,abase,double definition,ABASE,1
38980,"They hurl brickbats at the Prince of Wales, perhaps",critics,critics,double definition,CRITICS,1
75635,Plays records and is greatly affected,putsonairs,puts on airs,double definition,PUTS ON ACTS,0
25227,"Saying ""scat!"", you put your foot in it",shoe,shoe,double definition,SHOE,1
102784,Put on the rack to extract information?,drawoneout,draw one out,double definition,READ THE MAP,0
123909,One showing appreciation of tongue,clapper,clapper,double definition,GOURMET,0
74929,The family's failure makes a wretched story,poorrelation,poor relation,double definition,POOR RELATION,1
87568,Tattoos on Mark's legs,drumsticks,drumsticks,double definition,SIGNATURES,0
31399,Sharp decline in air traffic,nosedive,nosedive,double definition,SKYDIVES,0
38825,It's a traditional English pursuit,trade,trade,double definition,CHASE,0
82885,Old car in a pile-up,heap,heap,double definition,HEAP,1
129816,Art of sewer decoration?,embroidery,embroidery,double definition,EMBROIDERY,1
76727,"Teacher mounting trapeze, swinging both ways",rabbi,rabbi,double definition,TUTOR,0
42700,What it means to a barman,italian,italian,double definition,TIPPING,0
65868,This book is bound to last,hardback,hardback,double definition,HARDBACK,1
31652,"When it leaks, it's hard to stop",brakefluid,brake fluid,double definition,BLOOD STAIN,0
52395,"Merciless sun, perhaps, leading to peeling",unsparing,unsparing,double definition,UNSPARING,1
27427,Safe company?,firm,firm,double definition,FIRM,1
18832,Neighbour has an objection,abut,abut,double definition,SIDE,0
66954,Old woman tickled to death?,trout,trout,double definition,CRONE,0
1472,The advantage of keenness,edge,edge,double definition,EDGE,1
58969,Spanish men's accent,tilde,tilde,double definition,TILDE,1
5827,Rebel without a cause,raise,raise,double definition,RISER,0
74209,"World leader, so-called",bush,bush,double definition,TSAR,0
135829,Where royal profile is exactly right,onthemoney,on the money,double definition,ON THE MONEY,1
135397,How future date might be announced? Never!,thatllbetheday,thatll be the day,double definition,SOMETIME NEXT YEAR,0
44876,How bounders are caught unawares?,onthehop,on the hop,double definition,ON THE HOP,1
113186,What fell off a lorry with a direct hit?,goodshot,good shot,double definition,DROP SHOT,0
31922,Programme expressing the broad view,panorama,panorama,double definition,PANORAMA,1
29454,Means of severing wrestler's hold,scissors,scissors,double definition,SCISSORS,1
4415,Fall out of love and languish,droop,droop,double definition,DROOP,1
90038,"Audible, quiet man",piece,piece,double definition,SOUND,0
48158,Almost regretting destruction,ruin,ruin,double definition,RUIN,1
76889,False hat?,porkpie,pork pie,double definition,FLAT CAP,0
81621,Anglo-Italian port? Sounds foul!,leghorn,leghorn,double definition,AIRPORT,0
84248,Clay died in Nigerian port,hardcourt,hard court,double definition,PORT NOVO,0
98391,"This may be put on legal documents, we hear",ritz,ritz,double definition,SIGN,0
30162,Experiment on patients may set precedents,testcases,test cases,double definition,TEST CASES,1
106731,St Wenceslas's feast day?,stephen,stephen,double definition,HOLIDAY,0
75220,Banks can stop advances,earthworks,earthworks,double definition,EMBANKMENT,0
61298,High-rise central block,massif,massif,double definition,TOWER,0
136089,Accounts written across blackboards,tables,tables,double definition,SLATES,0
52048,Love child,baby,baby,double definition,OSON,0
42093,Batty Ms Flint announcing her resignation?,heighho,heigh ho,double definition,GIVES UP,0
20818,Painter/drawer taking in river,durer,durer,double definition,HOUSE,0
85462,Good reputation to consider,esteem,esteem,double definition,ESTEEM,1
78230,A great liking for disorder,affection,affection,double definition,ADDICTION,0
139798,Calm down and don't put too much money on that horse!,keepyourshirton,keep your shirt on,double definition,HOLD YOUR HORSES,0
19203,"Sacked, no doubt",inthebag,in the bag,double definition,IN THE BIN,0
66419,Letters on keyboard can be low,depressed,depressed,double definition,LOWERCASE,0
47436,Ideal stage for Pinafore?,apron,apron,double definition,OPERA,0
33343,They mark boundaries down,hahas,ha has,double definition,T-POSTS,0
132075,"Boxer, a former heavyweight on the left?",benn,benn,double definition,PUGS,0
130126,Leisure period gets cancelled,timeoff,time off,double definition,TIME OFF,1
73335,A poem can be something positive,anode,anode,double definition,ANODE,1
84852,What's in a vacuum? It's unimportant,nomatter,no matter,double definition,NO MATTER,1
108062,Blair's stint said to have progressively deteriorated,decade,decade,double definition,ERODED,0
44960,To be frugal is futile,useless,useless,double definition,USELESS,1
43765,Strain of a grave commitment?,dirge,dirge,double definition,ELEGY,0
29788,Look both ways,peep,peep,double definition,PEEP,1
86433,Dent made by sniper does damage,depression,depression,double definition,DEPRESSION,1
20921,Gets rid of bad habits and schemes,devices,devices,double definition,DEVICES,1
123107,Light-headed lady?,platinumblonde,platinum blonde,double definition,SATELLITE DISH,0
87827,It need not give rise to punishment,detention,detention,double definition,NECESSITY,0
44095,Type of window where it gets quiet!,sash,sash,double definition,SASH,1
46507,"Male peon, say?",hymn,hymn,double definition,PAWN,0
90616,Menswear or ladieswear bedecking Anglicans,braces,braces,double definition,SASHES,0
97315,Main animal that replaced agricultural labourers,thresher,thresher,double definition,SEAHORSE,0
91720,Sees fruit cooked instead?,dates,dates,double definition,STARE,0
57576,Mug had with tart,turnover,turnover,double definition,CUPCAKES,0
110918,"Stays, as of old, for a drink",stiffener,stiffener,double definition,SUPPORTER,0
126008,Sound measure,fathom,fathom,double definition,FATHOM,1
81044,"Authoritarian, dehumanising and oppressive: like Blair?",orwellian,orwellian,double definition,ORWELLIAN,1
31762,It's the vicar's place to sound like an ass ...,bray,bray,double definition,BRAY,1
2685,It's built as an ocean container,groyne,groyne,double definition,VESSEL,0
133706,Disease: could it be linked to thrush?,birdflu,bird flu,double definition,BIRD FLU,1
27002,Very much like duck,love,love,double definition,DEEP,0
31014,One barely appreciates the outdoors,naturist,naturist,double definition,SKINDIP,0
27851,Reassurance expressed; but not here,there,there,double definition,THERE,1
97716,Period of maritime decline,lowwater,low water,double definition,LOW WATER,1
51343,Sort of policy that threatens both government and opposition?,thirdparty,third party,double definition,STATE POLICE,0
9732,Right for which Muhammad Ali often fought,title,title,double definition,TITLE,1
2556,Tedious drill?,bore,bore,double definition,BORE,1
97822,In their own fields the French are unbeatable,champs,champs,double definition,COURTS,0
36578,Communication from landlord,letter,letter,double definition,LETTER,1
31078,Augustus who painted an evangelist,john,john,double definition,MARK,0
118228,Finally decide,conclude,conclude,double definition,CONCLUDE,1
124387,"Elected foreign leader, repeatedly",putin,putin,double definition,OPTED,0
72471,"Appliance for the unsound? If dead, a mistake",deafaid,deaf aid,double definition,DEAF AID,1
45220,August: put gold back,royal,royal,double definition,ROYAL,1
45260,What an MP has to beat in a car?,seatbelt,seat belt,double definition,DRUM BEAT,0
77765,Expecting to be like Incey Wincey Spider,upthespout,up the spout,double definition,UP THE SPOUT,1
112656,Hail lovely ground,volley,volley,double definition,VOLLEY,1
23211,Soul mate of Eros,psyche,psyche,double definition,PSYCHE,1
9989,"Minimum piece, simple as that",least,least,double definition,BASIC,0
13921,Perpetual child's play,peterpan,peter pan,double definition,SANDS BOX,0
99743,Thinking about the nature of narcissistic love?,reflective,reflective,double definition,REFLECTING,0
48836,A bridal path?,aisle,aisle,double definition,AISLE,1
91953,Key words?,opensesame,open sesame,double definition,OPEN SESAME,1
53925,One way of underlining a decision,ruling,ruling,double definition,RULING,1
63142,Animal finding snake in the grass,weasel,weasel,double definition,BADGER,0
106495,Particularly the highest,aboveall,above all,double definition,ABOVE ALL,1
140738,Elaborate situation created by streaker?,fleshout,flesh out,double definition,DRESS OUT,0
59120,Distinctive smell of seaweed,tang,tang,double definition,TANG,1
70575,Lice in the back room? Don't worry!,nevermind,never mind,double definition,NEVER MIND,1
98030,A spot of capital punishment,scaffold,scaffold,double definition,SENTENCE,0
70403,"How oral evidence is presented, apparently",itissaid,it is said,double definition,AS IT WERE,0
24403,"Middle of the road, like Britain?",island,island,double definition,ISLAND,1
85700,The sound of the bullring,torus,torus,double definition,ARENA,0
75736,Riding apace,astride,astride,double definition,ASTRIDE,1
14217,Lad in a whirl,eddy,eddy,double definition,EDDY,1
129446,Intermittent rain penetrating blind not a trickle,drizzle,drizzle,double definition,DROUGHT,0
3406,He gains nothing from his activities,amateur,amateur,double definition,GAMBLER,0
106859,"Deck chair on the Titanic, as they say",recliner,recliner,double definition,SINKABLE,0
69747,Capital investment for father?,biretta,biretta,double definition,SPANISH,0
123651,"They are heard in the garden, or seen on the phone",tweets,tweets,double definition,BUZZES,0
54242,Condone taking a gamble,abet,abet,double definition,ABET,1
90359,They nick money,coppers,coppers,double definition,THIEVES,0
65715,Recipient of national bus pass?,newagetraveller,new age traveller,double definition,THE OLD PENSIONER,0
61092,Domestic flights,staircases,staircases,double definition,STAIRCASES,1
15407,Have a mind to have a party,entertain,entertain,double definition,INTENDING,0
26343,It may be of untold value,secret,secret,double definition,TALENT,0
60575,I'm surprised Kay's on fiddle,cook,cook,double definition,SKIM,0
55129,Test requirement that's set too high?,overrate,overrate,double definition,STANDARD,0
15780,Sign of too much discipline,bull,bull,double definition,SCAR,0
85732,Size up a house plant?,repot,repot,double definition,SCALE,0
98433,"Once called the universal doner, reportedly a mistake",typo,typo,double definition,OOPS,0
41595,Delays and keeps at a distance,holdsoff,holds off,double definition,HOLDS OFF,1
46230,Protester topped bowman,archer,archer,double definition,HOOTER,0
98897,In where they tend to get you out,hospitalised,hospitalised,double definition,HOSPITAL WARD,0
128981,"They have no choice, poor chaps",beggars,beggars,double definition,PAUPERS,0
138175,Like a tree? Dog may have,barked,barked,double definition,BARKED,1
111192,Honestly devoid of cant?,onthelevel,on the level,double definition,ON THE LEVEL,1
120808,"Preacher, or reciter of poetry?",layreader,lay reader,double definition,THE CANTOR,0
107223,Plan for land corps?,rotationofcrops,rotation of crops,double definition,STRATEGY OF STATE,0
16264,Key to the London dogs' home,isle,isle,double definition,FLAT,0
8395,Expedition set off,trip,trip,double definition,TRIP,1
64728,Place for eating dog's dinner,mess,mess,double definition,MESS,1
95537,Pin-up of uncovered tart,cheesecake,cheesecake,double definition,STRIPTEASE,0
55225,Accept a proposal in Gretna Green,agree,agree,double definition,AGREE,1
58030,"He may play a part in panto, great in size",ogre,ogre,double definition,OGRE,1
86950,Wake up at the back?,slipstream,slipstream,double definition,RESURRECT,0
33402,Correctly ascertaining one's railway connections?,ontherighttrack,on the right track,double definition,ON THE RIGHT TRACK,1
108015,Those in society on form,workingclass,working class,double definition,SOCIETY PAGES,0
112089,Play area feature? Not exactly,roundabout,roundabout,double definition,PLAYGROUND,0
128545,Longfellow's poem this girl won't conceal,evangeline,evangeline,double definition,EVANGELINE,1
20658,"It's an indication for drivers, by the way",roadsign,road sign,double definition,ROAD SIGN,1
92117,What an indulgence!,pardon,pardon,double definition,PARDON,1
102897,"""Song of Songs"" initially associated with religious ceremonies",spiritual,spiritual,double definition,CANTICLES,0
136942,Most recent points,newest,newest,double definition,NEWEST,1
108183,She has promised to give a hand,fiancee,fiancee,double definition,ENGAGED,0
32906,A mild imprecation - here's an example,dash,dash,double definition,EGAD,0
36700,Bill's after that woman from EastEnders,poster,poster,double definition,DOCKET,0
4172,Secret soldier,private,private,double definition,PRIVATE,1
4338,Take advantage of a bold stroke,exploit,exploit,double definition,EXPLOIT,1
88852,Back seat,posterior,posterior,double definition,BACKBENCH,0
36461,Keep away from a vacuum,avoid,avoid,double definition,AVOID,1
126639,Stimulating postcard?,sparking,sparking,double definition,ELECTRIC,0
125901,Marble passageway,alley,alley,double definition,ALLEY,1
68533,"Capped for Ulster, are they?",knees,knees,double definition,COATS,0
51357,Reliable way to limit bloodshed,staunch,staunch,double definition,STAUNCH,1
54591,Japanese growth threatening our country?,knotweed,knotweed,double definition,MUSHROOM,0
42854,Go overboard for a record,turntable,turntable,double definition,OVERSTATE,0
12162,"Original ""back to nature"" author?",thoreau,thoreau,double definition,THOREAU,1
77803,Description of Els's scores,lines,lines,double definition,SMALL,0
98700,Primate and friar,capuchin,capuchin,double definition,CAPUCHIN,1
26103,Such a thumb to stick out?,sore,sore,double definition,SORE,1
92426,Where noodles may end up?,inthesoup,in the soup,double definition,IN THE SOUP,1
15562,"Bored, it's suggested? Take down Waterloo",defeat,defeat,double definition,TAPPED,0
56752,Drinks lacking body?,spirits,spirits,double definition,SPIRITS,1
87586,Rocks found in prospectors' sieves,cradles,cradles,double definition,STRAINS,0
30164,Young ladies at Lord's?,maidens,maidens,double definition,MAIDENS,1
85116,He doesn't catch it. But will he later?,butterfingers,butterfingers,double definition,WILL-O-THE-WISP,0
90455,Big part of car,bumper,bumper,double definition,BUMPER,1
121802,Better qualified as someone to provide a welcome,meeter,meeter,double definition,FITTER,0
96552,Bays of victory,laurels,laurels,double definition,LAURELS,1
2964,Jug can clink,prison,prison,double definition,PRISON,1
49667,Provoke audible discord,rouse,rouse,double definition,ROUSE,1
66014,Tackle English bird,kite,kite,double definition,KITE,1
52805,Clue found in a drawer,lead,lead,double definition,LEAD,1
35471,What's Espagnol to one Russian composer is Italien to another,capriccio,capriccio,double definition,CONCERTOS,0
21678,Gamble heavily in dive,plunge,plunge,double definition,PLUNGE,1
102721,"Happily, one can look down from here",oncloudnine,on cloud nine,double definition,IN CLOUD NINE,0
61735,Picture effort,shot,shot,double definition,SHOT,1
30494,One who cares to make an offer,tender,tender,double definition,TENDER,1
95429,Hedge featured in abstract painting style,hardedge,hard edge,double definition,SOFT SOAP,0
19949,Nippers reported other nippers,pinchers,pinchers,double definition,SAMPANS,0
23635,Lobby for charm,entrance,entrance,double definition,ENTRANCE,1
104732,Campaigning for a straight delivery?,onthestump,on the stump,double definition,ON THE STUMP,1
103855,"Edge under top of boater, perhaps?",brim,brim,double definition,BRIM,1
47682,Fights waste,scraps,scraps,double definition,SCRAPS,1
112485,Gallery in the Pantheon?,gods,gods,double definition,HALL,0
4381,It can ruin a good deal,dryrot,dry rot,double definition,BAD LOT,0
70321,See fruit,date,date,double definition,DATE,1
61728,Bullet snapped,shot,shot,double definition,SHOT,1
64725,Dirty canteen,mess,mess,double definition,MESS,1
47334,Small amounts put on horses,bits,bits,double definition,BITS,1
90383,"Column leader, for example",editorial,editorial,double definition,EDITORIAL,1
85957,All the way down to hell and flung away when love's lost,fulllength,full length,double definition,DOWN STAIRS,0
114637,Your health is of least importance? Drink!,bottomsup,bottoms up,double definition,SPIRITS UP,0
106780,Badger runs through mown grass,harry,harry,double definition,HARRY,1
111711,Its builders caused a stir,prisonhouse,prison house,double definition,CEMENT MIXER,0
5625,Winger starred with flankers in blue pants,redbreast,redbreast,double definition,STARLINGS,0
88173,Ingenious sting,smart,smart,double definition,SMART,1
20685,"Sure about supporting football club during no-score draw? Yes, sure",ofcourse,of course,double definition,OF COURSE,1
48995,Level of wit in this group,clique,clique,double definition,SATIRES,0
125102,"Lady, not totally square, wanting bit of adventure",nina,nina,double definition,NINA,1
19737,Various trees but no great variety,bonsai,bonsai,double definition,VARIED,0
73680,Informer who framed his mother?,whistler,whistler,double definition,SQUEALER,0
51505,"Stole cattle, but made little noise",rustled,rustled,double definition,PURLOIN,0
104578,"Again, but for the last time?",oncemore,once more,double definition,ONCE MORE,1
21290,Preparation against the offensive,deodorant,deodorant,double definition,SUNSCREEN,0
9521,This ticket is ideal for elections,dream,dream,double definition,SLATE,0
23292,Wooden smile?,beam,beam,double definition,BEAM,1
57023,Reduce to silence when imprisoned,shutup,shut up,double definition,SHUT UP,1
88468,Stock support,hoof,hoof,double definition,STEM,0
39439,Its report should stimulate athletic progress,startingpistol,starting pistol,double definition,STARTING PISTOL,1
109496,Choke or accelerator?,throttle,throttle,double definition,THROTTLE,1
23637,Delight in appearance,entrance,entrance,double definition,PRESENCE,0
75436,Order retreat,monastery,monastery,double definition,MONASTERY,1
82317,Wolf in the valley?,gorge,gorge,double definition,GORGE,1
114702,Escort lady and gentleman,squire,squire,double definition,SHERPA,0
92936,Male musician's first appearance on radio,mike,mike,double definition,AIRS,0
11861,Work with fingers said to be requirement,need,need,double definition,NEED,1
54328,Opening a shop?,outlet,outlet,double definition,LAUNCH,0
56737,"Removing jacket, runs in tights in summer",adder,adder,double definition,ADDER,1
23947,Vision may be jolly,sight,sight,double definition,SIGHT,1
119494,They may lead to quick ducks for any batsmen,bouncers,bouncers,double definition,STUMPING,0
85119,Table used by moneychangers?,readyreckoner,ready reckoner,double definition,PRICE LISTS,0
87430,Dishonest mason?,chiseller,chiseller,double definition,FORGERIES,0
95069,He may be looking for the catch in further insurance,extracover,extra cover,double definition,EXTRA COVER,1
6075,Investor's holdings in punishment,stocks,stocks,double definition,STOCKS,1
66676,Began by being made a member,initiated,initiated,double definition,INITIATED,1
114125,One in post bearing stamp of credibility,official,official,double definition,POSTMARK,0
116890,One stops for the advertisement,plug,plug,double definition,PLUG,1
36031,Earth healing heart?,clay,clay,double definition,ALIN,0
50395,"Poet, one who is recklessly wasteful",spender,spender,double definition,SHELLEY,0
106847,Quarters that are a bishop's responsibility,see,see,double definition,SEE,1
46655,Design end product using machines,plant,plant,double definition,PLANT,1
70962,Bill's good at singing,invoice,invoice,double definition,CASHING,0
42755,Sights for sore eyes?,spectacles,spectacles,double definition,SPECTACLES,1
46127,"Control what causes flooding, we say",rein,rein,double definition,REIN,1
42538,Protagonist taking drugs,heroine,heroine,double definition,HEROINE,1
109412,An acceptable phrase for one making a purchase?,illbuythat,ill buy that,double definition,ONE OFF DEAL,0
201,The last of the home games,omega,omega,double definition,BINGO,0
96563,Infantry?,babesinarms,babes in arms,double definition,BABES IN ARMS,1
107407,Long tree,pine,pine,double definition,PINE,1
5813,Exodus follows this for band,genesis,genesis,double definition,GENESIS,1
33171,A vehicle drawn up in accordance with the law,conveyance,conveyance,double definition,SUBSTANDARD,0
29429,Light bench,settle,settle,double definition,SETTLE,1
1749,A small piece of wood - pine?,fret,fret,double definition,CONE,0
50310,A rebel's get-up?,rising,rising,double definition,RISING,1
60165,It's done up and down,deed,deed,double definition,KNIT,0
47639,Trim tree,spruce,spruce,double definition,SPRUCE,1
109289,Sheds uninherited characteristic?,meme,meme,double definition,CAST,0
125832,Where varnish gets paid for in cash?,onthenail,on the nail,double definition,BY THE BANK,0
9508,One at home in an oyster bed,native,native,double definition,SHINED,0
75354,Poet's weapon,browning,browning,double definition,PARTISAN,0
46732,Talent that outshines all others,brilliance,brilliance,double definition,BRILLIANCE,1
74093,Vitamin B for Bevan,aneurin,aneurin,double definition,ANEURIN,1
18355,Generally at sea,inthemain,in the main,double definition,IN THE MAIN,1
36501,Result in charming words,spell,spell,double definition,SPELL,1
141777,Popularly priced and in vogue - load up,goodvalue,good value,double definition,FAST TRACK,0
88661,It's fully in order; make nothing of it,nullify,nullify,double definition,SQUARED,0
34019,Extremely ragged,frayed,frayed,double definition,TATTER,0
30433,He had a stable job with mounting prospects,ostler,ostler,double definition,OSTLER,1
28367,"Constant nag, guest who won't go?",stayer,stayer,double definition,STAYER,1
8169,Warning what a misandrist wants?,omen,omen,double definition,OMEN,1
42888,Put off when nearly through,onhold,on hold,double definition,AT LAST,0
90964,Trees with bark close to leaves,bays,bays,double definition,BAYS,1
33046,Bridge player left the game,sport,sport,double definition,DUMMY,0
127924,Musical box for a sailor?,ditty,ditty,double definition,CHEST,0
121133,One frightened by outlandish sixties' show,beyondthefringe,beyond the fringe,double definition,SCARED OUT OF WITTS,0
25366,The fashion trade,custom,custom,double definition,VOGUES,0
29521,Conformity to treaty,agreement,agreement,double definition,AGREEMENT,1
116568,Payback time here?,debtorsprison,debtors prison,double definition,ACCOUNT SQUARE,0
134653,Providing people with different occupations,rehousing,rehousing,double definition,REASSIGNING,0
90911,Recover from visit,comeround,come round,double definition,COME ROUND,1
32546,Females gathered for drink,bevy,bevy,double definition,SODA,0
52614,TNT - as in explosive flash,instant,instant,double definition,TANTALUM,0
130159,Send rude online message to lover,flame,flame,double definition,EMAIL,0
46918,Worn-out shoe?,galosh,galosh,double definition,SAPPED,0
69808,Impart knowledge free from superstition,enlighten,enlighten,double definition,ENLIGHTEN,1
83665,"It can be wrapped round head or neck, but not heart or part of hand",banana,banana,double definition,SCARF,0
3469,English film star gets rid of wrinkles,irons,irons,double definition,IRONS,1
5832,Speak highly of no power boost,raise,raise,double definition,PRAISE,0
51891,Quite pleasing,pretty,pretty,double definition,PRETTY,1
78365,Philosopher in fight at factory,mill,mill,double definition,MILL,1
72536,"New arrival at the docks, we hear",birth,birth,double definition,BIRTH,1
125592,People in pubs do this for a hen night,barmen,barmen,double definition,DRINKS,0
104434,Secures pieces of mistletoe,sprigs,sprigs,double definition,SETTLE,0
8473,Slip on slip?,erratum,erratum,double definition,OVERLAP,0
43626,"""Time for a word"" is unAnglican",nonce,nonce,double definition,LATIN,0
123325,The purpose of the visor is to avoid humiliation,saveface,save face,double definition,SAVE FACE,1
38561,Part of the UK maybe found even in India,northernireland,northern ireland,double definition,NORTHERN IRELAND,1
120999,Old musical student at start of play in Liverpool street,lilactime,lilac time,double definition,SPOOL,0
93091,"Losing consciousness, so making an exit",passingout,passing out,double definition,PASSING OUT,1
114635,"Tops down, then, bringing cheers",bottomsup,bottoms up,double definition,BOTTOMS UP,1
72386,Part of Greater Manchester - an extra bit?,bolton,bolton,double definition,BOLTON,1
18880,A Frenchman's charge for electricity,coulomb,coulomb,double definition,COULOMB,1
136872,"In conversation, discretion is nailed",tacked,tacked,double definition,TACKED,1
6209,"Thorough, constant but not firm",efficient,efficient,double definition,STEADFAST,0
39973,Rover plant,rambler,rambler,double definition,RAMBLER,1
71878,A treat for which I yell out loud,icecream,ice cream,double definition,ICE CREAM,1
75221,Banks that can stop advances,earthworks,earthworks,double definition,EMBANKMENT,0
15962,It's nearly time for bed,night,night,double definition,NIGHT,1
22961,The story of my uncle?,relation,relation,double definition,RELATIVE,0
77896,Drawing instrument traditionally boxed,compass,compass,double definition,TSQUARE,0
56857,Report of narcotic,bang,bang,double definition,DOPE,0
103566,Who knows? Take that secret to your grave!,younevercantell,you never can tell,double definition,THE DEAD DON'T TALK,0
76081,"Show, we hear, to look back on",revue,revue,double definition,SIGHT,0
34549,Sounding chivalrous whenever it's dark?,nightly,nightly,double definition,NIGHTLY,1
65019,Writer of illicit love letters?,correspondent,correspondent,double definition,COUNTERFEITER,0
141229,Short musical performance,gig,gig,double definition,GIG,1
8547,Shot in the eye!,optic,optic,double definition,SIGHT,0
8919,A meeting that seeks spiritual guidance,seance,seance,double definition,SEANCE,1
38251,Patience has very bright flower,solitaire,solitaire,double definition,STARGAZER,0
108632,Appeal in two ways,refer,refer,double definition,SWAYS,0
15355,Jury's comment on horse,rider,rider,double definition,TRIAL,0
64876,Relationship between matron and nurse,sister,sister,double definition,SISTER,1
98565,Would they issue stardust in Hollywood?,crematoria,crematoria,double definition,STARMAKERS,0
66903,Reduce rent,slash,slash,double definition,SLASH,1
57430,"Provide grub, but not support",cater,cater,double definition,CATER,1
50381,One way to get inspiration,inhale,inhale,double definition,BREATH,0
118675,Fish posture of diver,pike,pike,double definition,PIKE,1
101991,"Highly strung, one whose life may be in the balance",tightropewalker,tightrope walker,double definition,TIGHTROPE WALKER,1
21346,"One always on hand for a date, say",palm,palm,double definition,PALM,1
60209,Lambretta-rider taking exercise on one?,moped,moped,double definition,BIKER,0
15359,Cyclist's condition?,rider,rider,double definition,TYRED,0
39977,Rose and disconnected speaker,rambler,rambler,double definition,OFFLINE,0
69643,Controlled by the computer stealthily?,underthecounter,under the counter,double definition,UNDER THE RADAR,0
124968,Exciting? No!,turningon,turning on,double definition,TURNING ON,1
4189,Book not one's first choice,reserve,reserve,double definition,RESERVE,1
124169,Incidental information in window by door,sidelight,sidelight,double definition,SIDELIGHT,1
32002,Where we hear the canopy of power may be brought down,overthrown,overthrown,double definition,THRONEROOM,0
99957,Sturm und Drang applied to mopheads?,shocktactics,shock tactics,double definition,SCRUB BRUSHES,0
60136,It's what it does to another Rev,butterfly,butterfly,double definition,OVERTURNS,0
141633,Apply water to cut flowers,spray,spray,double definition,PRUNE,0
17849,Producing elastic,yielding,yielding,double definition,YIELDING,1
20425,It's what could snatch victory from one side,laterally,laterally,double definition,SIDESWIPE,0
124634,Pregnant warbler? It's the sound of spring!,boing,boing,double definition,BOING,1
16183,"Sam's wife Sally, perhaps",aunt,aunt,double definition,LASS,0
116650,"Is beyond the reach of social services, which is inevitable",cantbehelped,cant be helped,double definition,SURE TO HAPPEN,0
78774,It could include Red Queen,royalflush,royal flush,double definition,CHESS BOARD,0
65271,Pipe obtained from branch that is by river,brier,brier,double definition,REEDY,0
