Index,Clue,Solution,Spaced_Solution,gemma_predicted,gemma_solved_answer
135430,"Achy shaking stopped by iodine, salt and kaolin",chinaclay,china clay,assemblage,STICKY WICK,0
93485,Paid the bail for a sound woman,freda,freda,assemblage,LAIDY,0
14535,Turns up in chilly surroundings yet well received,popular,popular,assemblage,CUPOLAS,0
126864,Foreign currency racket completely disheartened auditor,dinar,dinar,assemblage,YENDS,0
49144,Improved a carving with direction,cameon,came on,assemblage,MADE UP,0
33191,"s ""a hairy man"", speaking in child's play",seesaw,seesaw,assemblage,TETRIS,0
65864,"Message left in note, eg ""Castle in the morning""",telegram,telegram,assemblage,TELEGRAM,1
7713,"Horny beast imagined finding garment ripped, models having fled",unicorn,unicorn,assemblage,GIRAFFE,0
65892,Sword giving enemy cut to one leg,foil,foil,assemblage,FOIL,1
88123,Poet's round - very one just cited,ovid,ovid,assemblage,OVID,1
102698,On which the unemployed needed drink or warm brew before church,jarrowmarch,jarrow march,assemblage,BREAD LINE,0
140405,Australian birds scrub duds,brushturkeys,brush turkeys,assemblage,BRUSH TURKEYS,1
109857,Number of copies produced of picture for all to see in the navy,printrun,print run,assemblage,PRINT RUN,1
56259,Dubious moment to go topless,iffy,iffy,assemblage,IFFY,1
78909,Uncommon pronoun,royalwe,royal we,assemblage,RARELY,0
117476,What's worn by Amazons as custodians?,wardresses,wardresses,assemblage,BRASSIERES,0
111029,Tries hard with a cereal,hasago,has a go,assemblage,DIG IN,0
14041,Injure a black beetle,scarab,scarab,assemblage,SCARAB,1
71248,Cabinet minister provides rally in disaster,lordprivyseal,lord privy seal,assemblage,HOME SECRETARY,0
82116,One way to get team something in a pie,mincemeat,mincemeat,assemblage,MINCEMEAT,1
62747,Oddball wants to perform on dam,weirdo,weirdo,assemblage,DODONA,0
88285,Grow increasingly furious with puzzle,bewilder,bewilder,assemblage,ESCALATE,0
120504,Expression of surprise at topless Winnie,ooh,ooh,assemblage,OOH,1
131856,Band crew/outfit leaders on road - useful for light adjustment,sashcord,sash cord,assemblage,TRIM LAMP,0
51680,Top man secures first place for author,kipling,kipling,assemblage,PRIMATE,0
36053,Turkish leader about to conclude the business,agenda,agenda,assemblage,SETTLE,0
15514,Star surprisingly is over a year missing,astray,astray,assemblage,SIRIUS,0
24258,"Irritates spaniel's head, which is uncalled for",needless,needless,assemblage,SPURIOUS,0
30742,I take five outside to do test again,resit,resit,assemblage,RESIT,1
139806,Midsummer Day ends with a group of sailors,rya,rya,assemblage,TAR,0
46124,Backward country's government relinquished control,rein,rein,assemblage,CEDE,0
18147,Cautionary cry in Somerset,watchet,watchet,assemblage,WARNING,0
83781,Lack of control in a Hackney report,ataxy,ataxy,assemblage,CHAOS,0
135550,"Ruin what you do, separating messily in NYC",insolvency,insolvency,assemblage,BANKRUPTCY,0
89259,"Better old city parking, as on board?",surpass,surpass,assemblage,SURPASS,1
131774,How one may make progress on one's feet,insteps,insteps,assemblage,STRIDES,0
118699,"Awake, went out rejuvenated",updated,updated,assemblage,REVIVED,0
49154,Give up because of one's self-image?,forego,forego,assemblage,RESIGN,0
33759,Bishop has to dismiss rising resistance to church,exarch,exarch,assemblage,BISHOP,0
88824,Unpleasant period having fibre to eat,roughage,roughage,assemblage,HARDSHIP,0
36873,One may have a fair throw at it,coconutshy,coconut shy,assemblage,DARTBOARD,0
136427,They're not static water towers,tugboats,tugboats,assemblage,CASCADES,0
20590,"Very strict cook, marginally improved",rigid,rigid,assemblage,RIGID,1
27022,"Silver and jade, like Yeatsian midnight",aglimmer,aglimmer,assemblage,ARGENTINE,0
68631,Ascetic almost spoiled food,yoghurt,yoghurt,assemblage,SPARTAN,0
52780,A despatch note?,deathwarrant,death warrant,assemblage,DEATH WARRANT,1
113746,Influence of Tory boor,clout,clout,assemblage,CLOUT,1
97348,"If that's really the hat you want, I'm not stopping you",onyourheadbeit,on your head be it,assemblage,GO AHEAD AND WEAR IT,0
103047,Firm recalled watchmaker at noon for special event,occasion,occasion,assemblage,OCCASION,1
130037,Agency worker almost the last word in saucy humour,temperament,temperament,assemblage,SASSINESS,0
58815,Sexy bottom? It might encourage rapid but unwelcome developments,hotbed,hotbed,assemblage,SWELLS,0
120027,Off day? That is criminal,baddie,baddie,assemblage,BADDIE,1
131905,"God, who's flipping cut grass that's already been cut and dried?",yahweh,yahweh,assemblage,YAHWEH,1
8075,Dog mounting sheep,mutton,mutton,assemblage,PURSUE,0
90907,What the publican calls late on many occasions,timeaftertime,time after time,assemblage,TIME'S LAST CALL,0
92289,They watch as three points can go to Golf driver,sentinels,sentinels,assemblage,SPECTATOR,0
27833,Finish urge - that woman will,eggshell,eggshell,assemblage,TERMINATE,0
87664,"Gather together in the morning, when heading to school",amass,amass,assemblage,AMASS,1
136259,Current tests pushed back repressive force,stasi,stasi,assemblage,TIDAL,0
45328,Judge a royal nipper,arbiter,arbiter,assemblage,ARBITER,1
134097,Best of United's wingers running round Hearts scorer?,georgegershwin,george gershwin,assemblage,GEORGE BEST,0
97538,"Came across a sailor, oddly skin and bones",metatarsi,metatarsi,assemblage,EMACIATED,0
119876,Official order to blockade islands when there's a disturbance,incident,incident,assemblage,BARRISTER,0
102393,Distress with endless problems one day before,aggrieve,aggrieve,assemblage,STRESSED,0
110550,Display unit of wine and spirits,reddevils,red devils,assemblage,BIN SPIRITS,0
114055,Boatman in youth given order to vacate land,navalcadet,naval cadet,assemblage,FERRY MAN,0
94794,Nothing to bone of bones,osteal,osteal,assemblage,OSSEOUS,0
12544,One gets up flowers,irises,irises,assemblage,IRISES,1
28275,Prepare for scan on the Fourth of July,ready,ready,assemblage,READY,1
64787,"Apart from Spanish white wine, mostly French white wine",barsac,barsac,assemblage,SAVES,0
78750,Paid pounds for something at auction,gavel,gavel,assemblage,SPENT,0
45235,Gamble a great deal on a patched-up tyre,lottery,lottery,assemblage,LOTTERY,1
80812,One's inclined to strike with Popular Front,ramp,ramp,assemblage,LIST,0
328,Smooth limb at end of torso,legato,legato,assemblage,ARMED,0
101752,"Restricted middle section used to be soft, then it was revised",waspwaist,wasp waist,assemblage,WAIST BAND,0
132261,Contract gamble upset live broadcaster?,beeb,beeb,assemblage,TERM,0
17691,Like to take one to a region where Jesus was born,asia,asia,assemblage,ASIA,1
133184,Excite poorly-fed bird first,titillate,titillate,assemblage,STIMULATE,0
86199,Alumnus sitting with Scarface is haunted,obsessional,obsessional,assemblage,ALUMNUS-SITTING,0
12053,"Listener's home, the grave?",earnest,earnest,assemblage,EARTHEN,0
132191,"When pressed, manages passes",getsby,gets by,assemblage,IRON ON,0
120780,"Shows insubordination, giving support to negotiations",talksback,talks back,assemblage,BACKS DOWN,0
25985,One bombardier gets in before another,encore,encore,assemblage,BEFORE,0
87722,Writer improperly abridged,amis,amis,assemblage,REED,0
19647,Old empress giving away last instrument,ocarina,ocarina,assemblage,SOPRANO,0
95875,President exchanges vote for new fabric,ninon,ninon,assemblage,VOILE,0
102140,"Floater, one joining church to criticise",icepan,ice pan,assemblage,ICE CAP,0
103076,Function applied to cube with no fixed date,sinedie,sine die,assemblage,OPEN END,0
13659,Wanted revolutionary to support sideshow,desired,desired,assemblage,SIDEBAR,0
43509,Herod's son to gain entree to Rome ?,antipasto,antipasto,assemblage,ANTIOCHUS,0
123013,"Lawless one meeting end in electric chair, perhaps",anarchic,anarchic,assemblage,OUTLAWED,0
83431,Odd people in error in Eden,originalsin,original sin,assemblage,SQUARE PEG,0
54257,"Squeeze round corners, leaning heads skywards in ravine",gulch,gulch,assemblage,GORGE,0
33788,I follow through with spirit,peri,peri,assemblage,PERI,1
121561,"After head start, wind up on winners' tail: put your shirt on them?",hangers,hangers,assemblage,HANGERS,1
89373,Quarrel can get personal in place like Harrogate,spatown,spa town,assemblage,SPA TOWN,1
61851,Astonished by one-way fold,awestruck,awestruck,assemblage,STUNNED,0
70788,"Mammals (the last shall be first), named like Washington, say",eponymous,eponymous,assemblage,PRIMATES,0
88354,"Former eastern country, catching bug, going west with eastern dressing",mayonnaise,mayonnaise,assemblage,SASHIMI,0
42965,Emitting light from silver base,aglow,aglow,assemblage,AGLOW,1
116963,"Taking public transport back to worker after ten, he pays part of lease",subtenant,subtenant,assemblage,SUBTENANT,1
87505,"Argument tense, blowing top",tiff,tiff,assemblage,TIFF,1
68732,Prompt service for TV presenters,idiotboard,idiot board,assemblage,CUE CARDS,0
260,Provincial half of army behind endless abuse,insular,insular,assemblage,VULGAR,0
71142,Poet having gone short of books,abse,abse,assemblage,OVID,0
104224,Numbers of a nonstarter,nono,no no,assemblage,NO NO,1
69095,Blue wine is a washout,sadsack,sad sack,assemblage,SAD SACK,1
20326,A daughter in French port finally off? Not so fast!,andante,andante,assemblage,ANDANTE,1
47811,Artists apply to less than saintly monk,rasputin,rasputin,assemblage,TRAPPIST,0
85426,Mechanism for turning right in an agitated state,lather,lather,assemblage,WINDER,0
107684,Composer's scornful work not given run,satie,satie,assemblage,SATIE,1
139214,Over the moon here to have secret room,deepspace,deep space,assemblage,BACK ROOM,0
83334,"Crude, Puck? Not at first, with well-connected people",oilmen,oilmen,assemblage,GENTRY,0
140963,Actor with sheet sings from the bottom,filmstar,film star,assemblage,DEEP BASS,0
99777,The work yet to come from PL for truly harmon-ious movement,poetryinmotion,poetry in motion,assemblage,BALLET DE L'OPERA,0
111745,"Dead popular thought, disposing of male!",insentient,insentient,assemblage,DEPOPULATE,0
83741,"Sailor, soldier and girl join in dance",tarantella,tarantella,assemblage,TANGOING,0
35240,Hair and metallic mineral stink,furore,furore,assemblage,METALLIC,0
77728,"Superior selection of wines, we hear, which has sold a lot",bestseller,bestseller,assemblage,AUCTIONEER,0
14218,Circulator to bear losing head,eddy,eddy,assemblage,EARS,0
20346,"First letter is open, perhaps letter from abroad",epsilon,epsilon,assemblage,ALPHABET,0
44148,Bridge team that's in switched-off state - it can't last,transience,transience,assemblage,EVANESCENT,0
115544,Gym instruction by top man in place of games once,peking,peking,assemblage,LIFTED,0
91339,More than is required for six deliveries?,overcapacity,overcapacity,assemblage,OVERABUNDANT,0
35103,United supporters come back in a mess,snafu,snafu,assemblage,SNAFU,1
79676,Make use of the quality of diamonds - without diamonds,harness,harness,assemblage,HARNESS,1
116745,Hit I have in a regular series,successive,successive,assemblage,PERIODICAL,0
42522,Insects delightful? Not one - that's right!,licence,licence,assemblage,MANTIDS,0
131796,Mate rounded Cape unnoticed,hubby,hubby,assemblage,SLYLY,0
62123,Indian sage that's been topped and crushed by child's mother,mahatma,mahatma,assemblage,MAHATMA,1
10169,Nation in plan to lose weight,india,india,assemblage,SPAIN,0
110915,Lady golfer embraces feminist model in smart dress,whitetie,white tie,assemblage,CLEAN CUT,0
33803,Tot's taking mother across river,dram,dram,assemblage,DRAM,1
9566,Volunteers to return sombre tunic,tabard,tabard,assemblage,TABARD,1
104675,Graphic artist uses wire and string,signwriter,signwriter,assemblage,LINEDRAWER,0
2174,Herb in paper covering's behind the salt,tarragon,tarragon,assemblage,SALTWORT,0
90362,Article comes together for Guardian messengers?,angels,angels,assemblage,ANGELS,1
83569,Thin binding weed - it's what's observed on road,speedlimit,speed limit,assemblage,SPEED LIMIT,1
121660,"Sweet where OAP is in EastEnders, perhaps?",afters,afters,assemblage,SORBET,0
91077,Dress up a day in advance for lover,girlfriend,girlfriend,assemblage,SWEETHEART,0
12080,Lie concerning strength of character,fibre,fibre,assemblage,SPINE,0
121128,Scruffy label on scruffy item of clothing,ragtag,ragtag,assemblage,BLAZER,0
120450,Priest's crime taking time in a clerical residence,parsonage,parsonage,assemblage,PARSONAGE,1
102609,"Suffering different elements, primarily hail",hellothere,hello there,assemblage,SMALL HOURS,0
91484,Composer left a little bit of nonsense,fallal,fallal,assemblage,STRAUSS,0
21197,About to experience the finale of William Tell,inform,inform,assemblage,RECALL,0
15736,"Opening for a salesman turned up, true to form",aperture,aperture,assemblage,S-S-T-A-N-D-S,0
25655,"Enter Dotty, with bird's dance movement",entrechat,entrechat,assemblage,TREADMILL,0
142265,Cry out for the old record format,yelp,yelp,assemblage,YELL,0
56118,"Petit dejeuner, one tucked away by worker in a bad mood?",croissant,croissant,assemblage,BREAKFAST,0
132272,"After a drink, German enthusiast gets a biscuit",gingernut,ginger nut,assemblage,GINGER NUT,1
15122,Drink for each returning academic,pernod,pernod,assemblage,PERNOD,1
9582,Top-class detectives initially left in clear,lucid,lucid,assemblage,LUCID,1
46160,Primitive sailor of marked individuality,aboriginal,aboriginal,assemblage,ARCHETYPAL,0
116989,Parent with fruit,papaw,papaw,assemblage,ELDER,0
58349,Travel through East End district with offensive weapon,crossbow,crossbow,assemblage,CROSSBOW,1
102947,Bones in the head all turned to point,patellae,patellae,assemblage,AXILLAE,0
82828,Mark Antony's extreme spirit,brandy,brandy,assemblage,MYSTIC,0
133038,"Go for somewhere in Scotland, as Dickens character",pickwick,pickwick,assemblage,STEERFORTH,0
24289,Penny has beer and pasty,pale,pale,assemblage,PALE,1
2119,Is young Blair a supporter? Insert number in Irish Sea,isleofman,isle of man,assemblage,BACK TO BACK,0
31193,Prince not turning up for dance,charleston,charleston,assemblage,SARABANDE,0
130810,Joint drinks parties,kneesups,knees ups,assemblage,SPARE RIB,0
123507,Cats finally sounding happy? That's encouraging,spurring,spurring,assemblage,SPURRING,1
64343,Clothing society suffering legal action,shellsuit,shell suit,assemblage,COURT CASE,0
129802,Hawk seizing tail of mynah bird,chough,chough,assemblage,SHRIKE,0
80173,Returns to digs for economy's sake,retrenches,retrenches,assemblage,RETRENCHES,1
17188,Snooker player breaks with end of cue,white,white,assemblage,SPLIT,0
123957,We murmur a short reply,humans,humans,assemblage,ANSWER,0
84810,"Taffy's home - right, left and roundabout",landofmyfathers,land of my fathers,assemblage,ROAD TO WALES,0
46118,Racket's centre starts to buckle under bombardment,hubbub,hubbub,assemblage,BARRAGE,0
100731,Close to last time food warnings ensue,threats,threats,assemblage,SAUSAGE,0
53604,Dramatic confidence?,stagewhisper,stage whisper,assemblage,STAGE WHISPER,1
137650,Model receiving complaint to consider retiring after hostilities ended,postbellum,post bellum,assemblage,SIGHED PEACE,0
131463,Badger resorted to exit by road,streetdoor,street door,assemblage,STREET WALK,0
40206,American small change being found in school is dodgy,suspect,suspect,assemblage,SUSPECT,1
76832,To compensate for one short day is to take heart from another,satisfy,satisfy,assemblage,REDRESS,0
77279,Crazy over North American icon,madonna,madonna,assemblage,MADONNA,1
85039,"Each one opening, under no circumstances remaining open",uncover,uncover,assemblage,STAYING,0
132678,East European city where two vessels turned up,krakow,krakow,assemblage,WARSAW,0
10979,Check demand for material,damask,damask,assemblage,CANVAS,0
89803,Mobster's joint is cover for card operation,scarface,scarface,assemblage,CASEWORK,0
120047,"C, half-cut Bush, for example, gatecrashing his party?",cameron,cameron,assemblage,CABINET,0
31190,Prince not getting up for the dance,charleston,charleston,assemblage,PASODOBLES,0
14982,Boy-meets-girl opera,leonora,leonora,assemblage,FIDELIO,0
38536,Getting through to farms about ground that's always frozen,permafrost,permafrost,assemblage,PERMAFROST,1
93127,Prima donna gets a quid for appearing in lights,divali,divali,assemblage,DIALED,0
67110,"An abstract point, to be exact",precise,precise,assemblage,PRECISE,1
112609,Sleep until noon (twelve),dozen,dozen,assemblage,DOZEN,1
120758,Snowman? College erected it,inuit,inuit,assemblage,IGLOO,0
6072,Bottom of league in Cheshire and East Lancashire?,cheese,cheese,assemblage,SADDLE,0
140892,Setter's upset over good answers to puzzles,enigmas,enigmas,assemblage,ENIGMAS,1
84465,Eat away without starting to bring back,etch,etch,assemblage,EDOR,0
56976,European in next cell tortured in capital,excellent,excellent,assemblage,EXCELLENT,1
121312,Hole number dealing with bad habit,crevice,crevice,assemblage,SNARENO,0
61605,"Bulbs shining, these charged",onions,onions,assemblage,ONIONS,1
108513,Its partition was booked,redsea,red sea,assemblage,THE BOX,0
132928,"Beacons required to follow this, if range is to be obtained",brecon,brecon,assemblage,STOVE,0
100257,Help fool individual with attitude,assistance,assistance,assemblage,ASSISTANCE,1
70181,Peculiar issue more likely than not,oddson,odds on,assemblage,ODDS ON,1
28384,"I am the cat among dairy produce, going to overlap?",imbricate,imbricate,assemblage,IMBRICATE,1
64671,I throw my weight around the angel,islington,islington,assemblage,SERAPHINA,0
19964,Honour given to boy king ...,oberon,oberon,assemblage,ALFRED,0
1697,"Like mistletoe, it is a hit when put up, caught underneath",parasitic,parasitic,assemblage,PARASITIC,1
58634,Praise the boot rejected by lieutenant,exalt,exalt,assemblage,EXTOL,0
40505,Ass in America leading to American kerfuffle,rumpus,rumpus,assemblage,ASSASS,0
3319,"Blue died, a bit of an act",obscene,obscene,assemblage,BLUEYED,0
134763,Male children's book character heard singing in church?,hymnody,hymnody,assemblage,SUNGCHO,0
61642,Badly treated and is unserviceable in the sea,misused,misused,assemblage,SOUSEDS,0
118902,Tabloid pictures which closely resemble one another,mirrorimages,mirror images,assemblage,DOUBLE IMAGES,0
9249,First of Walter Mitty's turns: provide defence and make me conform,twistmyarm,twist my arm,assemblage,WRITE IN,0
20073,"One in dock, employed by a county council",accused,accused,assemblage,ACCUSED,1
84068,Contrary commercial jingle,adverse,adverse,assemblage,ADVERSE,1
103255,Anxiety about hair stops you sleeping,alarmclock,alarm clock,assemblage,SLEEP APNEA,0
25043,Australian one needing invigorating air,ozone,ozone,assemblage,OZONE,1
90023,Live at home after a short break as an artist,holbein,holbein,assemblage,RENOIR,0
38309,"Very French attempt to seduce is wrong, legally",trespass,trespass,assemblage,LAWFULLY,0
41551,Report to do with extremity,retail,retail,assemblage,RETAIL,1
40401,Town's ancient guy who must have been out of the ark,oldham,oldham,assemblage,OLDHAM,1
86393,Tick Kennedy's heart's condition,jiff,jiff,assemblage,MINT,0
17359,Student caught with a dictionary,coed,coed,assemblage,COED,1
14827,Battle later developed into chase,waterloo,waterloo,assemblage,WATERLOO,1
121362,Pet with pal struggling over a tree,catalpa,catalpa,assemblage,CATALPA,1
123072,"Bird back after season abroad, man's problem afoot?",fallenarches,fallen arches,assemblage,FRENCH POLISH,0
129375,Resident superpower stuffing herb in meat product,liversausage,liver sausage,assemblage,LIVER SAUSAGE,1
91232,"Power governs tube centrally - US tube, that is",subway,subway,assemblage,SUBWAY,1
26262,Finally gives woman liquid nitrogen to make frozen sculpture,snowman,snowman,assemblage,SNOWMAN,1
59714,She provides father with cooked meal,pamela,pamela,assemblage,PAMELA,1
85449,Musicians send naughty messages to alien,sextet,sextet,assemblage,SEXTET,1
91286,"North African halves a number, then doubles it",berber,berber,assemblage,NUBIAN,0
32282,Asian city is unfinished - that's symbolic,mandala,mandala,assemblage,TOKENLY,0
85069,First class return to Southern Pacific country,australia,australia,assemblage,INDONESIA,0
85059,"Understands about grinding lens with cunning, but without reason",senselessly,senselessly,assemblage,IRRATIONAL,0
110739,Poet (Her Majesty's jester) in banjo performance,sirjohnbetjeman,sir john betjeman,assemblage,THE LAST MOHICAN,0
133661,Setting about ’eadgear to protect aviator,flyingat,flying at,assemblage,SITTING IN,0
7751,One's brief trade with a Mediterranean isle,ibiza,ibiza,assemblage,MALTA,0
63748,Mums and dads are not welcomed by attendant,parentage,parentage,assemblage,CARETAKER,0
93074,Hotlines to the Met Office,isotherms,isotherms,assemblage,STEAMPIPE,0
32854,"Stipulation for and against one's opinion, at first",proviso,proviso,assemblage,PROVISO,1
134372,"Initially, Gilbert holds back blows",wafts,wafts,assemblage,GUSTS,0
53279,"Drink triple gin, initially, with one rum",eggnog,eggnog,assemblage,GINGER,0
133634,Entrenched bridge adversaries scrap over inches,enshrined,enshrined,assemblage,INGRAINED,0
114251,Non-interventionist passes away,handsoff,hands off,assemblage,HANDS OFF,1
21379,Fast on the Italian pulse,lentil,lentil,assemblage,LENTIL,1
88237,"Unfaithful wife seen in food shop, note",delilah,delilah,assemblage,INFIDEL,0
109206,The Guardian starts to assess Roman government under Severus,argus,argus,assemblage,CURIA,0
32865,Excited by a small bet,aflutter,aflutter,assemblage,AGITATED,0
111818,One comes across despondency behind the game,humpbackbridge,humpback bridge,assemblage,BILLIARD TABLE,0
109262,One article by Belgian author,ianfleming,ian fleming,assemblage,THE VAN,0
46284,A small drink including minimum of table wine for starters,antipasti,antipasti,assemblage,APERITIFS,0
93561,"Abroad, I start to eat angel cakes for tea",darjeeling,darjeeling,assemblage,TISANOLOGY,0
23791,Question One is on Irish force seen in the Middle East,iraqi,iraqi,assemblage,IRAQI,1
80430,Allows to go free the wrong way round shops,outlets,outlets,assemblage,RELEASE,0
92531,Exercise about to strengthen soldiers' disposition,placement,placement,assemblage,ALIGNMENT,0
107908,Dislike Greece?,hellas,hellas,assemblage,LOATHE,0
56894,Drunken Scottish soldiers vote for abuse to the optically challenged,foureyes,four eyes,assemblage,SOFT SOAP,0
140402,"Almost stop working, stupid",goof,goof,assemblage,DAFT,0
123938,Special quality that's needed by female member of cast,xfactor,x factor,assemblage,X-FACTOR,1
56836,Dives with power to crap - occasionally gull slightly worried tour leader,plutocrat,plutocrat,assemblage,PRECIPICE,0
24314,Fancy a chart-topping single,imagine,imagine,assemblage,CURIOSA,0
134583,Leading pairs eliminated from race came late - very grave situation,cemetery,cemetery,assemblage,CEMETERY,1
40818,Entertained everyone sitting initially in the pit,hades,hades,assemblage,STALL,0
48911,"Deceived by the devil, though not in so many words",implied,implied,assemblage,TACITLY,0
123424,People of intelligence love to have the last word,ciao,ciao,assemblage,SPYS,0
61555,"Say: ""Don't stop her entering ring or pillar?""",letterbox,letter box,assemblage,DORIC COLUMN,0
119780,Label report of familiar ex-captain,gucci,gucci,assemblage,BRAND,0
29427,"Home Secretary and rock'n'roll guitarist: one's barren, another's wild",strawberry,strawberry,assemblage,HENDRIXIAN,0
43832,About to pick up Boris's book,rebecca,rebecca,assemblage,RECORDS,0
18596,"Sailor, for example, said to observe traveller",seafarer,seafarer,assemblage,VAGABOND,0
134677,Writer's sweet Breton confection,charlottebronte,charlotte bronte,assemblage,CHOCOLATE TRUFFLE,0
71414,"Exhortation to study ""The Maid of the Mountain""",oread,oread,assemblage,OPERA,0
51311,"Eat half of plate, then drink",digin,dig in,assemblage,ATE UP,0
34678,To have one return a casual hug is sufficient,enough,enough,assemblage,ENOUGH,1
83450,Spirit of revolutionary beasts? Extremely serious!,spunkiness,spunkiness,assemblage,STERNLY,0
60190,Earwig could make part of house fall down,eavesdrop,eavesdrop,assemblage,EAVESDROP,1
111345,"Sanction a run in souped-up car, a small one for racing",gokart,go kart,assemblage,GO KART,1
86446,Escorts backing The One Show,gigolos,gigolos,assemblage,CONVOYS,0
22268,Boy game to help people across the Thames,albertbridge,albert bridge,assemblage,LONDON BRIDGE,0
120159,"He's done his money and he's back for mine too, note",prodigalson,prodigal son,assemblage,BANKRUPT BILL,0
28086,The French in their way backing Swiss mathematician,euler,euler,assemblage,EULER,1
8939,Where there's very little point to motor to London?,scarcity,scarcity,assemblage,DRIVELON,0
125319,Broadcast with some singers heard in military locations,airbases,airbases,assemblage,AIRBASES,1
37108,"No longer single speed, that's clear",exonerate,exonerate,assemblage,DISSIPATE,0
107391,Patriots withdrawing singular honour for Hollywood legend?,stanlaurel,stan laurel,assemblage,JUDY GARLAND,0
38175,Love Jack's preaching,orating,orating,assemblage,ORATING,1
111666,"Weber's first, A minor (unfinished) - it's avant-garde",wayout,way out,assemblage,NEW ART,0
108542,Firm support in car ...,fastback,fastback,assemblage,BALUSTER,0
105720,"Rhythmic sound heard initially in jazz performer, pet scarpering",thrum,thrum,assemblage,TEMPO,0
13664,Spare a bob - by one having plenty to spare,slender,slender,assemblage,RESERVE,0
37110,"Solitary sailor, capsized in river, gets clear",exonerate,exonerate,assemblage,ELUCIDATE,0
66726,"Without moving anything, replaces money in cash register",stockstill,stock still,assemblage,STAND STILL,0
19537,Anticipate everyone's after lots of trees,forestall,forestall,assemblage,FORESTALL,1
53125,Perform in panto horse perhaps? That creates interest,behalf,behalf,assemblage,ACCRUE,0
44923,Adult paper under discussion,atissue,at issue,assemblage,AT ISSUE,1
61299,State whether it's high and rocky,massif,massif,assemblage,ALASKA,0
78323,Learned a lot of rubbish about time,literate,literate,assemblage,SCHOOLED,0
24523,"Don't cook enough food, red nuts having been shelled and sent back",underdo,underdo,assemblage,STUNDER,0
123841,"Extract from pool: if hurt, yell",fishout,fish out,assemblage,BAIL OUT,0
63158,"After St Giles' day, many are turning rotten",septic,septic,assemblage,PUTRID,0
55980,"Savage, being sorrowful, is twitching",sadistic,sadistic,assemblage,SPASMODIC,0
66489,Dim British king on stage,blear,blear,assemblage,BROWN,0
36268,Shakespeare gave her a dream lover. Her mother grabbed one too!,hermia,hermia,assemblage,HERMIA,1
94662,Drinker's hangover?,beergut,beer gut,assemblage,BEER MAT,0
62973,Unhappy lord outside Parliament finally gives indication of imminent departure,bluepeter,blue peter,assemblage,STOP WATCH,0
133577,Fine to repeat old clue about diamonds,okeydokey,okey dokey,assemblage,RICE FIELD,0
95206,"It's remote without a good car, that is - so his work is done on the hoof",farrier,farrier,assemblage,FARRIER,1
32820,Smart girl with copper chain,cutie,cutie,assemblage,CUTIE,1
49005,The BBC hasn't begun to deliver,untie,untie,assemblage,UTTER,0
66368,Unpredictable after opening of safety pin,skittle,skittle,assemblage,ERRATIC,0
95297,Centre back in attack last to display violence,ferocity,ferocity,assemblage,SLAUGHTER,0
69595,Ride high where observation was out of this world,goonhilly,goonhilly,assemblage,SKYROCKET,0
38198,Army block retreat to capital,rabat,rabat,assemblage,MADRID,0
71503,Sailor to keep going round with vocalist,nelsoneddy,nelson eddy,assemblage,SINGER BIRD,0
79562,"Back off beach, returning catch to dock",shorten,shorten,assemblage,SHORTEN,1
62477,Thought of money spent,mused,mused,assemblage,MUSED,1
91085,"Old actor, getting wiser over time",stager,stager,assemblage,STAGER,1
126158,Jazz pianist's ideal climbing shrub,fatsia,fatsia,assemblage,SENAIL,0
26031,"Vegetable, small and sweet",spud,spud,assemblage,PEAS,0
83379,"Secretary's individual letters, one in black and white?",panda,panda,assemblage,ZEBRA,0
112757,Religious man's reluctance to spend if he has a lot of money,parsi,parsi,assemblage,PRIOR,0
89921,"Fledgling business in sheep, the main attraction!",startup,start up,assemblage,SHEEP DIP,0
24906,You mean two jurors are incompetent? That's with defence potential,tenable,tenable,assemblage,URETHRA,0
120265,"Poem girl's written, top off pen, on state's port",riodejaneiro,rio de janeiro,assemblage,THE OLD CURIOUS,0
71549,Become familiar with ABBA's debut song on the radio,attune,attune,assemblage,ABSORB,0
87371,Vegetables spoil the lines of a garden,marrows,marrows,assemblage,PARSNIP,0
47909,Royal bash involves performing music,rondo,rondo,assemblage,PARTY,0
44336,Restrain employee taking smack,handcuff,handcuff,assemblage,CURBSTEP,0
120294,Suddenly Arthur's beginning to suspect Lancelot,allatonce,all at once,assemblage,ALL AT ONCE,1
48454,Footprint creates initially unvoiced terror,tread,tread,assemblage,TREAD,1
84760,Banker having shrewd effect,execute,execute,assemblage,TREASUR,0
97241,Sponsor of art ultimately was consumer,tate,tate,assemblage,USER,0
63687,"Watch next to key, a surprising sight",eyeopener,eye opener,assemblage,EYE OPENER,1
96332,Majority is cut in Bosnia,mostar,mostar,assemblage,MOSTLY,0
75090,"Joked about TV programme, one with leaves",gateleggedtable,gate legged table,assemblage,FOUR LEAF CLOVER,0
110110,"Fleas dancing below stairs, Uriah Heep's speciality",selfabasement,self abasement,assemblage,FALSE HUMILITY,0
131553,Utopian plan son's told tales about,idealised,idealised,assemblage,SOCIALISM,0
2449,Lord Muck in effusion by Charlie Chaplin,goldrush,gold rush,assemblage,SOFT SOAP,0
47179,"Morgan, say, and Paddy dress down",carpet,carpet,assemblage,BERATE,0
25434,Game not started by a back,ridge,ridge,assemblage,SNARE,0
103367,Opening removed and fixed,outset,outset,assemblage,SETTLED,0
91059,Fortune presently in besieged city,lucknow,lucknow,assemblage,PORTION,0
21064,"Tucked in to fish, partly dressed",coated,coated,assemblage,SCANTY,0
71370,Entertaining party a communist thought the world of,adored,adored,assemblage,ADORED,1
25371,Traditional nunnery by holy island lake,conventional,conventional,assemblage,CONVENTIONAL,1
28348,In the morning wild boar is heavenly food,ambrosia,ambrosia,assemblage,AMBROSIA,1
29524,Eager to change fellows thought at first to be in accord,agreement,agreement,assemblage,AGREEMENT,1
97194,Faith leader shot close to synagogue,pope,pope,assemblage,POPE,1
42907,"Say, what could be missing after punch in the mouth? A drink!",aperitif,aperitif,assemblage,COCKTAIL,0
52187,A number swindled - that's dishonest,crooked,crooked,assemblage,CORRUPT,0
102172,Permit for sale of spirits and ale,poeticlicence,poetic licence,assemblage,LIQUOR LICENSE,0
122511,"Part of play, playwright clutching opening to act - he covers the background in theatre",scenepainter,scene painter,assemblage,SCENE PAINTER,1
101621,Sauna without a massage causing overheating,sunstroke,sunstroke,assemblage,SUNSTROKE,1
12533,Stagger time with swimmer,totter,totter,assemblage,TOTTER,1
71530,Difficult defendant finally up for it,thorny,thorny,assemblage,STRICT,0
95005,The inclusion of three identical points produces a titter,teehee,tee hee,assemblage,TEEHEE,1
115645,Sparkling drink gets fragrance after a little work,opalescent,opalescent,assemblage,OPALESCENT,1
25417,"Rover in boat, a dugout",gadabout,gadabout,assemblage,CASEMATE,0
20175,Old chap with passion for news reporting,coverage,coverage,assemblage,COVERAGE,1
10817,River is close to oak tree,tamarisk,tamarisk,assemblage,SYCAMORE,0
105919,Fool sailor on a ship,jackass,jackass,assemblage,BEGUILE,0
88524,"Routine to study and speak when beheaded, so to speak",breadandbutter,bread and butter,assemblage,BREAK THE ICE,0
99491,Collage a scientist almost accepts quietly,pasteup,paste up,assemblage,PASTE UP,1
76602,Flower festival finally in front and fashionable,lupin,lupin,assemblage,LUPIN,1
99940,Many ignored extremely dumpy adolescent,umpteen,umpteen,assemblage,TEENAGE,0
64612,From orphan to mother - that's the spirit!,phantom,phantom,assemblage,ALCOHOL,0
5264,"A backward idiot, apart from all else",aloof,aloof,assemblage,ALOOF,1
86449,Superior aid distribution or rapid transport,airdrop,airdrop,assemblage,AIRLIFT,0
2130,"Revive cannibal's victim, as Spooner might ’ave said",animate,animate,assemblage,REAWAKE,0
106770,Like a loo to be luxurious?,lavish,lavish,assemblage,LAVISH,1
95639,Cramped northern shaft,narrow,narrow,assemblage,NARROW,1
32283,Statesman swapping energy for a mystic symbol,mandala,mandala,assemblage,SWASTIK,0
36590,Pasquale given less than full assent? That's mean!,meagre,meagre,assemblage,STINGY,0
47658,Old city set up beside a stone,ruby,ruby,assemblage,RUBY,1
31138,Country where God has executed priest?,panama,panama,assemblage,CYPRUS,0
25427,In to complain: customer with bone,incus,incus,assemblage,TIBIA,0
22160,Purgative offered when Moggy car hit Rolls,cathartic,cathartic,assemblage,CATHARTIC,1
92388,Mule makin' a mess of teatime food,muffin,muffin,assemblage,SCONES,0
135103,"May has been one time I can be away (rest, I'm in plays)",cabinetminister,cabinet minister,assemblage,SPRING HOLIDAYS,0
80295,Firm supporter of poisoner,cobra,cobra,assemblage,COBRA,1
33879,Club being given new temporary accommodation makes one unhappy,discontent,discontent,assemblage,DEPRESSING,0
111552,Quantity of drink fired soldier,litre,litre,assemblage,SHOTS,0
68930,A little seabird or marsh bird,bittern,bittern,assemblage,BITTERN,1
137344,Rubber rings held by campaigners next to motorway,condom,condom,assemblage,CONDOM,1
118729,Old man to settle on a tree,papaya,papaya,assemblage,POPLAR,0
107273,Kiss scholars in celebration,xmas,xmas,assemblage,BASH,0
117557,Deliveryman's ruse: upsetting hair product on journey,legspin,leg spin,assemblage,ICE MAN,0
77888,Leading European state,maine,maine,assemblage,SPAIN,0
78935,Strikers here in union fight,matchbox,matchbox,assemblage,PICKETS,0
33413,Enthusiast for conservation? One adapts to the environment,ecotype,ecotype,assemblage,ADAPTER,0
106294,Prepare for conflict that's a back number,rearm,rearm,assemblage,ARMED,0
35235,Things warm and mineral creating excitement,furore,furore,assemblage,THRILL,0
103240,Fine light which signals spring,verywell,very well,assemblage,SNOW DROP,0
13684,Point on bird's back,stern,stern,assemblage,SPINE,0
110458,Support with a brilliant ball,aidance,aidance,assemblage,SUNBEAM,0
135718,Reluctant lover's initial vow,loath,loath,assemblage,LOATH,1
16949,Underwear makes one tense,singlet,singlet,assemblage,TAUTENS,0
87937,"Poor pre-election period, back with a change of heart",hardup,hard up,assemblage,HARD UP,1
3761,Symbol of sovereignty King Charles had to acknowledge,crown,crown,assemblage,CROWN,1
131808,Parent left to vacate Asian island for Asian city,mumbai,mumbai,assemblage,MUMBAI,1
35354,Male finally beats children's game,stag,stag,assemblage,STAG,1
75006,Bellow's last novel is Glass,crystal,crystal,assemblage,GLACIER,0
71686,Bladder and hearts lost in city street,cyst,cyst,assemblage,SACC,0
35474,"Paramount, say the majority",uttermost,uttermost,assemblage,UTTERMOST,1
141958,He demands a contribution from tenor and American guitarist,taxman,taxman,assemblage,TAXMAN,1
87675,Subject's alter ego leads plot: the ultimate robbery,geography,geography,assemblage,STRATAGEM,0
68058,Ordered off before end of game,bade,bade,assemblage,SORT,0
73381,Dance company following society's conventions,moresco,moresco,assemblage,CUSTOMS,0
74022,Term for each moon day,period,period,assemblage,PERIOD,1
6396,British nurses agree about study in local area,beergarden,beer garden,assemblage,SIDE STREET,0
96579,"King, getting Queen fine dish, so avoided commotion",kerfuffle,kerfuffle,assemblage,QUIETNESS,0
71147,Female muse suspicious about artist in class-conscious system,feudalism,feudalism,assemblage,CASTEISM,0
139118,"Make fewer pronouncements, being displaced",stateless,stateless,assemblage,REDUCTION,0
52944,"On delivery of circular, be strict - tear it up!",obstetric,obstetric,assemblage,S-T-R-A-T-U-S-E-S,0
91726,Powerful politician before (say) Brown's time,prescott,prescott,assemblage,POWERFUL,0
32595,Perform poem in that dreadful silence!,dotodeath,do to death,assemblage,IN AT ONCE,0
26538,He makes a choice at the earliest hour,william,william,assemblage,ELECTOR,0
45912,Good start with a little water for cooking,grill,grill,assemblage,G-W-A-T-S,0
16209,Dangerous flower goes to Tannenbaum,redflag,red flag,assemblage,RED ROSE,0
38420,A bit of rigging works in the end,topsail,topsail,assemblage,S-P-R-I-G-S,0
28990,"Broadcast ""Pluto"" by itself",disperse,disperse,assemblage,S-O-L-O-I-S-T,0
100218,Order discovered in laboratory animal in feature which contains DNA,chromatin,chromatin,assemblage,STRATAGEM,0
138105,Sick in Australia (see hospital below),chunder,chunder,assemblage,AUSTRAL,0
87387,Many? Not so long and thanks for fish,manta,manta,assemblage,TADAS,0
70965,Zoroastrian flower in opera,parsifal,parsifal,assemblage,PARSIFAL,1
67971,Male bodybuilder ostensibly starts to become a he-man,rambo,rambo,assemblage,MACHO,0
25389,Clubs find out about a church blessing,clearance,clearance,assemblage,BENISONAL,0
33075,Hot spot not initially available?,ingle,ingle,assemblage,ARENA,0
2588,Mature Conservative entering State Department,agency,agency,assemblage,RIPENS,0
46256,"Turns away from little green man, hair standing on end",alienates,alienates,assemblage,DETERRING,0
21894,"Car with Spanish identification, say",estate,estate,assemblage,SPIDER,0
37922,Educational centre?,middleschool,middle school,assemblage,SUMMER SCHOOL,0
18939,Labourer's time with tanker,toiler,toiler,assemblage,TOILER,1
91559,Knock and Cork possibly have kinship,rapport,rapport,assemblage,COUSINS,0
29919,Effective make-up in jar,potent,potent,assemblage,POTENT,1
76343,Trees burning at military base,aldershot,aldershot,assemblage,CONIFERS,0
134544,Current that's forced lower in blue rinse,downwash,downwash,assemblage,FLUORESC,0
36390,"Travelling west, Slav spies Italian city",brescia,brescia,assemblage,TRIESTE,0
2941,Making it go round Eastern monarch,eking,eking,assemblage,ROTAS,0
88002,Steep climbing rocket an IRA man secured,marinate,marinate,assemblage,STEEPING,0
9956,"Cocky's got his own cover, it seems",selfassured,self assured,assemblage,SELF HELPED,0
12647,"Flatten headless, evil-tempered dwarf",roll,roll,assemblage,RAZE,0
47317,"Rigorous process, biting banker",acidtest,acidtest,assemblage,DRACONIC,0
117300,After heaving coal the old man needs something stronger,alcopop,alcopop,assemblage,ALCOHOL,0
24515,"Almost declare, with runs at Oval briskly scored",allegro,allegro,assemblage,S-S-C-O-R-E-D,0
120859,Tories put out after Liberal leader waits around,loiters,loiters,assemblage,L-A-G-G-A-R-D,0
85575,Landowner's hidey-hole for game at Land's End,laird,laird,assemblage,L-A-I-R-S,0
107523,Drums of one sailor used in another's backing,tablas,tablas,assemblage,T-I-M-P-A-N,0
47483,"Covering for a wheel covering, so to speak",attire,attire,assemblage,C-A-S-I-N-G,0
29841,Vicar takes tongue back,reverse,reverse,assemblage,S-T-E-W-A-R-D,0
108331,Money? A little bit require for a little bit of food,breadcrumb,breadcrumb,assemblage,C-A-P-I-T-A-L-I-S-M,0
63068,Cricketer yearns to face spinner,longstop,long stop,assemblage,LONG STOP,1
123344,"Period in China, both useful and unpleasant",handynasty,han dynasty,assemblage,THE HANDY,0
124419,Star puts curse on a music industry award: Boatman's lost,hexagram,hexagram,assemblage,SUNGRAMS,0
30287,Two bills I stuck on a tree,acacia,acacia,assemblage,ACACIA,1
105523,Record jazz session - end in deadlock!,logjam,logjam,assemblage,LOGJAM,1
32226,Is youngster able to eat here?,canteen,canteen,assemblage,CANTEEN,1
12960,"It's found in an old Balkan country, this fuel",anthracite,anthracite,assemblage,YUGOSLAVIA,0
35637,Antique pearls provide easy money,oldrope,old rope,assemblage,OLD GOLD,0
8849,Stole hospital garb idiot sent round,tippet,tippet,assemblage,SASHES,0
37176,Theologian no go at operatic work,iolanthe,iolanthe,assemblage,ORATORIO,0
122254,Mad about daughter getting the sack over things never getting settled,baddebts,bad debts,assemblage,BAD DEBTS,1
111389,Journalist capturing relative in colour drawing,penandink,pen and ink,assemblage,PEN AND INK,1
78710,Desperate character in Pentonville cut short by hanging,pendant,pendant,assemblage,PENDANT,1
28970,Slice of bread found on island - food that's attractively presented,bait,bait,assemblage,DISH,0
134078,Real loss of work at showroom,salesfloor,sales floor,assemblage,MODEL HOME,0
71401,Turn oven up at cathedral? I wouldn't bet on it,unlikely,unlikely,assemblage,OUTSIDER,0
140038,Bygone period about which monarch appears too keen,overeager,overeager,assemblage,OVEREAGER,1
85607,Cruise missing small film,coat,coat,assemblage,COAT,1
41627,Sign of island growth,capricorn,capricorn,assemblage,SINEWINGS,0
89810,Weep after a couple of cardinals drop off,snooze,snooze,assemblage,LAMENT,0
57101,Watch dances in which one has pupils,eyeballs,eyeballs,assemblage,EYEBALLS,1
88313,Model usually having points to teach class,trainset,train set,assemblage,STUDY HALL,0
106994,A foreign place found by woman and daughter not on schedule,unplanned,unplanned,assemblage,SIDETRACK,0
56942,"Front of member, back of back, front of member",forearm,forearm,assemblage,MEMBRAN,0
80619,Many stay around to provide support for member,armrest,armrest,assemblage,MASTOID,0
24167,Many pull out of Split,cleave,cleave,assemblage,SUNDER,0
37946,Right to have one released by Martian,lien,lien,assemblage,LANE,0
92399,Support given to good girl by the Mirror,pierglass,pier glass,assemblage,BACK BONE,0
41416,Current head of English is new examiner,scrutineer,scrutineer,assemblage,ACCOUNTANT,0
65607,Clamp down on workforce,oppress,oppress,assemblage,CLAMPED,0
55921,Vile manager oppressing masses half-heartedly,execrable,execrable,assemblage,ABHORRENT,0
19957,Lavish more on tramp? Not right,extravagant,extravagant,assemblage,EXTRAVAGANT,1
88395,Have Grandpa tee off with the Old Man,agedparent,aged parent,assemblage,STEPFATHER,0
108181,"He won something sweet, far more than a can of coke!",charliebucket,charlie bucket,assemblage,VANILLA CREAM,0
123023,"Penny, dead dishy thing",plate,plate,assemblage,PLATE,1
78690,"Get increase extremely tidily, which is crackers",batty,batty,assemblage,NUTTY,0
137518,"In Spain, boy's clad in girl's hemp",marijuana,marijuana,assemblage,CANNABINS,0
95557,Circuit with a current in front helps one pick up?,hearingaid,hearing aid,assemblage,HEARING AID,1
86536,Tory leader on board for English flower,trent,trent,assemblage,TANSY,0
120367,In church a rebellious choirboy makes a bloomer,harebell,harebell,assemblage,HYACINTH,0
91090,Tirade with nursemaid about to become purple,amaranth,amaranth,assemblage,AMARANTH,1
129641,"Fish channel, deep sounds with this",bassvoice,bass voice,assemblage,BASS SOUND,0
106667,German paintings with the Queen reflected in an upper chamber,garret,garret,assemblage,STRATA,0
6610,Loathe how much some directors get paid?,execrate,execrate,assemblage,EXECRATE,1
134975,Small crocodile hunter alarmed,shook,shook,assemblage,AGAST,0
22198,Continue to play in London,acton,acton,assemblage,LASTS,0
121600,Endlessly continue holding tool in dish,kedgeree,kedgeree,assemblage,PLATTERS,0
78975,Ralph got to marry the captain's daughter and torture a cabinet minister,rackstraw,rackstraw,assemblage,SECRETARY,0
118518,Turns up a real oddity - it's uncanny,supernatural,supernatural,assemblage,SUPERNATURAL,1
140872,They said I must leave supply outside empty store now,thesedays,these days,assemblage,THESE DAYS,1
36459,Twist one taken out of circuit,wring,wring,assemblage,TWIST,0
32015,New soldier having little money,recent,recent,assemblage,NEWTON,0
51152,Evangelist with detachment is halfhearted,lukewarm,lukewarm,assemblage,STALWART,0
28473,Take in regulations set up at base,swallow,swallow,assemblage,ADOPTED,0
127305,Son in Brittany collects English records,files,files,assemblage,SONES,0
80418,Mates - the type to engage in fiddles,consorts,consorts,assemblage,SPOOLERS,0
65349,Chicken's cry that hurt,yellow,yellow,assemblage,CLUCKED,0
81202,Waterway is able to dock everything,canal,canal,assemblage,CANAL,1
82366,Danger: people shot in court,menace,menace,assemblage,HAZARD,0
139081,Fancied fish - considered not having starter,ideated,ideated,assemblage,IMAGINE,0
64437,"A man with name as negotiator or snooper, for example",agentnoun,agent noun,assemblage,AGENT NAME,0
102928,Exhibitor at the Walker Gallery?,pavementartist,pavement artist,assemblage,WINDOW SHOPPER,0
84969,Spanish and English troops heard cry by very large swimmer,spermwhale,sperm whale,assemblage,SPERM WHALE,1
133457,Instigating new action executing the picking of plums?,reengaging,re engaging,assemblage,IN STONEING,0
32025,Speculator may get the gold first,theorist,theorist,assemblage,INVESTOR,0
92155,Retailer loses small ship,argo,argo,assemblage,SHOP,0
54750,Ray's students rejected support,sunbeam,sunbeam,assemblage,SLYNESS,0
51582,Gosh! Cosy place is visible from coastal road,corniche,corniche,assemblage,CORNICHE,1
61458,Instrument for changing oil into French wine,violin,violin,assemblage,VIOLIN,1
6865,Blush when attacked in beastly fashion,gored,gored,assemblage,REDDEN,0
130338,Ring posh school for one working on a farm?,discharrow,disc harrow,assemblage,CORN FARMER,0
59410,Frenchman about to find riches,lucre,lucre,assemblage,LUCRE,1
110552,Burn peeled off in layers with no end of heartache,scald,scald,assemblage,SCALD,1
65051,Roast large mammal,ratel,ratel,assemblage,LLAMA,0
19373,Rifle worked with the bullet,ransack,ransack,assemblage,RANSACK,1
112577,Mum keeps the sound of bells: I go here to find when I'll hear them,machmeter,machmeter,assemblage,TIMETABLE,0
34127,Reversal for vessel after you reported last in fleet,uturn,u turn,assemblage,U TURN,1
89735,Protect offspring of hound by taking son inside,babysit,babysit,assemblage,SHELTER,0
16584,Aim for a high place in the church,aspire,aspire,assemblage,ASPIRE,1
32993,Baffle in France no longer,nonplus,nonplus,assemblage,NONPLUS,1
94781,Was familiar with Kingsley's first novel,knew,knew,assemblage,KNEW,1
32538,Be very heartless in company,bevy,bevy,assemblage,COVY,0
131238,"French way to back bad actor, a union player?",eurocrat,eurocrat,assemblage,EUROPOL,0
110214,Somewhat ludicrous American composer lacking success completely somewhere in Wiltshire,ludgershall,ludgershall,assemblage,LUDGERSHALL,1
31484,Settler perhaps restraining road rage,emigrant,emigrant,assemblage,GARDENER,0
89790,"Party a scream, with Mary Poppins on Ecstasy",hootenanny,hootenanny,assemblage,STAMPEDING,0
111444,"A mother wants to be in the fashion, without exception",toaman,to a man,assemblage,AS A RULE,0
78479,Having a stud of a sort in a singular article of clothing,stockbreeding,stockbreeding,assemblage,SINGLE-BREASTED,0
34928,Open a ruler up,ajar,ajar,assemblage,OPEN,0
16672,"One demanding much interest in university, more reliable",usurer,usurer,assemblage,USURER,1
105404,"Needle, say, reversed to make lace",getat,get at,assemblage,TIE UP,0
18598,Sailor is withering about passenger,seafarer,seafarer,assemblage,SEARING,0
74753,Italian town terrifying female novelist,gorgonzola,gorgonzola,assemblage,MONTE CARLO,0
134100,"Snobbish type going off before Derby, perhaps",highhat,high hat,assemblage,TOP HAT,0
139869,A conceited specimen a woman may take in hand,vanitycase,vanity case,assemblage,VANITY CASE,1
41277,Rough sketch showing an officer?,generaloutline,general outline,assemblage,WORKING DRAWING,0
60732,Squeeze mineral in abundance,galore,galore,assemblage,SQUEEZE,0
33225,Baseball player's casual clothing combination,shortstop,shortstop,assemblage,TRACKSUIT,0
11296,Remedy in no way odd,nostrum,nostrum,assemblage,ANTIDOTE,0
129433,"Sloppy food? Get rid of it, we say",junket,junket,assemblage,SLOPPY,0
101251,Flat charge being made much smaller brought a tear,groundrent,ground rent,assemblage,STRIPPED DOWN,0
47537,Good booze responsible for a lot of wind?,gale,gale,assemblage,GALE,1
129430,"Hack wants initial hundred quid, maybe",chew,chew,assemblage,CHOP,0
122355,Note on hospital discharge,doh,doh,assemblage,PUS,0
20807,Having taken on cargo at lake port...,laden,laden,assemblage,LADEN,1
118547,Most costly sword picked up between two streets,steepest,steepest,assemblage,STEEPEST,1
142043,Where Pedro gets drinks bill when work's over?,posada,posada,assemblage,BODEGA,0
70878,Lorry driver on traffic island,truckman,truckman,assemblage,TEAMSTER,0
70348,Fairness of eyes only half-visible when about to depart,equity,equity,assemblage,EQUITY,1
104768,"It's painful to hear what drinks cost, though not poor",barb,barb,assemblage,SORE,0
68128,Stay with baby almost to the end,lastminute,last minute,assemblage,STOP SHORT,0
89331,Farm animals we hear in city,stockholm,stockholm,assemblage,CATTLEMAN,0
24728,"On change of trade, factory offers tedious work",treadmill,treadmill,assemblage,TREADMILL,1
31647,Entertained a thought,amused,amused,assemblage,HOSTED,0
101367,Gather it's petition time,pleat,pleat,assemblage,PLEAT,1
48463,Spooner an admirer of Sandy Wilson was he?,boyfriend,boyfriend,assemblage,SPOONERISM,0
108424,Get it and assume imprecise?,guesstimate,guesstimate,assemblage,APPROPRIATE,0
133319,"Inexperienced male wildebeest conserving energy, trailing home",ingenu,ingenu,assemblage,NOVICE,0
120110,Extremely rude group advanced in years is presented in a new way,repackaged,repackaged,assemblage,REMODELLED,0
35404,"Put ""Out of Order"" notes on kitchen stove",derange,derange,assemblage,ROASTER,0
99424,Not feeling pain in part of alimentary canal that is gas-generated,analgesia,analgesia,assemblage,INSENSATE,0
63264,Practicable round safety device,ofuse,of use,assemblage,ON TAP,0
53036,Tory leader has pain in bum,tail,tail,assemblage,TUSH,0
57783,Probe away to capture revolting peasant? Not right!,stylet,stylet,assemblage,OFFSET,0
83711,"Mayo destination cancelled, as imitation",knockoff,knock off,assemblage,KNOCK OFF,1
34040,Company doctor is amusing when in theatre,comedic,comedic,assemblage,COMEDIC,1
130972,Stupid types fail ultimately - as shown in school records,schleps,schleps,assemblage,ASSESSL,0
85963,Spore producers of flower needing a hand up,uredia,uredia,assemblage,FUNGI,0
71661,I'm off to celebrate a narrow football victory?,cheerio,cheerio,assemblage,SQUEEZE,0
54432,Fifty-one scolded and set free,liberated,liberated,assemblage,LIBERATED,1
36007,Drink up in the Vatican? Go carefully,cognac,cognac,assemblage,TIPTOE,0
131948,Office workers duck - article passes over,tealadies,tea ladies,assemblage,THE CLERKS,0
52914,Doormats where shadows fall on institutions,dogsbodies,dogsbodies,assemblage,UNDERLINGS,0
87506,Head off tense argument,tiff,tiff,assemblage,TIFF,1
29619,Disappointed officer covers Estonia's premier with feathers,letdown,let down,assemblage,LET DOWN,1
15902,Hard worker in the city sacked long ago,trojan,trojan,assemblage,ANCIENT,0
115935,"Pasquale can have extreme anxiety, would you believe it?",ifever,if ever,assemblage,OH MY,0
47449,Unknown girl raised god,zeus,zeus,assemblage,SIVA,0
18046,The chief has Jag - early model,archetype,archetype,assemblage,ARCHETYPE,1
56956,"Leader having dropped right down, scrutinises excuses rather!",yesplease,yes please,assemblage,GOES OVER,0
24183,One who didn't strike Shakespeare as a sword carrier,scabbard,scabbard,assemblage,SCABBARD,1
102724,Beef for the incomplete Dickensian,steerforth,steerforth,assemblage,COMPLAINED,0
116312,"Record holder wanting first prize, missing first, left with silver",oldlag,old lag,assemblage,OLD LAG,1
108692,He's in no hurry to take over,slowbowler,slow bowler,assemblage,SLOW COACH,0
129849,Dessert created by small program with skill,appletart,apple tart,assemblage,APPLE TART,1
124547,Repeat usual rubbish,parrot,parrot,assemblage,REHASH,0
32418,"In general, people possess nothing - royal speculation?",theory,theory,assemblage,THEORY,1
7107,Researcher is a rogue to experimental mice,academic,academic,assemblage,ACADEMIC,1
99874,Rigid habit of old king caught in affair,armour,armour,assemblage,STRICT,0
107403,Still lacking subject for debate,motionless,motionless,assemblage,MOTIONLESS,1
105970,Games on a particular day could be footy,pedate,pedate,assemblage,SPORTS,0
134077,Order for stone coffin someone from the West Midlands once executed,cistercian,cistercian,assemblage,CONSECRATE,0
99212,Cut joint - a quarter eaten,sheared,sheared,assemblage,SECTION,0
120490,Barbara is the top person at crosswords,kingsolver,kingsolver,assemblage,CRUCIVERBS,0
117404,Bitter tears splashing - they are salty,tartrates,tartrates,assemblage,ESTUARINE,0
6313,"She abandons playwright after a write-up, an all-time low",nadir,nadir,assemblage,NADIR,1
110898,Command rowers to skirt agreed river,eyesright,eyes right,assemblage,TAKE ORDER,0
36934,Case-law derives from a lot of combat with detectives and models,judgments,judgments,assemblage,PRECEDENT,0
87344,Bare one concealed by Catholic sash,baldric,baldric,assemblage,CINGLUM,0
119154,Upright individual's state,onend,on end,assemblage,UP ONE,0
125796,Boringly traditional supporter's position,squareleg,square leg,assemblage,STODGY LIE,0
16666,Whip-round by group for driver?,golfclub,golf club,assemblage,GOLF CLUB,1
131605,Nothing stops Mussolini turning up game for a bribe,douceur,douceur,assemblage,OTINEBO,0
3304,"Be attracted by single people, caddish types, and run away",taketoonesheels,take to ones heels,assemblage,FALL IN LOVE WITH,0
107459,Federation of German Industry's said they're watching you?,beadyeyes,beady eyes,assemblage,BEADY EYES,1
130893,A jolly girl's joining the fighting ships,armadas,armadas,assemblage,FRIGATE,0
96761,Dr Gershwin is a woman,moira,moira,assemblage,SIREN,0
14804,A good supporter works hard,grafter,grafter,assemblage,STRAINS,0
27336,"Politically correct but pointless, OK?",righto,righto,assemblage,PROPER,0
45889,Time to reach North American beach,daytona,daytona,assemblage,STRANDS,0
66792,A second little boy coming back as a shape-shifter,amoeba,amoeba,assemblage,ASPECT,0
13640,Wipe out a future gangster?,total,total,assemblage,ERASE,0
41097,Useless exercise by pioneer oddly forgotten,inept,inept,assemblage,SPORT,0
54852,Scientist in fear of a type of CD,angstrom,angstrom,assemblage,MINIDISC,0
35275,Left to cut blemishes shown up by quick survey,strawpoll,straw poll,assemblage,SHORT SCAN,0
28890,Where to find the remainder of the market?,bookstall,bookstall,assemblage,AFTERMATH,0
62200,"Blue pen written about West, if heading that way",steamy,steamy,assemblage,SUNSET,0
106386,"Struggling to evacuate county town of Cornwall, briefly",costive,costive,assemblage,VACTRUR,0
133376,Neighbour to plough for us around mid-afternoon or after morning in,ursaminor,ursa minor,assemblage,TILL UPMS,0
58532,Noted person about to be given honour - affected type,composer,composer,assemblage,STARCOBE,0
70004,Composer of operas using percussion instrument in one,bellini,bellini,assemblage,BELLINI,1
121314,There's still plenty of time for audience to Lady Gaga - years!,earlydays,early days,assemblage,EARLY DAYS,1
8409,The good journalist worked hard when up,boned,boned,assemblage,PLIED,0
54341,Enthusiastic gunman gets call,raring,raring,assemblage,ADVISE,0
50863,Said to be slowly cooked by Zeus's lover in the workroom?,studio,studio,assemblage,STUDIO,1
27652,Aged Cain treated by hospital department,ancient,ancient,assemblage,ANCIENT,1
113698,Shark ultimately swallows one that worked with lines,keats,keats,assemblage,LINKS,0
78749,Left-handed first to provide a banger,gavel,gavel,assemblage,BLARE,0
43411,Bookish types having some wine in Boston at lunchtime?,literati,literati,assemblage,LITERATI,1
59005,"Use it to pick up speed turning round, say",estatecar,estate car,assemblage,MAGNET ROD,0
125553,"Argue with bishop and rector about the ""Son of God""?",bicker,bicker,assemblage,BISHOP,0
130512,Went climbing with Ben before journalist comes round,mountaineered,mountaineered,assemblage,MOUNTAINEERED,1
130572,Scraps first flights with both sides lost,fistfights,fist fights,assemblage,LEFT OVERS,0
121152,Permitted to crow about being eccentric,wacko,wacko,assemblage,ALLOW,0
19055,Business expense on company's time,oncost,oncost,assemblage,COSTS,0
91893,Notes by follower of Pope on measure to reveal source of power,solarcell,solar cell,assemblage,SOLAR CELL,1
106104,Unwholesome bread found by dog in street,stagnant,stagnant,assemblage,INSALUBRE,0
17002,Sent round one religious and wise,sapient,sapient,assemblage,ERUDITE,0
12035,Cuba needs its dance not a bit,crumb,crumb,assemblage,SALSA,0
37764,"Awful effort to comprehend Conservative measure (a bit leftish, say)",offcentre,off centre,assemblage,OFF CENTER,0
88127,Dissolute academic - one barrier learner faces,profligate,profligate,assemblage,DEBAUCHERY,0
38068,Half a buck swells ordinary tax,tribute,tribute,assemblage,BUCKRAM,0
140655,Passion finally erupts when Nutmeg's drunk spirits,wraiths,wraiths,assemblage,SANGRIA,0
107291,Bill makes sons watch,sticker,sticker,assemblage,BILLOWS,0
125457,Nitrogen does spread over tops of underground lumps - these?,nodules,nodules,assemblage,NODULES,1
75975,Simultaneously make good and raise issue,atonetime,at one time,assemblage,AT ONE TIME,1
130316,"""Clever"" ahead of ""stupid"" initially, with sucker",quicksand,quicksand,assemblage,SHREWDNES,0
21428,Work of Johnson the painter's at auctions that are coming up,rasselas,rasselas,assemblage,DICTIONARY,0
67091,Flat heads of valves and plugs in dynamos,vapid,vapid,assemblage,FLATS,0
69059,Fellow leaves dowdy women with woodcut,rumpsteak,rump steak,assemblage,WOOD CARVE,0
115297,Engineer cannily takes women's perspective,wangle,wangle,assemblage,SIGHTS,0
66806,Very great friend so wounded for the last time?,fatally,fatally,assemblage,TITANIC,0
43621,Dismissed trip over river mouth,outfall,outfall,assemblage,EXILED,0
116122,Grew frustrated with trial - very clear to see,writlarge,writ large,assemblage,DEAD CLEAR,0
55196,Contents of menu put away without a serious effort,endeavour,endeavour,assemblage,ENDEAVOUR,1
38395,Pantomime character getting out of the habit?,demonking,demon king,assemblage,SANDA DAME,0
80392,Current articles about marines written on laptop,thermal,thermal,assemblage,TABLET,0
88938,Cure Rex after defeat,tanking,tanking,assemblage,REMEDY,0
46877,Composer's heart's bad when climbing,corelli,corelli,assemblage,CORELLI,1
90002,Motivation to share drink,rationale,rationale,assemblage,INCENTIVE,0
121236,"Small dog one fed with mint, say",labiate,labiate,assemblage,SPECIE,0
29772,I'm not one to weaken,impair,impair,assemblage,SAPPEN,0
92572,Discharge some after second interval,semitone,semitone,assemblage,SANYGAP,0
24263,Aggravates school head? That's not called for,needless,needless,assemblage,UNSOUGHT,0
17268,Square on the high table,aboveboard,above board,assemblage,TOWN SQUARE,0
24370,"Around noon, top fighter pilots attempt descent",ancestry,ancestry,assemblage,SINKING,0
8027,A French and a Western leader are in the dark,unaware,unaware,assemblage,UNAWARE,1
51688,"Leading director, keen and economical",davidlean,davidlean,assemblage,SPARINGLY,0
40845,"Act with elegance, say; it helps to get you in",turnstile,turnstile,assemblage,DOORMAT,0
125836,Time to appear earlier in big dress: Oscar for actress,gretagarbo,greta garbo,assemblage,LUCY GORDON,0
91039,Fish on film dropping a stick,wand,wand,assemblage,SOLE,0
89525,He wrote of the French missile backfiring,dumas,dumas,assemblage,DANTE,0
62654,Express approval when posted,assent,assent,assemblage,ACCEDE,0
112640,Set about working in mine - hurry!,steponit,step on it,assemblage,STEP ON IT,1
15470,Ropy stuff is offered in shop's special promotion for the most part,sisal,sisal,assemblage,SISAL,1
107521,Support for performer in mass - solo is cut out,musicstool,music stool,assemblage,MUSIC STAND,0
11293,North-east German's on the booze - it's supposedly medicinal,nostrum,nostrum,assemblage,NOSTRUM,1
30223,"Come another time, getting on before Chile's capital city",recur,recur,assemblage,RECUR,1
98955,It's cooler to get on trumpet,fanfare,fanfare,assemblage,CHILLER,0
18704,Time for skip to be transported,spellbound,spellbound,assemblage,ENRAPTURED,0
120172,Eventually choose home for badger ahead of Trotsky,settleon,settle on,assemblage,SETTLE ON,1
66255,Man buried under his female ancestor's town,evesham,evesham,assemblage,GRANADA,0
69477,"A top oarsman named locally in ""Treasure Island""",benbow,benbow,assemblage,SILVER,0
110549,Display team seen at Old Trafford?,reddevils,red devils,assemblage,MAN UNITED,0
81847,English return in clue for poem,eclogue,eclogue,assemblage,EPIGRAM,0
32817,Attractive girl that's following fashion,cutie,cutie,assemblage,MODEL,0
22473,The thanks one gets from a Greek character,theta,theta,assemblage,THETA,1
73122,"Follow the example of one Christian, say, about it",imitate,imitate,assemblage,IMITATE,1
46183,Break in shooting all bar one European,infringe,infringe,assemblage,FRACTURE,0
67721,Pester a writer,nagasaki,nagasaki,assemblage,HASSLING,0
36897,"Removal van is coming to Istanbul, every capital in time",eviction,eviction,assemblage,EVICTION,1
32133,Mistakes made by deserter in time,errata,errata,assemblage,ERRATA,1
118981,Mint coin of exceptional quality,pennyroyal,pennyroyal,assemblage,SPECIATION,0
8286,"One sings in cage, cautious, giving out initial warning",canary,canary,assemblage,CANARY,1
89477,"Atop note amid new or old coin, one coined specially",nonceword,nonce word,assemblage,TOKEN COIN,0
111925,One closed American borders for cars,autos,autos,assemblage,AUTOS,1
133736,"Bible's out with day, month, year for David or Jonathan?",dimbleby,dimbleby,assemblage,SURNAMES,0
106432,Everyone has to make up a radio programme,theworldatone,the world at one,assemblage,ALL SORTS OF ART,0
97323,His opera briefly involved fruit,rosehip,rosehip,assemblage,SATSUMA,0
133583,Tales about government united in red tape?,regulations,regulations,assemblage,BUREAUCRACY,0
32788,Shoot as Gunners drop back,rapid,rapid,assemblage,LASER,0
125377,Imbecile finally promises end to continuous boom and bust,bosoms,bosoms,assemblage,CYCLES,0
120395,"Jockey rides top horse, ultimately, to place again",redeposit,redeposit,assemblage,REPOSITION,0
106006,Public official can overlook alternative,mayor,mayor,assemblage,ALDER,0
122935,Penny has licence to provide bromide,platitude,platitude,assemblage,PENNYROYAL,0
21504,Check on boy returning in disgrace,scandal,scandal,assemblage,RECHECK,0
40381,"Gordon, followed by Frank, strangely, is set to find building land",brownfieldsites,brownfield sites,assemblage,DEVELOPMENT SITE,0
111130,Out only when facing the bowling,onstrike,on strike,assemblage,NO BALLING,0
85761,"Fashionable Sun coverage of KISS, the rock group",inxs,inxs,assemblage,SKIS,0
102889,Using winch as a cranky tool,chainsaw,chainsaw,assemblage,WINCHING,0
118673,"""Stupid boy"" - headless goon",pike,pike,assemblage,DAFT,0
84907,Recall the study of religion with prayer,recollect,recollect,assemblage,RECOLLECT,1
45150,Close trap over Henry,nigh,nigh,assemblage,HUSH,0
72208,Child wandered about and felt better,improved,improved,assemblage,IMPROVED,1
5399,To snog in a boat is old-fashioned,canoodle,canoodle,assemblage,OUTDATED,0
141966,Arrogant greeting good worker could eventually deny,highandmighty,high and mighty,assemblage,HIGH AND MIGHTY,1
140987,Underwear that's uncool for fashion leaders? It's not important,smallstuff,small stuff,assemblage,SMALL BEER,0
100987,"Joplin's odd beat music hit, a symbol of North American country and hard rock",mapleleafrag,maple leaf rag,assemblage,BLACK HILLS,0
17247,Murdoch may be a knight on retirement,iris,iris,assemblage,RUPE,0
29891,Field of European football team not banner-free?,realm,realm,assemblage,ARENA,0
93315,"Bottomless bowl: covering the rim, a model magnolia",tuliptree,tulip tree,assemblage,WHITE STAR,0
97181,On friendly terms always? Fancy that!,wellinever,well i never,assemblage,AT A LOOSE,0
57553,It's screamed by bird in pop group with raised colour,bluemurder,blue murder,assemblage,FIRE ALARM,0
64171,"Losing wicket at the start, spoils period at the crease",innings,innings,assemblage,INNINGS,1
125103,Turn up repeatedly before noon? That's ridiculous,cockamamie,cockamamie,assemblage,LUDICROUS,0
74414,Note a number of low points,minima,minima,assemblage,NADIRS,0
28596,Artist put on gas,radon,radon,assemblage,DEGAS,0
16432,Recommend against commander breaking an engagement,advocate,advocate,assemblage,DISSUADE,0
90098,Course of time with torture,track,track,assemblage,TRACK,1
59639,Hardy lass has time to for a bit of artistic piecework,tessera,tessera,assemblage,TESSERA,1
82326,"Similarly restricted, ex-VP left formidable woman",gorgon,gorgon,assemblage,SALLY,0
137076,Turning over message not cast in stone?,revocable,revocable,assemblage,TENTATIVE,0
66429,"English city, spot where head of state dwells",elysee,elysee,assemblage,EXETER,0
55999,Nobel Prize winner whose parents include one resident in US city twice,dalailama,dalai lama,assemblage,S-S-S,0
135724,Knight with good heart in battle,gareth,gareth,assemblage,S-S-S,0
58898,"Failed to notice any females, in short …",sawnoff,sawn off,assemblage,S-S-S,0
37247,A turn in northern waters?,nausea,nausea,assemblage,S-S-S,0
81315,Top primate gets the vote,apex,apex,assemblage,TAPE,0
89347,"Publicise too much, having finished with ex-model",overexpose,overexpose,assemblage,S-S-S,0
80510,"Gin is upsetting to girl, becomes jelly!",isinglass,isinglass,assemblage,S-S-S,0
118163,Mark down dramatist to speak,checkoff,check off,assemblage,WRITE OFF,0
33723,Shakespearean character left Italy with a …,portia,portia,assemblage,PORTIA,1
139458,"Being restrained, worker smacked",handcuffed,handcuffed,assemblage,HANDCUFFED,1
20302,"Robin's partner, perhaps, to have a dip",bathe,bathe,assemblage,BATHE,1
98621,Oriental flower shot in field where one works,industry,industry,assemblage,EYEFIELD,0
129385,"Constitution's supporter supplied ruler with an agenda, for example",federalist,federalist,assemblage,STAYLACING,0
113359,"Tiny swimmers, with so little weight, turning up at openings",zoospores,zoospores,assemblage,ZOOPLANKT,0
126436,Swindle made to pay - but jailed all the same,confined,confined,assemblage,CONFINED,1
78974,Rubber ball's so round,sorbo,sorbo,assemblage,ERASE,0
128571,"After crucial operation, politician's making the rounds",circulatory,circulatory,assemblage,CIRCULATING,0
22811,Times in a cathedral for carpeting,axminster,axminster,assemblage,AXMINSTER,1
42872,Day empty after born in want,needy,needy,assemblage,NEEDY,1
71874,Go out with someone you went out with one time,exit,exit,assemblage,DATE,0
125780,Dull as last character leaving cul-de-sac?,deaden,deaden,assemblage,DEADEN,1
97038,Persistent sensation of behind getting smack,aftertaste,aftertaste,assemblage,TENACIOUSLY,0
36657,Salary joiner gets to veneer parking sign?,payanddisplay,pay and display,assemblage,PAY AND DISPLAY,1
106757,Boxer and sucker: time for fresh start,tyson,tyson,assemblage,RESET,0
56679,Plant one roughly on cheek,brassica,brassica,assemblage,SOWBREAD,0
105521,Record and preserve an impasse,logjam,log jam,assemblage,LOG JAM,1
39098,Periodical that's about presenting an idol,image,image,assemblage,IMAGE,1
110582,Tie spoon on last,neckwear,neckwear,assemblage,SPOONEND,0
135112,Patsy's stolen surveyor's van - these should help with identification,mugshots,mugshots,assemblage,SYNAPSES,0
139155,Virtue good … then to relish a version of the Arabian Nights,sinbadthesailor,sinbad the sailor,assemblage,THINGS AND THINGS,0
10766,"Cook's agent in Caribbean, two-thirds sozzled",bicarb,bicarb,assemblage,SOUSED,0
20546,She's not quite like other girls,norma,norma,assemblage,ALONE,0
19030,Graduate left authoris-ation,passport,passport,assemblage,APPROVAL,0
24994,About time to modify item in air display,altimeter,altimeter,assemblage,PAGEANTRY,0
52493,Relentless girl hit newsman,unabated,unabated,assemblage,DOGGEDLY,0
139952,No German follows you in France to find a station,tunein,tune in,assemblage,TUNE IN,1
20278,"Cock-a-hoop, still following City",ecstatic,ecstatic,assemblage,ECSTATIC,1
56070,Two lots of Mary Jane's brewing equipment,teapot,teapot,assemblage,STILLS,0
34634,Fly down with courage,bluebottle,bluebottle,assemblage,DESCENDING,0
126806,"On grass, ace for McEnroe?",superbrat,superbrat,assemblage,LAWN TENNIS,0
47916,One sets off after Oxford University boat,outrigger,outrigger,assemblage,OUTRIGGER,1
15258,Entertain exploitation after morning session,amuse,amuse,assemblage,AMUSE,1
78503,"People on drug, which is backed",racehorse,racehorse,assemblage,SLOVENIANS,0
62666,The arms go round the cheeky little pet!,hamster,hamster,assemblage,IMPALED,0
119560,"Doctor with a French infection, person in charge of member with very hard task",mountaintoclimb,mountain to climb,assemblage,MOUNTAIN OF WORK,0
19298,"Boy, it's up and running in and out",tidal,tidal,assemblage,TRENT,0
109035,"Old, not old - that's up to Wilfred",owen,owen,assemblage,OWEN,1
127751,What young man may do in spring or autumn with current novel's revision,fallinlove,fall in love,assemblage,FALL IN LOVE,1
40346,Loss of moisture - v.p.,seepage,seepage,assemblage,DRYNESS,0
45390,"Given sheikhdom's capital, Manchester City, say, demonstrating power",steam,steam,assemblage,STEAM,1
88077,"What queen has, sacrificing knight for rook",crow,crow,assemblage,ROBE,0
95294,Shakespearean character removing capital from country,olivia,olivia,assemblage,HAMLET,0
95685,"Bill, leader up north",gateshead,gateshead,assemblage,STATEMENT,0
26327,Wine reduction process is grating,portcullis,portcullis,assemblage,STRIDENTLY,0
57951,Movement that's in time runs to a climax,trend,trend,assemblage,TREND,1
53278,Left back to stable horse - say Winter Warmer,eggnog,eggnog,assemblage,SACKED,0
5746,"Two things Charles is but Camilla isn't, in speech to deliver abroad?",airmail,airmail,assemblage,EXPORT,0
2945,"Well-spoken ""dirty rat"" with one copper behind",articulate,articulate,assemblage,ARTICULATE,1
126946,Demonstrated as cadet suggested?,actedout,acted out,assemblage,ACTED OUT,1
44030,Early English doctor went a distance in China for a bit of oyster,linacre,linacre,assemblage,EDIBLE,0
4845,Piece of furniture in which to put a kind of shirt,settee,settee,assemblage,SETTEE,1
132827,Bill gets hair for players,actresses,actresses,assemblage,ACTRESSES,1
50518,Improving verse with song tutor,governess,governess,assemblage,MENTORING,0
99398,Co-operate with excavation feature,pitchin,pitch in,assemblage,PITCH IN,1
7947,Break impact with article in the Guardian,hiatus,hiatus,assemblage,HIATUS,1
105334,Angry female's wrath in lively exchange,crossfire,crossfire,assemblage,CROSSFIRE,1
125160,"Old newspaperman, having admitted wrong, made a racket?",extorted,extorted,assemblage,SCREAMED,0
123772,Female king? The Spanish are ready,shekel,shekel,assemblage,READY,0
99603,Endorse Anglo-French compact,affirm,affirm,assemblage,SIGNET,0
3951,English region's acknowledgement to French,mercia,mercia,assemblage,SOUDON,0
130852,What overzealous Remainers do to expose support,outstay,outstay,assemblage,UNBRACE,0
44073,Runny mud brings forth small citrus tree,slime,slime,assemblage,SLIME,1
9245,Hot area to west - American islands?,hawaii,hawaii,assemblage,HAWAII,1
83279,It ensures you won't be spotted having Christmas dinner,serviette,serviette,assemblage,TABLECLOTH,0
37658,A spaniel without one is more resilient,springier,springier,assemblage,SPRINGIER,1
49099,World of society in care of doctors,cosmos,cosmos,assemblage,COSMOS,1
122430,"Great work, primarily drama, ending in misery?",tragedy,tragedy,assemblage,PYRAMID,0
135458,It's OK to run away before I get married,legitimate,legitimate,assemblage,ELOPEMENTS,0
141196,"Like posh children occupying seats, every other one being taken",suchas,such as,assemblage,WELL TO,0
24581,Take home relative of castaway as christened,robinson,robinson,assemblage,SURNAMED,0
98986,"Do without starter - entering, order ungarnished beef",complaint,complaint,assemblage,COMPLAINT,1
12004,Vote for all but wealthy to be charged,electric,electric,assemblage,BALLOTED,0
92561,Young pig served with decoration of the highest quality,giltedged,gilt edged,assemblage,PORK PRIME,0
139998,One's not self-sufficient creating work that's bound to be finished,coauthor,co author,assemblage,IN BINDING,0
70626,Overfish in Essex?,ongar,ongar,assemblage,ESSEX,0
81269,"Cleaner faces ruin, hooked on dope and heroin",dishcloth,dishcloth,assemblage,SCRUBBER,0
13380,"""English trees"" provides solution",eyewash,eyewash,assemblage,ENGLISH,0
86932,Wear judge is unsure about claiming?,ermine,ermine,assemblage,WEARER,0
60225,Russian leader starts to ignore very able negotiator,ivan,ivan,assemblage,IVAN,1
42825,"Flattery works with neighbours, for example",soapopera,soap opera,assemblage,SOAP OPERA,1
136344,Degas evacuated and bathed before putting big picture in bog,swamplands,swamplands,assemblage,DEGASSED,0
28406,Figure that sounds like a ruin and a mess,rectangle,rectangle,assemblage,SINE WAVE,0
100178,Cricketer picks up retainer,fieldsman,fieldsman,assemblage,RETAINER,0
75149,Composer with chart entry devoid of skill - it's hot!,scorcher,scorcher,assemblage,SCHUBERT,0
6606,Curse managerial salary?,execrate,execrate,assemblage,ANATHEMA,0
94412,Failure turning blue with effort can be determined,resoluble,resoluble,assemblage,BLUEPRINT,0
59447,"Presumably, I get a lift during this tour",egotrip,ego trip,assemblage,AIR TOUR,0
52752,It's binding on official intelligence,redtape,red tape,assemblage,RED TAPE,1
44333,Restraint shown by worker on strike,handcuff,handcuff,assemblage,FORBEAR,0
84315,Service men who have a job to do,taskforce,task force,assemblage,TASK FORCE,1
85454,Main reason for horse being tired?,overriding,overriding,assemblage,STABLEGATE,0
32336,"Crime, given time, partner of rhyme",treason,treason,assemblage,TREASON,1
115746,More cross southern river to rest in old city,surlier,surlier,assemblage,SURLIER,1
113230,Graft in turning around company - advanced without union,inoculate,inoculate,assemblage,UNMARRIED,0
21905,Vow by Liverpool's first pop star?,idol,idol,assemblage,OATH,0
22018,Incontinent cows showing lack of power of voluntary motion,akinesia,akinesia,assemblage,APRAXIA,0
21032,"Bird to sing, missing note",chat,chat,assemblage,SORA,0
27314,Top aid for sailor surviving,extant,extant,assemblage,AFLOAT,0
2184,A lot of jealousy over one's final words,envoi,envoi,assemblage,AMENS,0
40789,Scales line to intellectual storehouse,library,library,assemblage,LIBRARY,1
36556,"Edward, gent at heart, in paradise",eden,eden,assemblage,EDEN,1
61132,The brother from Rome with fellow medallist in Devon,ilfracombe,ilfracombe,assemblage,FRATERNIZE,0
124328,Fire fellow following foolishness,gooff,go off,assemblage,GO OFF,1
85882,One-night stand with heartless girl points to something that may be catching,giggles,giggles,assemblage,BEDPOST,0
103210,Firm currently in recession secured by industry,hardwon,hard won,assemblage,HARD SET,0
115984,"Communist council among, also, Vietnamese",soviet,soviet,assemblage,ANAMI,0
131887,Bump into noisy old birds making pub grub,meatpies,meat pies,assemblage,FISH CAKE,0
33607,Drawback in pudding produced later,afterwards,afterwards,assemblage,RETRACTION,0
74614,Religious community slaughtered sheep,ashram,ashram,assemblage,ASHRAM,1
29588,"In clutches of sex god, model meets copper",basemetal,base metal,assemblage,EROS T-MODEL,0
52415,Crop to whip animal,bobcat,bobcat,assemblage,LASHES,0
21036,"Deny turning, through time, into corrupt being",degenerate,degenerate,assemblage,DEGENERATE,1
36013,Lawyer getting thanks for information,data,data,assemblage,DATA,1
133539,Basic stripping of crude mimes and arty frolics,rudimentary,rudimentary,assemblage,ELEMENTARY,0
87232,Token role for opposite number,counterpart,counterpart,assemblage,COUNTERPART,1
53045,Fish got cut,haddock,haddock,assemblage,HADDOCK,1
86523,"Out of military uniform, free to ignore their leaders",mufti,mufti,assemblage,CIVVY,0
112702,"Under custody with fixed amount of food, eating cold porridge",incarceration,incarceration,assemblage,INCARCERATION,1
9447,Angry leader left one singing in Penzance,irate,irate,assemblage,PIRATE,0
17252,Hibernian leader lost by goddess,iris,iris,assemblage,IRIS,1
73349,Poet of the sweet spring has direction about tree,nashe,nashe,assemblage,NASHE,1
14701,Range of particular faculty so heartbreaking?,earshot,earshot,assemblage,SPECTRA,0
136580,"Proceed unsteadily round bed, muffling soft sound",copperbottomed,copper bottomed,assemblage,STUMBLE THROUGH,0
75551,"I'm going to a concert and put off, if unrehearsed",impromptu,impromptu,assemblage,IMPROMPTU,1
99841,Back-to-front child keeps Anglican journalist at home writing a record of what has gone on,proceedings,proceedings,assemblage,CHRONICLING,0
91890,"A heartless lie, trouble for lover",aficionado,aficionado,assemblage,ADULTEROUS,0
60492,Israel supports law enforcement agency's territory,possession,possession,assemblage,PROVINCIAL,0
29762,Drip through steeple,perspire,perspire,assemblage,SPIRACLE,0
49074,Thing transported by driver could be for an entertainer,nightclub,nightclub,assemblage,BALLERINA,0
63152,Influence of the Guardian - or what keeps it down,paperweight,paperweight,assemblage,PAPERWEIGHT,1
65698,Murderer taking taxi home after disposing of bishop,cain,cain,assemblage,CAIN,1
12622,Strip joints on time,divest,divest,assemblage,DIVEST,1
115732,Large amount of power fast leading to end of liberty,plenty,plenty,assemblage,MIGHTY,0
105773,"Failed to improve and defeated at Stamford Bridge, say",lostground,lost ground,assemblage,LOST GROUND,1
116760,Whack pithy American in London,battersea,battersea,assemblage,LACONISMS,0
80585,Mammoth prank after rock concert,gigantic,gigantic,assemblage,GIGANTIC,1
14651,"With two sovereigns to pay back, 'e's made Primate of the Rock",barbaryape,barbary ape,assemblage,BARBARY APE,1
137881,"European earned rent, having boosted self-image",egotripped,ego tripped,assemblage,EGO TRIPPER,0
141624,Expert is left gambling on dollar with no gain,profitless,profitless,assemblage,SPECIALIST,0
40650,Lord Mayor says detective gets battering in Freetown,dickwhittington,dick whittington,assemblage,LORD MAYORALTY,0
18387,Means of defence gets hot with top off,arms,arms,assemblage,MOAT,0
39649,Mole takes snack next to river,pier,pier,assemblage,MOLE,0
133495,Ecstasy over Republican tirade going wrong,errant,errant,assemblage,EXTORT,0
100203,Additional area in shop for ceramics,stoneware,stoneware,assemblage,ADDITIONS,0
58615,Admit in different order to bay,inlet,inlet,assemblage,ADMIT,0
804,Vicar has no head for crime,arson,arson,assemblage,VICAR,0
73700,Witty reference to office accident? Point taken,apercu,apercu,assemblage,SALLY,0
113017,Key exercise to cut pound?,opener,opener,assemblage,ESCAPE,0
132803,Sailors turn on way and head for folly,absurdness,absurdness,assemblage,ABSURDITY,0
91870,"Liberty, perhaps, to keep free - we must go back to prison",bridewell,bridewell,assemblage,STIRRINGS,0
53315,Trajectory of missile soldier shot high in air over area,parabola,parabola,assemblage,PARABOLA,1
130210,"Small gimmicky articles - book matches, for example?",novelties,novelties,assemblage,TRINKETS,0
34430,Identification mark of one from a set that's incomplete,badge,badge,assemblage,TOKEN,0
119649,Extra large fungus,morel,morel,assemblage,MOREL,1
37055,An ass in the city,antwerp,antwerp,assemblage,ASININE,0
108114,Complaint of composer about old letter E,backache,backache,assemblage,MALADIES,0
78495,Umra and hadj regularly supported by one Muslim leader,mahdi,mahdi,assemblage,MAHDI,1
129009,"Change of leader to blame, innit?",briticism,briticism,assemblage,CENSUREIT,0
79539,Weak-minded one's expression of annoyance going up to work,dotard,dotard,assemblage,DOTARD,1
115567,Waterproof items the woman's put on to travel round a lake,galoshes,galoshes,assemblage,GALOSHES,1
82860,Resilient component of bridge close to motorway,rubbery,rubbery,assemblage,SPRINGY,0
53263,Cut up about ear-related fancy goods,exotica,exotica,assemblage,TRIFLES,0
57330,Borrow from boyfriend to hear orchestral soloist,oboe,oboe,assemblage,ALTO,0
87552,Act evasively with royal donors in the gallery,tergiversate,tergiversate,assemblage,TERGIVERSATE,1
40899,He stops lying and touching gentleman up,riser,riser,assemblage,STEMS,0
126777,"Attracted by inconclusive result in game, not settled",drawnto,drawn to,assemblage,DRAWN OUT,0
83269,"One travelling late, a shade before Amber picked up yours truly",redeye,red eye,assemblage,THE BUS,0
53941,Director concerned with a certain type of film,renoir,renoir,assemblage,RECTOR,0
129653,Sit exam - holding it back is extremely silly,dottiest,dottiest,assemblage,STUPIDLY,0
83974,Duke leaving country in Greek liner might cross it,atlantic,atlantic,assemblage,STRADDLE,0
63017,Unable to love choral music,canto,canto,assemblage,CANTO,1
31617,Notice the opening coming,advent,advent,assemblage,ADVENT,1
43143,Sacking personnel extremely ready for operation?,plunder,plunder,assemblage,STAFFED,0
113061,"Support liable to fold and, in former times, seized by intractable troubles",concertinatable,concertina table,assemblage,COLLAPSIBLE,0
16446,Avaricious type like godhead coming in earlier after greedy principal,golddigger,gold digger,assemblage,GOLD DIGGER,1
131731,"Guardian's put through edited parody, being sorry?",ibegyourpardon,i beg your pardon,assemblage,I AM VERY SORRY,0
28898,"Sounding catarrhal, perhaps, like Rubens?",flemish,flemish,assemblage,RUBENS,0
67126,Dowdy from beginning to end,frump,frump,assemblage,FRUMP,1
118620,Old roses oddly lacking in scent in New York,odorless,odorless,assemblage,SOSSENIA,0
75383,A man on board remains,ashes,ashes,assemblage,AMASS,0
8601,Incident for which there's still time,event,event,assemblage,EVENT,1
128,Complaint as regards public transport,eyestrain,eye strain,assemblage,BUS SERVICE,0
91702,Many politicians wish they were so gorgeous,delectable,delectable,assemblage,MPSLONGING,0
27088,Precious little time ahead,twee,twee,assemblage,DEAR,0
48054,Fasten colour in ranks,tiered,tiered,assemblage,TIERED,1
122685,Weep over a southeast river,cray,cray,assemblage,SOBS,0
31963,Spray for special dress,sprig,sprig,assemblage,SPRIG,1
103075,Relationship's come to an end and put off indefinitely,sinedie,sine die,assemblage,SINE DIE,1
48220,England takes a long time to win,engage,engage,assemblage,SUCCEED,0
48107,"One who's missing a get-together for a spell, possibly outside broadcast?",absentee,absentee,assemblage,ABSENTEE,1
109004,Police call for attention vigorously like this,billyo,billy o,assemblage,COP ON,0
46879,String player not good person - or inspired musician,corelli,corelli,assemblage,VIOLIST,0
5114,Little swimmer is away from the King and Queen,elver,elver,assemblage,TETRA,0
12528,What makes Trent's last marine mammal stagger?,totter,totter,assemblage,TOTTER,1
45453,Priest almost always found to be right in book,recto,recto,assemblage,PRIOR,0
82517,Winds up clock initially and then forgets,closes,closes,assemblage,ERASES,0
62084,"Characteristic of a rogue, taking umbrage over responsibilities",picaresque,picaresque,assemblage,ROGUEISHLY,0
77018,Style displayed by a retired European senior army man,artdeco,art deco,assemblage,THE LOOK,0
124151,Radical vehicle young man left outside Number Ten,carboxyl,carboxyl,assemblage,RADICALS,0
15267,Depraved noble doesn't begin to accept proposal for coastal walk,esplanade,esplanade,assemblage,PROMENADE,0
33362,The Spanish calf's head is thus served up on a plate,ossicle,ossicle,assemblage,PLATTER,0
37565,Essential solution sees priest kiss taxmen once,elixir,elixir,assemblage,ESSENT,0
129592,What scientific theory may be established in columnar layout?,testable,testable,assemblage,COLUMNAR,0
82540,Mark for every run,scarper,scarper,assemblage,SCRATCH,0
114351,"Miss, female, follows vessel into open space",mournfor,mourn for,assemblage,SPACE OUT,0
59779,Officer has association with us at work,colleague,colleague,assemblage,ASSOCIATE,0
54388,"Play's opening: in the lead, having knocked back drink, Herbert Tree starts",firstnight,first night,assemblage,FRONT STAGE,0
59008,"Vehicle condition needs attention, back to front",estatecar,estate car,assemblage,ESTATE CAR,1
93669,Congenital idiot starts taking note round the fleet,inborn,inborn,assemblage,INNATE,0
51737,Britain is short of funds - there are problems here,blackspot,black spot,assemblage,STICKY AREA,0
22668,Conceal an increase in the premium?,coverup,cover up,assemblage,COVER UP,1
126763,Part of train with kind of light meals provider,carvery,carvery,assemblage,CANTEEN,0
107378,Yet he enjoys some standing at meetings,chairman,chairman,assemblage,SESSIONS,0
55613,Growth of Manchu students carrying little weight,fungus,fungus,assemblage,TUMOUR,0
137674,Move bottom and dance where bars have swingers who score?,tablefootball,table football,assemblage,STOCK EXCHANGE,0
132454,"Fall in love, yet become discouraged",loseheart,lose heart,assemblage,LOSE HEART,1
128042,Sole scourers - cat without tail around its prey?,pumices,pumices,assemblage,PUMICES,1
104839,"Russian dish baked without filling, virtually inedible at first",blini,blini,assemblage,BLINI,1
5448,"Run gas through emptiest empty space, backwards",aerate,aerate,assemblage,ESCAPE,0
141763,Fashion worth wearing in the event,hammerthrow,hammer throw,assemblage,SUDDEN DEATH,0
114511,Poet has single girl introduced to mountain climbing,rossetti,rossetti,assemblage,SAPPHO,0
1644,It involves places and composition,landscape,landscape,assemblage,PLACEMENT,0
116945,"Nun, scratching head, pegs out smalls",undies,undies,assemblage,SISTER,0
71179,Tom's cry of derision,catcall,catcall,assemblage,CATCALL,1
12187,Catch sight of clairvoyance unknown,espy,espy,assemblage,ESPY,1
94332,"Wander over island, one in NZ",maori,maori,assemblage,ROAM,0
115079,"Wasted away as a left back at Hyde, say",atrophied,atrophied,assemblage,EMACIATED,0
128427,Society's outsiders moved quietly in a heartbeat,systole,systole,assemblage,SYSTOLE,1
16117,Able to tune radio set at last,adroit,adroit,assemblage,ADROIT,1
77464,Boy is given time to leave off,desist,desist,assemblage,DESIST,1
21431,Impressive record once in charge,epic,epic,assemblage,EPIC,1
31789,A third of close relations requires just a little spin?,triplet,triplet,assemblage,TORSION,0
102824,Britten opera poster put up by posh churchman,billybudd,billy budd,assemblage,BILLY BUDD,1
54416,Temperature taken by measurement with voided mercury ruler,ptolemy,ptolemy,assemblage,SCEPTRE,0
19468,Contributor to the Listener committing a murder,eardrum,eardrum,assemblage,LISTENER,0
20409,Independence ultimately ain't so bad for the country,estonia,estonia,assemblage,ALBANIA,0
110644,"Ruffians on holiday, blubbing?",tearaways,tearaways,assemblage,ROUGHNECKS,0
7137,Computer program overturned current operations research,editor,editor,assemblage,EDITOR,1
112064,Silly fashion upset head of textiles,daft,daft,assemblage,DAFT,1
55838,"Lift has yet to arrive, stuck on ninth in skyscraper",elate,elate,assemblage,ELATE,1
44704,Trouble-making name in Webster's duchy on hill in springtime,inflammatory,inflammatory,assemblage,DISTURBINGLY,0
76327,American largely ignored by people showing judgement,acumen,acumen,assemblage,CENSOR,0
1430,Slug with tail squashed by French politician,gaullist,gaullist,assemblage,FRAGMENT,0
43192,German siren from tradition that is left over,lorelei,lorelei,assemblage,LORELEI,1
10816,"Plant flower, heading off to record store",tamarisk,tamarisk,assemblage,S-T-O-C-K-I-N-G,0
66793,In a trice English graduate gets a bug,amoeba,amoeba,assemblage,A-P-H-I-D-S,0
19135,Neat attendant,cowherd,cowherd,assemblage,ORDERLY,0
1717,Bread for man with central heating,chapati,chapati,assemblage,CHAPATI,1
4523,Soldiers' miserable time is up,troop,troop,assemblage,TROOP,1
10880,Mother gets on for Mars,damages,damages,assemblage,DAMAGES,1
59910,Two-part choral work has no place for heartless imp of a boy,anthony,anthony,assemblage,C-A-N-T-A-T-A,0
91985,Hornby novel abridged for electronic reproduction,hifi,hi fi,assemblage,C-O P-Y,0
74701,A secret service once pursuing an American Church Father,anastasius,anastasius,assemblage,A-T-H-A-N-A-S-I-U-S,0
94492,Blush like a wanton unlikely to run,colourfast,colourfast,assemblage,COLOURFAST,1
0,Many see through collapse,crumble,crumble,assemblage,S-U-B-S-I-D-E,0
112971,Rate of one cheeky bash at a classic cuckold,amphitryon,amphitryon,assemblage,P-A-C-E-S-E-T-T-E-R,0
102848,Compound at Calais is about to be reinstated,ester,ester,assemblage,E-S-T-E-R,1
16816,People in A&E returned to get liquid injected,enema,enema,assemblage,S-E-R-U-M,0
45616,Second-best comic,scream,scream,assemblage,S-A-T-I-R-E,0
134664,Person with fancy lace cuff,manacle,manacle,assemblage,S-T-Y-L-I-S-H,0
118419,"""Surveying for First Great Eastern lines,"" Yeats begins",geodesy,geodesy,assemblage,G-E-L-I-N-E-S,0
52114,The French are after refreshing quiet drink,tequila,tequila,assemblage,S-P-R-I-T-Z-E,0
11348,Auto brand succeeded with a change of direction,saturn,saturn,assemblage,S-U-B-A-R-U,0
13043,Winner has the courage to drink heavily,hitthebottle,hit the bottle,assemblage,T-H-E-B-I-G-W-I-N-N-E-R,0
28785,A way to mount opera in arenas,stadia,stadia,assemblage,A-R-E-N-A-S,0
79940,Where to see stars a short time before song on stage,planetaria,planetaria,assemblage,O-B-S-E-R-V-A-T-O-R-Y,0
62385,Complaint on farm that is behind a bit,scrapie,scrapie,assemblage,A-I-L-M-E-N-T,0
142244,Crow loses tail and several feathers around neck,boas,boas,assemblage,BOAS,1
75980,"Once together on paper, briefly",atonetime,at one time,assemblage,ON ONE PAGE,0
124472,"Bad drink and grub, oddly, it's wrong to send back",gutrot,gut rot,assemblage,SIN BIN,0
17784,King's playable after one club,iron,iron,assemblage,IRON,1
11318,Entrance of a victorious procession curtailed,atrium,atrium,assemblage,TRIUMP,0
76814,British people giving support,brace,brace,assemblage,BRACE,1
55769,Information going to one boy is applicable to the whole class,generic,generic,assemblage,GENERIC,1
7693,Fruit starters for office lunch in vegetarian eatery,olive,olive,assemblage,OLIVE,1
67070,"It''s grating to be a bore, but not new",grid,grid,assemblage,FILE,0
57862,Start again from the River Meuse,resume,resume,assemblage,RESUME,1
22992,Constant desire to cut old hag's head off,itch,itch,assemblage,ITCH,1
64616,Spook horse in show with mike,phantom,phantom,assemblage,PHANTOM,1
117946,Long sleeper had to rent carrier with shellfish,ripvanwinkle,rip van winkle,assemblage,THE BED...,0
127740,"Wind in vet, behind producing air",ventilate,ventilate,assemblage,VENTILATE,1
6540,"Vivid in future, possibly",intense,intense,assemblage,BRIGHT,0
109531,"Element producing revulsion, added to sulphur",sodium,sodium,assemblage,SODIUM,1
134715,Insular Spaniard former PM is able to set right,majorcan,majorcan,assemblage,SIMAYCAN,0
129584,Helping upset diva with heartless apology,advisory,advisory,assemblage,ADVISORY,1
137952,Gracious Evita reportedly turned up to embrace workers,operatives,operatives,assemblage,BENEVOLENT,0
94778,Stick with sweet lines about love and end of hostility,lolly,lolly,assemblage,GLUES,0
34981,Architectural features of poor housing received by the lower classes,prostyles,prostyles,assemblage,CORNICES,0
79039,What might go woof soundly sat on by wild bird,stormypetrel,stormy petrel,assemblage,DOGS BED...,0
107516,"Church leader, passionate primate, good for providing snifter",chotapeg,chota peg,assemblage,BRANDY SNIFF,0
101660,Form of estate agent's brochure?,semicircular,semicircular,assemblage,PROSPECTUSES,0
1325,God's big flag,osiris,osiris,assemblage,BANNED,0
105356,"Pitch-black object with backing left to sin, a naughty boy",tarbarrel,tar barrel,assemblage,JET BLACK,0
29112,The dashing criminal's source of poison?,nightshade,nightshade,assemblage,DASHBOARD,0
6216,Visionary childhood?,infancy,infancy,assemblage,ORACLES,0
28508,"It's this or nothing at breakfast, say",oatmeal,oatmeal,assemblage,EGGS...,0
80349,Soldier's gone for a meal,repast,repast,assemblage,DINNER,0
135479,Forces people to take food here,messhall,mess hall,assemblage,FEED LOTS,0
87573,Unduly pleased with the south face,smug,smug,assemblage,SMUG,1
39549,Antique chair that's broken must be taken into account,archaic,archaic,assemblage,CONSIDER,0
6912,Most wealthy independent church to be still around,richest,richest,assemblage,RICHEST,1
78801,"Anyone's game, as Manx cat and cat back to back",tossup,toss up,assemblage,TOSS UP,1
18626,Genius of story books,talent,talent,assemblage,TALENT,1
35138,Building weapon unleashes anger,farm,farm,assemblage,GARAGE,0
141896,Bar gets this for beggar that's like a frustrated bird,eggbound,egg bound,assemblage,SOP GLASS,0
98105,Learning about waterfall in part of France,lorraine,lorraine,assemblage,LOMBARDY,0
132566,Belittle liberal mad to enter fight over leadership in House,badmouth,bad mouth,assemblage,RUN DOWN,0
83812,Far-reaching reduction in military establishment,deepcut,deepcut,assemblage,RADICAL,0
39742,"Duck, plump and mouth-filling",orotund,orotund,assemblage,OROTUND,1
125128,"Rule out piece of Chopin, say, covering his head",preclude,preclude,assemblage,EXCLUDED,0
38681,"Fruit here, or vegetable",orchard,orchard,assemblage,SQUASH,0
123744,"A round game, perhaps",cuptie,cup tie,assemblage,TEN PIN,0
75044,Sweet to laze around - I need a fizzy drink,lollipop,lollipop,assemblage,SODA POP,0
75977,Make good porridge together,atonetime,at one time,assemblage,DO ONE'S BEST,0
83180,Scratch is beginning to sting,startingpoint,starting point,assemblage,STARTING PRICE,0
35625,Girl Adler treated in church,cathedral,cathedral,assemblage,CATHEDRAL,1
129495,"Look up fish at university in France, a mythical creature",loupgarou,loup garou,assemblage,FIRE DRAKE,0
125864,"Novel that's hilarious, one getting thanks",lolita,lolita,assemblage,MODERN,0
47705,"Quiet seaman gets by, looking scruffy",shabby,shabby,assemblage,SHABBY,1
5851,We're told to record a metre as aid to calculation,logarithm,logarithm,assemblage,LOGARITHM,1
109445,Vegetable raised in some confusion at Goodwood events,motorraces,motor races,assemblage,HORSE RACES,0
56807,"Not this piece for piano, therefore",another,another,assemblage,NONETHELESS,0
86413,Lump?,plumduff,plum duff,assemblage,SOFT SOAP,0
16878,"Covert socialist, extremely rich, in want of a wife",stealthy,stealthy,assemblage,SECRETLY,0
99115,It is appealingly drawn on the lid,eyeliner,eyeliner,assemblage,EYELINER,1
70810,Skill of the Ettrick Shepherd? His literacy had its uses,hoggart,hoggart,assemblage,SHEEPISH,0
98353,He teaches people to revere leader,mentor,mentor,assemblage,REVERE,0
126182,Villain that might create problem in camp,badguy,bad guy,assemblage,BAD EGG,0
21507,Playschool subject? It's an outrage!,scandal,scandal,assemblage,SCANDAL,1
127260,"Vessels, any number, in bay for time of celebration",burnsnight,burns night,assemblage,BURNS NIGHT,1
81023,A little wind makes your head swollen,puffy,puffy,assemblage,PUFFY,1
50994,Snug place for young foxes?,cubbyhole,cubbyhole,assemblage,CUBBYHOLE,1
136945,"Bishop, say, tries fruit",mangoes,mangoes,assemblage,BANANAS,0
11010,Be a gymnast and take drugs,dope,dope,assemblage,DOPE,1
107837,Jumper for Nellie the Elephant - or where she performed?,bigtop,big top,assemblage,BIG TOP,1
44616,Sleeveless jacket won't do for this family identification?,coatofarms,coat of arms,assemblage,COAT OF ARMS,1
64958,"A letter P's compound, potassium compound",saltpetre,saltpetre,assemblage,PHOSPHATE,0
131396,Competing boxer's seconds question almighty setback?,showdog,show dog,assemblage,DOWN DOG,0
80011,American friend seen around university most of the time,usually,usually,assemblage,USUALLY,1
76385,"Rent hotel or school in south-east Clydesdale, for one",shirehorse,shire horse,assemblage,SHIRE HORSE,1
82896,"English team having drawn, no one left",exited,exited,assemblage,EXITED,1
116563,Mammoth starter unfortunately brought up is sausages,salamis,salamis,assemblage,SALAMIS,1
103534,Oxygen carrier left next to prison,redcell,red cell,assemblage,AIR TANK,0
82295,I'm heading for exit after old bag becomes ex,onetime,one time,assemblage,HAG OUT,0
90955,Trumpeters appearing in county after Brazilian player's brought back,elephants,elephants,assemblage,ELEPHANTS,1
137912,Conservative strongly backing demand,callfor,call for,assemblage,CALL FOR,1
73802,Preceding to enter by gate at the front,going,going,assemblage,PRIOR,0
87982,Not expecting the girl to have the goods,unawares,unawares,assemblage,PROPERTY,0
76048,Test space craft with no tail,challenge,challenge,assemblage,PROBATION,0
103377,Composer appearing after end of last movement,travel,travel,assemblage,MOZART,0
77546,Vegetable served after a special introduction to Alan Sugar backfired,asparagus,asparagus,assemblage,ASPARAGUS,1
98788,Writer flipped over opening to last part of play,tolstoy,tolstoy,assemblage,EPILOGS,0
119171,Start putting fresh lead on carpet,kickoff,kick off,assemblage,STEP RUG,0
3381,Up-to-date cultivation of the soil?,tillage,tillage,assemblage,CURRENT,0
24068,Thickening painful growths put end to gout on part of foot,cornstarch,cornstarch,assemblage,CORNEATION,0
41480,"Given backing, heavyweight behind strong bid",notrump,no trump,assemblage,ON OFFER,0
102483,French fighter's motorway madness,mirage,mirage,assemblage,MIRAGE,1
110946,Non-illuminated bend up front leads to the opposite,sunlit,sunlit,assemblage,CONVEX,0
43854,"Hastened, say, to climb Alps?",range,range,assemblage,SPED,0
65071,Boyfriend getting girl doctor to change rota,inamorato,inamorato,assemblage,REORIENT,0
53004,Disagree with long pronouncement in paper,takeissue,take issue,assemblage,TAKE ISSUE,1
97786,Ridicule the regional tableware,teaset,tea set,assemblage,RIB SET,0
137651,Vehicle manoeuvre - real comedy act?,rightturn,right turn,assemblage,THREE POINT,0
19437,"Our Wednesday, or a godlike ""duck noise"" joke",odin,odin,assemblage,ODIN,1
99592,Male facing stress when leaving US city,memphis,memphis,assemblage,MADISON,0
27800,"Abroad, confused between left and right",labrador,labrador,assemblage,OVERSEAS,0
7984,"Neat shot, though not centred with precision",nicety,nicety,assemblage,NICETY,1
72062,"Hardwood - pine, say - pleasant when toasted",teacake,teacake,assemblage,CYPRESS,0
125309,Boy born on top of stretcher?,brick,brick,assemblage,TENN Y,0
118913,Vehicle on notable run aiming to be eco-friendly,carbonneutral,carbon neutral,assemblage,CARBON NEUTRAL,1
136300,"People of power head south, drinking old red wine",potentates,potentates,assemblage,SUPPORTERS,0
135834,Is linked by time? That's extremely premature,hastiest,hastiest,assemblage,ABORTIVE,0
131353,Bar Venice? Split the drink between the three of them,adriaticsea,adriatic sea,assemblage,SPLITTING THE BILL,0
29065,Mad behaviour of people on the way,roadrage,road rage,assemblage,ROAD RAGE,1
41194,Goddess makes man survive,hebe,hebe,assemblage,HERA,0
72432,Old magistrate about the day before,reeve,reeve,assemblage,REEVE,1
24494,Cooked eel with crackers is basic,elemental,elemental,assemblage,ELEMENTAL,1
52564,Character against drink,chianti,chianti,assemblage,ANTIGEN,0
115385,Put up with nothing short of Asian island,borne,borne,assemblage,BORNE,1
52677,"Gates, maybe, soft before time",pearly,pearly,assemblage,PORTAL,0
21040,Quality of King and Queen recognised in very many quarters,sereneness,sereneness,assemblage,SQUARENESS,0
60364,Put on weight and looked older,staged,staged,assemblage,STONED,0
61310,Just buying and selling,fairtrade,fair trade,assemblage,FAIR TRADE,1
43886,Luxembourg possesses a capital,lhasa,lhasa,assemblage,LUXOR,0
72983,Good man consumed by power,state,state,assemblage,POWER,0
107993,Key to weakness revealed outside our scene of action,courtoflaw,court of law,assemblage,POINT OF VIEW,0
67992,"Deliberately crash into vehicle, knocking piece off front",ram,ram,assemblage,CAR,0
87497,Motley beast or bad boy once,assorted,assorted,assemblage,STRIPED,0
134298,Director backing Britain? Jolly good fellow!,kubrick,kubrick,assemblage,SWELLS,0
139240,Fail badly with a Japanese verse,tanka,tanka,assemblage,TANKA,1
70032,Left sheet listing one's financial assets,portfolio,portfolio,assemblage,PORTFOLIO,1
48518,"Snooping, a small number make notes",nosing,nosing,assemblage,SNOOPY,0
2505,Couple stop as way to end a game of tennis,tiebreak,tiebreak,assemblage,TIEBREAK,1
110950,Got back to front,regainedthelead,regained the lead,assemblage,REGAINED THE LEAD,1
81286,So not about to be given sequence of notes to follow?,tonedeaf,tone deaf,assemblage,TONE DEAF,1
31800,Upending tin over most of spicy Mexican food,nacho,nacho,assemblage,NACHO,1
108770,"Firm slice finds corner, say",setpiece,set piece,assemblage,OFF CUTS,0
466,This gauges resources and signifies a river,meanstest,means test,assemblage,WATER MARK,0
94556,Shop closing early before mass attack,storm,storm,assemblage,STORM,1
49880,Irishman in charge of Scottish club,celtic,celtic,assemblage,PATRIC,0
46282,One to pour out wine for starters,antipasti,antipasti,assemblage,DECANTER,0
42638,Drinker of rum and winter warmers will get liver damage,longjohnsilver,long john silver,assemblage,RUM AND COATS,0
125622,Cautious bids ordered - it was dangerous for old sailors,charybdis,charybdis,assemblage,CHARYBDIS,1
115869,"Earth not even, pulled up tuber",eddo,eddo,assemblage,EDDO,1
29916,General passages written up inspired by Indian city?,agricola,agricola,assemblage,STRATAGY,0
27519,Weapon standard rising? That's right!,rapier,rapier,assemblage,RAPIER,1
25066,"See, say, unidentified writer's catalogue of principles",canon,canon,assemblage,CODEX,0
127180,Plots involving high-speed races,machinations,machinations,assemblage,CONSPIRACIES,0
96398,"From afar, about to get accommodation close to Derby",remotely,remotely,assemblage,REMOTELY,1
48694,Chimney first built in the past brings back trouble,lumbago,lumbago,assemblage,SAGACOS,0
100258,Help idiot start to improve posture,assistance,assistance,assemblage,ADJUSTMENT,0
87522,Instigate storing flower in kind of cup,stirrup,stirrup,assemblage,STIRRUP,1
40560,But does the chattering class come to the point here?,focusgroup,focus group,assemblage,TOOTH PASTE,0
138627,"Calls offspring ""round the bend""!",ringsup,rings up,assemblage,TURNS UP,0
138876,Like some exercise? I carried back some French wine bottles,aerobic,aerobic,assemblage,AEROBIC,1
142069,"Big deal, right? Won't work - like government's contact-tracing app",worldbeating,world beating,assemblage,SMALL-SCALE,0
85975,"Generators died, rotating such a lot",dynamos,dynamos,assemblage,DYNAMOS,1
4568,Order article from Gulf State,oman,oman,assemblage,OMAN,1
82430,Topless Antipodeans going to Thailand make Greek tense,aorist,aorist,assemblage,AORIST,1
115034,Plumpness? Point to retiring aristocrat and me,embonpoint,embonpoint,assemblage,PORTLINESS,0
64601,In charge of opening up the polar regions?,icecaps,icecaps,assemblage,ICECAPS,1
63482,Provide at last half what's due,endow,endow,assemblage,OWING,0
51240,Give up supporting Japanese game,forgo,forgo,assemblage,FORGO,1
17835,Complete section of boxing match cancelled,roundoff,round off,assemblage,ROUND OFF,1
28362,Comment about student's achievement?,remark,remark,assemblage,REMARK,1
135482,Indicated empty lavatory in a very obvious way,pointedly,pointedly,assemblage,POINTEDLY,1
58343,Spanish leaders present in province,sphere,sphere,assemblage,REGION,0
84318,Bias isn't commonly seen in cosmetic treatment,warpaint,war paint,assemblage,EYE LINER,0
102879,Pitch closed after popular race,intonation,intonation,assemblage,INTONATION,1
25794,Killjoy has loot left,spoilsport,spoilsport,assemblage,SPOILSPORT,1
109106,Foreign copper gets doctor free,mountie,mountie,assemblage,UNBOUND,0
111482,Source of milk for army medic in capital?,moscow,moscow,assemblage,MOSCOW,1
56084,Crafty move before close of play,shifty,shifty,assemblage,SHIFTY,1
76016,"After struggling free, bird makes secure place in the sails",reefknot,reef knot,assemblage,REEF KNOT,1
92363,"Second that is to say ""shut up""",stowit,stow it,assemblage,STOW UP,0
137221,Row over golf: good golfer admits they don't have balls,geldings,geldings,assemblage,STERILE,0
25646,Main course for travellers,seapassage,sea passage,assemblage,SEA ROUTE,0
99922,Turn defeat into a stroke of luck,windfall,windfall,assemblage,WINDFALL,1
65414,Make repairs to stillage: that is the law's obligations,legalities,legalities,assemblage,LIABILITIES,0
139478,Horseman and I went off to the north,dettori,dettori,assemblage,DRAGOON,0
47473,Argentinian girl has a row with Araucaria,galtieri,galtieri,assemblage,CONIFERS,0
31150,Hitch horse to pole,snag,snag,assemblage,SNAG,1
53208,Singular way to ramble,strange,strange,assemblage,SAUNTER,0
80541,Where witches venture,coventry,coventry,assemblage,COVENTRY,1
142146,Tendentious bid may be put forward after no end of hesitation,doubled,doubled,assemblage,BIASED,0
90398,Patron with a legal right in court,client,client,assemblage,PATRON,0
93136,A little bit of geography needs to get a dog,tad,tad,assemblage,DOG,0
10673,Unconscious moments of Spooner's toad-like informers,fortywinks,forty winks,assemblage,BLACK OUTS,0
26860,"About to drop off original Monets, number left inside",somnolent,somnolent,assemblage,SOMNOLENT,1
91355,"The smart money, not much of it in the county, isn't taking the risk",chickensout,chickens out,assemblage,PLAYING SAFE,0
137332,Lout in black jumper turned up,boor,boor,assemblage,BOOR,1
136808,Odds favouring bishop's competence,probability,probability,assemblage,PROBABILITY,1
132656,Half-square key with a movement in need of oiling,squeaky,squeaky,assemblage,SQUEAKY,1
113485,"Has turned around a variation's start with a new note, it's plain",savannah,savannah,assemblage,SAVANNAH,1
17364,Where Shirley Valentine worked for the Greek state in a National Trust building,taverna,taverna,assemblage,CHATEAU,0
139610,Welcomer has installed superior musical device for visitor,houseguest,house guest,assemblage,HOUSE GUEST,1
27459,Find oneself nothing French to eat cooked outside,orientate,orientate,assemblage,ORIENTATE,1
141220,"In general, sedimentary material with nasty smell and coarse",marlborough,marlborough,assemblage,GENERICALLY,0
60769,Where lawyers drink with a major player?,barbara,barbara,assemblage,BARROOM,0
81375,In Scotland they say 'Thicko! Stupid!',dunsinane,dunsinane,assemblage,GLOWKINLY,0
82723,Confusion that doesn't have one's head in a whirl,tailspin,tailspin,assemblage,SQUALLOR,0
80710,Cooler Athenian expression heard to display irrational enthusiasm,fanaticism,fanaticism,assemblage,FANATICISM,1
13858,Note covered in pieces of rice cake,eclair,eclair,assemblage,ECCLES,0
2903,Piece of round matter,opus,opus,assemblage,SORT,0
127846,Dance work substituted for last element of festival,galop,galop,assemblage,SAMBA,0
122833,To dissect a very little matter is easy at first,anatomise,anatomise,assemblage,ANATOMISE,1
30670,Crawler gives thanks with natural disposition,tarantula,tarantula,assemblage,CONSTITUT,0
100423,IOU for time between rivers,debenture,debenture,assemblage,PROMISSOR,0
95671,"Close to this, flogging belatedly?",sellbydate,sell by date,assemblage,NEAR TO HAND,0
15837,Trump's unacceptable act,outdo,outdo,assemblage,OUTDO,1
85037,"Reveal Caledonian's very, very short",uncover,uncover,assemblage,UNCOVER,1
91018,German statesman's doctrine dividing king and nipper after uprising,bismarck,bismarck,assemblage,BISMARCK,1
45658,Fleece that is very new,rookie,rookie,assemblage,SHEARS,0
13951,The same set-up applied to company doctor,medico,medico,assemblage,COMMON,0
65188,Declared a number was incorrect,averred,averred,assemblage,UTTERED,0
75009,Wallenstein his s-spine-tingler,schiller,schiller,assemblage,S-S-P-I-N-E-T,0
86620,Man donates freely for memorial,headstone,headstone,assemblage,HEDONATES,0
9067,Research done initially during study in China,dresden,dresden,assemblage,STUDIED,0
89411,"Not the cost of living, apparently",deathrate,death rate,assemblage,STILL LIFE,0
9663,To tackle the problem yet again called for fortitude,resolve,resolve,assemblage,RESOLVE,1
67783,"King and queen, perhaps, reversed course of action",tack,tack,assemblage,ARCH,0
118122,Police dogs are trained to detect this number tag,hashsign,hash sign,assemblage,CODE NAME,0
49448,Pattern formerly sufficient,example,example,assemblage,EXAMPLE,1
71552,China and Cuba on stony ground,crockery,crockery,assemblage,CROCKERY,1
139963,Promoted team's benefit,upside,upside,assemblage,UPSIDE,1
121002,Brilliant combination of the Hebrew and the Spanish,jewel,jewel,assemblage,SHINY,0
138740,Time to arrest every person racing cars here,daytonabeach,daytona beach,assemblage,PITSTOP AREA,0
35123,"King, one to act crazy!",knut,knut,assemblage,LEAR,0
27761,Principal feature of a leading Roman church,arch,arch,assemblage,ARCH,1
124471,"Crude alcohol, good with pickled trout",gutrot,gutrot,assemblage,BRUTAL,0
92169,Very small head teacher stalking McFly?,midget,midget,assemblage,MANTIS,0
61664,Key duet composition,etude,etude,assemblage,TONAL,0
72863,Old king kept a hold on the state,agrippa,agrippa,assemblage,STATUTE,0
66400,Player put on top of the charts,north,north,assemblage,CELLO,0
24111,Clever Dick's alter ego?,smartalec,smart alec,assemblage,SHARP TACK,0
34972,"Suffer with a bitter feeling, not one that will afflict you for ever",incurable,incurable,assemblage,TRANSIENT,0
116951,Warning that's right about which man's after my own heart?,augury,augury,assemblage,BEWARE,0
29631,"Girl, given Chinese food, wanting more",avarice,avarice,assemblage,AVARICE,1
20408,"Country star in Hollywood, not hot single American",estonia,estonia,assemblage,ALGERIA,0
16210,"Standard of the Socialist Worker escaped the Daily Mail, according to Spooner",redflag,red flag,assemblage,RED FLAG,1
28802,Thread attaching fringes of lungi and shawl to back of cape,lisle,lisle,assemblage,LISLE,1
136896,Line lost in presenting account to posh colleague with forked tongue?,bilingually,bilingually,assemblage,SERPENTINE,0
63714,Meditation here from Massenet: ie wasting time once!,thais,thais,assemblage,STUDY,0
126962,"Ditch soldiers, at first, to make savings",retrench,retrench,assemblage,SCRIMPED,0
82715,See a lot of woman getting dressed,clad,clad,assemblage,CLAD,1
101874,"After turbulent stretches of water, express disappointment with cutter",ripsaw,ripsaw,assemblage,SCYTHE,0
71904,No Greek character is socially unacceptable,nonu,non u,assemblage,OUT,0
106449,Six against a fast bowler of old in a test,vivavoce,viva voce,assemblage,CASE STUDY,0
106250,Cry o' battle to shift large plant,yellowarchangel,yellow archangel,assemblage,WARCRY PLANT,0
20427,Last minute gathering to one side,laterally,laterally,assemblage,T-ASSEMBLY,0
47662,It's a drawback having yen for precious stone,ruby,ruby,assemblage,RUBY,1
108637,The Italian regular struggling to become irregular,guerrilla,guerrilla,assemblage,UNSTEADY,0
81149,"Held down slates, we hear, being concealed",keptunderwraps,kept under wraps,assemblage,KEPT UNDER WRAPS,1
137921,Hill discovered the right glands,highland,highland,assemblage,THYROIDS,0
51077,Officer getting vessel to change direction,subaltern,subaltern,assemblage,COMMANDER,0
6454,Lob with spin to go over the same ground and cause destruction,obliterate,obliterate,assemblage,OBLITERATE,1
24784,Saying something clever before telephone operator starts,motto,motto,assemblage,MOTTO,1
122261,"Girl to go, about to go to boy",gwendolen,gwendolen,assemblage,ADOLESCENT,0
115207,Labels fellow a good shot,marksman,marksman,assemblage,MARKSMAN,1
29950,A return game between two sides in the country,rural,rural,assemblage,INDIA,0
100607,Scrap over dramatist,orton,orton,assemblage,IBSEN,0
110190,"After church, stranger's in better spirits",cheerier,cheerier,assemblage,CHEERIER,1
114884,Modern flanged arrangement is not what one's used to,newfangled,newfangled,assemblage,UNFAMILIAR,0
16162,Young lady put away discussion,debate,debate,assemblage,DEBATE,1
73733,Twice jump a little way for a man on board,bishop,bishop,assemblage,BISHOP,1
67351,Girl in Band A,sasha,sasha,assemblage,SASHA,1
104285,Light grey French perfume ingredient,ambergris,ambergris,assemblage,AMBERGRIS,1
8667,Reveals former attitudes,exposes,exposes,assemblage,EXPOSES,1
43958,Assign a key part,award,award,assemblage,ALLOT,0
17136,Check power of support,reinforce,reinforce,assemblage,RESTRAINT,0
23879,"Foreman's right missed, proving a mistake",gaffe,gaffe,assemblage,ERROR,0
46863,Democrat leaves MP to sum up,recap,recap,assemblage,RECAP,1
95313,"Head, not heart, missing - it's obvious",patent,patent,assemblage,PATENT,1
83306,Heavy machinery stacked by runner,piledriver,piledriver,assemblage,PILEDRIVER,1
102580,Admitted switching title on,letinto,let into,assemblage,LET INTO,1
78224,"A cake, but not of soap",bathbun,bath bun,assemblage,SODA BUN,0
74513,Arab question and answer about one desert,qatari,qatari,assemblage,SAHARA,0
1054,He will take if the possibility is available,thief,thief,assemblage,OPTER,0
80542,City witches on trial,coventry,coventry,assemblage,SANTIAGO,0
52619,This month worker's dependent on tick,instant,instant,assemblage,MOMENTS,0
26677,Dressed or turned over on the bed,robed,robed,assemblage,ROBED,1
83614,Bloke has to leave vegetables,mangetout,mangetout,assemblage,MANDRAKES,0
82270,"So, prime suspect is to swear oath?",promise,promise,assemblage,PROTEST,0
28159,Note uprising ropes in crude strength,brawn,brawn,assemblage,SINEW,0
113166,A succession was first raised with Norfolk in Sussex,arundel,arundel,assemblage,SERIES,0
40543,Unplaced Texan horse out of the melee almost,homeless,homeless,assemblage,UNSEATED,0
133288,Even in peacetime its members are prepared to fight,regulararmy,regular army,assemblage,SHARPEN ARMS,0
12581,Not against healthy yield,profit,profit,assemblage,PROFIT,1
53555,"A cooler turkey, perhaps, is one in the coop?",jailbird,jailbird,assemblage,PRISONER,0
70861,Bully driving animal under carriageway,roadhog,road hog,assemblage,ROAD HOG,1
118397,"Yield small volume you aim, ultimately, to store in reserve",succumb,succumb,assemblage,RESERVE,0
85552,Reader in church always involving ancient Shakespearean,epistoler,epistoler,assemblage,THESPIANS,0
2348,Successful deal maker is caught by failure,closer,closer,assemblage,CLINCH,0
11057,Shocked Attorney General takes time,aghast,aghast,assemblage,AGHAST,1
30997,Board has positive answers from two European states,ouija,ouija,assemblage,PANEL,0
109120,"Barnard, say, prepares expat for growing tea, say, when I leave",transplanter,transplanter,assemblage,PLANTATIONS,0
140409,Wave away solicitor deciding procedure,shootout,shoot out,assemblage,STAND OFF,0
85466,"With respect, Ebenezer Scrooge initially has to pay up",esteem,esteem,assemblage,REMITS,0
38473,Token of love interrupting part of service: touching!,coupon,coupon,assemblage,MOVING,0
108259,Resist having to get up,withstand,withstand,assemblage,WITHSTAND,1
105125,Sweet Baby Love's ultimate rock,icecube,ice cube,assemblage,ICE BERG,0
85601,"Stole after breaking in, a recurrent disturbance",fracas,fracas,assemblage,UPROAR,0
26681,Consequence of a dad almost without limit,aftermath,aftermath,assemblage,APPENDAGE,0
34007,Stampede over the long grass,onrush,onrush,assemblage,PAMPAS,0
10456,Fears loss of opener to slips,errors,errors,assemblage,ERRORS,1
130657,Therapist calling for sparkling water?,physio,physio,assemblage,SPRITZ,0
116270,Pee on the throne with child,pregnant,pregnant,assemblage,STEPSON,0
82892,Old lady of Turin turns up with car after arrival of the Messiah,annodomini,anno domini,assemblage,NANA TURIN,0
52156,Spring collection firmly established,wellset,well set,assemblage,LEAP YEAR,0
73926,Spoil King Edward's verse,erode,erode,assemblage,MARRE,0
115857,Bone throbbing certain to return,humerus,humerus,assemblage,SURELY,0
5061,Secure backing to break left hand somewhere in Scotland,leith,leith,assemblage,SUREL,0
80049,Present and organise race,donation,donation,assemblage,ARRANGER,0
20479,Worker right to be bitter sometimes,beer,beer,assemblage,BEER,1
93815,Delicious nipper takes part,toothsome,toothsome,assemblage,TANTALISE,0
7703,Duck has to be green,olive,olive,assemblage,OLIVE,1
35871,Measure vehicle over a period of time,yardage,yardage,assemblage,VANTAGE,0
88036,"Utter scoundrels in the ascendant, second-raters excepted",allstar,all star,assemblage,ALL CAST,0
85932,Retired churl wept buckets,blubbered,blubbered,assemblage,PROFUSELY,0
65204,"Preserved them clipped, without hair, without tips of moustache",embalmed,embalmed,assemblage,EMBALMED,1
105539,Be in tears over Italian bird,peewit,peewit,assemblage,SITUATION,0
47195,"Extra large predicament, when hat's lost by Austen's girl",trilemma,trilemma,assemblage,MARIANNE,0
42939,Direction of type of desktop display system jig?,guidance,guidance,assemblage,SIDESTEP,0
64979,Midpoint of Romeo and Juliet on radio,november,november,assemblage,CENTROID,0
97798,Cuddle close to Cookie Monster,huge,huge,assemblage,SNUG,0
10151,Stupid wombats periodically take stuff,obtuse,obtuse,assemblage,S-T-U-F-F-S,0
68871,Interjection of surprise about a right rude sign - made by him?,harvey,harvey,assemblage,S-I-G-N-E-R,0
112091,Father has favourite term of endearment,poppet,poppet,assemblage,D-A-D-D-Y,0
47810,Artists apply to notorious preacher,rasputin,rasputin,assemblage,P-R-E-A-C-H-E-R,0
55454,"Just taking starters, André Previn has little desire for food",appetite,appetite,assemblage,A-P-A-T-H-E-T-I-C,0
98157,She runs the meeting I join in daily,chairwoman,chairwoman,assemblage,C-H-A-I-R-W-O-M-A-N,1
108841,Everyone stops at point made by president and writer,allende,allende,assemblage,S-T-E-W-A-R-T,0
124737,Press to give new line about bird taking in the Head of News,returnkey,return key,assemblage,N-E-W-L-I-N-E-S,0
117641,"Production of Cats, say, editor covered haphazardly",littered,littered,assemblage,C-A-T-S-E-Y-E-S,0
110593,Soldier lacking papers? Very suspicious!,paranoid,paranoid,assemblage,S-U-S-P-I-C-I-O-U-S,0
67805,Wisdom in town with elderly tourists?,sagacity,sagacity,assemblage,S-A-G-A-C-I-T-Y,1
21656,Again interprets what's right before needing notices,rereads,rereads,assemblage,R-E-A-D-A-P-T,0
85668,Pool giving pleasure to many,fund,fund,assemblage,LIDO,0
95242,Home - half of it with furniture - that can't be got down,indomitable,indomitable,assemblage,UNSTOPPABLE,0
12186,See key goes to the agent,espy,espy,assemblage,COPS,0
24436,"Mean fool, one hears, but well organised",tightknit,tight knit,assemblage,SPICK SPAN,0
53835,Engineers rejected lad's shattered stone,emerald,emerald,assemblage,BASALTS,0
127831,Drink time - get the carriage,porterage,porterage,assemblage,TRANSPORT,0
80862,Bone from tail of flightless bird? I'm not sure,sternum,sternum,assemblage,STERNUM,1
107826,"Tip into newspaper, kippers",perk,perk,assemblage,NAPS,0
73003,James's valet joining alien group,quintet,quintet,assemblage,SECTION,0
2298,Oriental plant festival,easter,easter,assemblage,EASTER,1
131687,Stupid selfie taken by stupid linesman,masefield,masefield,assemblage,ASSISTANT,0
33544,"A rugby player turns up, so accepted as fit",apropos,apropos,assemblage,ADAPTED,0
102597,"Disease caught by pair, lots scattered in terror",spoiltbrat,spoilt brat,assemblage,SCARLET FEVER,0
51841,Exhausted colleague's year off taking everything together,allinall,all in all,assemblage,ALL IN ONE,0
92649,"Fix case of ulcer, as chemist",pasteur,pasteur,assemblage,CURATES,0
96499,Work rare on which date? The fifth of the eighth,catherinehoward,catherine howard,assemblage,SECOND OCTAVE,0
120094,Time up for mountaineer disheartened by call,hilaryterm,hilary term,assemblage,FINISH LINE,0
124510,Note worried Sikhs in problem with scales,fishskin,fishskin,assemblage,SCALINGS,0
76617,It's seen running round tree by one on the spot,eyewitness,eyewitness,assemblage,SPOTLIGHTS,0
39108,"Initially promising, like some ground in the story of the sower?",parable,parable,assemblage,FERTILE,0
64078,It's unimaginative of ants to take heart from gulag,formulaic,formulaic,assemblage,STAGNANT,0
61203,View of one of those known to be fully knowledgeable holding good,opinion,opinion,assemblage,OPINION,1
88964,Bird left on far side of river,ousel,ousel,assemblage,OUSEL,1
98032,"Place to hang small greasy spoon, antique",scaffold,scaffold,assemblage,SCAFFOLD,1
113016,Utensil for cook with less guile?,opener,opener,assemblage,LADLES,0
141794,Fruit found by animal in the edges of cultivated wood,chipboard,chipboard,assemblage,PINEAPPLE,0
59897,Order a s-stove,arrange,arrange,assemblage,ASSORTS,0
122082,Actor who carried on stuffing faces with food,sidjames,sid james,assemblage,AL PACINO,0
51918,Religious leader from Australia raised on a hot day,zoroaster,zoroaster,assemblage,PATRIARCH,0
137004,Sloped writing support aid,backhand,backhand,assemblage,SLANTING,0
95819,"Slow-moving pair of tramps, each admitting cheeky love",bumpertobumper,bumper to bumper,assemblage,SNAILS PACE,0
116346,"Old boy's now out of bed, maybe, in darkness?",obscured,obscured,assemblage,OBSCURED,1
76605,"Clearing borders of blue, spiny plant",lupin,lupin,assemblage,BRIER,0
23132,Manage officer's exercises,cope,cope,assemblage,COPE,1
31729,They're widely grown for eating,broadbeans,broad beans,assemblage,BROAD BEANS,1
132692,Union publication sent round - a series of notes,gamut,gamut,assemblage,GAMUT,1
82937,Take planned European seaside trip and find it deadly,seenaplesanddie,see naples and die,assemblage,THE DEADLY SIN,0
19183,Backward area provided much fibrous material,raffia,raffia,assemblage,SISAL,0
108021,Plucky player gets support following veto,banjoist,banjoist,assemblage,GAMECOCK,0
132919,African city tot is given a yeast cake,addisababa,addis ababa,assemblage,ADDIS ABABA,1
18000,Pull leg of battleaxe,dragon,dragon,assemblage,DRAGON,1
39536,The buzz from the pub?,localcall,local call,assemblage,LOCAL NEWS,0
17706,Little man supporting the Spanish woman,ellen,ellen,assemblage,ELLEN,1
115780,Packed bus finally pulled away,stowed,stowed,assemblage,STOWED,1
120839,"A boxer normally has one, even if not hungry",secondhelping,second helping,assemblage,SQUARE JAWLINE,0
52251,Colour I associate with wrongdoing,indigo,indigo,assemblage,SIENNA,0
102221,Try to elicit information on dough that is put on something to eat,fishpaste,fish paste,assemblage,SODA BREAD,0
21957,"State old lady regretted, on reflection",grandeur,grandeur,assemblage,SURINAME,0
53666,Brother returned short letter to someone from Brest?,breton,breton,assemblage,BRETON,1
121664,"A number, for example, press for some form of restraint",legiron,leg iron,assemblage,SIX IRON,0
75272,I shouldn't have said that nothing works,oops,oops,assemblage,OPUS,0
118899,Mock the northern city's affectation,synthetic,synthetic,assemblage,SNOBBERY,0
73776,Metal in cable carries live power,cube,cube,assemblage,WATT,0
80628,"Having to live with hump, a whale",beluga,beluga,assemblage,BELUGA,1
117288,"Female, one of the Bee Gees, by forest where special plants grow",herbgarden,herb garden,assemblage,REED ORCHID,0
66154,Highland birds reportedly became victims,fellfoul,fell foul,assemblage,DEAD BEAT,0
48023,Hunt with no time to be modest,chase,chase,assemblage,DEMUR,0
34736,"One advised to look, first rejecting a rejected person",leper,leper,assemblage,OUTCAST,0
83626,Big film in which Spooner makes antelope utter vain boasts,blockbuster,blockbuster,assemblage,BRAGGADOCIO,0
114913,"No longer one scolds, but rather frees from blame",exonerates,exonerates,assemblage,EXONERATE,0
72521,Box camera originally taken by volunteer,coffer,coffer,assemblage,COFFER,1
126583,Injured fliers returned to base,stabbed,stabbed,assemblage,ALKALIC,0
42857,Pitched battle over container holding record,turntable,turntable,assemblage,CANVASSED,0
98454,Primitive scourge is polished,urbane,urbane,assemblage,BUFFED,0
116840,They pick up article by current media workers,antidepressants,antidepressants,assemblage,STREETSWEEPERS,0
119478,To belittle a musical note is ultimately futile,minimise,minimise,assemblage,MINIMISE,1
62351,Flower crower? Piffle!,poppycock,poppycock,assemblage,COCKATRICE,0
142313,Quail flock found in tight plastic binding,shrinkpack,shrinkpack,assemblage,SHRINKWRAP,0
96925,Fabric with pattern to read in church?,faconne,faconne,assemblage,TARTANE,0
140978,Turning out to be the online type,eversion,eversion,assemblage,COMPUTER,0
98010,The magpies left after Tay disaster: extraordinary!,atypical,atypical,assemblage,STARKLY,0
74899,"Showing lack of judgement, so do not try so many!",tasteless,tasteless,assemblage,IMPRUDENT,0
22281,Beam of light ran somewhere within,transom,transom,assemblage,SUNBEAM,0
95978,Set record unknown to medical science,radiology,radiology,assemblage,DIETETICS,0
49083,Lays blame over …,parsnip,parsnip,assemblage,CENSURE,0
70432,Row with leader appears in the press,headline,headline,assemblage,ARGUMENT,0
14327,Advanced on American girl walking the streets,abroad,abroad,assemblage,MODERN,0
76311,"Issue of pensions, for instance, needing intelligence",greymatter,grey matter,assemblage,SOFT COPY,0
60541,Many dress with ill intent,malign,malign,assemblage,MALICE,0
45086,Disturb a Parisian on a seat,unsettle,unsettle,assemblage,UNSETTLE,1
10132,Quoted about an instance in vain,conceited,conceited,assemblage,FRUITLESS,0
69054,Supremos in the MCC?,overlords,overlords,assemblage,MAESTRONS,0
92458,Best part of smelly pimple,highspot,high spot,assemblage,TOP RANK,0
53588,"Day, perhaps, for primate to acquire new top",doris,doris,assemblage,APRON,0
92716,Standard weapon in conversation,parlance,parlance,assemblage,PARADIGM,0
122458,What makes cowards ill?,yellowfever,yellow fever,assemblage,YELLOW FEVER,1
94931,It's OK to keep single and flourish,prosper,prosper,assemblage,PROSPER,1
72700,A particular form of dislike,aversion,aversion,assemblage,AVERSION,1
110662,The hunter hunted for work over a long time,actaeon,actaeon,assemblage,POACHER,0
14339,Witticism alien to church music?,motet,motet,assemblage,SALLY,0
114438,Wicked relative meanly cutting me off,uncleanly,uncleanly,assemblage,SINISTER,0
32452,"Initially, cupboard love affair causes uproar",clamour,clamour,assemblage,CLAMOUR,1
54272,One has butcher's shop assistant? First job not started,observer,observer,assemblage,EYECLERK,0
108140,Worms found by girls crossing lake,annelida,annelida,assemblage,ANNELIDS,0
21049,Dress you and I are shortening,wear,wear,assemblage,SUIT,0
116766,"University state, fifth in Ireland, good and straightforward",unswerving,unswerving,assemblage,UNYIELDING,0
8932,See pottery made by conventional character,stereotype,stereotype,assemblage,STEREOTYPE,1
14843,Settler right behind City institution,boer,boer,assemblage,PION,0
50365,Ban writer earning money?,proscribe,proscribe,assemblage,PROSCRIBE,1
102862,EU's regret over drug,europium,europium,assemblage,EUPHORIA,0
97200,Classical runner first seen in US city,atalanta,atalanta,assemblage,MARATHON,0
138709,Mound of food's ending with drink? Nothing turned up,drumlin,drumlin,assemblage,TUMULUS,0
46036,Excessive hesitation of fish-eater,otter,otter,assemblage,OTTER,1
112425,Luminary in performance is euphoric,delighted,delighted,assemblage,LUMINAIRE,0
80250,Got better sax part; make new version in the middle?,recovered,recovered,assemblage,REMASTERED,0
70279,"Drink and drink, missing a round - pass one",cocacola,coca cola,assemblage,PASS OVER,0
78956,"""Delicate"" - meaning it's with intravenous injection",sensitive,sensitive,assemblage,INTICATED,0
64750,Two African countries I must leave to avoid labour,malinger,malinger,assemblage,IDLENESS,0
88083,"Speedy bird travelled, say, over river?",roadrunner,roadrunner,assemblage,ALBATROSSES,0
110925,Jet flier?,blackbird,blackbird,assemblage,AEROPLANE,0
18539,Common sailor boy in train crash,tarpaulin,tarpaulin,assemblage,ABERRATION,0
130773,"Director having sex, second pair of smalls discarded",exec,exec,assemblage,COPS,0
5567,Injured hip not long ago in a pursuit,philately,philately,assemblage,SHIPCHASE,0
14777,Mentally without help - it's about making one generous,munificent,munificent,assemblage,ALTRUISTIC,0
32335,State crime and motive after opening of trial,treason,treason,assemblage,TRINITY,0
111149,Dick painting fiddler misses nothing - he's not alone,copartner,copartner,assemblage,SOCIABLE,0
20587,"Falsify personal documents, though anything but bent",rigid,rigid,assemblage,STRAIGHT,0
94539,Pull vehicle over in a race,attract,attract,assemblage,TRAILER,0
15393,Don't tamper with spring,letwellalone,let well alone,assemblage,LET WELL ALONE,1
81320,Top copy with illiterate's signature,apex,apex,assemblage,COPY,0
36926,Animal died after dash,eland,eland,assemblage,HYENA,0
35970,Funding a musical that may be fascinating?,aida,aida,assemblage,CASH,0
80554,We hear a recluse takes mineral,ankerite,ankerite,assemblage,ANCHORITE,0
6152,Plug falling out and floating,adrift,adrift,assemblage,ADRIFT,1
127133,"Shy old copper, if well outside sanctum",diffident,diffident,assemblage,SANCUARY,0
10706,Time to dress in worthless stuff?,garbage,garbage,assemblage,GARBAGE,1
52322,Understand girl gets made up,digest,digest,assemblage,FATHOM,0
73388,Fashionable folk with affected gait carrying offspring,glitterati,glitterati,assemblage,GENERATION,0
103756,Mounted on the side of Viva!,upwith,up with,assemblage,IN VIVO,0
92187,See former pupil do his duty,observe,observe,assemblage,OBSERVE,1
103723,Miniature bears puff and creep,toady,toady,assemblage,SNEAK,0
47945,Artful avoidance of girl is no use,evasion,evasion,assemblage,EVASION,1
25447,"Retiring say, after Republican papers fold",ridge,ridge,assemblage,DEMUR,0
34158,Network Rail's plum post in London?,victoriastation,victoria station,assemblage,ST PANCRAS,0
86865,"Siren's signal right, altered wrongly",redalert,red alert,assemblage,ALL WRONG,0
48930,Ere's the police college - finally touching ?,endon,end on,assemblage,END UP,0
42906,"Copyright it, provided it's served before Christmas dinner, for example",aperitif,aperitif,assemblage,STARTER,0
121338,Smart lawyer allowed dog to have lead removed,legaleagle,legal eagle,assemblage,LEGAL EAGLE,1
25042,Individual's underweight: seaside atmosphere needed,ozone,ozone,assemblage,SOLAR,0
10898,"Manager is cool, having sun protection",supervisor,supervisor,assemblage,SUPERVISOR,1
51535,Manager is mean to worker,intendant,intendant,assemblage,MANAGER,0
33507,"Daft sheep, a rising bloomer",amaryllis,amaryllis,assemblage,AMARYLLIS,1
112297,Youth leader ’appily listens a long time,years,years,assemblage,AEONS,0
54562,My French girl must turn up and that's a sign,monogram,monogram,assemblage,SYMPTOMS,0
126731,Seafront is for crew forced to abandon leader,promenade,promenade,assemblage,PROMENADE,1
52524,Redolent of a half-hearted sentimentalist,aromatic,aromatic,assemblage,AROMATIC,1
82401,Crush tribal leaders with large following,trample,trample,assemblage,TRAMPLE,1
14515,Cope with death on the river,endure,endure,assemblage,ENDURE,1
83438,Former philosopher has daughter brought to light,exhumed,exhumed,assemblage,EXHUMED,1
91083,"Thespian, probably old, as male monarch",stager,stager,assemblage,ACTORS,0
62897,More mature half-hearted serial killer,riper,riper,assemblage,RIPER,1
127,Knackered retina? Yes.,eyestrain,eyestrain,assemblage,EYESTRAIN,1
8447,"A man short, stuffed by other team",chelsea,chelsea,assemblage,SQUADRA,0
40518,Water-carrier died in a never-ending line at court,aqueduct,aqueduct,assemblage,CONDUITS,0
132274,Fan of Spice Girl's biscuit?,gingernut,ginger nut,assemblage,GINGER NUT,1
71379,Character lacking tolerance from great books,bigot,bigot,assemblage,OMEGA,0
98446,The way builder's helper joins police,method,method,assemblage,PATROL,0
100780,Time for students to collect together,ragweek,rag week,assemblage,SET-TILL,0
102322,Equal distribution with grand court,quadrangle,quadrangle,assemblage,ALLOCATION,0
96466,"Employed around head office, not contracted out",inhouse,in house,assemblage,IN HOUSE,1
82692,Gunners entered privately,incamera,in camera,assemblage,IN SECRET,0
53567,Newspaper editor forced out,expressed,expressed,assemblage,EXPELLED,0
114071,Periods Edward rubbed out,erased,erased,assemblage,ERASED,1
265,Crusoe collapsed after run here,racecourse,racecourse,assemblage,RECUMBENCY,0
128173,Writer badly mauled (but not dead) getting signal to enter burrow,samuelbeckett,samuel beckett,assemblage,PEN-CUE-HOLE,0
63515,Coming out for measures restricting work unit on church,emergence,emergence,assemblage,EMERGENCE,1
139358,"A blast from the past, old sanctions supporting Dutch in Australia",odzooks,odzooks,assemblage,OBOISTS,0
83261,Soft fall?,rainwater,rainwater,assemblage,SNOWFALL,0
101622,Stars smoke cannabis around queen in feverish condition,sunstroke,sunstroke,assemblage,HYSTERIA,0
20518,"Yawn at the end of King Kong, for instance",gape,gape,assemblage,GAPE,1
8619,Will is offensive about male organ,testament,testament,assemblage,TESTAMENT,1
74882,In old money nearly always there's a queen ...,guinevere,guinevere,assemblage,ISABELLA,0
59841,Holidaymaker going after sun getting help to remove coat,stripper,stripper,assemblage,SUNBATHE,0
56706,Forgo one's turn - I am frequently appearing,passim,passim,assemblage,FORGOE,0
64047,One felt interest in violin,amati,amati,assemblage,FELTA,0
55445,"Jails, as opposed to non-custodial penalties",confines,confines,assemblage,PRISONS,0
121309,Leading division is hot? Clear off!,vanish,vanish,assemblage,DETACH,0
13215,English beauty losing heart to person of taste,epicure,epicure,assemblage,ESTHETE,0
5210,Crack small fruit I pinched,solve,solve,assemblage,SPRIG,0
56855,"Report suggesting ""allow notes A-F""?",bang,bang,assemblage,ALFA,0
59918,One's in bed with female from another planet?,sheet,sheet,assemblage,ALIEN,0
128604,Party elected to kill,doin,do in,assemblage,DO IN,1
53297,Meat - reports of lamb - around in islands,bahamas,bahamas,assemblage,BAHAMAS,1
119353,Quick steps taken up by old English soldier,gijoe,g i joe,assemblage,S I G,0
118034,Expression of approval the Spanish love to come up with,ole,ole,assemblage,OLE,1
127485,Repeated annual check gets the bird,motmot,motmot,assemblage,MOTMOT,1
86669,Slim and winning but losing one's hair,thinontop,thin on top,assemblage,THIN ON TOP,1
71709,"Relative, the aforementioned proposition",thesis,thesis,assemblage,THESIS,1
26650,Count about eleven ends with South American,census,census,assemblage,ANDEAN,0
125372,"Major cut to obsolete weapon, with political co-operation",bipartisan,bipartisan,assemblage,COALITIONS,0
25024,"Pick up fish, placing first two at the rear",glean,glean,assemblage,GLEAN,1
131311,Soprano begs for flower arrangements,sprays,sprays,assemblage,SPRAYS,1
63547,Out to the opening ball from a spin bowler,offbreak,off break,assemblage,OFF BEAT,0
6347,Regret head having little time in the centre,bemoan,bemoan,assemblage,REPENT,0
140284,Scavenging insect disturbed deer and shortly bolted,dorbeetle,dor beetle,assemblage,RAN SCATTER,0
30234,Perhaps flies home etc recklessly within seconds,insects,insects,assemblage,INSECTS,1
113413,Work ethic following a payment matey's pocketed (thus?),parenthetically,parenthetically,assemblage,CONSEQUENTIALLY,0
15815,Naval officer and author having destiny on island,loti,loti,assemblage,LOTI,1
122794,Single-minded alumni scattering seeds,obsessed,obsessed,assemblage,UNIVOCAL,0
96097,Loose body bits next to science room E?,flab,flab,assemblage,LADE,0
51565,Way out insect with many a substitute,locum,locum,assemblage,EXILE,0
127676,Facial feature's pleasantly warm,genial,genial,assemblage,CHEEKS,0
58709,Pacifier to go on trial,dummyrun,dummy run,assemblage,SOOTHE SAY,0
28998,"What Jersey did, presumably, banning English humour",mood,mood,assemblage,MOOD,1
117231,"Armstrong and Miller, say, take a quick nap with setter in Jordan's arms",jazzmen,jazzmen,assemblage,STANDUP,0
85241,"Divine cowgirl, we hear, passed the salt",iodide,iodide,assemblage,SALTED,0
9915,"Retriever, for example, raised with intelligence to bring bird",godwit,godwit,assemblage,GODWIT,1
41288,Secretly maintain hotel's leafy area,harbour,harbour,assemblage,THICKET,0
35145,One short meal allocation - and what Oliver would have liked!,iteration,iteration,assemblage,SATIATION,0
126466,Live outside right the same as live outside left? Not likely to last,breakable,breakable,assemblage,EPHEMERAL,0
77353,Kid rings sister with unusual problem,conundrum,conundrum,assemblage,SISSODIUM,0
10679,"Skirt backing, say, removed from sign",mini,mini,assemblage,SINE,0
32981,Accomplished poet loses heart,done,done,assemblage,DONE,1
33104,Former African area in the southwest,exmoor,exmoor,assemblage,ZAIREW,0
67305,Bring in organ before Beethoven's Ninth,earn,earn,assemblage,EARN,1
137397,He wrote about brothers in party changing votes - heavens!,dostoevsky,dostoevsky,assemblage,STORYVOTES,0
6184,Foreign city that can't quite offer enough for sect member,essen,essen,assemblage,SUFIS,0
42244,School report taken in,eaten,eaten,assemblage,ADMIT,0
105145,Submissive prodigal son comes first,slavish,slavish,assemblage,SLAVISH,1
89845,Almost too soon after noon,nearly,nearly,assemblage,NEARLY,1
123167,Tough pre-development of sixties' bestseller,thegroup,the group,assemblage,THE RAW EGG,0
44873,Offer to acquire new tie,bind,bind,assemblage,BIND,1
18185,One composer chosen for new orchestration ahead of another,schoenberg,schoenberg,assemblage,SUBSTITUTE,0
61131,Censor a headline,banner,banner,assemblage,BANNER,1
77376,Intelligence services see note that's taken from a dupe,mickey,mickey,assemblage,COZEN,0
138361,"Smearing teacher, having deployed a bug outside home",bedaubing,bedaubing,assemblage,ASPERSING,0
137385,"Visiting Bergen? That's not right, not at all!",innoway,in no way,assemblage,IN NO WAY,1
104767,Fish served by second pub on list?,barb,barb,assemblage,SOLE,0
2739,Drop - it's the doctor's turn to take it,omit,omit,assemblage,DROP,0
129129,A villain finally turning up on the fifth dimension's fourth hub,nave,nave,assemblage,NAVE,1
81634,Zorba in Toledo?,elgreco,el greco,assemblage,IN GREEK,0
90113,Local tour going back up crest of Cheviots breaks into a fight,pubcrawl,pub crawl,assemblage,CUT THROAT,0
44071,"Rendered a tune, setting up a Spanish drink",sangria,sangria,assemblage,SANGRIA,1
72214,Material found by model in bathroom,toilet,toilet,assemblage,COTTON,0
35443,Running water for hire - that's about right,torrent,torrent,assemblage,CURRENT,0
91367,Model I stick up? No way,notabit,not a bit,assemblage,NOT A BIT,1
54961,"Concerned with check holding trial up, heading for gaol",regarding,regarding,assemblage,RELEVANCE,0
124098,"Having got in, I've turned to get food - that's certain",inevitable,inevitable,assemblage,INEVITABLE,1
141505,"Noble statesman pursuing grouse for his dinner, perhaps",beefwellington,beef wellington,assemblage,LORD CHANCELLOR,0
23072,Go off with retired policeman at conclusion of case,explode,explode,assemblage,EXPLODE,1
49100,A pointless contest for the loser,lovegame,love game,assemblage,DRAW GAME,0
70317,"Engagement ring ripped from rampant toad, marriage's ending?",date,date,assemblage,DATE,1
85874,Buffalo Bill is performing - not bad,bison,bison,assemblage,BISON,1
36860,Serving men and women operate from behind it,baseline,baseline,assemblage,SIDEBOARD,0
68899,The old man's wife's born a Native American,pawnee,pawnee,assemblage,PAWNEE,1
127850,Plant that a woman passes on to another?,ladysmantle,ladys mantle,assemblage,LADYS MANTLE,1
44248,A French flat - that's odd!,uneven,uneven,assemblage,UNEVEN,1
22374,Revealing dead princess's emotional resolution,disclosure,disclosure,assemblage,EXPLICATED,0
100130,"Polish close borders, more or less",emend,emend,assemblage,ABOUT,0
4232,Prisoner found in wretched cluster of houses,village,village,assemblage,VILLAGE,1
85286,Introduce trendy source of booze - only one left,instil,instil,assemblage,INSTIL,1
103368,Start undesirable group,outset,outset,assemblage,OFFSET,0
38053,"Once in the red, the Guardian's going out",exodus,exodus,assemblage,EXTEND,0
119985,"Stroke little cherub, showing no love",putt,putt,assemblage,PUTT,1
35129,The archdeacon always put on outward show,veneer,veneer,assemblage,VENEER,1
33072,Idiot put on weight - it's the whale diet!,plankton,plankton,assemblage,PLANKTON,1
4422,Flower about to be eaten by goat on a mountain?,buttercup,buttercup,assemblage,COWSLIP,0
107084,Description of wine: half of it must be swallowed by a topsy-turvy sailor,portrait,portrait,assemblage,SULTRY,0
48282,"Don gets silver, note, in Olympic event",dressage,dressage,assemblage,SAGA,0
101044,"Like Shelley's poetic spirit, it's mostly babble",blithe,blithe,assemblage,SYLPH,0
136233,"Trailer, so entertaining TV show gets support",adherence,adherence,assemblage,SOPORT,0
15127,The last book to bring joy to the cleric,revelation,revelation,assemblage,REVELATION,1
141104,Go from first to second to suspend energy on entering knockout competition?,changeup,change up,assemblage,S...,0
126791,Pedagogues' league sample heartless crackers,nutty,nutty,assemblage,L...,0
61054,"Green track over in west, east of motorway going west",immature,immature,assemblage,S...,0
69079,"Mendel, perhaps, was the first French writer here in French street",geneticist,geneticist,assemblage,GENETICIST,1
110283,Tense American hits clumps of grass,tussocks,tussocks,assemblage,TUSSOCKS,1
84083,Never coming to a vital conclusion,undying,undying,assemblage,S...,0
40350,Evidence of a leak? Contact the attendant,seepage,seepage,assemblage,S...,0
69940,His forecast originally was wrong,fish,fish,assemblage,AWRY,0
28814,Stroke to the pole that long shots require,telephoto,telephoto,assemblage,LONGSHOTS,0
89370,Very small river flowing through New York,teensy,teensy,assemblage,ALBANY,0
66702,Snake's partner - large snake,ladder,ladder,assemblage,LADDER,1
90493,Picture my heart at bottom of list,tableau,tableau,assemblage,PORTRAY,0
13723,Stay to eat and drink,supporter,supporter,assemblage,SOJOURNED,0
105955,Swimmer giving bottom a good licking,seatrout,sea trout,assemblage,SEA SLUG,0
21448,Parking by the verge is proper,prim,prim,assemblage,PRIM,1
101162,Open a Bible with love when getting hitched,avowed,avowed,assemblage,BOWED,0
64602,"Cold peaks, flipping ___ cold one",icecaps,icecaps,assemblage,ICICLES,0
38117,Copper to upbraid churchman,curate,curate,assemblage,CURATE,1
52101,Father is holding learners responsible for unnecessary embellishments,frills,frills,assemblage,FRILLS,1
11043,Perhaps Labour blunder turns into potential embarrassment ...,boobytrap,boob ytrap,assemblage,SLIP UP,0
114424,It costs nothing to give it a try,freesample,free sample,assemblage,FREE SAMPLE,1
117515,"Mate sheepishly, with hurt expression, getting caught - perfect!",touchup,touch up,assemblage,SPOT ON,0
141479,No citrus flavour before with balsam? Leave well alone!,nolimetangere,noli me tangere,assemblage,LEAVE IT ALONE,0
49196,Show appreciation of service (official),tipstaff,tipstaff,assemblage,MINISTER,0
136411,Bosses putting hand under jumper?,topbananas,top bananas,assemblage,TOP DOGS,0
26306,"Wine, less than half its content given up for soak",claret,claret,assemblage,STEEP,0
80688,Giving back the remains: I'm out of place in teaching,restitution,restitution,assemblage,RESTITUTION,1
141173,"Derby's filly, kicking out every second, is a lure",dryfly,dry fly,assemblage,DRY FLY,1
97189,Sailor you once left for a poet,pope,pope,assemblage,OVID,0
77522,"Head off old car, producing road rage, for example",anger,anger,assemblage,ANGER,1
140504,Recurrent award shows approval of eco-friendly publishing,ebooks,e books,assemblage,E-BOOKS,1
40500,High-fliers broadcast on station (not English),aircrew,aircrew,assemblage,AVIATORS,0
134802,"With ultimate skill, collecting finished vehicle",hovercraft,hovercraft,assemblage,LOCOMOTIVE,0
47344,Then he should get a good degree,lisbon,lisbon,assemblage,THESIS,0
17814,Remove protective covering from vessel (wood),dishelm,dishelm,assemblage,UNSHELL,0
102165,"Scotland starts criticising English fellow, inter alia",caledonia,caledonia,assemblage,S-SOMETHING,0
39944,Transport Gibson in hamper,trammel,trammel,assemblage,CARRIED,0
18294,Cut in the Second XI ...,silverside,silverside,assemblage,SECTIONING,0
65706,New student in resort finds means of getting up to date,refreshercourse,refresher course,assemblage,SCAFFOLDING,0
301,Old big-chested guys' backstreet scraps,oddments,oddments,assemblage,STUBBLES,0
6792,"Restore what sounds like rule, say",reinstate,reinstate,assemblage,REINSTATE,1
95487,"Drill on ship I failed, say. A no-hoper?",pessimist,pessimist,assemblage,SINKER,0
22017,First couple from Scotland seen on border with English map,scheme,scheme,assemblage,SCHEME,1
52695,Warmer support for cricket in the Dickens canon?,hearthrug,hearth rug,assemblage,LEG WARMER,0
101534,Cheat produced excuse,condone,condone,assemblage,TRUMPED,0
31794,Tricky place to put sexy bottom,hotseat,hot seat,assemblage,HOT SPOT,0
125476,BBC programme's award for meditation technique,qigong,qigong,assemblage,MANTRA,0
122113,Mythical birds fly at first inside with study of automation,robotics,robotics,assemblage,GRIFFINS,0
20225,"Select smart response, finally putting nothing in",choice,choice,assemblage,CHOICE,1
1362,"Say there's point to everything, for example",allege,allege,assemblage,SAMPLE,0
18329,Oscar winner with very brief acceptance speech grabbing award,tomhanks,tom hanks,assemblage,SEA LION,0
34222,Damn dogs chase Charles away,curse,curse,assemblage,CURSE,1
15477,One filly in two hundred backed such a hob,ceramic,ceramic,assemblage,CERAMIC,1
55148,"Ragged-trousered unknown exposed right away, which is skilful",dexterous,dexterous,assemblage,DEXTEROUS,1
13631,Infant with hood - that''s the bottom line,total,total,assemblage,TOTAL,1
78446,Huge prophet passes slowly through a barrier,osmoses,osmoses,assemblage,OSTACLE,0
109386,Naked stills exploited to sell a sordid story,kissandtell,kiss and tell,assemblage,TALE ALL TELL,0
96260,Union supporter's backing declared effective to a certain degree,federal,federal,assemblage,MODALLY,0
75126,"Brave, old and wise",osage,osage,assemblage,OSAGE,1
98270,Larva found some distance west on the Golden Mile,inchworm,inchworm,assemblage,STRIDULI,0
19609,Republican American is turning to one like Putin?,russian,russian,assemblage,RUSSIAN,1
60609,Information on everyone's origin,gene,gene,assemblage,DATA,0
84339,Lots of sheets pull somewhere in Cornwall,padstow,padstow,assemblage,ST IVES,0
103814,Campaign around country building to rage,barnstorm,barnstorm,assemblage,SULPHURIC,0
63999,Second thoughts about offensive jokes played today,pranks,pranks,assemblage,RECENT,0
75981,Make amends with item reordered previously,atonetime,at one time,assemblage,AT ONE WITH,0
59549,Mark of magic when small watch doesn't start,sigil,sigil,assemblage,SIGIL,1
68217,"Slump in the intermission, with no one rising",recession,recession,assemblage,RECESSION,1
53011,Walk furtively in square with nothing to do,sidle,sidle,assemblage,SIDLE,1
41177,False information by great German chemist,liebig,liebig,assemblage,LIEBIG,1
7473,Person serving king's son has maturity,page,page,assemblage,PAGE,1
79554,The spinner's even of the greatest importance,toplevel,top level,assemblage,TOP LEVEL,1
122549,Cheese with parent's fish - sole,mascarpone,mascarpone,assemblage,MASCARPONE,1
67906,"I am given place at Cambridge finally, gaining credit",impute,impute,assemblage,IMPUTE,1
54996,"Educated and beautiful, finally made some money",learned,learned,assemblage,LEARNED,1
71513,Scottish beginners furl old manuscript,scroll,scroll,assemblage,SCROLL,1
18104,Row about missing love letters from financial adviser,tipster,tipster,assemblage,ACTUARY,0
22255,"Took on old English, swapping parts",engaged,engaged,assemblage,ADOPTED,0
35694,Outline a new house title,silhouette,silhouette,assemblage,SYNOPSIZED,0
99857,"Hair colour like Henry James, perhaps, cut by Latin?",ashblond,ash blond,assemblage,ASH BLOND,1
113281,Nurse keeps rare dog for arbiter of taste,trendsetter,trendsetter,assemblage,CONNOISSEUR,0
78090,Await trouble on North Pacific island,taiwan,taiwan,assemblage,HAWAII,0
57699,Corruption in Portugal? A German life depends on it!,protein,protein,assemblage,SPOILAGE,0
56629,Loud Mel B raging over a light drink,flambe,flambe,assemblage,FLEMISH,0
57627,Bird just right for old Michaelmas market,goosefair,goose fair,assemblage,GOOSE FAIR,1
89124,"Port wine's last to partake of, about right by lake",lehavre,le havre,assemblage,LE HAVRE,1
18749,"Cool, hot below",neath,neath,assemblage,CHILL,0
67930,Dot - ultimate character in EastEnders taking a regular drink,stipple,stipple,assemblage,STIPPLE,1
139193,"Happy getting rich, transferred from a central bank?",uploaded,uploaded,assemblage,SANGUINE,0
46457,"Find guilty on six counts, initially, in court",convict,convict,assemblage,CONVICT,1
16353,"Scrap tasteless name dropping, Fish!",affray,affray,assemblage,ISIPID,0
49344,Sailor a short distance nearer the stern,abaft,abaft,assemblage,ABAFT,1
98666,"Mythical flier, wacky with vulture and raven wings",wyvern,wyvern,assemblage,WYVERN,1
126895,Checks pitch at pavement's edge,curbstone,curbstone,assemblage,CURBSTONE,1
74579,Hosiery primarily confiscated by officer in dissolute cabinet,chiffonier,chiffonier,assemblage,COPCCABINET,0
15838,Better be enough - dismissed previously,outdo,outdo,assemblage,UPPER,0
53056,County evacuated after historic forest fire,ardency,ardency,assemblage,CUMBRIA,0
69375,Record single does rock event,episode,episode,assemblage,EPISODE,1
62234,"Roman, for example. with kind expression",typeface,typeface,assemblage,CASESORT,0
63665,Pure woman? I need to think about that!,sheer,sheer,assemblage,SHEER,1
23693,Hip (the fruit) taken by European in American book,huckleberryfinn,huckleberry finn,assemblage,SLAUGHTERHOUSE FIVE,0
23330,Order given to ignore boner under newspaper - a dreadful rule!,reignofterror,reign of terror,assemblage,RULE OF THUMB,0
101522,The best party over in Saudi Arabia provides drink,creamsoda,cream soda,assemblage,CREAM SODA,1
102223,Secure hold on a tree,cinchona,cinchona,assemblage,ANCHORED,0
107691,April wish - throw bone at dog with Lenin,otobeinengland,o to be in england,assemblage,A DOG'S LIFE,0
17033,Liberal dons feel sorry for king … and queen?,ruler,ruler,assemblage,RULER,1
72081,Second person to rule gets a large amount of plastic surgery,skingraft,skin graft,assemblage,SKIN GRAFT,1
134637,"Figure taking off in The Doctor, then want sci-fi film",meninblack,men in black,assemblage,THE 5TH ELEMENT,0
106907,Brave staff to measure Latin Quarter,totempole,totem pole,assemblage,SOUTH SIDE,0
112430,Leading currency upset economist,keynes,keynes,assemblage,KEYNES,1
104611,"Brief report, in every way ostentatious",newsflash,newsflash,assemblage,OSTENTATE,0
10576,Strange oriental lake,eerie,eerie,assemblage,EERIE,1
125157,Abandoned UK province rejected Luther's Reformed Church,inthelurch,in the lurch,assemblage,IN THE NORTH,0
15766,Boorish attempt to influence the mighty with society leader,slobby,slobby,assemblage,COARSE,0
114962,"Loveless marriages - good, dangerous, or boring?",uninspired,uninspired,assemblage,DANGEROUSLY,0
21324,Tory spin doctor's aim: a quarter of the revolution,rightangle,right angle,assemblage,NORTH POLE,0
53163,So he and I form a strong attachment,adhesion,adhesion,assemblage,ADHESION,1
84835,The goddess of hairstyle heard to have a quirky diet,aphrodite,aphrodite,assemblage,APHRODITE,1
94329,Antipodean's choice between parent and setter?,maori,maori,assemblage,MAORI,1
72294,Manage to get a game of golf by artful deception,runaround,runaround,assemblage,STRATAGEM,0
28978,A sport informally allowing change of centre pairing for series of games,rubber,rubber,assemblage,RUBBER,1
28308,Write in special symbols number on gallery,notate,notate,assemblage,ENCODE,0
13941,How much for a horse?,amount,amount,assemblage,PRICE,0
104184,Henry's bouquet wrapped up small flower,hyssop,hyssop,assemblage,HYSSOP,1
59249,Mark creates endless panic,scar,scar,assemblage,SCAR,1
41268,Animal - one going between well and bottomless pit,okapi,okapi,assemblage,TAPIR,0
7513,Soft music for a duet,pair,pair,assemblage,PAIR,1
115281,Sticky end in half a ton of essential fluid?,lymph,lymph,assemblage,SERUM,0
81425,Marine received and understood on skeleton staff?,jollyroger,jolly roger,assemblage,NAVAL CORPS,0
94341,Concerning learner - changed gear too much,overlarge,overlarge,assemblage,OVERSTEER,0
86948,"""Tea For Two"" as dance music",chacha,cha cha,assemblage,CHA CHA,1
76163,State call includes study of cultivation,gardening,gardening,assemblage,AGRONOMY,0
85102,Coach working on American lines,railcar,rail car,assemblage,SAGE RUN,0
86432,Money is said to breed sorrows,dolours,dolours,assemblage,SPECIES,0
91261,"Bedroom feature, artists' bust?",chestofdrawers,chest of drawers,assemblage,STAND OF SHELVES,0
68443,Desired study reversed after a long time,yearned,yearned,assemblage,LONGING,0
141862,"One beam, say, brought back to son's old property",agedness,agedness,assemblage,SONNETS,0
24173,Chop stick? Start to chop up sticks,cleave,cleave,assemblage,CLEAVE,1
73692,"Topless match, with players from one side in shades",greens,greens,assemblage,OCHRES,0
120796,Dirty saucepan top in its own capacity,squalid,squalid,assemblage,SCRUBBY,0
31495,Composition on sure thing in firm,concerto,concerto,assemblage,ASSURELY,0
12172,Catch sight of tail of large mole,espy,espy,assemblage,GLIM,0
67511,Silly ass turned in by another,nitwit,nitwit,assemblage,ASSENT,0
134977,Big farmer typically got a move on and caught the girl,rancher,rancher,assemblage,AGRARIAN,0
68435,Number two crosses line - game up!,polo,polo,assemblage,TWO,0
70654,Echo support six-footer cultivated,elegant,elegant,assemblage,ECHIDNA,0
22544,Best food is fancy,caprice,caprice,assemblage,OPTIMAL,0
51695,What's on TV? Nothing showing is to prove very compelling,dragoon,dragoon,assemblage,COGENT,0
128627,Pour artist small drinks included at beach party by the gallon,raincatsanddogs,rain cats and dogs,assemblage,RAIN CATS AND DOGS,1
38330,"Records to order, of course",epsom,epsom,assemblage,TRACK,0
65977,I left command to the artillery,ordnance,ordnance,assemblage,ORDNANCE,1
64793,Sauce not right with a prophet,elisha,elisha,assemblage,RELISH,0
92932,Cut kills fish,topside,topside,assemblage,OFFSIDE,0
111433,"Ease pain, beginning to pump the contents of my stomach?",palliate,palliate,assemblage,PALLIATE,1
22204,Change a place in West London,acton,acton,assemblage,ALTER,0
61306,"Late news, crush on street",stoppress,stop press,assemblage,STOP PRESS,1
130446,Instrument you fake for listeners? I'm not sure,euphonium,euphonium,assemblage,CONCERTINA,0
71672,Begins hunting like a sea wolf,aspirate,aspirate,assemblage,STALKING,0
138201,Articulate couple foot bill for replacement locks,toupee,toupee,assemblage,TRESSY,0
83751,Merchant ship from Greek city coming to journey's end,argosy,argosy,assemblage,ARGOSY,1
37209,Defence in question supporting leaders in remorseless empire,redoubt,redoubt,assemblage,REDOUBT,1
80346,Engineers meeting over a meal,repast,repast,assemblage,SAPPER,0
43993,Old tales by posh boy keen to depart for Spain,decameron,decameron,assemblage,SAGA,0
103797,Encouraging indication of support gifted,favourable,favourable,assemblage,SUPPORTIVE,0
32435,Substandard rice pudding served in the wardroom?,officer,officer,assemblage,SAGGING,0
106961,"Witch making scholar bleat about inverted ""invert""",babayaga,baba yaga,assemblage,BABA YAGA,1
33092,"Star turn embarrassed at taking a part, say",sunder,sunder,assemblage,CASTOR,0
79775,Caledonian author and his characters,scottish,scottish,assemblage,SCOTTISH,1
98964,Most supermarket food is supplied by agent carrying a gun around,prepacked,prepacked,assemblage,AGGLUTINA,0
49090,Cry of joy when husband meets great girl!,hosanna,hosanna,assemblage,ELATION,0
102307,"Generous whisky bar? Journalist added ""very flexible""",doublejointed,double jointed,assemblage,BENDY STRAW,0
25007,"Thorpe's boundaries risked losing all, even being abrupt",terse,terse,assemblage,CURT,0
129277,"Bachelor, defended by two friends with energy, is possibly touched",palpable,palpable,assemblage,SENSITIVE,0
38668,Gas worried a very young person,neonate,neonate,assemblage,SULFUR,0
93252,Couples playing golf? Female left,fred,fred,assemblage,PAIR,0
41597,Splendid gathering in festivity with two unknowns,galaxy,galaxy,assemblage,SPLEND,0
67451,I've got a gal here in Michigan,kalamazoo,kalamazoo,assemblage,ALLEGORIC,0
83863,"Painful muscle contraction - runner's problem, primarily",cramp,cramp,assemblage,CRAMP,1
24812,Tiny POW? May be observed in a cave,stalagmite,stalagmite,assemblage,STALACTITE,0
123869,"Infamous, rather theatrical, start of assault on Everest?",basecamp,base camp,assemblage,HARD-CORE,0
60152,Possibly fly in group,insect,insect,assemblage,FLIGHT,0
127567,Guard against splashes from two hurricanes in a storm,showercurtain,shower curtain,assemblage,SHOWER CURTAIN,1
129869,Health programme on satellite station?,spacemedicine,space medicine,assemblage,SPACE MEDICINE,1
100844,Slough about a month for chef's assistant,fanoven,fan oven,assemblage,SOU CHEF,0
117682,Prance around - the last way to treat a ball?,tittup,tittup,assemblage,BOUNCE,0
115506,Private secretary revises books,psalters,psalters,assemblage,SECRETPA,0
105144,Grovelling son's effusive,slavish,slavish,assemblage,GUSHING,0
2852,Love English flower,nile,nile,assemblage,ALOE,0
116617,Meatballs acquired among Embassy's wares,faggots,faggots,assemblage,S-W-A-R-E-S,0
27607,About to go home by midnight - is coming back,returning,returning,assemblage,RETURNING,1
2280,"A pair of aces, possibly, held model in Wales, you may say",cetacea,cetacea,assemblage,CAMBRIA,0
89555,"Bend under water, perhaps, to judge right deed",refract,refract,assemblage,REFRACT,1
37715,Light displayed in fort or chapel,torch,torch,assemblage,TORCH,1
78999,Ridicules a politician with nothing on amid libidinous extremes,lampoons,lampoons,assemblage,LAMPOONS,1
141400,"Record playing in calm, calm water",millpond,millpond,assemblage,CASSETTE,0
43762,No action required about coach reservation,restraint,restraint,assemblage,S-T-A-T-I-S-T-I-C,0
45831,One noting details finds shilling on Ken Dodd?,stickler,stickler,assemblage,COPYIST,0
82967,Blushing landlady is remarkable,redletter,red letter,assemblage,RED LETTER,1
116523,Much abbreviated service offered by some councils to motorists' family group,pride,pride,assemblage,CLANS,0
55684,"As I am presented here, but my last is an in mere?",riddlemeree,riddle me ree,assemblage,SPOKEN IN SEA,0
21748,Record-keeper extremely lovely in uniform,evelyn,evelyn,assemblage,S-C-R-I-B-E,0
46485,Traverse black spine,bridge,bridge,assemblage,BRIDGE,1
101326,"Rock pop, Eve: it's old hat",stovepipe,stovepipe,assemblage,S-T-O-N-E-S-O-D-A,0
53259,Put on important hat for the races,donkeyderby,donkey derby,assemblage,D-O-N-N-E-D C-A-P,0
76115,"Suppose the answer isn't ""a positive Hell""?",inferno,inferno,assemblage,S-U-P-P-O-S-E,0
122359,College getting family groups eviscerated,kings,kings,assemblage,C-L-A-N-S,0
29952,Country sport really regularly cancelled,rural,rural,assemblage,S-P-O-R-T,0
142061,"After comic opera, villager embraces hot bird",mikadopheasant,mikado pheasant,assemblage,GOLDEN PHEASANT,0
70708,"Starbuck's first found here, healthier and with topping",whaler,whaler,assemblage,SWELLS,0
10723,"To one Pope, it spelt danger",alittlelearning,a little learning,assemblage,A SIGNAL WARNING,0
93984,Enduring wish to retain support,longstanding,longstanding,assemblage,LONG-STANDING,1
11750,Put sailors in vessel - they secure wheels on shafts,setscrews,setscrews,assemblage,LINCHPINS,0
27445,Accommodation bit into end of prayer time,apartment,apartment,assemblage,APARTMENT,1
69657,"Set of rules? Something bad, reportedly a burden",syntax,syntax,assemblage,SYNTAX,1
56935,Examine church plant,vetch,vetch,assemblage,VETCH,1
65606,Treat cruelly journalists at work,oppress,oppress,assemblage,OPPRESS,1
114272,A short jacket is dazzling,ablaze,ablaze,assemblage,ABLAZE,1
99905,Plenty in favour of nuclear energy generation,profusion,profusion,assemblage,PROFUSION,1
142194,One who's desperate kicks the bucket and swells,dandies,dandies,assemblage,DISTEND,0
85518,"Old Tory contention, where migrants may be entering Britain",heathrow,heathrow,assemblage,TRAVESTY,0
90494,They'll be there returning thanks over offers made,attenders,attenders,assemblage,ATTENDEES,0
127633,Frequently short of soft paper in gents,squires,squires,assemblage,OFTENLY,0
55519,How you may live if single-minded?,ononesown,on ones own,assemblage,IN ONE MIND,0
136968,Lie about Irish town and county,leitrim,leitrim,assemblage,RELIANT,0
14004,Judge's hooter and saggy jawline,jowl,jowl,assemblage,NOSE,0
97979,Drank to the reporter's completion of duty?,deadline,deadline,assemblage,DRANK-OUT,0
135233,"People like Nero in Rome, always heading back after gold",emperors,emperors,assemblage,ROMANS,0
2788,Wine and cheese: uplifting with a little Gershwin,madeira,madeira,assemblage,CHABLIS,0
135833,Undoing of woman last month involving the opposite sex,annulment,annulment,assemblage,UNRAVEL,0
124971,A painter is very dry outside,tissot,tissot,assemblage,DRYADS,0
55250,"Man holding, as it may be, a dog",alsatian,alsatian,assemblage,HOLDFAST,0
93934,Some say pigs crop up to finish cake,police,police,assemblage,ECSTASY,0
112860,Starts to tell agriculturalists that King Edward is a local spud,tater,tater,assemblage,TAKES,0
18342,"Camels go out here? Hot, missing covers",ashtray,ashtray,assemblage,DESERTS,0
97901,Monster that is spotted south of headland,nessie,nessie,assemblage,KRAKEN,0
93791,Virgin Queen's gone in to communicate,interact,interact,assemblage,ENUNCIATE,0
95309,Missile's explosion leads to wild anger,boomerang,boomerang,assemblage,FIREBRAND,0
5438,Spoilt little brat put on display,impaired,impaired,assemblage,EXHIBITS,0
17520,"One of crowd in old, upturned craft",extra,extra,assemblage,OTARY,0
31824,Previously more of a noble character?,earlier,earlier,assemblage,EARLIER,1
90652,A shameful retreat?,denofvice,den of vice,assemblage,RUN TO HIDE,0
42487,Gold goes up when two firms are after it for decoration,rococo,rococo,assemblage,ROCOCO,1
88375,Good landlord serves spirit,ghost,ghost,assemblage,GHOST,1
63005,"Terrible type leading advance, left to court celebrity",ivanlendl,ivan lendl,assemblage,STAR POWER,0
137206,They try to get opinions among TV audiences,interviewers,interviewers,assemblage,INTERVIEWERS,1
30546,Expression of surprise in Britain with Brit abroad,blimey,blimey,assemblage,EUREKA,0
7260,"Brown tin-opener, one intrinsic flaw",taint,taint,assemblage,STAIN,0
32370,Adviser's first to finish plan,idea,idea,assemblage,AIDE,0
11129,Hairy rebellious Irish broadcaster,risky,risky,assemblage,RADIO,0
112693,On for facsimile,repro,repro,assemblage,REPRO,1
7266,Contamination isn't common,taint,taint,assemblage,DIRTY,0
34772,"Expand ancient site, removing top and installing home guard",enlarge,enlarge,assemblage,ENLARGE,1
32702,"After removing hat and Eros's coat, Greek hero gets cold",chill,chill,assemblage,CHILL,1
110872,Old-time prospector has gone off with the money,sourdough,sourdough,assemblage,GOLD MINER,0
65732,Look after little girl in squalid place - get a medal for it?,decathlon,decathlon,assemblage,SOUVENIRS,0
120880,First entry in old book of songs about fish behind ship's stern mid-ocean!,psalmone,psalm one,assemblage,OPEN SEA,0
116248,"Support it over debts, being well disposed",propitious,propitious,assemblage,PROPITIOUS,1
3166,Elevated books exist as a source of inspiration,erato,erato,assemblage,ERATO,1
92496,Entrance money that was sign of quality,hallmark,hallmark,assemblage,HALLMARK,1
35045,Basket maker that's old raised cash in Brazil once,osier,osier,assemblage,OSIER,1
29412,"V-shaped locks opening, not new, say",widowspeak,widows peak,assemblage,SQUARE LOCKS,0
109253,Queen collected books and Queen was an actress,ellenterry,ellen terry,assemblage,SARAH BERT,0
138375,"Clean tackles, Premier League headers by blue and red United",purple,purple,assemblage,SPRUCE,0
34431,Hector has no right to the insignia,badge,badge,assemblage,BADGE,1
33030,Small carnivore shortened portico,stoa,stoa,assemblage,STOA,1
51657,Return of fabled bird vexed Scottish pirate,corsair,corsair,assemblage,CORSAIR,1
123321,Takeover bid made by the committed buyer,firmoffer,firm offer,assemblage,OPEN OFFER,0
25173,"Hang around, girl!', we say, in period of inactivity",stasis,stasis,assemblage,HIATUS,0
135850,Profane girl lacking seriousness,dishallow,dishallow,assemblage,IRREVERENT,0
66350,Poet turns to take semi-fierce part,divorce,divorce,assemblage,ELEMENT,0
128977,Girl losing her head about allowance a nonsense,irrational,irrational,assemblage,BALDERDASH,0
117155,Duty of extra esteem getting volunteers cross,valueaddedtax,value added tax,assemblage,EXTRA ESTEEM,0
85433,Catch Penny breaking down - love is torture,strappado,strappado,assemblage,TORTURING,0
34410,"Little taste of cheddar cheese, not for game",croquet,croquet,assemblage,SQUASH,0
44114,"Distinguishing feature of beauty contest winner: ostentatious walk, one yard short",sash,sash,assemblage,TRAIT,0
115906,"Dog and horse amongst this odd collection of animals, reportedly",shihtzu,shih tzu,assemblage,CURIO SET,0
26871,Tinker tolerates tripe,fiddlesticks,fiddlesticks,assemblage,INTERFERENCE,0
128024,Plants model on joint poles,treeferns,tree ferns,assemblage,SAGO PALMS,0
55915,River and seafood the French found atrocious,execrable,execrable,assemblage,EXECRABLE,1
142348,"Senseless getting Serco, you said - maybe give someone else the job",outsource,outsource,assemblage,OUTSOURCE,1
18906,Christmas morning? Quietly do a runner,decamp,decamp,assemblage,DECAMP,1
139866,Native warriors quiet and mischievous,impish,impish,assemblage,IMPISH,1
66369,"Slow starter and touchy, I'm easily knocked down",skittle,skittle,assemblage,SENSITIVE,0
129842,First among characters hailed in each fiefdom,chief,chief,assemblage,ALPHA,0
81444,"""Sir"", as he is British originally",sahib,sahib,assemblage,SIR,0
110465,Swede gives you wind? Then take a very little!,gustav,gustav,assemblage,TINY,0
136192,Party with two runners?,carouse,carouse,assemblage,SLEDGES,0
84140,Polls about to close with awful fear around,referenda,referenda,assemblage,SURVEYING,0
30868,Rebel leader in isolated uprising is put on record,enrol,enrol,assemblage,WRITE,0
56047,"Beat vicar and ring up, getting firm with me",overcome,overcome,assemblage,OVERCOME,1
141469,"In yet another way, describing queen the greatest example of this?",inequality,inequality,assemblage,SUPERLATIVE,0
35038,Sporting event in which one has to fire on the run,sackrace,sack race,assemblage,BIATHLON,0
65005,Larks of Arcadia?,amusements,amusements,assemblage,PASTORAL,0
123423,So long coat is actually outselling tops?,ciao,ciao,assemblage,CIAO,1
141712,Unexpected twist in US version of Pound: king taking knight,kicker,kicker,assemblage,SUDORN,0
79593,"Female in woods is crazy, showing no feelings for male",dryad,dryad,assemblage,SADIE,0
129972,Small gardens here a little bit out of place,skewwhiff,skew whiff,assemblage,ROCK GARDEN,0
51683,Season to study ten-cent books,condiment,condiment,assemblage,CONDIMENT,1
65061,Letter sent to a remote station?,outpost,outpost,assemblage,EPISTLE,0
86327,Islands associated with bicentenarian celebration at a lot of temples,galapagos,galapagos,assemblage,S-H-E-T-L-A-N-D-S,0
105531,Check if son is off school again,retrain,retrain,assemblage,RECHECK,0
114997,"Coin ""river horse"", perhaps, for this large beast?",rhinoceros,rhinoceros,assemblage,PACHYDERMS,0
139092,Cleaning mess - what's humiliating about that?,shampooing,shampooing,assemblage,SHAMPOOING,1
109750,Lower classes intended mutiny,defiance,defiance,assemblage,SUBDIVIDE,0
138552,Set up celebrity with young man from the fifties,started,started,assemblage,INSTALL,0
98041,"Outdo ""Vote for Clegg"" on the radio",picnic,picnic,assemblage,EXCEED,0
37240,Dog brought up beer,airedale,airedale,assemblage,RETRIVER,0
37125,"Guided by instinct, did nothing",idled,idled,assemblage,IDLED,1
15291,Excessive gushing from paramours wanting large contraceptive,overspill,overspill,assemblage,OVERSPILL,1
60913,Scottish city will shortly report finished business,donedeal,done deal,assemblage,DONE DEAL,1
2721,Weird when retiring perfectly fit fighters,samurai,samurai,assemblage,SAMURAI,1
135561,Finished by topping aristocrats,uppercrust,upper crust,assemblage,CLEAN SWEEP,0
134671,"Small range, one in city state",slovenia,slovenia,assemblage,SINGAPORE,0
48118,Stake zero in space rockets,paling,paling,assemblage,S-C-O-O-T-S,0
71470,Dress container found in car,gearbox,gearbox,assemblage,CARCASE,0
95401,"Very busy, being occupied with personal viewers",uptooneseyes,up to ones eyes,assemblage,AS BUSY AS A BEE,0
21212,Moon rocket gets ahead on oxygen,apollo,apollo,assemblage,APOLLO,1
84415,Old bird sitting on pole is grouse,moan,moan,assemblage,BEEF,0
422,Posh jerks welcoming qualified person's advance,upgrade,upgrade,assemblage,UPGRADE,1
803,Topless vicar? That's flaming wrong!,arson,arson,assemblage,ARSON,1
58106,"Country house like this cut rent, previously",lesotho,lesotho,assemblage,CHATEAU,0
100954,Check old song picked up in music halls,auditoria,auditoria,assemblage,RECHECKED,0
106971,"Stand by, I'm near plastic vessel",submarine,submarine,assemblage,STATIONED,0
137445,Article on women's muscle,thew,thew,assemblage,BICEP,0
14617,American saying proper farewell,adieu,adieu,assemblage,ADIEU,1
132963,Something pour le weekend in this?,franglais,franglais,assemblage,S-T-A-Y-C-A-T-I-O-N,0
21800,A representative is admitted back in the old country,persia,persia,assemblage,S-P-A-I-N-S,0
19858,A northern port somewhere in Hampshire,andover,andover,assemblage,ANDOVER,1
67530,Wrong application is filed by brood,misuse,misuse,assemblage,MISUSE,1
118872,Risk involved with a novice heard playing the bagpipes,skirl,skirl,assemblage,PERIL,0
127663,"Double letter with double letters spelled out as ""fraud""",wouldbe,would be,assemblage,SELLS IT,0
106554,Island unknown for being comfortable,cosy,cosy,assemblage,EASY,0
88124,Writer's love movie,ovid,ovid,assemblage,FILM,0
96506,"Two deceivers, the second lacking a device with teeth",ratchet,ratchet,assemblage,SPROCKET,0
121383,Perhaps Horace is aware of pronounced facial feature?,romannose,roman nose,assemblage,ROMAN NOSE,1
132374,"Unconscious chap in parent, wally",dunderhead,dunderhead,assemblage,SIMPLETON,0
85816,Practises and secures top spin,prosecutes,prosecutes,assemblage,EXERCISES,0
121249,"One's bald head at first appearing stupid, very pale on top",ashblonde,ash blonde,assemblage,OFF WHITE,0
64466,"Standard loom attached to knitted fabric, briefly",tricolour,tricolour,assemblage,SQUARENESS,0
24611,"Mother, perhaps first of women in family environment",wife,wife,assemblage,WOMB,0
63536,"Defector's case dismissed - exercise privilege, ultimately",escapee,escapee,assemblage,TRAITOR,0
49694,Butter up quartermistress,smarm,smarm,assemblage,SMEAR,0
43340,"Hard or firm, call commercial breaks shrewd business",horsetrading,horse trading,assemblage,CLOSE SHAVING,0
99713,Former dictator's unhappy parent,saddam,saddam,assemblage,SADDAM,1
48134,A Labour leader takes many shares out,allots,allots,assemblage,ALLOTS,1
30044,Entire sprinters' centre led great comeback,integral,integral,assemblage,INTEGRAL,1
22605,Growth is said to follow popular demand,insist,insist,assemblage,INCREASE,0
125334,Always chasing black horse,bay,bay,assemblage,BAY,1
94110,"After ten years, North Carolina has the first bit of evidence of corruption",decadence,decadence,assemblage,DECADENCE,1
128852,Improvement in how sappers are deployed?,reformation,reformation,assemblage,AMELIORATION,0
2189,False impression from Conservative: give him time,chimera,chimera,assemblage,CHIMERA,1
102142,"""Victory"" - focus of flagship vessel to find a measure of knots, say?",wingspan,wingspan,assemblage,WINDSKIP,0
44795,Study bill for dispatch,consign,consign,assemblage,CONSIGN,1
119160,To drop all value of French artist is English,demonetise,demonetise,assemblage,DEGENERATE,0
122370,"Yields to Julian Clary and Lily Savage, perhaps?",outturns,outturns,assemblage,RETURNS,0
134315,Perfume for female Indian of rank holding an animal back,frangipani,frangipani,assemblage,FRAGRANCE,0
35425,Order thesaurus in online form?,edict,edict,assemblage,ARRAY,0
23389,Broad English chronicler,trollope,trollope,assemblage,EXTENDED,0
9338,Stuff with metal core at bottom of river,taffeta,taffeta,assemblage,BEDDING,0
55522,"Roots of any really admirable, unusual clue and reliably intriguing answer produce a puzzling growth",araucaria,araucaria,assemblage,ARAUCARIA,1
36796,Munch: perhaps I start to crunch,artist,artist,assemblage,SAYIC,0
72106,Sleuth on heroin has no record at the Yard; this shows how it's done,technology,technology,assemblage,HYPOTHESIS,0
32529,Downhearted little brother kept away,brownedoff,browned off,assemblage,CAST OFF,0
137346,Numbers following inverse of a binary number,laudanum,laudanum,assemblage,NUMERICS,0
128511,Colleague's role facing loveless persecutor,partner,partner,assemblage,OPPRESS,0
59212,Series of notes for musician to travel around new islands,glissando,glissando,assemblage,S-O-L-F-E-G-G-I-O,0
44010,Left-wing enthusiastic journalists turning up in the grasp of a lord are captive survivors,peredavidsdeer,pere davids deer,assemblage,PRISONERS OF WAR,0
39166,Hollywood actress's short dress,garb,garb,assemblage,SARI,0
10474,Scored quickly with pressure before interval at Oval,presto,presto,assemblage,PRESTO,1
69565,"Without warning, calls ""Don't be proud!""",dropsin,drops in,assemblage,SUDDEN LY,0
36883,Leave behind away kit,outstrip,outstrip,assemblage,OUTSTRIP,1
53809,Wrangler does without club,debater,debater,assemblage,SANS-BAT,0
100137,What dictionaries do about it is quite clear,definite,definite,assemblage,DEFINING,0
137797,Unknown Tory in baffling exposé,exclusive,exclusive,assemblage,EXPOSITORY,0
99466,"Return once more in dance, pirouetting etc",reelect,re elect,assemblage,RE-DANCE,0
123147,"He helps priest change, we hear, by holding ring",altarboy,altar boy,assemblage,S-T-A-L-L B-O-Y,0
82647,Being short of one million on card game,impatience,impatience,assemblage,MILLIONAIRE,0
135298,Worker wants small animal with temper as a variety act prop,handpuppet,hand puppet,assemblage,S-E-A-L-I-O-N S-H-O-W,0
126634,Player on the wings fit and well when the Reds struggled in Europe,praguespring,prague spring,assemblage,S-T-A-G-E-W-R-I-G-H-T-S,0
32163,Biased team and what may be done about it,onesided,one sided,assemblage,T-H-E-S-E D-A-Y-S,0
19916,Vessel - showing its nationality?,flagon,flagon,assemblage,C-A-N-O-E-S,0
7255,Unlocked and shared out moonshine,balderdash,balderdash,assemblage,U-N-S-H-A-C-K-L-E-D,0
89383,"Fixity of purpose is needed by fast bowler, as before",willis,willis,assemblage,S-T-E-A-D-Y,0
4813,"Relative beginners to needlework, in each case expecting",niece,niece,assemblage,A-N-T-I-C,0
15818,Eclipse brings alfresco party?,outdo,outdo,assemblage,S-O-L-A-R,0
92106,Finished with employment involving excessive toil,overwork,overwork,assemblage,E-N-D-U-R-I-N-G,0
58205,"Cold, cold belly",craw,craw,assemblage,I-C-E-D,0
106261,Write up on the greatest Asian,nepali,nepali,assemblage,TIBETAN,0
102430,Flying female monkey call,tinkerbell,tinker bell,assemblage,SQUARE CALL,0
109043,Relief on return of special book,psalms,psalms,assemblage,SOLACE,0
12000,Talk flirtatiously to Tom in Paris at university,chatup,chat up,assemblage,CHAT UP,1
61845,Fearful player in a scrum,awestruck,awestruck,assemblage,TREMULOUS,0
52525,A nameless sentimentalist - like Basil?,aromatic,aromatic,assemblage,AROMATIC,1
39728,Charlie gets a shock from this - fatally so,chair,chair,assemblage,SCARE,0
57460,"I'd return, say, to ring James in Spain",diego,diego,assemblage,DIEGO,1
94054,Poet Virgil's last letter to head,lear,lear,assemblage,POLE,0
61565,"Though in favour of an offer, say no",forbid,forbid,assemblage,FORBID,1
47854,Measure record found in sack,depose,depose,assemblage,BAGGED,0
127649,"Hard looking after number one, when fellow out back is a renowned labourer",heracles,heracles,assemblage,HANDYMAN,0
132391,College oddly calm with undergraduate finally in cell,corpuscle,corpuscle,assemblage,ACADEMICS,0
86547,"Predator's call reported, that is to say, to court",tuwhittuwhoo,tu whit tu whoo,assemblage,BY WORD OF MOUTH,0
88809,Western baddie circle,wheel,wheel,assemblage,ROUND,0
26821,Dress with the end let out,raiment,raiment,assemblage,DRESSED,0
55772,Comprehensive kid after information,generic,generic,assemblage,INFO-KID,0
125583,Checking people of fashion in English resort,bridlington,bridlington,assemblage,POLICING-MAN,0
141064,Extra appointment for teacher? This could delay notification,secondclasspost,second class post,assemblage,SECOND STAGE CALL,0
35735,Gallant companion to girl right out of fairy tale,chevalier,chevalier,assemblage,COURTIER,0
71285,Former cargo ship docked by Russian river outside city walls,extramural,extramural,assemblage,EX-CARGO-SHIP,0
126431,Back plan's no good - upsetting and painful,agonised,agonised,assemblage,SPLANCHN,0
78204,A winter in France going topless? A joke everywhere,universally,universally,assemblage,UBIQUITOUS,0
115011,Lines in support of love by female author,ohenry,o henry,assemblage,A-S-S-I-S-T,0
81074,More or less impartial before a contest,justabout,just about,assemblage,FAIR-S-T-A-T-E,0
19625,Last to finish with majority,endmost,endmost,assemblage,UTMOST,0
5874,Many a girl in the city,chester,chester,assemblage,ANY-CITY,0
39143,Rubber plant found by the shore,sanderling,sanderling,assemblage,S-E-A-S-H-O-R-E-S,0
114909,Articulate way of speaking is a plus in post,expressdelivery,express delivery,assemblage,S-P-O-K-E-N-W-O-R-D-S,0
137517,Old boy dances with wife during Black Sabbath hits,bodyblows,body blows,assemblage,B-L-A-C-K-S-A-B-B-A-T-H,0
134226,"Coalition supplied balance, ultimately helping?",federation,federation,assemblage,FEDERATION,1
20306,Creature of air (male) to take to water,bathe,bathe,assemblage,HERON,0
72732,Snake and dog in crafty contest,boatrace,boat race,assemblage,COIL RACE,0
90347,Account that's due showing effect of inflation,billowing,billowing,assemblage,BILLOWING,1
43356,Enthusiastic jazz singer behind London theatre,lyrical,lyrical,assemblage,ZEALOUS,0
96613,Good worker tackling tip of iceberg in Titanic,giant,giant,assemblage,GIANT,1
96705,"US shooter backing renegade, rogue nation",tarantino,tarantino,assemblage,S-T-A-T-E-S-M-A-N,0
54768,Girl returned on time with ace - of diamonds?,eustace,eustace,assemblage,ADAMANT,0
87671,Shot decent score in golf? Caddie regularly records ranking,hitparade,hit parade,assemblage,PAR COURSE,0
3115,Trainee lyricist secures a large job,learner,learner,assemblage,LEARNER,1
38987,Hawk lifts royal sheep above the tops of elm trees,market,market,assemblage,OSPREY,0
56256,Suspicious bag unopened,iffy,iffy,assemblage,SACK,0
25421,Grassy meadow provided pasture,leafed,leafed,assemblage,PRAIRIE,0
13210,Ways artist's lifted up magazine,arsenal,arsenal,assemblage,AVENUES,0
4493,Grim looking under fly in soup,unfriendly,unfriendly,assemblage,TERRIFYING,0
113918,"Small present wife returns, about to end in acrimonious, bitter blows",snowstorms,snowstorms,assemblage,SNOWSTORMS,1
135739,"Me, by vodka shot (having skipped introductions), put on floor",kayoed,kayoed,assemblage,STRIKE,0
98017,Here dragons floor the war department band,komodo,komodo,assemblage,S-T-U-N-W-O,0
73050,Soccer bosses left in dark opening,fanlight,fanlight,assemblage,F-I-F-A-L-O-P,0
85597,Father takes on arbitrators in quarrel,fracas,fracas,assemblage,STRIFE,0
61117,Speech to put off by replacing silver with a bit of it,discourse,discourse,assemblage,ORATIONES,0
102006,Birds avoiding the last half of mighty storms,migrants,migrants,assemblage,CYCLONES,0
69349,God in charge? There's no peace here,panic,panic,assemblage,PANIC,1
118008,"One working with Morse, radio operator in part of London",lewisham,lewisham,assemblage,HAMSTEAD,0
31918,Go on without PR for scary female,ogress,ogress,assemblage,MEDUSA,0
128975,I am shortly to be taking part in a council election - what an idiot!,imbecile,imbecile,assemblage,IMBECILE,1
96165,Pluck model instrument,spinet,spinet,assemblage,GUITAR,0
108341,What's triple-layered? The answer's somewhat coincidental,threeply,three ply,assemblage,THREE TIER,0
27477,Players' last practice session covered up,dressrehearsal,dress rehearsal,assemblage,DRESS REHEARSAL,1
16521,Song with a retrospective melody,aria,aria,assemblage,ARIA,1
133497,Make new home right above East Yorkshire town,resettle,resettle,assemblage,REHOUSE,0
39074,Some regularly flee rising pollution,smog,smog,assemblage,MIRE,0
117727,"Mountain climbing and sailing not hard, so unconvincing performance",playacting,play acting,assemblage,PLAY ACTING,1
134644,It should be impossible to pick husband largely on chum's tip,chubb,chubb,assemblage,UNMET,0
43180,Joke with a lady?,gaga,gaga,assemblage,SALLY,0
93781,Land makes outlaw happy and he's reformed,bangladesh,bangladesh,assemblage,BANGLADESH,1
50020,Stops at a nice part? How wicked!,satanic,satanic,assemblage,VICIOUS,0
104711,Firm with policies making home safer?,insurer,insurer,assemblage,SECURER,0
129008,"Atmosphere Longfellow captures in no time, poetically",erelong,erelong,assemblage,AETHERY,0
122942,Islander initially shot a grouse,samoan,samoan,assemblage,IFIRED,0
18442,The Queen right or wrong?,error,error,assemblage,ERROR,1
109077,"Slowly shift PC and get Apple, good but oddly deficient",plod,plod,assemblage,DRAG,0
90377,Journalist's one man that could be a leader,editorial,editorial,assemblage,EDITORIAL,1
74985,Greek island with hot club,cosh,cosh,assemblage,IRON,0
83069,Old robbers ignoring opening for recreational drugs,opiates,opiates,assemblage,OPIATES,1
62470,First bit of chapped skin? Tear off a strip,chide,chide,assemblage,SHRED,0
121596,Great place for thieves cased by bent police officer,superintendent,superintendent,assemblage,CONSPIRATORIAL,0
14514,"Last runner through Yorkshire, last",endure,endure,assemblage,LATEST,0
42584,Group to get off when torched?,setalight,set alight,assemblage,THE BRIGADE,0
84765,Flower given to darling creates effect,execute,execute,assemblage,IMPRESS,0
96588,Drug joint's menu item?,potroast,pot roast,assemblage,POT ROAST,1
15635,Oval jugs made by a former foreign hand,jugoslav,jugoslav,assemblage,ELLIPTIC,0
7383,There's little shelter from drink - one needs the poison,portico,portico,assemblage,ACONITE,0
75638,Boy attending a musical performance,sonata,sonata,assemblage,SONATA,1
110062,City presenting huge temptation for gardener,bigapple,big apple,assemblage,LAS VEGAS,0
29751,Cardboard saint upset in Kent?,whitstable,whitstable,assemblage,CORRUGATED,0
57830,Arctic rocks unmoved,icecold,ice cold,assemblage,ICE COLD,1
59751,Shrub from which bee pursues mum,madrone,madrone,assemblage,BRAMBLE,0
85781,I'm not sure young scientist should be in cast - it's torture,thumbscrew,thumbscrew,assemblage,EXCRUCIATE,0
14029,Fine-tune vehicle,goodstrain,goods train,assemblage,SOUND CHECK,0
116431,Alternative stock market's not so unpredictable,aimless,aimless,assemblage,VARIANT,0
67865,Readiness to lose belief without very good deed,defeatism,defeatism,assemblage,WILLINGLY,0
127081,"Where, in London, dozens of tradesmen are generous?",bakerstreet,baker street,assemblage,FLEET STREET,0
29064,Transport of fury (or vice versa),roadrage,road rage,assemblage,ROAD RAGE,1
130578,Week remains Doris's cleaning time?,washday,washday,assemblage,WASHDAY,1
114917,Nationalist in touch with affection's tumult,patriot,patriot,assemblage,STATIST,0
49551,Check straps of underwear,scanties,scanties,assemblage,BRACKETS,0
47584,Fruit producer on a poultry-farm?,eggplant,eggplant,assemblage,EGGPLANT,1
50043,A male doctor's rounds,ammo,ammo,assemblage,AMMO,1
70240,Supposed origin of president's diary in taxi at home,logcabin,log cabin,assemblage,LOG CABIN,1
52162,Report of a couple of fruits producing disease,beriberi,beriberi,assemblage,SCARLATINA,0
62221,"Plain menu appearing all fancy, finally",ugly,ugly,assemblage,UGLY,1
15486,A lake fed by a river (more like the Dead Sea?),aral,aral,assemblage,ARAL,1
137989,Male with a zip cut old wooden bowl,mazer,mazer,assemblage,MAZER,1
97024,"Left in after this time, so upset clovers",ladinos,ladinos,assemblage,TREFOIL,0
4940,Consternation at sweet potatoes I'd brought up,dismay,dismay,assemblage,DISMAY,1
102763,One with obsessive interest about fish,tuna,tuna,assemblage,TUNA,1
9918,"Carriages to inflict damage on joints, we hear",hackneys,hackneys,assemblage,HANSOMS,0
40661,The craft of dressing?,sauceboat,sauceboat,assemblage,MILLINERY,0
36991,Infection around spot needs cream applied regularly,cholera,cholera,assemblage,SEPTICS,0
135031,"You, on boat's capsizing, may give something less than three cheers",yesbut,yes but,assemblage,HIP HIP,0
37134,Pick holes in garment with a run in it,carp,carp,assemblage,CARP,1
59280,Wise duke upset top drawer,degas,degas,assemblage,DEGAS,1
35533,Run and puff - clergyman required,administer,administer,assemblage,PROTESTANT,0
18901,Run off with a politician after last month,decamp,decamp,assemblage,DECAMP,1
59202,"Governed by air, its function is to give resilience under foot",underlay,underlay,assemblage,AIRSOLED,0
83356,A suitable sucker?,tailorsdummy,tailors dummy,assemblage,SIPPING STRAW,0
47816,Politicians get the point first in these jokes,stories,stories,assemblage,STORIES,1
21827,"Outline result, if arsenic mixed with oxygen",scenario,scenario,assemblage,SYNOPSIS,0
83852,Material point to occupation,linen,linen,assemblage,POINT,0
106205,Sick records written up by week,spew,spew,assemblage,SICK,0
104388,"New proof is put to ninety-nine, half-asleep",soporific,soporific,assemblage,SNOOZING,0
6561,Would you see railwaymen as a result of taking this approach?,runup,run up,assemblage,BY WAY,0
61685,Shows great confidence with props and one's material,strutsonesstuff,struts ones stuff,assemblage,STRUTS ONE'S STUFF,1
115277,School actors downloaded recording,podcast,podcast,assemblage,PODCAST,1
88418,Servitude when the majority take everything,thrall,thrall,assemblage,THRALL,1
32709,Bird cooked around noon for correspondent,penfriend,penfriend,assemblage,SECRETARY,0
141586,"Breaking hand, return to a bit of carpentry",mitrejoint,mitre joint,assemblage,TENON JOINT,0
104822,"Second double entendre, perhaps, suggests going for a slash?",swordplay,swordplay,assemblage,PUNCTURE,0
16678,"Union leader is more confident, having taken much interest",usurer,usurer,assemblage,SOVIET,0
17571,Too much of pals to finish off with round of golf,also,also,assemblage,GLUT,0
99753,Agent is fine performer,factor,factor,assemblage,FACTOR,1
72061,"Teach a king English, with an hour off for a bite?",teacake,teacake,assemblage,SNOOPER,0
79580,Wait for time in bathroom,bidet,bidet,assemblage,BIDE,0
46726,"Enigmatic, keen and in charge, set about exercising",cryptic,cryptic,assemblage,CRYPTIC,1
134722,"They hang from the neck of special friend, married on the rebound",dewlaps,dewlaps,assemblage,PENDANT,0
45152,"Darkness is short, but not far away",nigh,nigh,assemblage,NEAR,0
80480,En voyage without information and refusing accommodation,intransigent,intransigent,assemblage,DISENVOYED,0
8748,Conclude there's no getting out of hell,infer,infer,assemblage,INFER,1
20503,Girl cuts end off trousers,jean,jean,assemblage,PANT,0
108803,Dud and Pete's initial prominence,bump,bump,assemblage,DUDY,0
84311,Time to request church to provide a working party,taskforce,task force,assemblage,TASK FORCE,1
88152,"Breakdown in relations for tabloid, which is charged having pursued princess",disunion,disunion,assemblage,RUPTURED,0
77398,Better order meal before I make a speech,ameliorate,ameliorate,assemblage,ORATORICAL,0
20651,Back massage by Norse causes skin injury,burn,burn,assemblage,SORE,0
88936,Sweet that's lavish in nuts,bananafritters,banana fritters,assemblage,CANDIED WALNUTS,0
76353,Return note with grass blade,knife,knife,assemblage,REED,0
16581,Long snake put down with anger,aspire,aspire,assemblage,PYTHON,0
138683,"Constantly reproducing, much like anti-abortionists, I see",prolific,prolific,assemblage,PROLIFIC,1
125406,Dispose of at a higher price,sellup,sell up,assemblage,SELL UP,1
110389,"Nobleman to bail out in a metropolis, having to carry can",accountability,accountability,assemblage,CONSTITUTIONAL,0
65952,Expert locks up old books without delay,pronto,pronto,assemblage,PRONTO,1
87935,Poor ascent is difficult,hardup,hard up,assemblage,HARD UP,1
138291,Up to date on focus again,recentre,recentre,assemblage,RECENTER,0
60488,"US polar explorer - and aviator, by the way",byrd,byrd,assemblage,BYRD,1
80487,Hate journalist over investigation,detest,detest,assemblage,DETEST,1
62078,Guided minister of German blood to devour poor Kent,blunkett,blunkett,assemblage,STEERED,0
26882,The French fellow at match gets space to manoeuvre,legroom,legroom,assemblage,LEEWAY,0
78612,Place in a mess with habit of every character,alphabetic,alphabetic,assemblage,SETTLEMENT,0
57293,Balance regarded as fit by French banker,equipoise,equipoise,assemblage,EQUILIBRE,0
78783,A sign of emotional entanglement,loveknot,love knot,assemblage,LOVE KNOT,1
106316,Work of Da Vinci remains superior,lastsupper,last supper,assemblage,LAST SUPPER,1
78687,Cook cabbage - it's said to be a scientific principle,boyleslaw,boyles law,assemblage,STOKES LAW,0
105839,Island puts down pets,cossets,cossets,assemblage,SARDINA,0
78023,Road surface touched a river from behind,macadam,macadam,assemblage,MACADAM,1
34848,First man to be a mother,adam,adam,assemblage,ADAM,1
24738,Sort of entertainment seen as turning weary,satire,satire,assemblage,SATIRE,1
26618,"Stone me! Belonged to you a long time ago, in a way",amethyst,amethyst,assemblage,SYENITE,0
114871,What is written in the first half of November?,shortstory,short story,assemblage,NOVEL EMBER,0
86972,"Crack cocaine's heading into US city, providing financial stability",solvency,solvency,assemblage,SOLVENCY,1
17818,Providing back-up when company is a failure,fiasco,fiasco,assemblage,SECOND,0
20824,Contradict Yankee after study,deny,deny,assemblage,DENY,1
133143,"Insult the sovereign, say, when changing sides at the front like a traitor",disloyal,disloyal,assemblage,RENEGADE,0
38740,Old Shakespearean wino denied victory - this to add flavour?,oregano,oregano,assemblage,VANILLA,0
63733,Low sound and soft to carry with difficulty,hump,hump,assemblage,HUMP,1
101932,Winter trip?,fallover,fall over,assemblage,SLED RIDE,0
89522,Desolation of writer coming to a head,wilderness,wilderness,assemblage,WILDERNESS,1
53290,Consumer zone sounding like Biblical charity gig?,arcade,arcade,assemblage,OZONIC,0
114429,Strike supported by a devout Buddhist,lama,lama,assemblage,SZEN,0
75025,Went round green filling in two holes in order,overtook,overtook,assemblage,STRAIGHT,0
73213,American bar with players - tense meeting at the end,abutment,abutment,assemblage,CASTANET,0
54849,"Win over Germany is a romp, oddly",disarm,disarm,assemblage,SEDUCE,0
42188,"A medic attending university student, six-footer not confined to bed",ambulant,ambulant,assemblage,STRETCHER,0
108615,Perhaps banks lending capital make a killing,slay,slay,assemblage,SLAY,1
105325,Cold tops in container for ice or snow,cocaine,cocaine,assemblage,SNOWCAP,0
90781,Bread's an inflationary force on US money,pumpernickel,pumpernickel,assemblage,BAKERSDOZENS,0
50869,Bookish American must leave - that's flat!,studio,studio,assemblage,STUDIO,1
19438,Top sculptor's god?,odin,odin,assemblage,THOR,0
82087,One may retire in this close match,nightie,nightie,assemblage,BEDTIME,0
31527,Community programme involves university lecture about electrical resistance,outreach,outreach,assemblage,SOCIABLE,0
79338,Declare numbskull never stopped eating,asseverate,asseverate,assemblage,PRONOUNCED,0
78111,"Test place for Benaud, say, evokes free style compositions",capricci,capricci,assemblage,FANTASIA,0
121595,Is a solicitor involved in resumption?,importunes,importunes,assemblage,REASSUMING,0
100512,Frightened editor has a wound that's healed,scared,scared,assemblage,SCARED,1
91383,To understand nearly all of Italy is a drug,digitalis,digitalis,assemblage,MORPHINE,0
20173,A hundred too old to get press write-up?,coverage,coverage,assemblage,COVERAGE,1
79730,"Noted man being taken to court, this the result?",verdict,verdict,assemblage,VERDICT,1
30662,"Cosily small, given space eventually",intime,in time,assemblage,AT EASE,0
89173,"Tooting, formerly, also housed branch of husbandry",beekeeping,beekeeping,assemblage,ARBORISTRY,0
136200,Tastelessness of cod Iceland found in Arctic,indelicacy,indelicacy,assemblage,INSIPIDITY,0
109846,Decisive blow with a bit of a strike for money,kopeck,kopeck,assemblage,COUPON,0
21538,Enthusiastic about the French and their country - female lacking bigotry,intolerance,intolerance,assemblage,TOLERANTISM,0
28441,See Moor's scabbard,sheath,sheath,assemblage,SHEATH,1
53970,Diabolical ally is dropping King Henry the First,fiendish,fiendish,assemblage,SINISTER,0
23928,Issue half of them before a race,emanation,emanation,assemblage,OFFSPRING,0
116019,Certainly no malt house get away up North,hooch,hooch,assemblage,SURELY,0
37925,He killed a couple of fools in the end,assassin,assassin,assemblage,ASSASSIN,1
108965,Home with police turning up to get rebellious youth charged,indicted,indicted,assemblage,INDICTED,1
11177,Hollow bishop with a thing to be confessed?,basin,basin,assemblage,BASIN,1
33548,A support thus returned is appropriate,apropos,apropos,assemblage,SUITABLE,0
34746,Apologising for oriental thingumajig in competent dish,eatinghumblepie,eating humble pie,assemblage,SORRY E GADGET ABLE,0
101881,Might girl's back be her best attribute?,mainasset,main asset,assemblage,MAIN ASSET,1
16441,Put cap on after knocking back drink of Pale,pallid,pallid,assemblage,SALLOW,0
137212,Wherewithal to cut music man's topknot,knives,knives,assemblage,MEANS,0
83519,A campanologist is late - or something very like it,deadringer,dead ringer,assemblage,DEAD RINGER,1
132350,Start again and again in the event,triplejump,triple jump,assemblage,REPEAT CASE,0
59112,It's an offence to go to a part of Putin's Russia,crimea,crimea,assemblage,CRIMEA,1
61024,Operatic prince to leave in unending anger,igor,igor,assemblage,RAGE,0
36407,"Belt designed by teacher without a wife, so it's said",surcingle,surcingle,assemblage,STRAPLESS,0
100650,Little copy from single credit in second class,microform,microform,assemblage,SCRIPTION,0
96770,Old craft displayed by great striker keeping City up,arkroyal,ark royal,assemblage,TRI REME,0
116589,Just keeps going when credit's no longer available,ticksover,ticks over,assemblage,STILL TICK,0
55314,Drunk given prison sentence none too soon,hightime,high time,assemblage,HIGH TIME,1
72992,Group for the clever chaps observed losing weight,mensa,mensa,assemblage,MENSA,1
48036,Case of Julia ignoring odd parts after film,etui,etui,assemblage,ETUI,1
104137,"It's cheek to require money first, even for an essential part of Christmas dinner",breadsauce,bread sauce,assemblage,BREAD SAUCE,1
6873,Ripped up one chapter with a steamy line,erotic,erotic,assemblage,SASHED,0
50529,Exhibit plastered and completely sealed,airtight,airtight,assemblage,AIRTIGHT,1
33967,Piece of branch with shoot on it,firearm,firearm,assemblage,SPOUTED,0
50384,Fool gets all Yorkshire to make hard cases,nitridings,nitridings,assemblage,ASYLUMS,0
119520,Drop feathers in trash,teardown,tear down,assemblage,SHED SKIN,0
96046,Relative to help people out - a social worker around university,maidenaunt,maiden aunt,assemblage,SISTER TOWN,0
100352,"It's possible, without hesitation, to produce puzzles",posers,posers,assemblage,POSERS,1
91024,Suggestion for objective in union amalgamation,innuendo,innuendo,assemblage,PROPOSAL,0
120097,Popular cops in Paris secure square deals,inflicts,inflicts,assemblage,INFLICTS,1
4906,Number for five-a-side? Any number is required for game,tennis,tennis,assemblage,TENNIS,1
112065,Theatres where they now indulge in games of bingo,playhouses,playhouses,assemblage,OPERATIONS,0
106969,At sea as number one in warship,submarine,submarine,assemblage,DESTROYER,0
91456,Swine on time for part of pig,trotter,trotter,assemblage,PIGTAIL,0
100450,Little old lady close to Russian revolutionary,minuteman,minuteman,assemblage,BABUSHKA,0
75576,"Heart of the metropolis, is it?",citycentre,city centre,assemblage,CITY CENTRE,1
81555,Leg bound to be broken by heavy stick,bludgeon,bludgeon,assemblage,BLUDGEON,1
118879,Ways to convert weapons,turnpikes,turnpikes,assemblage,S-T-R-A-T-E-G-E-M,0
107746,Hitting the monarch with a turned-up nose,knocking,knocking,assemblage,S-P-A-N-K-I-N-G,0
128496,One that's played with Pelé and Lukaku recalled a King Power outing,ukulele,ukulele,assemblage,S-T-R-I-K-E-R,0
56756,Gets the impression my return passage started yesterday - pity!,feelsympathy,feel sympathy,assemblage,T-A-K-E-S I-M-P-R-E-S-S,0
127189,Pickled cucumber not hot in food sent back - here?,burgerking,burger king,assemblage,B-R-I-N-E-D F-O-O-D,0
15832,Obsolete function is better,outdo,outdo,assemblage,O-U-T-D-O,1
115918,Treetop bats round lake practise thought transference?,teleport,teleport,assemblage,T-E-L-E-P-A-T-H,0
65935,Issue about drug that's exactly right,spoton,spot on,assemblage,S-P-O-T O-N,1
133738,She oversaw agriculture before entering civil service,ceres,ceres,assemblage,A-G-N-E-S,0
44126,Flirt offering a kiss after thirty seconds?,minx,minx,assemblage,T-E-A-S-E,0
60669,Last drink of the day with a bird,nightjar,nightjar,assemblage,C-O-C-K-T-A-I-L,0
96527,Slack dandy stealing Helen's heart with heartless ploy,floppy,floppy,assemblage,L-A-X-I-T-Y,0
123103,It's about a pound in English money,decusettutamen,decus et tutamen,assemblage,P-O-U-N-D S-T-E-R-L-I-N-G,0
130106,"Flower arrangement of Eliza Doolittle's second to be interrupted by school, twice",eschscholzia,eschscholzia,assemblage,C-H-R-Y-S-A-N-T-H-E-M-U-M,0
16638,Fight for way to reign over horse,struggle,struggle,assemblage,S-T-R-U-G-G-L-E,1
60751,"Where barcarolle may be heard by ""The King and I"" singer?",rialto,rialto,assemblage,V-E-N-I-C-E,0
17680,Take a double role in part of play,acttwo,act two,assemblage,S-I-D-E-L-I-N-E,0
140989,"Expressed regret for euro, say",roo,roo,assemblage,R-U-E,0
100528,A catch in the neighbourhood,around,around,assemblage,L-O-C-A-L-S,0
141023,"Grouse stew a strong, rancid dish",beefstroganoff,beef stroganoff,assemblage,S-T-E-W-A-R-D-S-H-I-P,0
12321,Share everything the writer put into book collections,allotment,allotment,assemblage,A-L-L-O-T-M-E-N-T,1
123890,"Runner with some excellence, or one just as good",coequal,coequal,assemblage,E-Q-U-A-L-L-Y,0
122715,One-time royal command variety show performer,jester,jester,assemblage,E-D-I-C-T-S,0
60625,"For starters, naturally I'm nimble - Japanese assassin?",ninja,ninja,assemblage,N-I-N-J-A,1
97781,Knucklehead and blockhead join together,knit,knit,assemblage,K-N-O-T,0
40498,Company of high-fliers,aircrew,aircrew,assemblage,A-I-R-L-I-N-E,0
96826,"Setter's at work, doubled up, backing onto cool, filthy beasts",hippopotami,hippopotami,assemblage,C-O-P-P-I-C-E-S-C-O-O-L,0
126729,Graduate as a footballer?,halfback,halfback,assemblage,A-C-A-D-E-M-I-C,0
6804,English spirit? Little left in a Scottish place,elgin,elgin,assemblage,ELGIN,1
56863,Suppress government's initial report,bang,bang,assemblage,BANG,1
38625,Punk playing loud interrupts household no end,hoodlum,hoodlum,assemblage,SPOILED,0
76104,Surrounded by a dwarf endlessly somersaulting,among,among,assemblage,AMONG,1
118543,Sheep enclosure collie emptied for a little bread,tuppence,tuppence,assemblage,PITTANCE,0
121885,European river labelled American?,tagus,tagus,assemblage,RHONE,0
46807,Space at front of border for plant,embed,embed,assemblage,BROOM,0
65408,"Head down south, be away - it's painful!",achy,achy,assemblage,SORE,0
59634,Get shot of Sun model after turning over papers,dispose,dispose,assemblage,DISMISS,0
111329,Basis of sweet course in times past: a lot of ale,sconce,sconce,assemblage,GELATO,0
56988,"Popular, like Jersey-Ibiza return?",demotic,demotic,assemblage,IN STYLE,0
104193,Western in which sharp or flat blood group's altered,occidental,occidental,assemblage,OCCIDENTAL,1
90760,Leave it houseroom for the doctor's hearing aid?,stethoscope,stethoscope,assemblage,STETHOSCOPE,1
136024,Stop fighting egghead in glasses!,stemware,stemware,assemblage,SQUELCH,0
110881,Mini taken by environmentalist crew (imagined threat to our planet?),littlegreenmen,little green men,assemblage,LITTLE GREEN MEN,1
133434,"What a sidekick plays, using spare racket",secondfiddle,second fiddle,assemblage,SECOND FIDDLE,1
50149,Little woman and officer get a shock,1o1t,1o1t,assemblage,JOLT,0
68130,"Frantic having to survive, far from great",lastminute,last minute,assemblage,VERY LITTLE,0
135011,"Bush, as graduate, really confused about university",baylaurel,bay laurel,assemblage,BAY BERRY,0
90591,Odysseus's ambit? That is a case for over one solution,ioniansea,ionian sea,assemblage,ITHACA SEA,0
119709,"American fliers not happy on jumbo jets, initially",bluejays,blue jays,assemblage,BLUE JAYS,1
112444,Final disaster for some furnishings displayed in window,netcurtains,net curtains,assemblage,THE ARMAGEDDON,0
83888,Man closely wrapped up in himself,knight,knight,assemblage,INWARD,0
60571,"University applauded, so lifted",upraised,upraised,assemblage,UPRAISED,1
5352,Place on the border needing a sign of security,pledge,pledge,assemblage,MARGIN,0
76362,National President meets king,hollander,hollander,assemblage,STATESMAN,0
29776,Spoil a little rascal with a bit of music,impair,impair,assemblage,IMPAIR,1
33391,"For all to see (about time, too)",overtly,overtly,assemblage,OVERTLY,1
31049,Does the dismissed athlete take it running?,jump,jump,assemblage,DOES,0
49613,Soldier sitting on favourite wall,parapet,parapet,assemblage,PARAPET,1
26438,Procrastinate when it's time to get up,temporise,temporise,assemblage,POSTPONED,0
123309,"Compound, maybe nitrous, you say: I say different, it's a flower",oxeyedaisy,ox eye daisy,assemblage,OX EYE DAISY,1
140591,"Covering up claim, wins contests",gainsays,gainsays,assemblage,TRIUMPHS,0
79385,Attempt to appear PC - it's OK men getting shafted!,tokenism,tokenism,assemblage,STRIVE,0
93189,Exploit on last routine flight,milkrun,milk run,assemblage,CASH IN,0
108717,Bring back capital punishment?,rehang,rehang,assemblage,RECOUP,0
25830,Player with piece of wood gets up to holding a French one,oboist,oboist,assemblage,OBOIST,1
18588,Space for timber on course,entree,entree,assemblage,LOGGIA,0
43119,Flowers wilt when left in the centre,corsage,corsage,assemblage,CLOVES,0
68873,A physicist and his Nobel work on source of radiation,nielsbohr,niels bohr,assemblage,TESLA COIL,0
81921,Right-handed key,trebleclef,treble clef,assemblage,SKELETON KEY,0
76866,Ought children tuck into cheese and bread?,brioche,brioche,assemblage,SOUGHT,0
46423,Toper's first into liquor-producing plant - liquor's an immuniser,antiserum,antiserum,assemblage,ANTIVENIN,0
128656,No friendly blaze to give soldiers a warm welcome,enemyfire,enemy fire,assemblage,OPEN ARMS,0
33389,Hit with something contentious in part of foundation,whalebone,whalebone,assemblage,FOUNDATION,0
66071,Farceur fails to close a Scottish theatre,travers,travers,assemblage,THEATRE,0
9801,Greek island associated with a savoury snack,samosa,samosa,assemblage,SAMOS,0
96616,Where scientists applied to leave their cars?,technologypark,technology park,assemblage,PARKING LOT,0
120289,"My preferred transport conveys head, being efficient",businesslike,businesslike,assemblage,EFFICIENCY,0
88369,Plot in mainly undesirable environment,seedbed,seedbed,assemblage,ENVIRONMENT,0
56498,State day centre,average,average,assemblage,STATE,0
23865,Hesitantly stated colour of Santa's hat and was wrong,erred,erred,assemblage,RED,0
43257,Bird parts with a pound for a nut,pecan,pecan,assemblage,NUT,0
138852,Very good trip is taken round outskirts of Llanelli,saintlike,saintlike,assemblage,EXCELLENT,0
101629,Arab money raised by part of factory,toolroom,toolroom,assemblage,DINAR,0
98334,"Artist rejecting ""name of the game""",hockey,hockey,assemblage,ARTIST,0
44033,Thomas puts dried grass over road,hardy,hardy,assemblage,HAY,0
93712,It's seen in gardening girl's hat,annelid,annelid,assemblage,BONNET,0
24036,Game bird's third almost assured of success?,brag,brag,assemblage,SURE,0
60307,Couple hire out jewellery,bracelet,bracelet,assemblage,JEWELLERY,0
10550,Theatrical term for one leaving harvester at a party,repertory,repertory,assemblage,STAGE DOOR,0
14792,Decisive blow to a party audience native to Australia,koalabear,koala bear,assemblage,KOALA BEAR,1
105936,"Bloodsucker politician: ""I bare swindle in tax""",vampirebat,vampire bat,assemblage,VAMPIRE BAT,1
71905,A sceptic shortly on holy mountain,athos,athos,assemblage,SINAI,0
81522,"In a slurred fashion, regret the passing of a cult US TV series and variety",mishmash,mishmash,assemblage,SUNDRIES,0
3952,One-time domain of French drink agents,mercia,mercia,assemblage,ENVOYS,0
32507,Huge islet over in old Roman port,ostia,ostia,assemblage,OSTIA,1
62003,Primitive church's backcloth,ecru,ecru,assemblage,CRUD,0
77055,Sound delightful? You utter poser!,euphony,euphony,assemblage,CHARADE,0
64296,Shorter time for teaching? That's not on,less,less,assemblage,OFFS,0
5707,Listener bruised and put aside,earmarked,earmarked,assemblage,SIDELINED,0
64029,"Impudence, sacking good-for-nothing? On the contrary",all,all,assemblage,LIP,0
43833,Angry young man briefly accompanied returning book,rebecca,rebecca,assemblage,LADLIKE,0
112741,"Old city, about what's as good as a wink",sidon,sidon,assemblage,AGREE,0
130885,Flyer rejected assignment in space during project,jumbojet,jumbo jet,assemblage,SPACE POD,0
129508,"Principal thing for a poser to say: ""It's all brawn in LA""",headcheese,headcheese,assemblage,SUBSTANTIA,0
71170,Moses' or John's works seen here?,picturegallery,picture gallery,assemblage,PLUMBING SHOP,0
55638,May initially stimulate when swallowing your old mix with alcohol,methylate,methylate,assemblage,MARGARITA,0
57526,"Typically working, say, a long time",onaverage,on average,assemblage,AS FOREVER,0
9902,Think of building one cottage,cogitate,cogitate,assemblage,CONCEIVE,0
129011,Polish lawman's advanced listening device,earphone,earphone,assemblage,EARPHONE,1
79078,"Model put on a slipper, displaying charm",amulet,amulet,assemblage,AMULET,1
26584,"Little women, never disheartened, about to begin again",renew,renew,assemblage,RESET,0
4059,Remove poster found in Morecambe by end of June,eradicate,eradicate,assemblage,DISMANTLE,0
48257,Meet in French bar,encounter,encounter,assemblage,ENCOUNTER,1
61433,"Big sport, nothing to add?",sumo,sumo,assemblage,HUGE,0
80142,Painful separation of church architect and church?,wrench,wrench,assemblage,WRENCH,1
36400,"A French precipitation, they say, is hardly the thing",undue,undue,assemblage,AMISS,0
100988,"Appeal for a partner issued by vociferous, triumphant chess player?",matingcall,mating call,assemblage,CALLING MATE,0
6491,Dutch painting is flash,dart,dart,assemblage,DART,1
123260,"Offended, in France, very old-fashioned duke",trespassed,trespassed,assemblage,ENRAGED,0
33080,Petroleum producer offers inducements well,oilshale,oil shale,assemblage,OIL WELLS,0
108861,"Protected by a climber, one was in contention",ivied,ivied,assemblage,IVIED,1
126413,"Before ruler, fathers and sons have to meet the standard",passmuster,pass muster,assemblage,GOLD STANDARD,0
83529,What may be in this sauce? May a duck's egg,mayo,mayo,assemblage,MAYO,1
29385,State the classical way to imbibe Irish drink,virginia,virginia,assemblage,SAY,0
100284,"Lawyer to call, wanting old plant",daphne,daphne,assemblage,DAPHNE,1
92336,Classified status protects English constitution,topsecret,top secret,assemblage,TOP SECRET,1
12742,Start with carbon sequestration - it's lacking,scarce,scarce,assemblage,SCARCE,1
35177,He could be interested in the bar and a glass,weatherman,weatherman,assemblage,BARRISTER,0
7259,Smear of snot (minus apostrophes),taint,taint,assemblage,SMEAR,0
113063,It sometimes makes the day a little longer to have a recess in French class before bed at last,leapsecond,leap second,assemblage,LEAP YEAR,0
47485,Wear is a result of puncture in America but not Florida,attire,attire,assemblage,EROSION,0
68143,"In Montmartre, a joint seldom found",uncommon,uncommon,assemblage,ARTICULO,0
92086,City doctor and writer,lamb,lamb,assemblage,ROME,0
71993,Highway inducing nervous disorder in the beloved,mistress,mistress,assemblage,DARLING,0
20201,Middle part of classic family film,skin,skin,assemblage,SAGA,0
64953,Swimmer's hi-vis jacket?,goldfishbowl,goldfish bowl,assemblage,SHARK SKIN,0
93908,Insolent manner of singer Smith knocking off piano duet badly,attitude,attitude,assemblage,SASSINESS,0
140388,Liberal and left wings to allow end to onerous property legislation?,landlaws,land laws,assemblage,LAND LAW,0
41826,Pale start for sodium flares,lights,lights,assemblage,SALLOW,0
80108,African flower lasts without endless resin for one,zambezi,zambezi,assemblage,PROTEA,0
111363,Is ground-breaking TV pilot I missed returning?,rotavates,rotavates,assemblage,SUBVERSIVE,0
65996,Cold bird caught by young people,children,children,assemblage,YOUTHS,0
83304,Climber said to be a legal term,hilary,hilary,assemblage,S...,0
91794,Loved wandering round city stadium,velodrome,velodrome,assemblage,COLOSSEUM,0
5232,State of a student gaining a couple of degrees,alabama,alabama,assemblage,ALABAMA,1
59848,Cumbrian town like the Fatherland?,aspatria,aspatria,assemblage,GERMANIC,0
139229,Shelter acceptable for some Rwandans,hutu,hutu,assemblage,SHED,0
127122,Critical business discussion in house of ill repute,knockingshop,knocking shop,assemblage,BOARD ROOM,0
78098,"In power, a restitution is most unusual",rarest,rarest,assemblage,RAREST,1
130515,"Calculating at this rate, say, fear to fail",teraflop,teraflop,assemblage,MEASURED,0
126861,Admire a speaking dog from Russia,laika,laika,assemblage,ADORE,0
24393,Charge for digs to split with a student,rental,rental,assemblage,ACCUSE,0
123771,Female monarch given the Spanish monetary unit,shekel,shekel,assemblage,REALES,0
54184,Gymnastic equipment sees work flipping between rails,trampoline,trampoline,assemblage,TRAMPOLINE,1
56497,Typical woman in decline,average,average,assemblage,AVERAGE,1
115069,"End of a canal destroyed ’em, they say",rectum,rectum,assemblage,EMBANK,0
12078,High lighting is torment for top players,starshell,star shell,assemblage,STAR LIGHT,0
110962,He had to get American group restricted and managed thriftily,husbanded,husbanded,assemblage,ECONOMISE,0
58925,"Not up yet, extremely lazy at home with drink",lyingin,lying in,assemblage,LYING IN,1
3241,Soldier returns to scene of mutiny and neglect,ignore,ignore,assemblage,IGNORE,1
44979,More than one shot in shoulder after commencement of battle,broadside,broadside,assemblage,BARRAGED,0
20097,Travel for miles the wrong way in US city,fargo,fargo,assemblage,AMBLE,0
37838,Fool at hostelry getting round for poet,sappho,sappho,assemblage,SHELLEY,0
44720,Supplies spin round seller in US,provender,provender,assemblage,PROVISION,0
4118,In class it's hard to be virtuous,chaste,chaste,assemblage,FORMAL,0
58444,For now I hate myself?,meantime,meantime,assemblage,TENTATIVE,0
23512,Mark's tense opening letter from Crete,stigma,stigma,assemblage,MINOAN,0
121477,Royal sultanate has nothing against royal family,romanov,romanov,assemblage,WINDSOR,0
2086,State accord is a disaster,calamity,calamity,assemblage,CALAMITY,1
33212,Comeuppance for Theresa May and a Conservative party,camp,camp,assemblage,TORY,0
98199,"Powerful family with old soap, extremely dirty and unpleasant",dynasty,dynasty,assemblage,SQUALID,0
18275,"Architectural style acquired spasms, not trophies",gothic,gothic,assemblage,GOTHIC,1
66602,Sales publicity for poet?,promotion,promotion,assemblage,WORDSMITH,0
64405,Check on car time,audit,audit,assemblage,AUDIT,1
81175,Love things to be settled right away,onsight,on sight,assemblage,AT ONCE,0
37155,Oil is obtained from this Italian city by the ton,bergamot,bergamot,assemblage,GASOLINE,0
67430,Heavenly choir's first seen after DIY mishap leads to bad back,idyllic,idyllic,assemblage,SCOLIOS,0
43596,"Superficial variety in Bath and Wells, say, and first of all in Portishead",skindeep,skin deep,assemblage,SKIN DEEP,1
103508,Setter's a dog - a point to challenge?,impugn,impugn,assemblage,SICKER,0
78969,Noticing alumnus’s help,observant,observant,assemblage,OBSERVING,0
28533,Noted explorer making name once in US politics and sport,marcopolo,marco polo,assemblage,MARCO POLO,1
104439,"Saying ""beef"", say, can be supporting timber",sawhorse,sawhorse,assemblage,PROVERBS,0
136404,Pontiff backing even bits of polemical epic poem,epopoeia,epopoeia,assemblage,EPOPOEIA,1
92168,Stupid climbing to reach someone not so high,midget,midget,assemblage,MIDGET,1
42698,Fixer at first backed for the National,italian,italian,assemblage,BENDER,0
77130,"Barrier long gone, go and dive",turnpike,turnpike,assemblage,STOCKADE,0
68762,Pleased with G-man in the making?,glad,glad,assemblage,GLAD,1
62566,"Make happy, as is what Babs would be if so?",bless,bless,assemblage,ELATE,0
54360,Remove spell of good fortune when sitting on one's bottom,uproot,uproot,assemblage,UNSEAT,0
27144,A brawl without anyone facing charges?,freeforall,free for all,assemblage,FREE FOR ALL,1
30524,Party policy won't be one's main interest,sideline,sideline,assemblage,INTEREST,0
125370,Mother childishly left animal,mammal,mammal,assemblage,MAMMAL,1
134154,Chemical expert sits on the deadly liquid,acetaldehyde,acetaldehyde,assemblage,HYDROCHEMIST,0
41270,Beast is all right - Pia isn't!,okapi,okapi,assemblage,OKAPI,1
115038,"Sister of Moses says: ""I'm following border the wrong way""",miriam,miriam,assemblage,MIRIAM,1
6730,Drop off small logs,slumber,slumber,assemblage,SLUMBER,1
70064,"Bring up tripe, a bit of fish, a snapper",alligator,alligator,assemblage,ASPIRATOR,0
112830,Nails the shade to the odd cask,tintacks,tintacks,assemblage,SATISFIE,0
57497,These days a French lover is very hard,adamant,adamant,assemblage,ADAMANT,1
20947,Tall and slender - not overweight,longton,long ton,assemblage,LONG LANK,0
112115,Coloured light for final cargo item,tintray,tin tray,assemblage,RED LAMP,0
36970,Fall short fleeing high-pitched battle,setto,set to,assemblage,DIE UP,0
59684,Cut line by knot's end,filet,filet,assemblage,SLICE,0
19492,"Force cutting signal, energy maintained",impel,impel,assemblage,SINCE,0
105596,Charge less than German joiner and truce breaker,undercut,undercut,assemblage,SABOTEUR,0
119043,Soggy pitch with damage on top,marshy,marshy,assemblage,SLOPPY,0
72897,"Swede separated by third of carrot, say, pulled up, root around",scavenge,scavenge,assemblage,SCAVENGE,1
120997,Write study of Ulster in Thackeray's history,pendennis,pendennis,assemblage,SCRIPTURE,0
42375,"When batting, duck's broken by boundary drive",ambition,ambition,assemblage,INCOURSE,0
138413,Discontented social worker knowing one's inclined to appear thus,slantwise,slantwise,assemblage,SLANTING,0
121350,Swimming pool without running water - Cameron's controlled environment,cleanroom,clean room,assemblage,WATER POLO,0
50470,Popular numbers I have detailed,intensive,intensive,assemblage,INTENSIVE,1
50569,"Trick unionists' alliance, ultimately",dupe,dupe,assemblage,SCAM,0
54274,Network hub underpins heart of global paper,observer,observer,assemblage,OBNODATE,0
26180,"Fed up, having to stop on guard",defend,defend,assemblage,SENTRY,0
18829,Come very close to a qualification,abut,abut,assemblage,PASS,0
100549,Nameless town with church music extract,stretto,stretto,assemblage,CHORALE,0
13968,"Prove right, merely by changing book to Kipling poem",justify,justify,assemblage,JUSTIFY,1
67140,"A magistrate disrobed after firstly cursing, out of hearing",acoustic,acoustic,assemblage,S-I-L-E-N-C-E-D,0
66529,Person on tour admitting The Smiths finally will make comeback,response,response,assemblage,S-T-R-O-L-L-E-R,0
129435,See one old woman in game win lousy money that could be better,minimumwage,minimum wage,assemblage,SECOND BEST,0
82661,Pot manufactured for ointment,pomade,pomade,assemblage,POMADE,1
114552,Antagonist returns to vehicle at this address,careof,care of,assemblage,CARE OF,1
81057,"Eye on a car, perhaps? When do you get your Christmas bonus?",onceayear,once a year,assemblage,TIME O YEAR,0
118257,Wreck two containers,basketcase,basket case,assemblage,TOTAL LOSS,0
88135,Pilot's life's ending in ravine,george,george,assemblage,AVIATE,0
32619,New style navy,modern,modern,assemblage,MODERN,1
128806,"Neoclassical architect, say, reveals sacred mountain",adamspeak,adams peak,assemblage,MOUNT SINAI,0
22396,The Continental fashion suits British singer,elton,elton,assemblage,ADELE,0
46445,Last words on instant muscle,triceps,triceps,assemblage,TRICEPS,1
96278,"Deeply draw in the highest air, when rough",sketchy,sketchy,assemblage,INSPIRE,0
111699,Drink with Kansas leaders in Kansas,topeka,topeka,assemblage,KANSAS,0
136004,Media editor not oddly involved in his work,oldmacdonald,old macdonald,assemblage,THE EDITORIAL,0
77025,Hard rock echoing in street in Argentina,granite,granite,assemblage,S-T-R-A-T-U-M,0
103793,"Spooner's plan to attract mods to Bordeaux store, perhaps",winecellar,wine cellar,assemblage,SHOP WINDOW,0
133739,Manchester United manager once upset substitute with …,busby,busby,assemblage,MU-S-U-B,0
9561,Fiddle somehow led to stand with legs apart,straddle,straddle,assemblage,S-T-R-A-D-D-L-E,1
18519,Extreme sports club lacks capital,utter,utter,assemblage,S-T-O-C-K,0
137861,Truth backed by notes of confession making one quarrelsome,factious,factious,assemblage,FACTIOUS,1
64031,A couple of pounds for the lot,spy,spy,assemblage,ALL,0
36741,Killing game,bloodsport,blood sport,assemblage,BLOOD SPORT,1
69242,Line of peaks and points,andes,andes,assemblage,RANGE,0
31799,Now I see container from the south for Tex-Mex food,nacho,nacho,assemblage,NACHO,1
7462,More oblique kind of pin,skewer,skewer,assemblage,SKEWER,1
7820,German state's leader's gone somewhere further east,russia,russia,assemblage,RUSSIA,1
87709,Cheat to secure point in card game,cribbage,cribbage,assemblage,BACCARAT,0
7339,One needing exercise wants female,unit,unit,assemblage,IDEA,0
131316,Fastens covers over farm animals,boars,boars,assemblage,SEWES,0
37325,Make a fuss about Robert Owen initially being remote,faroff,far off,assemblage,FAR OFF,1
131466,Singer acquired good piece of drum kit,bongo,bongo,assemblage,SNARE,0
115952,"Munch nosh all up, out eating good pub fare",ploughmanslunch,ploughmans lunch,assemblage,PLOUGHMAN'S LUNCH,1
37557,"Forbidding champion to moo, say",grimace,grimace,assemblage,PROLOWS,0
78423,Groom quiet about knight pinching bride's bottom,preen,preen,assemblage,PRUNE,0
39545,Seat unfinished in part of curve is antique,archaic,archaic,assemblage,ARCHAIC,1
82777,Not being on the side of the angels? That's prohibited,forbad,forbad,assemblage,BANNED,0
62956,Wine for king on the move,astir,astir,assemblage,ASTIR,1
23443,Type of onion ring found in the promised land,scallion,scallion,assemblage,SCALLION,1
95030,Undertaking pilot's last request,task,task,assemblage,TASK,1
58403,Set-to with Sex Pistol in a London park,rottenrow,rotten row,assemblage,SQUARE SID,0
110128,Contest picture at altitude,fight,fight,assemblage,CLASH,0
84689,Asylum given over to pauper,havenot,have not,assemblage,POOR MAN,0
110229,"Brad, while on Universal set, ignoring film star group",pegasus,pegasus,assemblage,CASTES,0
14545,Artist's state of being a rogue,rascal,rascal,assemblage,RASCAL,1
120669,Backwards family with sheep triggered the space race,sputnik,sputnik,assemblage,SPUTNIK,1
53659,Awkward-looking group of people sitting on heather,gangling,gangling,assemblage,SITTING,0
110275,"Watch over so many finalists in beauty contest, say",eightbells,eight bells,assemblage,STAND GUARD,0
79825,Nitty-gritty of piles below underwear,brasstacks,brass tacks,assemblage,BRASS TACKS,1
20798,Entrenched element in party to raise security,rearguard,rearguard,assemblage,INGRAINED,0
81342,Insect wings of white and black,weevil,weevil,assemblage,WEEVIL,1
78767,Man gets the Castilian into place of worship,chapel,chapel,assemblage,CHAPEL,1
96858,Mid-off's just terrible,frightful,frightful,assemblage,ATROCIOUS,0
67467,"Excel, getting gold in some sort of sports",outdoor,outdoor,assemblage,SQUASHY,0
35888,Unable to rest in peace for a spell,cantrip,cantrip,assemblage,UNRESTS,0
139638,"One name of prophet, as I repeatedly recollected",isaias,isaias,assemblage,ISAIAH,0
25057,Gas ring section,ozone,ozone,assemblage,OZONE,1
58752,Drudgery producing academic chef d'oeuvre?,donkeywork,donkey work,assemblage,DONKEY WORK,1
70275,"It's great to spoil French solvers, keeping distance",marvellous,marvellous,assemblage,MARVELLOUS,1
82846,Racket due to fourth or fifth engagement?,battledore,battledore,assemblage,STRADIVARI,0
47389,"""Watch With Mother"" interrupts bath-time negotiator",diplomat,diplomat,assemblage,DIPLOMAT,1
99075,Feature extra large trousers,chinos,chinos,assemblage,PLANTS,0
65418,Gas lamp's terminal whirring sound,prattle,prattle,assemblage,HISSING,0
95185,Start a fight with man in shearing shed,rouseabout,rouseabout,assemblage,SCRAPPINGS,0
38534,Let person open it? Maybe better not,poisonpenletter,poison pen letter,assemblage,CLOSED FOR BUSINESS,0
10553,Contemptuously treat group going to break up,disband,disband,assemblage,DISMISS,0
58257,Rouse Scots cry to dismiss London leader?,awaken,awaken,assemblage,UNKNOWN,0
124223,"Jack lost set again, beginning to expect small crowds",jostles,jostles,assemblage,UNKNOWN,0
96341,"Woman at court, people with backstreet laws",enactments,enactments,assemblage,ENACTMENTS,1
21038,Condition of French teenager in trouble?,degenerate,degenerate,assemblage,UNKNOWN,0
46159,"Punishment for most of this cake being spongy, right?",thickear,thick ear,assemblage,UNKNOWN,0
114374,Informal greeting by smart type without it having to get friendly,hititoff,hit it off,assemblage,UNKNOWN,0
76005,At Houston they usually lead to nothing,countdowns,countdowns,assemblage,UNKNOWN,0
133709,"People to take out on this bash, mostly drunk on street",hitlist,hit list,assemblage,HIT LIST,1
75679,"Lacking aspiration, they listened to Genesis etc - but that was a long time ago",theyeardot,the year dot,assemblage,UNKNOWN,0
119603,Gas restricts endless fruit service for babies at Christmas,capricorns,capricorns,assemblage,UNKNOWN,0
44287,Scoop race entrants' urge to make love,eggspoon,egg spoon,assemblage,UNKNOWN,0
24159,Favourite soft centre?,sweetheart,sweetheart,assemblage,UNKNOWN,0
113423,Transport both sides of a line in the desert?,caravan,caravan,assemblage,UNKNOWN,0
139230,Most glad with you finally getting some kind of sleep in this medical condition,glaucoma,glaucoma,assemblage,GLAUCOMA,1
34706,Irish author's sister inhaling smoke,stoker,stoker,assemblage,UNKNOWN,0
314,"In short, there's no female candidate for board?",brie,brie,assemblage,UNKNOWN,0
66597,Advertising for poet,promotion,promotion,assemblage,UNKNOWN,0
128993,Remaining board members (one third gone) promise too much,overcommit,overcommit,assemblage,UNKNOWN,0
94793,Bony duck - cheap buy,osteal,osteal,assemblage,UNKNOWN,0
85248,Tacks away from earth with little motion,snailspace,snails pace,assemblage,UNKNOWN,0
61100,Girl I'm upsetting with religious book,missal,missal,assemblage,UNKNOWN,0
120228,Like some entertainment in the Globe? Then call back,balletic,balletic,assemblage,UNKNOWN,0
71900,"Lively man, children's entertainer?",bouncycastle,bouncy castle,assemblage,UNKNOWN,0
15947,Obvious hole in mission statement,manifesto,manifesto,assemblage,MANIFESTO,1
127515,Cycling cape's under dog meat,muttonchop,mutton chop,assemblage,UNKNOWN,0
50242,Take top off packing case for a price,rate,rate,assemblage,RATE,1
79659,"Shipyard worker in a state, having to change direction over time",riveter,riveter,assemblage,UNKNOWN,0
81003,Uncommonly haughty,lordly,lordly,assemblage,UNKNOWN,0
114617,Panics finding a gangster with guns?,alarms,alarms,assemblage,ALARMS,1
87434,Feature informed on Delft art,chinaware,chinaware,assemblage,UNKNOWN,0
97130,Calling for a parish priest before joining type of comedy,appealing,appealing,assemblage,VOCATIONS,0
132348,"Impractical to team up with short, smart clothing?",quixotic,quixotic,assemblage,UNSUITED,0
22059,Man about to return home,ernest,ernest,assemblage,RECEDE,0
82560,Albert to contemplate a mountain range,watchchain,watch chain,assemblage,ANDES MOUNT,0
94334,"Novel report, the whole thing",shebang,shebang,assemblage,OVERALL,0
116066,Where educational forms are filled?,schoolroom,schoolroom,assemblage,CLASSROOMS,0
122379,Security devices needed as a dodo flies?,deadbolts,deadbolts,assemblage,DEADBOLTS,1
14476,"Before start of race, punter is richer",betteroff,better off,assemblage,BETTER OFF,1
81480,"Settling down with advance team, getting directions to capture castle, initially",subsidence,subsidence,assemblage,SUBSIDENCE,1
36037,Again take on study - choose to pursue it,readopt,readopt,assemblage,READOPT,1
74196,Lines in church choir work curtailed by a bloomer,chrysanth,chrysanth,assemblage,CELOSIA,0
57491,Girl meets chap and starts talking - but doesn't yield,adamant,adamant,assemblage,ADAMANT,1
61893,"To economise, Frenchman is introduced to bonus shares",scrimp,scrimp,assemblage,SCRIMP,1
78803,Where there's an even chance to bring back the cat,tossup,toss up,assemblage,TOSS UP,1
98774,Bill gets fitting from tailor,adapt,adapt,assemblage,ADAPT,1
76985,Old-time singer and performers meeting retired sailor at end of oratorio,castrato,castrato,assemblage,CASTRATO,1
110657,This month every edition is set up,installed,installed,assemblage,SEPTEMBER,0
70024,A stock Guardian figure?,storedetective,store detective,assemblage,SHEEP SHEPHERD,0
39608,"English composer finding another ""Unfinished"" antiquated",arnold,arnold,assemblage,ELGARA,0
98947,"Boats being slimmer, bow to stern",lighters,lighters,assemblage,SLENDERS,0
141939,Exercise right to sit on panel - that's a crime,perjury,perjury,assemblage,PERJURY,1
21807,Fellow turning round on the way to fall asleep,nodoff,nod off,assemblage,NOD OFF,1
24431,It may be a mistake to express despair in public,oversight,oversight,assemblage,OVERSIGHT,1
44325,Collector equipped with buzzer,honeybee,honey bee,assemblage,HONEY BEE,1
87492,Capital sort of roll with nowt taken out,bridgetown,bridgetown,assemblage,MONTEVIDEO,0
36121,Submarine was first with rust protection,undersealed,undersealed,assemblage,UNDERCOATED,0
93956,Enter Gordon: nearly all tremble in the Southeast,greaterlondon,greater london,assemblage,SOUTH EAST ASIA,0
71338,Frequently unwarranted intruder presenting a job for the right workman?,apostrophe,apostrophe,assemblage,RIGHT-HANDED,0
38622,Rough cover for chimney,hoodlum,hoodlum,assemblage,S-TACKED,0
46561,Victor loses head going round the bull,inner,inner,assemblage,TAURO,0
37324,"Lifting service inaccurate, well out",faroff,far off,assemblage,OFF MAS,0
39798,Taylor enjoys entertaining another actress,loren,loren,assemblage,SOWER,0
15392,Substitute crêpe filling with something dainty,replace,replace,assemblage,REPLACE,1
21254,Rebel king I turn to,riot,riot,assemblage,RIOT,1
124345,Projection in present article not being filmed,offcamera,off camera,assemblage,OFF CAMERA,1
78991,To enlarge silver and a bit of gold currency is ecstasy,aggrandise,aggrandise,assemblage,AGGRANDISE,1
127658,Philosophical scientist understood graduate's trick,rogerbacon,roger bacon,assemblage,ROGER BACON,1
79981,Cover story finished first,overlie,overlie,assemblage,OVERLAY,0
79187,Seem likely to be devoured after god drops round,threaten,threaten,assemblage,THREATEN,1
5890,Turn the Guardian blue and it will stop functioning,suspend,suspend,assemblage,SADGENT,0
99269,English coastal visitor changes colour,turnstone,turnstone,assemblage,ESEASIDER,0
33687,Where a storm leaves copper positive?,teacup,teacup,assemblage,CUP LUS,0
133135,Charles writing for openings,chasms,chasms,assemblage,CHINKS,0
124643,Ruin meal at university,messup,mess up,assemblage,MESS UP,1
33091,Split up left-wing union,sunder,sunder,assemblage,LINEUP,0
23232,"Bush in suitable place, one assumed originally",gardenia,gardenia,assemblage,SITUATED,0
66636,Furious to find rat in fast food,hotdog,hot dog,assemblage,HOT DOG,1
62291,Loaf taken from wrapper and chewed noisily,baguette,baguette,assemblage,CHAMPING,0
68886,Preserve style for old photo,tintype,tintype,assemblage,TINTYPE,1
64815,Swish sort of four-by-two?,froufrou,froufrou,assemblage,PILASTER,0
122468,London district with no healthy bank,camber,camber,assemblage,STRAND,0
63979,Deck trouble with sailors,adorn,adorn,assemblage,ADORN,1
100629,Lie about receiving German director's directions to Welsh town,llangollen,llangollen,assemblage,PONT YPRIDD,0
37163,Reporter's got a point that's cutting,hacksaw,hacksaw,assemblage,PRECISE,0
30943,Falls over a painter - get up!,niagara,niagara,assemblage,CASCADE,0
140976,Woman's right to a German address?,herr,herr,assemblage,ERNA,0
110490,"Shrub becomes coated, so they say",furze,furze,assemblage,ERICA,0
2758,There are two points he can possibly raise,enhance,enhance,assemblage,EASTERN,0
74429,Legend on king providing shelter for best friend,dogkennel,dog kennel,assemblage,THE KINGDOM,0
137345,Minister initially supporting Tory party member's cover-up?,condom,condom,assemblage,CASING,0
57244,"Large, fleshier all round, but not so curvaceous",flatter,flatter,assemblage,LANKIER,0
136787,Worst type of underground heating?,hellfire,hellfire,assemblage,HELLFIRE,1
80590,Sailor's spirit and extremes of gallantry are staggering,groggy,groggy,assemblage,RUMBLY,0
138412,Uplifting piece of text set to music for annual examination,mottest,m o t test,assemblage,A L I N E,0
33255,"View from air over London, say",looksee,look see,assemblage,BIRD EYE,0
59034,Performed in a group that's dissolute,abandoned,abandoned,assemblage,CONCERTED,0
65630,Fine food old hooligan leader gets in Yorkshire,flamboroughhead,flamborough head,assemblage,YORKSHIRE PUD,0
41140,Find out Heath harboured this royal knight,learn,learn,assemblage,LEARN,1
140155,Fancy chaps gripping pot sideways?,turnoffs,turn offs,assemblage,SOFT SOAP,0
46808,Son boasted of wages commonly,screw,screw,assemblage,SWAGE,0
92610,Being pleased with a group of news gatherers demonstrating,approving,approving,assemblage,CONTENTED,0
60050,Affected foreign aid from the French department,ladida,la di da,assemblage,DE LA...,0
101120,Composer fomenting revolutionary friction in Italy,cherubini,cherubini,assemblage,S...BUR...,0
92718,"Strike back with weapon, so to speak",parlance,parlance,assemblage,BACKFIRE,0
96077,Strange boy steals college money,eccentric,eccentric,assemblage,PECUNIARY,0
37015,Quick drink about teatime?,alive,alive,assemblage,S...,0
99756,"Miss sporting result, being dull",lacklustre,lacklustre,assemblage,LACKLUSTRE,1
69960,First volume in account of a sort of number,atomic,atomic,assemblage,V...,0
97092,"A character at the end? Nothing, almost frozen lifeless",azoic,azoic,assemblage,S...,0
66427,Palace in place that has its own clue,elysee,elysee,assemblage,LOUVRE,0
93432,Kings in medical setback almost sent up firework,sparkler,sparkler,assemblage,SPARKLER,1
28168,"With this therapeutic device one's home and healthy, right?",inhaler,inhaler,assemblage,INHALER,1
123819,"With more than one unknown verse, song dividing taste",bivariate,bivariate,assemblage,S...,0
74896,"City worker rejected socialist realism, say",trader,trader,assemblage,C...,0
33608,"Pudding gobbled, drawback later",afterwards,afterwards,assemblage,S...,0
126964,Arbitrator in mad dance borrowed from Peter to pay Paul,refinanced,refinanced,assemblage,M...,0
91335,A fiend and a half are going to take place,impend,impend,assemblage,HAPPEN,0
58409,Batman and Joker turning up for kids in Hollywood?,dracula,dracula,assemblage,KIDNAPS,0
96374,Sea beast's to dine and spread upward,grampus,grampus,assemblage,MANATEE,0
111846,Pump-action's isolated shot,diastole,diastole,assemblage,S...,0
15087,Ace with stunt almost comes to grief - the fool!,nutcase,nutcase,assemblage,ASCAPED,0
46735,German girl's telescope,glass,glass,assemblage,GLASS,1
35965,Help one to form this operatic name,aida,aida,assemblage,AIDA,1
23745,Airline left India for island,bali,bali,assemblage,ELBA,0
35157,"Bunking off, sailor and nurse get to church",absence,absence,assemblage,ABSENCE,1
82932,Bearer of wine giving a service in church,carafe,carafe,assemblage,CARAFE,1
94797,Make contact with head to establish suitability,meetness,meetness,assemblage,TOUCHPAD,0
63424,Chance upon an idea: be there with a little drink to introduce slender Annan,cometothinkofit,come to think of it,assemblage,COME TO LIGHTLY,0
139123,"Shoe, shocking pink, that is for a dish",pumpkinpie,pumpkin pie,assemblage,SLIPPER PIE,0
23861,"Military vehicle studied, they say, by crusader",tancred,tancred,assemblage,TANKRED,0
102535,African ruler to assault US president,mugabe,mugabe,assemblage,SULTAN,0
2442,Dispute is only half on an equal basis,spar,spar,assemblage,SPAR,1
37280,"Ridin' with minimum of insurance, very little cover",bikini,bikini,assemblage,LINING,0
102852,"Taken in the wrong direction, one sliding down the motorway?",misled,misled,assemblage,MISLED,1
111763,City judge putting line through revoked law,jerusalem,jerusalem,assemblage,MAGISTRATE,0
37527,Provided raised dicky seat for vehicle,fiesta,fiesta,assemblage,CABRIO,0
10867,Sappers twice raised the stakes in bridge,redoubled,redoubled,assemblage,ENGINEERS,0
131490,"Pretend to be ill, we hear, to get a drink",champagne,champagne,assemblage,CHAMPAGNE,1
24563,Binge in which Bess's partner loses head,orgy,orgy,assemblage,ORGY,1
24134,"A saint from head to toe, the continental European. (What a plonker!)",ukelele,ukelele,assemblage,STUPIDLY,0
4046,State two answers: scores missing first rounds,arkansas,arkansas,assemblage,SAYVANT,0
114982,Students should draw on his advice,artmaster,art master,assemblage,THE ADVISOR,0
11449,When AA members need clarification of a way forward?,lightinguptime,lighting up time,assemblage,SOBERING UP FAST,0
139203,Old Dalmatian in bad rain barking around yard,illyrian,illyrian,assemblage,ILLYRIAN,1
131850,Operatic production interrupted at intervals by hard left teddy bear fan,arctophile,arctophile,assemblage,PHILATELIST,0
109242,Prays for urchins without learning,implores,implores,assemblage,ORATIONS,0
6219,Early stages in thought,infancy,infancy,assemblage,NASCENT,0
28041,"Shopkeeper, for example, exchanges staff",tradesman,tradesman,assemblage,PERSONNEL,0
62070,Join the ranks and down may follow,fallin,fallin,assemblage,ENLIST,0
31268,Fare to be cooked over first part of Sunday?,roastbeef,roast beef,assemblage,SUNDAY ROAST,0
102575,Or no movement is without sound of this short musical piece,rondino,rondino,assemblage,SONATAS,0
71551,China has many an ornamental garden,crockery,crockery,assemblage,ROCKERY,0
20524,"Heavy stuff, say, with little marks coming up",stodge,stodge,assemblage,WEIGHT,0
33189,Observe present and past in child's play,seesaw,seesaw,assemblage,SEESAW,1
97640,Discover endless source of love,hear,hear,assemblage,FIND,0
44080,Sharp boozer needs a place to sleep,barbed,barbed,assemblage,SOTTER,0
38905,European engineer found home in States laboratory,tesla,tesla,assemblage,URENS,0
55629,It offers protection from French criminal,defence,defence,assemblage,CONDUIT,0
135313,Money well spent on hearing aids?,soundinvestment,sound investment,assemblage,SOUND INVESTMENT,1
32129,In time deserter will make mistakes,errata,errata,assemblage,ERRING,0
17113,"Article more unlikely, it being unproven?",theorem,theorem,assemblage,A PRIORI,0
43590,Artist to draw travelling merchant,tiepolo,tiepolo,assemblage,TRADING,0
18675,Hide the king outside,leather,leather,assemblage,LEATHER,1
99123,Accomplished foot soldier switched with journalist,gifted,gifted,assemblage,EDGIED,0
7519,Duet for piano with melody,pair,pair,assemblage,PAIR,1
140083,Hospitality workers with fine hair,waitresses,waitresses,assemblage,HOTEL STAFF,0
65360,"Friend backs golfer, then folds",lapels,lapels,assemblage,DOUBLE,0
97329,"Roughly clean son, to accompaniment of cursing",sandblast,sandblast,assemblage,ANATHEMAS,0
986,"Leading captain and upstanding fellow, eh? Must be Cook",chef,chef,assemblage,CHEF,1
104366,Photograph college to make money,pickings,pickings,assemblage,POCKETED,0
76366,A bluebird? No! One in exaltation,skylark,skylark,assemblage,ELATION,0
12298,A singing bank teller?,countertenor,counter tenor,assemblage,SOPRANO BANK,0
122731,Girl in the middle of wearing very large animal's head,rosa,rosa,assemblage,BULL,0
31669,A time to support tendency towards the environment,habitat,habitat,assemblage,AMBIENT,0
44160,Left crew cuddling queen? Exactly!,quiteright,quite right,assemblage,SQUARE DEAL,0
9454,That's keeping a nasty type angry,irate,irate,assemblage,IRATE,1
134838,Pedant from start to finish on position by compilers,fusspot,fusspot,assemblage,PEDANTS,0
114767,Parent's half as old as us - following?,entourage,entourage,assemblage,DESCENDANT,0
75081,To marry is hard when following second language,swedish,swedish,assemblage,WEDLOCK,0
74368,The one chosen has run out of plate,electro,electro,assemblage,ELECTED,0
77882,Chief eastern state,maine,maine,assemblage,MAINE,1
114073,Times editor's removed,erased,erased,assemblage,ERASED,1
110868,One arranges to get setting up of bank under way?,styler,styler,assemblage,STYLER,1
11328,Bird's mate approaching ducks,cockatoo,cockatoo,assemblage,SPOONING,0
25898,Monk doesn't start tackling piano like Thomas,sceptic,sceptic,assemblage,ENOBITE,0
104836,"Pancake gives sprite with no ""go"" independence",blini,blini,assemblage,BLINI,1
103775,Withdrawal of drawing following note,retraction,retraction,assemblage,RETRACTION,1
141174,Share memory about old pots here,poolroom,poolroom,assemblage,PARTRAMO,0
62523,Note: see about part of speech I'm withdrawing,semibreve,semibreve,assemblage,RESIGNING,0
3429,What at Versailles left Queen grand honour,ennoble,ennoble,assemblage,TRIANON,0
85497,Bit of dampness seeping up in the house,dwelling,dwelling,assemblage,HUMIDITY,0
112204,"Father's musician, mother's poet - spin off is pig nicker",tomthepipersson,tom the pipers son,assemblage,THE SON STRUCK SON,0
97966,Croatian boxers reportedly bringing carp,splithairs,split hairs,assemblage,SLAVS SPARS,0
92774,Dove very softly into a quiet river,appeaser,appeaser,assemblage,SUBMERSE,0
125935,Chance meeting of priest and criminal after murder almost backfired,likelihood,likelihood,assemblage,CONFLUENCE,0
112890,Outlaw put a strain on Irish town,bantry,bantry,assemblage,BANISH,0
15627,When he was fated to die horribly: Julius' finale,ides,ides,assemblage,FATE,0
80663,Fiddle with glass covering hotel - you can see through it,cellophane,cellophane,assemblage,GLASSWORKS,0
134856,Aristocrat to protest over troublesome noises,marchioness,marchioness,assemblage,ARISTOCRACY,0
61172,Medical professional has the assailant on film,psychotherapist,psychotherapist,assemblage,OPHTHALMOLOGIST,0
84808,Performed ditty about lady's teeth,gnashers,gnashers,assemblage,DENTISTS,0
40201,States small change in school is doubtful,suspect,suspect,assemblage,DUBIOUS,0
51643,Noisy reveller for whom dawn herald gets one for nothing,roister,roister,assemblage,ROISTER,1
117791,"Scrap with new head, French politician",giscard,giscard,assemblage,SCRATCH,0
128393,Want to go after a fifty-pound kiwi,allblack,all black,assemblage,THE KIWIS,0
139493,Part of organ not quite audible around old church,cochlea,cochlea,assemblage,ORGANON,0
66498,Study shows doctor is English,treatise,treatise,assemblage,READABLE,0
96821,No little girl reported to have special knowledge,gnosis,gnosis,assemblage,ORACLE,0
13166,French stop over in getting the lie of the land,terrain,terrain,assemblage,TOPOGRAPH,0
53457,Go through battle without army suffering reverse,comb,comb,assemblage,READ,0
134727,A quantity of drink is both good and bad,gill,gill,assemblage,GILL,1
23491,Portable power source for teetotal assault,drybattery,dry battery,assemblage,DRY BATTERY,1
139259,Removes difficulty with brief direction,rubsout,rubs out,assemblage,IRON OUT,0
61620,Those vanquished by the Spanish head east as a precaution,incase,in case,assemblage,IN CASE,1
24469,Lose control at breakfast? Have a drink!,eggflip,egg flip,assemblage,SIP TEA,0
141270,Arms trade leaders entertained by numerous delegates,legation,legation,assemblage,SIDEARMS,0
124309,Turtle's head fit for consumption - on this?,teatable,tea table,assemblage,TEA TABLE,1
62090,Party unknown to a foreign country,libya,libya,assemblage,LIBYA,1
70926,"Friendly, am I? - Vince",amicable,amicable,assemblage,AMICABLE,1
38475,Officer knowledgeable about voucher,coupon,coupon,assemblage,COUPON,1
66853,Plot to blow up prison in church,conspire,conspire,assemblage,CONSPIRE,1
7191,Mythological princess performed with nothing on,dido,dido,assemblage,DIDO,1
103040,Antonio's vessels from ancient city that is to south,argosies,argosies,assemblage,ARTERIES,0
104607,Opera house chap that was lauded by Betjeman?,metroland,metroland,assemblage,SAYYIDINA,0
65705,Further instruction in drinking?,refreshercourse,refresher course,assemblage,REFRESHER COURSE,1
92775,One offers concessions in a shopping centre to wipe out first of retailers to go back,appeaser,appeaser,assemblage,TOLERANT,0
32041,Shipmates upset on the Queen Elizabeth?,steamer,steamer,assemblage,SOPRANO,0
70552,A trail that leads to the summit,ascent,ascent,assemblage,ASCENT,1
122312,The lady writer short on ideas may inhibit growth,herbicide,herbicide,assemblage,STUNTING,0
126445,Leading at snooker - a conspiracy?,frameup,frame up,assemblage,FRAME UP,1
67268,Communist statesman spread gold around,castro,castro,assemblage,CASTRO,1
54922,It's strange in Scotland and is found around lake where it winds down,uncoils,uncoils,assemblage,SPIRALS,0
96483,Signal that could be great help,telegraph,telegraph,assemblage,SIGNPOSTS,0
67801,"The little devil! Telling stories, making insinuations",implying,implying,assemblage,IMPLYING,1
64232,"One supporter stands for Judas, but not one judge",arbitrator,arbitrator,assemblage,SCAFFOLDED,0
37376,Charm in French song,enchant,enchant,assemblage,ENCHANT,1
65388,Transported sheets by tube? It doesn't have much hope,pipedream,pipe dream,assemblage,SLIM CHANCE,0
100024,Seen and heard in a Kentish garden?,canterburybells,canterbury bells,assemblage,SISSINGHURST,0
5964,Sort of rate boy's bad behaviour,goingson,goings on,assemblage,MARKET UP,0
139443,"Legless man, one goes into pub to participate",joinin,join in,assemblage,JOIN IN,1
50161,A small bird's behind,astern,astern,assemblage,ASTERN,1
98673,Greek citizens' interjections to take notice over voting?,hoipolloi,hoi polloi,assemblage,THE POLITE,0
67328,"Import teak, say, brought in by sea",driftwood,driftwood,assemblage,INTERPRET,0
35806,Name backing European exit,gate,gate,assemblage,GATE,1
98588,Unnecessary words? Not about bear,paddington,paddington,assemblage,TAUTOLOGY,0
83158,Nameless bone in substance virtually like another,fibular,fibular,assemblage,SIMILAR,0
131950,Kind offer to pick up Edward,tenderhearted,tender hearted,assemblage,GENTLE OFFER,0
27748,Difficult universal and timeless tale is deceptive,illusory,illusory,assemblage,UNREALTY,0
55022,Furnishing periodical with set of figures,occasionaltable,occasional table,assemblage,FURNISHING SET,0
15566,French and German articles appear below,under,under,assemblage,UNDER,1
119427,Look into top player's huge pulsating body,xraystar,x ray star,assemblage,A BIG HEART,0
40174,Man without shape having a little defect?,malformed,malformed,assemblage,AMORPHOUS,0
24165,Many get permission to unite,cleave,cleave,assemblage,UNITE,0
22136,"Paul, perhaps, threw wobbly - blimey!",strewth,strewth,assemblage,APOSTLE,0
77077,Material in test given to secretary?,temporal,temporal,assemblage,TAPESTRY,0
103136,Supply a team reserve,putononeside,put on one side,assemblage,PUT ON THE SIDE,0
118824,Ought queen to enter plump and slumped?,roundshouldered,round shouldered,assemblage,ROUND SHOULDERED,1
14291,Stop a squad playing,abandon,abandon,assemblage,STAY,0
13137,Disrupt current London theatre offensive,intrude,intrude,assemblage,INTRUDE,1
5181,Two monarchs giving sovereign's first greeting in long ago county,yorkshire,yorkshire,assemblage,BERKSHIRE,0
84948,Beginning of the Hindu festival in round buildings,tholi,tholi,assemblage,DOMES,0
126563,"Composer putting king in check, brought back knight alongside queen",bruckner,bruckner,assemblage,SULLIVAN,0
32296,Mother puts a fellow in the shade,magenta,magenta,assemblage,DAMSONS,0
32982,Heartless poet performed,done,done,assemblage,DONE,1
110534,Small section of church upset theatrical dame,evans,evans,assemblage,EVANS,1
125845,Native close to joining argument in pub,ingrown,ingrown,assemblage,INDIGEN,0
68110,"Without lid, drain jug",ewer,ewer,assemblage,EWER,1
28089,Mathematician starts to expand upon Lagrange's extraordinary results,euler,euler,assemblage,EULER,1
97412,A party opening up a temple,pagoda,pagoda,assemblage,PAGODA,1
92599,A reason to corner the woodchuck,groundhog,groundhog,assemblage,GROUNDHOG,1
77645,Snow vehicle to slide out of control into ducks,skidoo,skidoo,assemblage,SKIDOO,1
13464,Stop New York baseball team getting turned over,stem,stem,assemblage,STEM,1
88776,Hooligan displays sheer audacity on part of the golf course,roughneck,roughneck,assemblage,ROUGHNECK,1
87055,Horse sick around the withers initially; get a cloth!,cavalrytwill,cavalrytwill,assemblage,TABLECLOTHS,0
138607,"After study, no women find time for revision",readjustment,readjustment,assemblage,READJUSTMENT,1
92598,Light reveals sick bird looking up,illume,illume,assemblage,TALLOW,0
66950,Everyone bound to be properly organised,alltiedup,all tied up,assemblage,ALL TIED UP,1
140232,"Flipping dull, echoing gong",tamtam,tam tam,assemblage,TAM TAM,1
47033,Monkey's beginning to pick apples up,scamp,scamp,assemblage,SAKI,0
105188,"Foolish American boy, who makes you think of Wallis?",simpson,simpson,assemblage,WALLACE,0
58982,"Cave in Spain, base for one male tramp",implode,implode,assemblage,CAVERN,0
76857,Women's work in underground river in Wales,distaff,distaff,assemblage,NEEDLE,0
82605,Club gets tennis champion further,everton,everton,assemblage,BATTER,0
123466,Pacific republic drink tipped to get gold,palau,palau,assemblage,PALAU,1
135266,Formal protests about gifts,representations,representations,assemblage,REPRESENTATIONS,1
81200,Stir a large watercourse,canal,canal,assemblage,ALARM,0
49709,Love writer accessible to everyone,open,open,assemblage,OPEN,1
122587,Advocate appearing for a Venetian explorer gains essential point,apologist,apologist,assemblage,APOLOGIST,1
105606,Shocking word repeated in error,booboo,booboo,assemblage,BOOBOO,1
28996,Audibly voiced low spirits,mood,mood,assemblage,MOOD,1
83340,André Gide initially appears in quiet street in French capital,prague,prague,assemblage,AGAST,0
116500,Ferocious avian charge on hill,raptor,raptor,assemblage,RAPTOR,1
54128,Idol given name of bird,heron,heron,assemblage,HERON,1
80680,Blameless watering hole given zero cash in US,innocent,innocent,assemblage,INNOCENT,1
31047,Water with jolly blue colour,aquamarine,aquamarine,assemblage,AQUAMARINE,1
114276,Unimportant part of indicator at motorway junction,minor,minor,assemblage,SPLAY,0
24037,Supporter's grand boast,brag,brag,assemblage,BRAG,1
124574,Fix up starter of pilau with reduced packaging. Spices strong with it?,girlpower,girl power,assemblage,PINE NUT,0
107823,Emptied cocktail over the dress,clothe,clothe,assemblage,CLOTHE,1
61989,The way people talk of miracle food,manna,manna,assemblage,MANNA,1
120129,Looking to understand card,seeking,seeking,assemblage,READING,0
112244,Ecological group plant northern vegetable in a Mediterranean country,greenpeace,greenpeace,assemblage,SOW-N-PEA-SPAIN,0
95995,Reluctant to have a port with philanderer,lothario,lothario,assemblage,LOTHARIO,1
24382,Hero achieves eminence amongst top men,achilles,achilles,assemblage,ACHILLES,1
16075,Weapon did its job on maiden,cutlass,cutlass,assemblage,CUTLASS,1
63484,Note down new present,endow,endow,assemblage,MINT,0
77958,"Make merry, as lyricist bags English girl",rejoice,rejoice,assemblage,CAROUSE,0
41007,English tea break keeps US workers involved,elaborate,elaborate,assemblage,TEAMSTERS,0
63400,Leading Republicans' euphemism naively downplaying illegal torture in other nations,rendition,rendition,assemblage,RENDITION,1
67987,Fighter pilot with boat crew,flyweight,flyweight,assemblage,FLYWEIGHT,1
31326,"King Lear's opening, rubbish",offal,offal,assemblage,DROSS,0
44343,One is well rid of it,illhealth,ill health,assemblage,THE PLAGUE,0
80036,A lot of filth by leader of Lords causes brief storm,squall,squall,assemblage,SQUALL,1
77968,Hollywood's top director exhibiting arrogance,hauteur,hauteur,assemblage,HAUGHTY,0
90158,Soldiers follow one in specialist trial,experiment,experiment,assemblage,SPECIALIST,0
22793,Left before recess - a blunder,lapse,lapse,assemblage,ERROR,0
58597,"Cloak for wife, South African style",capedutch,cape dutch,assemblage,CAPE TOWN,0
109433,"Doing backstroke, swim round lake with fish - such as this",pilchard,pilchard,assemblage,SARDINES,0
54368,Sound beast carrying rubbish carrier,orthodox,orthodox,assemblage,STALLION,0
123944,People wanting a new landlord,publican,publican,assemblage,TENANTS,0
55185,Meet with elected scoundrel,incur,incur,assemblage,ELECT,0
53082,"Talented Lib Dem, no longer the leader",able,able,assemblage,ABLE,1
124133,"Impure, I quietly run away and sleep at home when he calls",muezzin,muezzin,assemblage,IMPURE,0
989,Revolutionary with fish head to cook,chef,chef,assemblage,COOK,0
5855,Unwanted growth has proceeded round the whole street,gallstone,gallstone,assemblage,CARCINOMA,0
105452,Criminal underground starts many a feud in America,mafia,mafia,assemblage,MAFIA,1
6344,Team given extra exam,elevenplus,eleven plus,assemblage,ELEVEN PLUS,1
43035,Strikers going round pit take a dip,pickpocket,pickpocket,assemblage,BATHINGPIT,0
118953,Something added on the end of affectionate princess's letter?,annex,annex,assemblage,ANNEX,1
4515,Seed that's old removed from a loch,almond,almond,assemblage,SESAME,0
136938,Billionaire's first to not offer tip in bar,blacklist,blacklist,assemblage,BARRISTER,0
16704,Aim by listener to win affection,endear,endear,assemblage,ENDEAR,1
102993,Irish operator is such a person in trade,shopkeeper,shopkeeper,assemblage,IRISH-HANDS,0
60087,"Robson beating Williams, for example, winning at least six games",upset,upset,assemblage,SCORE,0
89120,"Likely to give an answer, especially in revised version",responsive,responsive,assemblage,RESPONSIVE,1
133412,Bluish-grey bench one removed from row,pewter,pewter,assemblage,SLATEY,0
79822,Supporters with lots of hard facts,brasstacks,brass tacks,assemblage,BRASS TACKS,1
123901,You'll find me introducing very French measures,metres,metres,assemblage,METRES,1
78895,"Time to give the ticker a boost, having it off with Gladys",daylightsaving,daylight saving,assemblage,STARTING PISTOL,0
57659,"Just once, do put one out!",exactly,exactly,assemblage,SINGLY,0
87570,Daughter's body clock determines when to have food,dinnertime,dinner time,assemblage,DINNER TIME,1
16044,Old king of note,offa,offa,assemblage,COLE,0
130077,Journalists who keep saying cutting things,hacksaws,hacksaws,assemblage,SCISSORS,0
117543,Boatman gets his first crop on the wagon,boatswain,boatswain,assemblage,ABSTINENT,0
103296,Pressing suit with the devil,impaction,impaction,assemblage,IMPACTION,1
101548,Like warning Liberal about vote,forexample,for example,assemblage,RED ALERTED,0
15125,"Curved member made of wood, say",bowleg,bow leg,assemblage,BOW LEG,1
18191,Annoyed that shirt's missing from counterfeit Man U strip,upinarms,up in arms,assemblage,ON THE FACE,0
90110,Zero return after call for capital,dublin,dublin,assemblage,OTTAWA,0
460,Instrument causing damage when attached to one short whip,harmonica,harmonica,assemblage,HARMONICA,1
44171,Parody old Bob's clothing,skit,skit,assemblage,MOCK,0
77136,Repeated knocks make Irish twins retreat,taptap,tap tap,assemblage,TAP TAP,1
115907,Dog dirt on park for animals picked up,shihtzu,shih tzu,assemblage,CURMUDGEON,0
124513,"Excuse a little colour without energy, maybe, on box",pleating,pleating,assemblage,SPARRING,0
1273,Dealing with urgent checking,repressing,repressing,assemblage,ADDRESSING,0
28458,Final appearance of US actress - good!,swansong,swansong,assemblage,SIGHTING,0
14737,Get to the top on Tyneside?,scalene,scalene,assemblage,SCALING,0
33309,Rowan's character: nothing comic,beano,beano,assemblage,BEANO,1
71376,"""Heart of Midlothian"" follows radical dogmatist",bigot,bigot,assemblage,CREDO,0
38657,Woman in torment shows spirit,banshee,banshee,assemblage,ANIMATE,0
50376,Give name with nothing in it to fool with old gold coin,doubloon,doubloon,assemblage,DOUBLOON,1
107588,"Soap found under bum, which is sweet",spongecake,sponge cake,assemblage,BUTTER SNAP,0
69792,Tilts at hint on drink,tipsup,tips up,assemblage,TIPS UP,1
116016,"Well I'm blowed! Bald, shaved and pink!",coral,coral,assemblage,FLUSH,0
137028,Head of government to OK thoroughfare stopping short of scaffold,gallowstree,gallows tree,assemblage,PRIME STAGE,0
48249,Old instrument needs the sphere to ring,theorbo,theorbo,assemblage,THEORBO,1
86793,It's grand to make many holes in a hot plate,griddle,griddle,assemblage,GRIDDLE,1
96526,Disk that's not a hit with artless party,floppy,floppy,assemblage,FLOPPY,1
117872,"Religious leader (a healer) cured flesh, receiving credit as a teacher",mohammed,mohammed,assemblage,PREACHER,0
113200,Old skin disease liable to drain confidence,sapego,sapego,assemblage,CANKER,0
15131,Dissipated girl in confinement,misspent,misspent,assemblage,SLOVENLY,0
91831,Lifting a great weight is false,notso,not so,assemblage,NOT SO,1
89024,"High frequency range, say, penetrating mum - is sore in the ears",megahertz,megahertz,assemblage,DEAFENING,0
123817,"Lively end to working week, heaven",frisky,frisky,assemblage,UTOPIA,0
31567,Expectant boy and European girl set about stir-crazy night hunter,pipistrelle,pipistrelle,assemblage,NIGHTHAWKER,0
112794,Game controller's about to take a quick look up,keeper,keeper,assemblage,KEEPER,1
96120,Always right in story about trouble arising,infallible,infallible,assemblage,INVARIABLE,0
105007,Ride off a little way to old city in time to get led up the aisle,marriedinchurch,married in church,assemblage,CARRIED TO CHURCH,0
121371,"Corrects paperwork, putting top of house on in flats",proofreads,proofreads,assemblage,REHABILITA,0
53700,"Like china after the bull, shop being gutted when he's gone",strewn,strewn,assemblage,BROKEN,0
34214,Pepper's top music arrangement,capsicum,capsicum,assemblage,CAPSICUM,1
103805,"Vexed about European tree such as beech, from what we hear",seashore,seashore,assemblage,EXASPERA,0
13705,"Bar providing energy (sustained energy), almost other-worldly",estaminet,estaminet,assemblage,ETHEREALY,0
124729,Astronomical scale of opening novel,analemma,analemma,assemblage,LIGHTYEAR,0
86193,Inspector gives opinion with hesitation,viewer,viewer,assemblage,ASSESS,0
130415,"Set fire to one reptile in sewer, according to reports",litigator,litigator,assemblage,IGNITEDLY,0
21082,Sort of spin one thus put on an issue,isotopic,isotopic,assemblage,TORSIONS,0
128679,"Fellow clean, having removed soft muck",manure,manure,assemblage,MANURE,1
75968,"Come down heavily, when gathering of hunters is set up",teem,teem,assemblage,SNOW,0
80354,I cut out the hard stuff when at work,stonemason,stonemason,assemblage,INDUSTRIAL,0
82313,Body meeting to pledge help to golfers?,committee,committee,assemblage,COMMITTEE,1
88362,Never return to issue concerning former volunteers,atnotime,at no time,assemblage,EX AT ARMS,0
72051,Plot developer,schemer,schemer,assemblage,PLANTER,0
83215,Elaborate ornament to hang on ventilator,fandangle,fandangle,assemblage,FANTASTIC,0
101613,English writer hits cart track backing motor,turbine,turbine,assemblage,CARLYLE,0
140061,Silly argument over half a small pigeon,squab,squab,assemblage,SQUAB,1
90877,Wild flower round by border,oxlip,oxlip,assemblage,ORRIS,0
15283,Main follower in France with projector,tenon,tenon,assemblage,IDEAL,0
63244,I'm given picket duty,impost,impost,assemblage,IMPORT,0
85419,Novice's a person stupid in the head,loaf,loaf,assemblage,LOAF,1
69373,Record poem about island event,episode,episode,assemblage,EPISODE,1
125914,Fold party clothes,dogear,dog ear,assemblage,DOG EAR,1
125578,Many a playground prank ties knot around Maggie's bottom half,wedgies,wedgies,assemblage,SNOOTIE,0
34292,Overwork Bob's followers,strain,strain,assemblage,TAXING,0
141476,NYPD case to get resolved having been shortened,syncopated,syncopated,assemblage,SETTLEMENT,0
27334,"Expression of compliance, almost trendy?",righto,righto,assemblage,AMENED,0
53660,"Tall and skinny, first to go fishing",gangling,gangling,assemblage,GANGLING,1
22110,Hardy presents most of hoary tale,ollie,ollie,assemblage,HOARY,0
38670,Priestess is one Greek character Angie confused,iphigenia,iphigenia,assemblage,SYBILLINE,0
86654,"Calls sailor back, one's docked",names,names,assemblage,SAYER,0
56339,The man leading Earth's revolution is a god,helios,helios,assemblage,HERMES,0
53508,Live as a bird and take off,beatit,beat it,assemblage,BE OFF,0
59873,Friday's child makes you shiver,frisson,frisson,assemblage,FRISSON,1
141631,"Defenders greeted, sloping off from the front",backswept,backswept,assemblage,SENTRYING,0
46001,Wartime enemy heading off for the firing line,oche,oche,assemblage,FIRE,0
130770,"In Devon, a current company leader is business manager",exec,exec,assemblage,EXEC,1
134419,Hobo's besotted with bling and spirits,hobgoblins,hobgoblins,assemblage,HOBNOBBING,0
77747,Aim for gold? I disagree,objector,objector,assemblage,OBJECTOR,1
59788,Young female FBI agent now gone private employed by Nelson?,glasseye,glass eye,assemblage,GLASS MAN,0
111582,"We object, being placed in improper abode. Why? It's of ill repute!",bawdyhouse,bawdy house,assemblage,SWEET HOME,0
83921,"It's of assistance to shepherd or miner, but not king",collie,collie,assemblage,USEFUL,0
128438,Produced rising bill and butcher sued,caused,caused,assemblage,CAUSED,1
54449,They feel it's time to have castle refurbished,tentacles,tentacles,assemblage,TENTACLES,1
78883,Maiden possibly left port with too much luggage,overladen,overladen,assemblage,OVERLADEN,1
28654,Bypass (ring road) crumbling - such a state!,colorado,colorado,assemblage,SYNOPSIS,0
54161,Philosopher managed last of apple crumble,diderot,diderot,assemblage,SPINOZA,0
13101,This address caters for love on the allotment,oration,oration,assemblage,POSTBOX,0
23405,Discount English book with set standard jacket,rebate,rebate,assemblage,BLAZER,0
106788,Shrub grew on river in a month,rosemary,rosemary,assemblage,ROSEMARY,1
96234,"Book about principal, not a strong head maybe, yet beginning",remainsoftheday,remains of the day,assemblage,CHAPTER ONE ONE,0
12071,"Low gear involved, finding place to park?",moorage,moorage,assemblage,GARAGES,0
76701,"Left and left again, lorry finally gets round",portly,portly,assemblage,LILLY,0
83727,Distress at leaving embassy man following judge,heartache,heartache,assemblage,SITUATION,0
32364,Clue short of perfect,idea,idea,assemblage,CLUE,0
82856,"Polish fruit, cored, is chewy",rubbery,rubbery,assemblage,CHEWY,0
57005,Turn aside right after the avenue,avert,avert,assemblage,AVERT,1
32670,No time for checking maxim,saying,saying,assemblage,MAXIM,0
80728,Travel in time beyond it and back from Rome,itinerate,itinerate,assemblage,ITINERARY,0
121676,Combine to restrain a temper,allay,allay,assemblage,UNITE,0
84957,Clerical doctor has a bit of a scheme concerned with aspect of language,syntactic,syntactic,assemblage,PHONETICS,0
75083,Head of Sheffield Wednesday is meeting Hillsborough's first Scandinavian,swedish,swedish,assemblage,SWEDISH,1
100715,Performance in which the middle section gets the twitch,bellydance,belly dance,assemblage,STAGE SHOW,0
94065,Doctor can back old GP site,monaco,monaco,assemblage,DOCENT,0
5968,The Queen needs foreign money for the mission,errand,errand,assemblage,QUESTS,0
82472,Good place for baby with loop,picot,picot,assemblage,CRADL,0
20340,Chief island's headgear,topis,topis,assemblage,TIARA,0
95135,Giveaway lines?,freeverse,free verse,assemblage,FREE TRIAL,0
40049,Trollop allowed a pie,tartlet,tartlet,assemblage,TARTLET,1
77809,White boy finds nearest man in blue,skinhead,skinhead,assemblage,SCAVENGED,0
112968,"When retired, managed share account",narration,narration,assemblage,PENSIONED,0
73262,"Judge - typical, though not posh - producing a rejection",refusal,refusal,assemblage,REFUSAL,1
3955,Result of dropping the charge?,pricecut,price cut,assemblage,POWER CUT,0
4506,Duck has suffered on island,borneo,borneo,assemblage,OPINED,0
96316,"Paper's written about conclusion to inquiry, little being an inward reference",myself,myself,assemblage,ENDOGY,0
126949,Monstrous party on the up through Gulf War not all bad,godawful,godawful,assemblage,ENORMOUS,0
57628,Setter finds shelter from fight,melee,melee,assemblage,SPARE,0
51375,"Consents, but will be a long time coming round again",agrees,agrees,assemblage,AGREES,1
105020,Pets regularly bite? Avoid!,eschew,eschew,assemblage,ESCAPE,0
133314,Produce charged particles and celebrate topless,ionise,ionise,assemblage,IONISE,1
83264,Look after the ruddy whiskey!,redeye,redeye,assemblage,TENDER,0
94199,"Guided the unholy Tannhäuser on Rome expedition - devastated, primarily",tutored,tutored,assemblage,STEERED,0
114206,Greek island with a cat that's externally weightless,ithaca,ithaca,assemblage,LESBOS,0
101298,Short skirts tempt the clergy!,ministry,ministry,assemblage,MINISTER,0
123748,Plans where PM lives without owning - tense?,intends,intends,assemblage,SCHEMES,0
50900,Like a mother could lose a point and gain one - it's seriously relevant,material,material,assemblage,MATERIAL,1
90550,"Hide fortune, making run for Cuba",lurk,lurk,assemblage,LURK,1
110569,Indications of a lot of hard drinkers going on spree,harbingers,harbingers,assemblage,SOTBINGING,0
4903,"Game, or six of them, holding local up",tennis,tennis,assemblage,SQUASH,0
52831,Facial hair reported to county's capital,tashkent,tashkent,assemblage,SIDEBURN,0
3357,A French field with sailors: cancel the lesson,unlearn,unlearn,assemblage,UNLEARN,1
125797,Bribe a cricket side - or just one fielder,squareleg,square leg,assemblage,PAYOFF SLIP,0
133476,They provide poor accommodation,almshouses,almshouses,assemblage,SQUATTERIES,0
128816,Language used in theatre by Lawrence director tailored to fit again,readapted,readapted,assemblage,LREFITTED,0
784,Women's quarters and hospital are by motorway,harem,harem,assemblage,HAREM,1
46469,Commotion curtailed on American burial place,tumulus,tumulus,assemblage,OSSUARY,0
29423,One good with relief work for delicate ornamentation,filigree,filigree,assemblage,FILIGREE,1
43829,Old instrument: state feminine name,rebecca,rebecca,assemblage,SPINETS,0
29321,Amusement park fails to open - how dishonest!,unfair,unfair,assemblage,UNFAIR,1
29253,Weighty communication cut by a lawyer,notable,notable,assemblage,MASSIVE,0
59680,There's nothing stupid in Denmark,odense,odense,assemblage,ODENSE,1
131619,Criminal acts at house in the middle of Trieste,villainies,villainies,assemblage,VILLAINIES,1
113859,Expecting a delay in start of games,awaiting,awaiting,assemblage,AWAITING,1
109706,Favourite uncle hurt about aunt's initial pique,petulance,petulance,assemblage,PETULANCE,1
71281,Old transport on river outside the city walls,extramural,extramural,assemblage,TROLLEYCAR,0
136821,Key workers?,locksmiths,locksmiths,assemblage,LOCKSMITHS,1
42117,A rugby player thus taken by surprise,aback,aback,assemblage,AGAST,0
108118,They believe further education for sailor one solution,unitarians,unitarians,assemblage,UNITARIANS,1
129142,Instant calls blocked by new PM's predecessors,mornings,mornings,assemblage,IMPULSES,0
28452,Gloria's great at the final curtain,swansong,swan song,assemblage,SWAN SONG,1
53225,"Sharpen pen, but retain candour",honesty,honesty,assemblage,HONESTY,1
29486,Duck below bedcover,eiderdown,eiderdown,assemblage,EIDERDOWN,1
27600,Record awful lies about model in writing,epistle,epistle,assemblage,EPISTLE,1
66578,Cook insufficiently good: not a likely winner,underdog,underdog,assemblage,OUTSIDER,0
56945,Treating people that are out to make New York happy about alien,hypnotherapy,hypnotherapy,assemblage,PSYCHOSOMATIC,0
120004,"It's instinctive with a good many, all called George",automaticpilots,automatic pilots,assemblage,MULTITUDE GEORGES,0
125044,Moved in secret and went ahead after complacent start to game,smuggled,smuggled,assemblage,SCUTTLED,0
30696,A measure without point,galleon,galleon,assemblage,FATHOMS,0
140862,"After briefly not working, a head is in school again",reteach,reteach,assemblage,RESTUDY,0
6717,"Express approbation of last rose, perhaps",endorse,endorse,assemblage,PLAUDIT,0
65586,Be quick to appear in fashion,looksmart,look smart,assemblage,FAST TRACK,0
93894,"Dancers on stage refrain, in part",chorusline,chorus line,assemblage,CHORUS LINE,1
75329,Quickly read second novel,skim,skim,assemblage,SCAN,0
63800,Sailor getting damaged kept dry,abstained,abstained,assemblage,MARINATED,0
104535,Test alcohol-free beer at the end (European one),dryrun,dry run,assemblage,TRY OUT,0
22372,Look certain after record brings revelation,disclosure,disclosure,assemblage,REVELATION,0
116661,"Line in scrap, which might be cut for a cockpit",flightdeck,flight deck,assemblage,SCRAP BOOK,0
30157,Old teaching assistant demonstrating pronouns,usher,usher,assemblage,THOSE,0
59237,Mark of small vehicle,scar,scar,assemblage,SCAR,1
141907,Property of trees in meadows: healthy inside with sun,leafiness,leafiness,assemblage,LEAFINESS,1
105222,Artist for the underground?,lowry,lowry,assemblage,MINER,0
66782,Attila upset retired nut gatherer,headhunter,headhunter,assemblage,SQUIRRELER,0
1972,Conciliate a parish priest with creature comforts,appease,appease,assemblage,APPEASE,1
5510,Criticise long dash,panache,panache,assemblage,LAMBAST,0
108121,Greek-speaking orator as guide (not to Tyneside),cicero,cicero,assemblage,MENTOR,0
65420,Spin prime minister's endless talk,prattle,prattle,assemblage,TORSION,0
122686,"Sofa, perhaps, where Torode's first broadcast rejected by diner",twoseater,two seater,assemblage,TEA SETTEE,0
80669,One like Napoleon artist gets to pose,strategist,strategist,assemblage,BONAPARTIST,0
90579,"As an old hand, reverse-called on a semiconductor device",gnarled,gnarled,assemblage,TRIODES,0
71166,Leaver no longer a soft touch,expat,expat,assemblage,PATSY,0
20485,Devon resort's improved with non-drinking element gone,beer,beer,assemblage,TORQ,0
99648,Travel plan means one can take time on the railway,itinerary,itinerary,assemblage,ITINERARY,1
14712,"Previous state of party, originally backed by old Soviet leader",prussia,prussia,assemblage,ESTONIA,0
138451,"Walked like a confined prisoner in stockinged feet, which prevents self-harm",paddedcell,padded cell,assemblage,SAFETY PINS,0
111297,"Dramatist, needing work shortly, taking partners on as past peak",benjonson,ben jonson,assemblage,OFF PEAK,0
99294,Woman holding magazine cover,sheathe,sheathe,assemblage,SHEATHS,0
7336,"One in poor health, not strong",unit,unit,assemblage,WEAK,0
23020,Outlay of former writer extracting Greek character from muse,expense,expense,assemblage,EXPENSE,1
39161,Mean to have home care,intend,intend,assemblage,INTEND,1
14196,"About to suffer from alcohol consumption, seeing shrink",wince,wince,assemblage,REDUX,0
89459,Main inhabitant's lidless coal store placed at angle,cuttlefish,cuttlefish,assemblage,SKEWNESSES,0
41271,"Like a giraffe, it's all right to have one half pint",okapi,okapi,assemblage,TALLY,0
2097,"Guts, or heart lost in loved one",daring,daring,assemblage,SPLENE,0
103755,"Fliers like trees in winter (sunless, but retaining temperature)",leaflets,leaflets,assemblage,LEAFLEST,0
5548,Support for member to pay balance,footrest,footrest,assemblage,ARMRESTS,0
5087,Lamb put on string for princess,cordelia,cordelia,assemblage,SHEPHERD,0
94935,Standing of French Queen and significantly smaller,teenier,teenier,assemblage,STATURE,0
110889,Bill and Edward played,acted,acted,assemblage,ACTED,1
42770,Motive concerning an endless strain,reason,reason,assemblage,REASON,1
76813,Two support the church,brace,brace,assemblage,PRIOR,0
62505,Little boy with a metre-wide hole,chasm,chasm,assemblage,CHASM,1
48876,A final note about a fabulous writer,lafontaine,la fontaine,assemblage,AL GORAZY,0
97545,Talk garrulously (rabbit on) in part of France,gascony,gascony,assemblage,PRATTLE,0
86968,If German is supporting overthrow of EU policy he won't use violence,pacifist,pacifist,assemblage,PACIFIST,1
103224,"Providing funds, though die in the red?",endowing,endowing,assemblage,ENDOWING,1
23234,"In a difficult situation, use hose on grass",tightspot,tight spot,assemblage,GRASS ROOT,0
36147,Garments Carthaginian leader introduced to African city,tunics,tunics,assemblage,HABITS,0
77553,Flag with a tale of heroism,saga,saga,assemblage,SAGA,1
39924,Large old ship is broad and slow,largo,largo,assemblage,LENTO,0
108211,About to get severe cramp,restrict,restrict,assemblage,RESTRICT,1
40465,"Fragile thing, problem leading to fault",teaservice,tea service,assemblage,ICE CRYSTAL,0
1230,Talented leading counsel at the bar,clever,clever,assemblage,ADROIT,0
121320,Office worker casually visiting old city to get a deep-fried dish,tempura,tempura,assemblage,TEMPURA,1
36340,Weeping mother returned popular award,niobe,niobe,assemblage,OSCAR,0
107957,"African warriors, revolutionary yet showing irreverence",impiety,impiety,assemblage,ZULUS,0
104237,Canary has number - there's energy in numbers,tenerife,tenerife,assemblage,ANESTHES,0
93438,"Native American in prog rock group, wearing relative's shoes",brothelcreepers,brothel creepers,assemblage,CHIEFTAIN,0
8242,"Eat from river, as bird",grouse,grouse,assemblage,CANARY,0
43682,Before Man exists … before that? An article of faith,theism,theism,assemblage,GOSPEL,0
7908,Name one Greek island: one with a divided capital,nicosia,nicosia,assemblage,NICOSIA,1
47330,Clean out container on top - it's got a needle in it,binnacle,binnacle,assemblage,SCORPION,0
37657,"Son was visibly moved, did some housework",swept,swept,assemblage,SWEPT,1
7598,Place for researching our party,labour,labour,assemblage,LABOUR,1
141678,"Attacks with a 'furious fastidiousness', ultimately - fine to ignore flaws",assaults,assaults,assemblage,ASSAULTS,1
42338,Origins of terrific hubbub below and terrific hubbub above,thunder,thunder,assemblage,THBATHA,0
86698,"Extremes in heavy drinker, overpowering even, producing gas",hydrogen,hydrogen,assemblage,ETHYLENE,0
126362,"They may be sarcastic, when press is across the street",ironists,ironists,assemblage,IRONISTS,1
6650,Fancy Luxembourg as Utopia?,ideal,ideal,assemblage,IDEAL,1
38932,Purge over-excited fool within time limits,decontaminate,decontaminate,assemblage,EXSANGUINATE,0
72601,Urban work by sanctimonious boy,oppidan,oppidan,assemblage,TOWNIER,0
40999,"Package turned up, given address with added detail",elaborate,elaborate,assemblage,ELABORATE,1
134943,Knocked back soft drink and spirits in drinking bowl,jorum,jorum,assemblage,BASIN,0
21793,Call for resignation causes uproar,outcry,outcry,assemblage,CLAMOR,0
16523,Leading girl in musical doesn’t start solo,aria,aria,assemblage,LONE,0
13370,A situation troubled dissenter,apostate,apostate,assemblage,APOSTATE,1
15275,Diver caught one coming up for something to eat,iceberg,iceberg,assemblage,SARDINE,0
15725,European caught in this system of morality,ethics,ethics,assemblage,ETHICS,1
7881,"Cause friction blowing top, around you calm",assuage,assuage,assemblage,SUBSIDE,0
79357,Printer's employee being kind to dog,typesetter,typesetter,assemblage,TYPESETTER,1
130968,Itinerant magician's prop turned King Edward into Queen Elizabeth!,wanderer,wanderer,assemblage,WANDERER,1
87626,"Paint cheese without semicircle, half of cheese",gouache,gouache,assemblage,GOUACHE,1
111683,A disease exists on account of rodents,agoutis,agoutis,assemblage,AGOUTIS,1
9482,A crack about the aim to be in vogue,trendy,trendy,assemblage,TRENDY,1
76257,What was written on role filled by church workers?,parchment,parchment,assemblage,PARCHMENT,1
62317,"They're scaled by companions, but not at first",adders,adders,assemblage,SCALES,0
24452,A mountain that's good to climb,alpha,alpha,assemblage,SNAIL,0
40781,Aristocrat right to receive monarch,duke,duke,assemblage,PEER,0
22527,Male sheep producing cross,hetup,het up,assemblage,RAM IE,0
78738,One drunkard turns up to see another,tosspot,tosspot,assemblage,MIRRORS,0
70065,"A bit of spirit needed to climb a peak, which is dangerous and must be scaled",alligator,alligator,assemblage,STAIRCASE,0
65885,It's said to pacify one getting a duplicated present,nownow,now now,assemblage,PACIFY,0
83151,"Check when one's gone past you, having come to grief",autopsy,autopsy,assemblage,S-U-P-E-R-B,0
66353,"Capital sum a lender's first withdrawn from Italy, or Monaco?",principality,principality,assemblage,CONSIDERABLE,0
97875,Complaint of writer about the British clearing banks,nephritis,nephritis,assemblage,S-C-R-I-B-B-L-E,0
50079,"River runs back, almost reaching top of estuary",rhine,rhine,assemblage,S-T-E-E-R,0
51124,Ulster backing diplomacy without a break,intact,intact,assemblage,S-T-E-A-D-Y,0
119756,"Holding up the Guardian, for instance, is Rusbridger, with efficiency",organised,organised,assemblage,E-F-F-I-C-A-C-Y,0
140751,"One metre down, plant foolish hoax",piltdownman,piltdown man,assemblage,MOUNTAIN ASH,0
37502,Pay to take residence at university?,settleup,settle up,assemblage,SETTLE UP,1
32690,Time off for a craftsman,shoreleave,shore leave,assemblage,SPARE TIME,0
121020,Dress for presentation?,giftwrap,gift wrap,assemblage,GIFT WRAP,1
67809,Representation of one small party,icon,icon,assemblage,ICON,1
102881,Address of the woman's joint,ladyship,ladyship,assemblage,ADDRESS,0
138803,Good time to change sides with spirit,ghoul,ghoul,assemblage,GENIE,0
83256,Evidence of railroad plant,groundsel,groundsel,assemblage,TRACKSIDE,0
118560,Tucker's best mate put on the covers of large sacred text,bible,bible,assemblage,BIBLE,1
83684,Superlatively fine art suffering,smartest,smartest,assemblage,PAINTING,0
14398,"Fools wasting time on North Carolina headland? Spanning the years, this is characteristic",idiosyncrasy,idiosyncrasy,assemblage,CHARACTERISTIC,0
55741,"To a certain extent, the scoundrel wants that woman",rather,rather,assemblage,RATHER,1
543,Hurt the billman,ache,ache,assemblage,SCAR,0
27545,It's shown in diatonic modulation,indication,indication,assemblage,CONDUCTION,0
83646,"""Look at tax"", says a Green",lovat,lovat,assemblage,LOVAT,1
10341,A party bloomer - providing mineral!,alabaster,alabaster,assemblage,LABOURITE,0
116024,Boatman's report on whale found in the Mediterranean,mallorca,mallorca,assemblage,ADRIATIC,0
18902,Make off with bits of deck and amplifier,decamp,decamp,assemblage,DECAMP,1
120440,Choose industrial chemists' solution: we deal with …,opticians,opticians,assemblage,OPTICIANS,1
65562,Bow and scrape when news is broadcast between balls,danceattendance,dance attendance,assemblage,STOOP EVERYTHING,0
54270,She watches old boy with computer,observer,observer,assemblage,OBSERVER,1
94952,"Expectation of rush hour delays, an empty promise?",jamtomorrow,jam tomorrow,assemblage,THE PROMISE,0
107270,Politician given party lodgings,condo,condo,assemblage,ABODE,0
91577,Briefly that extra distance that brings evidence of happiness,smile,smile,assemblage,SMILE,1
126052,Revolution Road's dedicated track,cycleway,cycleway,assemblage,CYCLEWAY,1
121537,Do without minims in the middle bar,banish,banish,assemblage,STARVE,0
62295,Injury puts years on mother,damage,damage,assemblage,DAMAGE,1
129639,Short of three lots of supporters in the cemetery?,sixfeetunder,six feet under,assemblage,SIX FEET UNDER,1
27958,"First-class book about leading entertainer, of course",aintree,aintree,assemblage,ACADEMY,0
27977,"Repeat one time, then another, one short of ten",iterate,iterate,assemblage,ITERATE,1
129940,"Give up crime in Oz, reportedly, and wield pen anonymously",ghostwrite,ghostwrite,assemblage,PSEUDONYMS,0
32375,Fancy a fish first?,idea,idea,assemblage,SOLE,0
94043,"Farad's an SI unit, but not of this",flux,flux,assemblage,SANS,0
76131,Plain or flash coat for detective on street?,modest,modest,assemblage,STEPPE,0
60727,Bow out of second-rate finale,bend,bend,assemblage,BEND,1
132053,Order costumes for cases,lawsuits,lawsuits,assemblage,CASES,0
50207,Side needing actual capital,realmadrid,real madrid,assemblage,REAL ESTATE,0
139736,Securing army officer to rise against one he swore to serve?,locking,locking,assemblage,LOCKING,1
115706,Page wearing drunkard's hat,topper,topper,assemblage,TOPPER,1
41359,Has manoeuvred an end to the contest: cap that!,shako,shako,assemblage,SHAKO,1
77141,Something to eat and it's time for a fool to go to bed,apricot,apricot,assemblage,TAPIOCA,0
50407,Famous sons delay leaving,starry,starry,assemblage,RENOWN,0
85763,A number left on a trip for the pottery,delft,delft,assemblage,DELFT,1
109308,Previous charge in court bringing feeling of uncertainty,coldfeet,cold feet,assemblage,COLD FEET,1
27861,"Bit of blusher, without changing foundation",basis,basis,assemblage,BASIS,1
30211,Guerrilla starting to enrage king with insolence,cheek,cheek,assemblage,CHEEK,1
58331,"Pleasure resort, unknown on a poster, very classy",xanadu,xanadu,assemblage,SPRAWD,0
113368,Part of member's time wasted,thigh,thigh,assemblage,LIMBT,0
6290,"Something to lay, given end of life, laid in anger",wreath,wreath,assemblage,ERAGED,0
11597,Oriental vessel is a mile in length,sampan,sampan,assemblage,SAMPAN,1
11668,Eastern loch side,eleven,eleven,assemblage,ELOCHS,0
49320,Spread out hat that's turned over and put away,dilate,dilate,assemblage,STREWN,0
116934,"Insect on cacti circling round, right where it's very cold",antarctic,antarctic,assemblage,ANTARCTIC,1
106599,Is a crane needed for this theft?,shoplifting,shoplifting,assemblage,SHOPLIFTING,1
63251,Artificial means of communicating a spiritual talent by Muse without name,esperanto,esperanto,assemblage,TELEPATHY,0
103551,Stiffener and preservative in court,starchamber,star chamber,assemblage,STAR CHAMBER,1
117694,Part of army base is run down,revile,revile,assemblage,ERODED,0
120819,"New start for magician, one who refuses to swear",nonjuror,nonjuror,assemblage,NONJUROR,1
75468,Direction providing no way without conflict,norward,norward,assemblage,WESTERN,0
47644,Flair shown when skill is added to effort,artistry,artistry,assemblage,APTITUDE,0
101933,Someone very fond of a Cornish river trip?,fallover,fall over,assemblage,CAMEL LOT,0
63991,Retaliation concerning April's odd tricks ultimately,reprisals,reprisals,assemblage,REPRISALS,1
19447,Early reading-desk found in back furrow with drum,tambour,tambour,assemblage,TRUMPET,0
141430,Journalist stayed in Parisian stone flats,piedsaterre,pieds a terre,assemblage,ED WAS IN PIERRE,0
14231,"Good person, a laugher showing resilience",stamina,stamina,assemblage,STAMINA,1
28529,Merchant and traveller displays the spirit o' the game,marcopolo,marco polo,assemblage,TRADE WIND,0
91393,Wilder top of fallen flower,faster,faster,assemblage,MADDER,0
77642,Runs coming with one big hit more likely to get you caught out,riskier,riskier,assemblage,RISKIER,1
81338,Unknown quantity as missile plant,yarrow,yarrow,assemblage,XEROMA,0
107676,Notify primate about capital abbot originally left,apprise,apprise,assemblage,APPRISE,1
23803,Middle Eastern fuel qualifier when refined,iraqi,iraqi,assemblage,IRAQI,1
37287,Look round for a way to throw a fight,castabout,cast about,assemblage,TAKE A DIVE,0
23507,Dump resident on old lady - shame,stigma,stigma,assemblage,STIGMA,1
41593,Pamper commander's circle,cosset,cosset,assemblage,CODDLE,0
112631,Run to earth with the lines set in place?,trackdown,track down,assemblage,TRACK DOWN,1
61266,Stock complaint from canonised cricket commentator?,staggers,staggers,assemblage,STAGNANT,0
6683,Rued looking up Miss Smith's recipe network,bewailed,bewailed,assemblage,ETHERNET,0
113358,"Tale's beginning, in fact, in touching way",tactually,tactually,assemblage,TENDRILS,0
102600,"Showed determination when couldn't complete puzzle, then home",gotstuckin,got stuck in,assemblage,DIG HEELS IN,0
6986,Story told to encourage when caught in this?,tailback,tailback,assemblage,LIFELINE,0
100975,"Court crime officer is after ""Cat"", once a champion driver",tigerwoods,tiger woods,assemblage,ALAIN PROST,0
117806,Clubs unknown - iron or wood?,cypress,cypress,assemblage,PUTTERS,0
105069,Cannabis grown by extremely hirsute politician,hemp,hemp,assemblage,HEMP,1
42004,Northern sister nursing young sow breaks perfumier's connection with mainland,channeltunnel,channel tunnel,assemblage,SPANISH BRIDGE,0
131402,Snake-like creature's undiscerning malignant software,blindworm,blindworm,assemblage,SERPENTINE,0
84960,Time for virgin to return and break out,erupt,erupt,assemblage,ERUPT,1
120057,"Ignore wife in labour, longing to be back in Scottish islands",orkney,orkney,assemblage,ORKNEY,1
118080,Not much distance between spectators at either end: Celtic goes down at the start of extra time,closeset,close set,assemblage,SHORT RUN,0
39147,Get company in to cork the bottle?,screwtop,screwtop,assemblage,STOPCOCK,0
86869,Clinton was here (nothing wrong with former President),oxford,oxford,assemblage,WILSON,0
61834,Overturned vehicle on Cyprus with snout,baccy,baccy,assemblage,BACCY,1
137693,"Between back walls, stack and line up masonry",brickwork,brickwork,assemblage,STONEWORK,0
136217,Little fellow in conflict with car - this will provide comprehensive support,welfarestate,welfare state,assemblage,WELFARE STATE,1
44668,"One in three-D version: King Stephen, say",dethroner,dethroner,assemblage,ISOMETRIC,0
130331,US district and country trades duck for uranium,columbia,columbia,assemblage,BUTSWANA,0
120495,Confiscate one thousand quid,impound,impound,assemblage,IMPOUND,1
111384,Justify clash and tirade,warrant,warrant,assemblage,WARRANT,1
27070,Star lacking core providing speed,celerity,celerity,assemblage,CELERITY,1
76983,"Find someone to play the scoundrel, old singer",castrato,castrato,assemblage,CASTRATO,1
84378,Veronica is OK after drug use,speedwell,speedwell,assemblage,SPEEDWELL,1
95823,School's back-up (reserve) computer,notebook,notebook,assemblage,TERMINAL,0
96478,Detective story - read end!,astudyinscarlet,a study in scarlet,assemblage,A STUDY IN SCARLET,1
95713,"A blast this, room shelled in sound of mild explosion",atishoo,atishoo,assemblage,TORPEDO,0
30634,"Fix You, Coldplay's left on box",cure,cure,assemblage,GLUE,0
103725,To enthral a malicious woman we held back,bewitch,bewitch,assemblage,BEWITCH,1
62370,First to read new Little Miss Punk children's book,rumpelstiltskin,rumpelstiltskin,assemblage,RUNTY LITTLE MISS,0
13770,"Backbone needed by Campbell, an amateur in the city",birmingham,birmingham,assemblage,MAINSTREAM,0
74631,Boy in charge of sound …,sonic,sonic,assemblage,ICARU,0
101972,"Hysteric, overstretched soprano heard as La Bohème?",screamingmeemie,screaming meemie,assemblage,OPERATICALLY,0
82784,Support for clergy in theatrical setting,backcloth,backcloth,assemblage,PARSONAGE,0
88900,"A maiden over the top, about to be hugged - I must go after chubby boys",amoretti,amoretti,assemblage,CHERUBIM,0
91338,Threaten one member's demise,impend,impend,assemblage,MENACE,0
90897,Movable feasts?,mealsonwheels,meals on wheels,assemblage,TABLES ON WHEELS,0
141456,Skin delicate originally on Queen Mother,derma,derma,assemblage,DERMA,1
62409,Touch bird gently by design,pattern,pattern,assemblage,TANGENT,0
8588,Ethiopian leader opening tournament,event,event,assemblage,HAILE,0
86197,Island where the pub doesn't charge?,innisfree,innisfree,assemblage,BARBADOS,0
72865,Roman general had a hold on father,agrippa,agrippa,assemblage,AGRIPPA,1
31754,It was hell before transport came,erebus,erebus,assemblage,CARRON,0
113406,Private correspondence means nothing to the landlord,loveletter,love letter,assemblage,OPEN LETTER,0
100952,"Miss cheese, served up with wine about one",mademoiselle,mademoiselle,assemblage,MISAPPREHEND,0
100373,Indifference of company led by international organisation,unconcern,unconcern,assemblage,UNCONCERN,1
95764,Change popular stimulant for analgesic,morphine,morphine,assemblage,MORPHINE,1
25625,Left words for bride and groom in Venice,lido,lido,assemblage,LIDO,1
138837,Race around holding letter finally found at back of study in a cupboard,credenza,credenza,assemblage,WARDROBE,0
33070,Support heavyweight sea creatures,plankton,plankton,assemblage,MANATEES,0
123259,This is spinning plus a source of radiation,pulsar,pulsar,assemblage,TOPAZS,0
111833,Homer's first poncy hairdo can produce neurosis,hypochondria,hypochondria,assemblage,HYPOCHONDRIA,1
50888,Tell king to cheer up,relate,relate,assemblage,RELATE,1
40578,"Though English, it's Scottish",bute,bute,assemblage,BUTE,1
21897,Executor's first to divulge what's left in the will,estate,estate,assemblage,ESTATE,1
57481,"Hostile incursions into Greek island, say",inroads,inroads,assemblage,SORTIES,0
47216,Confused tot given guidance,addled,addled,assemblage,ADDLED,1
96723,Condition of lush sauces by Arab American,dipsomania,dipsomania,assemblage,SOTS AUCES,0
37601,"Turns to go off at quarter to six, nine short",rotates,rotates,assemblage,ROTATES,1
141571,"Initially so passive, I perk up as spring goes on",spirally,spirally,assemblage,S-P-I-P-U-A-S-G,0
129300,Exploded with fury when there's commission to pay,brokerage,brokerage,assemblage,DETONATED,0
11987,Nark gets clear before legal eagle starts,nettle,nettle,assemblage,NETTLE,1
122798,Bask with leader in tabloid articles,sunbathe,sunbathe,assemblage,SUNBATHE,1
61738,Friendly address is cold without its first effect on the skin,oldchap,old chap,assemblage,ICE BURN,0
97891,Drops put underground in the West Riding,dewsbury,dewsbury,assemblage,SEWERAGE,0
1812,Body in vehicle trunk?,carcase,carcase,assemblage,CHASSIS,0
82861,Meadow has first of primroses in spring,leap,leap,assemblage,LEAS,0
111658,Fix a business chap a drink,pinacolada,pina colada,assemblage,STOP GALLOP,0
39400,If darling gets left out in dance that's unbecoming,infradig,infra dig,assemblage,TANGO SIX,0
134050,Boy to instruct officer over deceit? The dog!,bordercollie,border collie,assemblage,POINTER DOGS,0
90176,"Particle gives spy clue, perhaps",molecule,molecule,assemblage,ELECTRON,0
36826,"Walk, finding way to turn",stroll,stroll,assemblage,STRIDE,0
131403,A bit of rubbish Les cast outside,snaffle,snaffle,assemblage,S-C-A-L-E-S-T,0
50671,An artist takes in abandoned ships,armada,armada,assemblage,RAFTER,0
47412,"Design takes month, with gold",decor,decor,assemblage,MODEL,0
129750,"It was honourable, for Japanese double-decker was open-top?",bushido,bushido,assemblage,NOBLESSE,0
135548,Entertainer who needed a get-out clause?,harryhoudini,harry houdini,assemblage,MAGIC LANTERN,0
84137,Votes about further education? About Desperate Dan!,referenda,referenda,assemblage,REFERENDA,1
79774,Royal meeting leaderless immigrant finally changed his nationality,scottish,scottish,assemblage,REPATRIATED,0
39340,Beam first on roof then,rafter,rafter,assemblage,RAFTER,1
121324,One studying most of ancient Britons observes publicans,licensees,licensees,assemblage,LICENSEES,1
114240,"Fighting, setter gets dessert back out of the oven again",warmedup,warmed up,assemblage,WARRED UP,0
83571,"Live author, hard to follow like the Jabberwock slayer",beamish,beamish,assemblage,BEAMISH,1
137299,Quarter aspiration after jet engine starts,jewish,jewish,assemblage,JEWISH,1
141527,Born to Run in tights? Journalist is very drunk,bladdered,bladdered,assemblage,BLASTEDLY,0
101487,Be charitable to soldier leading calf by hand,givealms,give alms,assemblage,GIVE ALMS,1
102997,Words initially put together in a piece of writing about friend,acronyms,acronyms,assemblage,EPITAPHS,0
59333,Bird needs heart with wings clipped,erne,erne,assemblage,ERNE,1
88119,Real gunfire shot having taken turn here?,riflerange,rifle range,assemblage,LIVE ROUND,0
23126,Tea licence for Swiss Cottage,chalet,chalet,assemblage,CHALET,1
138759,Accompanying date naked? Absent yourself!,withdraw,withdraw,assemblage,WITHDRAW,1
52567,Church leader in Ireland not in favour of red,chianti,chianti,assemblage,CHIANTI,1
81064,Referee with his belt turning to cow?,whistleblower,whistle blower,assemblage,HUMBLE SPIRIT,0
44881,"Welcome to Cleveland, darling!",redcarpet,red carpet,assemblage,MY DARLING,0
109124,Guy on shed from town in Somerset,taunt,taunt,assemblage,BATHS,0
130504,Gym users taking oxygen for energy are arguably a dispiriting lot,exorcisers,exorcisers,assemblage,EXHAUSTING,0
28260,Lively son to be nosy,spry,spry,assemblage,SPRY,1
96587,Corporation has pan for meat dish,potroast,pot roast,assemblage,POT ROAST,1
132607,Positive attitude in small company letters,cando,can do,assemblage,UP S,0
52570,Vital energy versus wine,chianti,chianti,assemblage,EVATIVE,0
15439,"Out of curiosity, one's raised by English twins ordered on line",eyebrow,eyebrow,assemblage,CURIOUS,0
115272,"Joining the Globe, aim to be a writer",ballpoint,ballpoint,assemblage,GLOBETROT,0
73328,Twin Cities captured by first-rate artist? That's capital,accra,accra,assemblage,TOKYO,0
88932,Person wobbling had to shilly-shally,humandha,hum and ha,assemblage,TID BIT BY,0
138987,Qualification from writing about movement in European arts,masters,masters,assemblage,CAPABLE,0
109011,"Party taking knock about European Union, following victory",raveup,rave up,assemblage,VOTE IN,0
69663,Get Margaret off the line?,unpeg,unpeg,assemblage,ERASE,0
140682,Does rascal show on TV small round bottom?,impersonates,impersonates,assemblage,ASSESSORSHIP,0
48178,"American guys, they deal with business",agents,agents,assemblage,AGENTS,1
110745,"A lunatic, crazy about the sea",nautical,nautical,assemblage,ADRIATIC,0
99495,French novelist working for Biblical judge,gideon,gideon,assemblage,GIDEON,1
28811,Be in the first parts of contest - that's where it's at,battleground,battleground,assemblage,CONEXISTENCE,0
130260,Opportunity for murder? Nothing else to do,timetokill,time to kill,assemblage,TIME TO KILL,1
83348,Schedules mean items will be thrown overboard,timetables,timetables,assemblage,TIMETABLES,1
140132,Accounts by modern-style English lawmaker,isaacnewton,isaac newton,assemblage,INNER LEDGER,0
57145,Bar call demanding response,counterclaim,counter claim,assemblage,CALLING CARDS,0
32849,Peak shortly after taking professional qualification,proviso,proviso,assemblage,APOGEES,0
9342,River swallowed up fine material,taffeta,taffeta,assemblage,TAFFETA,1
40261,Round the Cape and turn in late,overdue,overdue,assemblage,OVERDUE,1
136050,Was a disheartened Dave Cameron his work?,boccaccio,boccaccio,assemblage,CASEWORK,0
76801,The crew went sick and died in misery,wretched,wretched,assemblage,DISTRESS,0
36563,West Country project in part of Scandinavia (not the south-west),eden,eden,assemblage,EDEN,1
118346,Tiny little advertisement Sky used five times,weekdays,weekdays,assemblage,MINUTELY,0
91888,"Fan finds a fish, say, at island party",aficionado,aficionado,assemblage,VENTILATOR,0
8497,Small island turning black,sable,sable,assemblage,SABLE,1
54793,One church's method of entertainment,iceshow,ice show,assemblage,ART FORM,0
33315,Emphatically he who could be Flemish...,himself,himself,assemblage,BELGIAN,0
86983,Holy record found in European community - English message of a religious nature?,epilogue,epilogue,assemblage,EPISTLES,0
5326,Song with piece of lyric that uplifts and moves lots of people,airline,airline,assemblage,TRAINS,0
3533,Provide two servings of dry wine in a jiffy,bisect,bisect,assemblage,SECOND,0
107453,Bruce's namesake's got one a plant,forsythia,forsythia,assemblage,STRATAGEM,0
41317,Stumble on crude oil in Africa,tripoli,tripoli,assemblage,STAGGER,0
91390,Superficial drawback to being frank about one's orientation,outward,outward,assemblage,SHALLOW,0
40437,Salt one had put on bird's tail,titanate,titanate,assemblage,HALIDIDE,0
28312,Write music: a little number for the gallery,notate,notate,assemblage,NOTATE,1
77729,"Plum wine, we hear, which flies off the shelves",bestseller,bestseller,assemblage,BESTSELLER,1
104907,"Revolutionary cardinal imprisoned at Queen's address, perhaps for leftwing ideology",marxism,marxism,assemblage,MAOISMS,0
85629,Famous person's family title,householdname,household name,assemblage,HOUSEHOLD NAME,1
29935,Parliament has money for the wine,chambertin,chambertin,assemblage,DIETRICH,0
68411,"Porky? It is something cutting through little sister, say",sparerib,spare rib,assemblage,WHITE LIE,0
127254,Sun has to be demeaning to women?,sexist,sexist,assemblage,SEXIST,1
57400,A number without the ability when rising to get on,entrain,entrain,assemblage,ENTRAIN,1
139064,Police team having wildly exciting time?,riotsquad,riot squad,assemblage,TASK FORCE,0
8851,Worker first gets requests to be agreeable,pleasant,pleasant,assemblage,PLEASANT,1
60975,"Dance with hat out west, nothing more",bolero,bolero,assemblage,MERELY,0
79891,"In prayer, deified sun, gazing up a little",agnusdei,agnus dei,assemblage,AMENRA,0
57366,Temporarily dismiss person who's paid villain,prorogue,prorogue,assemblage,LAYOFFEE,0
73757,"Guide rope finally put in place, ton secured",escort,escort,assemblage,ESCORT,1
79545,God's in love with Punch,carthorse,carthorse,assemblage,SANGRIAS,0
55827,"Before victory, South led amazing trick",swindle,swindle,assemblage,SOPHIST,0
121004,Prize for sexagenarian finding spring in a kiss,buspass,bus pass,assemblage,TOP PRIZE,0
118935,Plate inserted in stomach to sense craving for food,gluttonous,gluttonous,assemblage,APPETISING,0
34957,Noble game in song reflected by precocious score,earlygoal,early goal,assemblage,EARLY BIRD,0
137428,Realign energy in turn with love across the channel,reorientate,reorientate,assemblage,TRANSMARINE,0
127290,Garden tools bound to go after opening of spectacular retail outlet,shoeshop,shoe shop,assemblage,SHOP UNIT,0
129362,Light source attached to heel of glass slipper?,sled,sled,assemblage,LAMP,0
48969,"Card trick involving ace, the same being turned over in advance",comedian,comedian,assemblage,PREVIOUS,0
111973,Sporty types in pub or South Devon railway?,dartsteam,darts team,assemblage,TRACK SUIT,0
70537,Fractured if ice grips building,edifice,edifice,assemblage,EDIFICE,1
29054,Colour of Sherlock's study?,scarlet,scarlet,assemblage,SCARLET,1
107762,Mature student good for English in two advertisements,postgrad,postgrad,assemblage,GRADUATE,0
9749,Surrender the French way,leave,leave,assemblage,LEAVE,1
131674,"Bad weather that's most cold, right?",icestorm,ice storm,assemblage,ICE STORM,1
133019,Put a foot wrong doing right about turn,err,err,assemblage,ERR,1
