Index,Clue,Solution,Spaced_Solution,gemma_predicted,gemma_solved_answer
24929,Night is unusual source of enlightenment,insight,insight,anagram,INSIGHT,1
95281,"""Country mania"" is touring round in the same place",namibia,namibia,anagram,STATION,0
101319,Lionesses becoming silent,noiseless,noiseless,anagram,NOISELESS,1
1091,"""Caine Mutiny"" originally flickered here",cinema,cinema,anagram,CINEMA,1
41246,Bird's heavy defeat overturned,linnet,linnet,anagram,TROGON,0
83563,Cast supporting the Queen's Speech?,thrown,thrown,anagram,THROWN,1
130470,Model curtsied for starters,crudites,crudites,anagram,TYPECAST,0
134320,How rifles may be carried by soldiers not wanted in retreat,ported,ported,anagram,STRAPS,0
59282,Cut off and also tie off,isolate,isolate,anagram,SEVERAL,0
142364,Ideal version of Mexican pearl one's able to 'disappear',exemplar,exemplar,anagram,PLATONIC,0
49815,Drunken men docked in early naval vessel,minelayer,minelayer,anagram,IRONCLADS,0
136950,Let's see those teeth beginning to decay - I weep on failing to contain it,openwide,open wide,anagram,OPEN WIDE,1
125621,Crew men showing little variation in strokes,stokers,stokers,anagram,OARSMEN,0
66079,Is it after five or later he calls?,visitor,visitor,anagram,VISITOR,1
134995,Name-dropping Dubliner shattered and put back together,rebuild,rebuild,anagram,REBUILT,0
134455,Pain he's suffering to get fit,inshape,in shape,anagram,IN AGONY,0
90639,Furnace where link is forged,kiln,kiln,anagram,KILN,1
89291,"Cast my anchor in Norway, say",monarchy,monarchy,anagram,SCAYLINE,0
56748,She surprised Alice,celia,celia,anagram,CELIA,1
49003,Sort of nut that is loose,untie,untie,anagram,CRAZY,0
136829,"Hacking, will fear this security measure?",firewall,firewall,anagram,FIREWALL,1
11830,Doctor can sue for time to redeem foreign bills,usance,usance,anagram,ESCUDO,0
81250,"With belly in unusually bad order, lain over",abdominal,abdominal,anagram,RECLINING,0
130168,Cosy conga (line dancing?),congenial,congenial,anagram,CONGENIAL,1
12944,Abrasive doctor appears extremely narked,sandpaper,sandpaper,anagram,SANDPAPER,1
11832,Time permitted for transferring note in dubious cause,usance,usance,anagram,NUANCE,0
60106,Certainly bound to be different,nodoubt,no doubt,anagram,NO DOUBT,1
59209,"Sad, losing out in this sliding scale",glissando,glissando,anagram,DOWNSCALE,0
120891,Floods spread sludge around Mile End,deluges,deluges,anagram,DELUGES,1
84115,Are spades imported to make tracks?,exist,exist,anagram,RAILS,0
127215,As might be brakes of tank with coil rotation,antilock,anti lock,anagram,HARD COIL,0
39461,"Flies parted, I pissed",diptera,diptera,anagram,DIPTERA,1
60699,Indeed a complicated case gets passed over,deceased,deceased,anagram,OVERPASS,0
31298,"Communication with naked ladies, say",email,email,anagram,RADIO,0
49328,Salad dressing envied,endive,endive,anagram,VINAIG,0
102936,"No good in house that lacks order, if untidy - might this help?",fengshui,feng shui,anagram,TIDY UP,0
103706,Stock owner can let charter lapse,cattlerancher,cattle rancher,anagram,CATTLE DEALER,0
134957,Old tray I renovated with skill,adroitly,adroitly,anagram,ARTISTRY,0
1454,"Entire NHS in trouble, losing ten to bruise",shiner,shiner,anagram,ENHANCE,0
33877,Noble brew of ale that's about right,earl,earl,anagram,EARL,1
84522,"Position of king, plus heir, ousted",rulership,rulership,anagram,HIERARCHY,0
38158,Run member of pack over,flow,flow,anagram,FLOW,1
115813,Old councillors learned somehow about a Frenchman,aldermen,aldermen,anagram,ALDERMEN,1
103476,Could it make ferret wash?,freshwater,fresh water,anagram,CLEAN SWEEP,0
99052,Means of suppressing dreadful shame and panic - seem cold,escapemechanism,escape mechanism,anagram,SMOKE SCREEN,0
45473,"Found what's potentially sad ""fun"" and cheered, showing this",schadenfreude,schadenfreude,anagram,UNCHEERINESS,0
48600,"Monstrously stab king, and profit? It's hard to fathom",abstruse,abstruse,anagram,PROFOUND,0
105648,City state ground out small business,cottageindustry,cottage industry,anagram,SQUARE DEALING,0
47492,Retired Scotsman's trick,scam,scam,anagram,SCAM,1
5366,Boss lost in dust storm,stud,stud,anagram,STUD,1
1030,Iberian prince angered in revolt,grandee,grandee,anagram,SPANISH,0
122484,Head of state with guns to tame rioting,maotsetung,mao tse tung,anagram,THE SUN KING,0
116450,Inexperience wears off: name gained success finally,rawness,rawness,anagram,NAIVETY,0
9207,Sat Latin translation in a lost realm of fancy,atlantis,atlantis,anagram,ATLANTIS,1
40287,Laciest piece in the sewing box? That's stretching it!,elastic,elastic,anagram,ELASTIC,1
34241,One's captivated by star-shaped feature of fluted column,stria,stria,anagram,STRIA,1
79225,No bunker could be perfectly even,unbroken,unbroken,anagram,UNBROKEN,1
86453,Crossover door,rood,rood,anagram,GATE,0
84783,Sent us out at the end of the day,sunset,sunset,anagram,SUNSET,1
22379,Old king failing to make the grade,edgar,edgar,anagram,BELOW,0
106492,"Alas, old Bob Dylan cut short touring",sadly,sadly,anagram,ADIEU,0
130471,"Raw food cursed, it needing to be cooked",crudites,crudites,anagram,CRUDITES,1
26686,Knock run off spin bowler,elbow,elbow,anagram,S-P-I-N-S,0
71373,Loved to see the dreadnought wrecked,adored,adored,anagram,ADORED,1
120766,President strangely agin dancing,polkaing,polkaing,anagram,S-A-N-D-I-N-O,0
129534,"Try, as arranged, one caught being excessively lustful",satyric,satyric,anagram,SATYRIC,1
111244,Toxic soup I soon blended,poisonous,poisonous,anagram,POISONOUS,1
82539,"Rep's car goes off, making a hasty departure",scarper,scarper,anagram,SCARPER,1
109400,October's brief time for playing with ritualistic symbolism,totemic,totemic,anagram,TOTEMIC,1
101513,A crop is knocked flat,prosaic,prosaic,anagram,S-L-A-P-P-E-D,0
85628,A hem one should repair: everyone knows that,householdname,household name,anagram,S-U-N-D-E-R-S-H-O-O-T,0
59956,Crazy bit by Len's father needs re-writing,batsinthebelfry,bats in the belfry,anagram,S-L-I-P-O-F-T-H-E-T-O-N-G-U-E,0
95550,Failing to disrupt the indolence,onthedecline,on the decline,anagram,I-N-T-H-E-S-L-O-W-S,0
129083,Explain about what keeps a wheel on,axlepin,axle pin,anagram,S-P-E-L-L-O-U-T,0
90108,Build new Northern capital,dublin,dublin,anagram,A-C-C-R-U-E,0
23025,Cowherd's pie and broth,chowder,chowder,anagram,S-T-E-W-A-R-D,0
12794,Pitfall for member when rising,trap,trap,anagram,TRAP,1
8693,"Five earth-filled urinals, recycling all-inclusive",universal,universal,anagram,U-N-I-V-E-R-S-A-L,1
107975,Bags of vicious cruelties,reticules,reticules,anagram,S-U-R-R-O-U-N-D-S,0
59692,A sort able to produce old instrument,astrolabe,astrolabe,anagram,S-T-A-R-T-A-B-L-E,0
82165,Drunken expat in public house has a nagging wife,xanthippe,xanthippe,anagram,XANTHIPPE,1
82360,Fantastic start to theatrical career involving N. Coward,recreant,recreant,anagram,TRUNNOEL,0
125168,Badly-treated migrants feeling hurt,smarting,smarting,anagram,SMARTING,1
27602,It peels off note,epistle,epistle,anagram,BANANAS,0
65483,"Ear inflammation aggravated, so it doubled",otitis,otitis,anagram,OTITIS,1
126646,Songs of Praise hasn't managed to retain big space,anthems,anthems,anagram,EXPANSE,0
51261,Flu? See a doctor at home,easeful,easeful,anagram,CURRENT,0
44011,"After dissection, I preserved dead mammal",peredavidsdeer,pere davids deer,anagram,STUFFED DEAD BEAR,0
23751,Order alteration in grey coat,category,category,anagram,CATEGORY,1
85296,Disorderly scene may come to be arranged,beargarden,bear garden,anagram,MESSY SCENE,0
113761,"Rescue injured relative, overcoming resistance",retrieval,retrieval,anagram,RETRIEVAL,1
4874,Playfully delicate life abused and shortened,elfin,elfin,anagram,FRAIL,0
35477,"Tandoor cooking, though aromatic, ...",odorant,odorant,anagram,SAFFRON,0
109810,Circle left to access champ hit badly about the eye,ophthalmic,ophthalmic,anagram,OPHTHALMIC,1
11062,"Taken aback by swindles, tag was changed outside",aghast,aghast,anagram,AGHAST,1
113847,Where some African countries are off the leash,sahel,sahel,anagram,SAHEL,1
63839,Roger eagerly brewing tea for this prime minister,earlgrey,earl grey,anagram,ROGER EGER,0
95584,"Bone came apart, fragments left",metacarpal,metacarpal,anagram,METATARSAL,0
25834,Player's boot is undone,oboist,oboist,anagram,OBOIST,1
131014,Does nothing in particular for protest movement,potters,potters,anagram,STASIS,0
43572,A bit of a laugh in porn version of Oliver!?,orphan,orphan,anagram,ORPHAN,1
140261,Islander with a sore bum getting into heavy metal,faroese,faroese,anagram,LESBIAN,0
135475,Regular myth set in rich ground,rhythmic,rhythmic,anagram,RHYTHMIC,1
96009,Epstein left centre awfully cross,splenetic,splenetic,anagram,SPLENETIC,1
120515,Yes-men with absurd cares about a line,accorders,accorders,anagram,RELIANCES,0
64540,It currently controls others at assembly,rheostat,rheostat,anagram,RHEOSTAT,1
129187,Gentleman grappling with tens of complicated relationships,entanglements,entanglements,anagram,ENTANGLEMENTS,1
44083,"Language barrier in American intelligence, being backward",arabic,arabic,anagram,ARABIC,1
102607,"When terribly lost, read navigation guide",lodestar,lodestar,anagram,LODESTAR,1
88338,Vegetable in garden for a change,orach,orach,anagram,SWEDE,0
103214,Broken zip not that unknown - fasten with another fastener,safetypin,safety pin,anagram,SAFETY PIN,1
109241,Simple or complicated requests,implores,implores,anagram,SOLICITS,0
8558,Unusual topic related to the eye,optic,optic,anagram,OPTIC,1
18331,Odd dialect in fortress,citadel,citadel,anagram,CITADEL,1
38773,It is eaten from this Paget dish,spaghetti,spaghetti,anagram,SPAGHETTI,1
25189,Lawgiver is left in flowing river,legislator,legislator,anagram,LEGISLATOR,1
74352,Eliza Doolittle's refined arts?,hertfordshire,hertfordshire,anagram,PHONETICIANS,0
37578,Resembled a damaged knee-cap on the outside,likened,likened,anagram,KNEELED,0
112464,Composer's displaced river birds,bitterns,bitterns,anagram,ROSSINIS,0
88537,Reissued order to a fighter in the ring,toreador,toreador,anagram,REBOXING,0
114480,E. John's backing out of Italian rock,oolite,oolite,anagram,BASALT,0
19289,"A Fowler, perhaps, spoiled Rene's date",eastender,eastender,anagram,SERENATED,0
89600,"Greatness, sadly, sets one apart",estranges,estranges,anagram,STRANGEST,0
87582,Unpleasantly satisfied when turning sticks,smug,smug,anagram,SATED,0
68576,Tails begin to stop wagging - how sad!,shadows,shadows,anagram,SADNESS,0
129260,"Angstrom bewitched women ultimately, pick-ups being his forte",strongman,strong man,anagram,STRONG MAN,1
6351,Signary used in the plant,syringa,syringa,anagram,INSIGNIA,0
42197,Some porn he circulated could account for sexual arousal,pheromones,pheromones,anagram,ERECTILITY,0
130732,Presiding officers trading power for new shoes?,sneakers,sneakers,anagram,SPEAKERS,0
140167,Raises false alarm as crow flies not straight,crieswolf,cries wolf,anagram,CROSSWISE,0
136748,They provided new items here and original Christmas gifts,threewisemen,three wise men,anagram,FIRST HAND SET,0
95415,A song about tourist information centre initially uncertain,agnostic,agnostic,anagram,AGNOSTIC,1
109758,"Senior cleric, unfortunately never competent",venerable,venerable,anagram,VENERABLE,1
108503,Any hitch may be attributable to this bulb going out,hyacinth,hyacinth,anagram,SCALLION,0
62952,Tie leaves back,strap,strap,anagram,STRAP,1
64537,"Teaches a number in English, perhaps",enlightens,enlightens,anagram,ENLIGHTENS,1
120652,"Sell pint that's dodgy, getting wasted",illspent,ill spent,anagram,ALL SPILT,0
126582,What could make florist pay for baker's item?,filopastry,filo pastry,anagram,PUFF PASTRY,0
8256,A bird others turn to,skua,skua,anagram,TERN,0
14424,Something suggestive of the rise of corporations,smut,smut,anagram,SINC,0
90882,Unexpected gripe about live changes producing special benefit,privilege,privilege,anagram,PRIVILEGE,1
11567,Fashion arbiter of Welsh taste,rarebit,rarebit,anagram,MODISTE,0
6382,Tropical plant's a mess when crushed by earth,sesame,sesame,anagram,SESAME,1
28291,"Turn into (maybe) lira, see?",realise,realise,anagram,REALISE,1
57375,New deal for vote loser? Hardly,roosevelt,roosevelt,anagram,SCARCELY,0
39962,He'll store brews for the landlord,hosteller,hosteller,anagram,CELLARMAN,0
39942,Handicap by turning right and heading back,trammel,trammel,anagram,HINDERS,0
6781,Refrains from upsetting sides on the way back,desists,desists,anagram,DESISTS,1
128339,Brown's work for England made sons rebel,angelsanddemons,angels and demons,anagram,SIGNED AND SEALED,0
111429,"Upper-class bigot is to peer, roughly, as middle class to lower?",petitbourgeois,petit bourgeois,anagram,SMALL LETTERING,0
117372,Boy found embracing girl is beaten,lashed,lashed,anagram,BASHED,0
80305,What can't be caught can be made bad in lieu,inaudible,inaudible,anagram,UNBIASED,0
118630,"Being naughty, entice with sex",existence,existence,anagram,SEDUCTIVE,0
63517,"Coming from Greece, men at sea",emergence,emergence,anagram,HELLENISM,0
97230,What's funny about stuff,stow,stow,anagram,HASH,0
17168,State positive European words maintained by Turner,louisiana,louisiana,anagram,STATEMENT,0
23048,Dutch product manufactured to be sent North,edam,edam,anagram,EDAM,1
99635,Unnatural is the hold-up,heist,heist,anagram,STIFF,0
103444,Sean sent new order,neatness,neatness,anagram,SENTENCE,0
21537,"Ran election chaotically, showing inability to endure possible consequence",intolerance,intolerance,anagram,INTOLERANCE,1
25521,Letter arranging to return in first-class accommodation,iota,iota,anagram,TIDE,0
103016,Not believing a lot can be changed,fatalistic,fatalistic,anagram,MUTABILITY,0
111768,Ascertain unusual view of a philosopher,cartesian,cartesian,anagram,DETERMINE,0
35202,"Singer, collapsing, to bow out",resign,resign,anagram,RESIGN,1
85043,Untouchable Costa Ricans want one badly,sacrosanct,sacrosanct,anagram,SACROSANCT,1
27839,As classical wool gatherers slaughter a runic goat,argonautic,argonautic,anagram,CARTHUSIAN,0
132575,Scrap dealer keeps Ethel confused? Exactly!,totheletter,to the letter,anagram,TO THE LETTER,1
81545,Stirring march tune may be what weary walkers long for,armchair,armchair,anagram,RESTSTOP,0
67808,One with a peculiar attachment - perhaps she fits it,fetishist,fetishist,anagram,SASH-WEIGHT,0
101178,Almost the end of the match?,decreenisi,decree nisi,anagram,CLOSE CALL,0
110447,I name this compound an irritant,histamine,histamine,anagram,AMINETHIS,0
122705,Unusual instances happening all the time,incessant,incessant,anagram,INCESSANT,1
110475,"Fantastic scenery: when sun comes out, see the old city",cyrene,cyrene,anagram,UNREAL,0
90522,Walk in nature's strange way,saunter,saunter,anagram,SAUNTER,1
111957,Torpedo carriers ordered to base,eboats,e boats,anagram,A SUB-S,0
109395,It's hard to recall ingredients of country remedy,emery,emery,anagram,TONIC,0
100066,Then hear dean get potty about old Bible and what's in it?,heavenandearth,heaven and earth,anagram,THE NEW TESTAMENT,0
29555,Alter formation? Not yet,later,later,anagram,AMEND,0
87619,CNN hired a drunk with an impediment,hindrance,hindrance,anagram,HINDRANCE,1
949,A notion to be cast as the Merchant of Venice,antonio,antonio,anagram,ANTONIO,1
108587,"Exceptionally animated, sparkling stuff",diamante,diamante,anagram,SPIRITED,0
132564,"Gloom and doom with this blue mood, not married sadly",doubleo,double o,anagram,DISMAL Y,0
123184,"Lumbar puncture for American applicants, annoyed when giving up cocaine",spinaltap,spinal tap,anagram,SPINAL TAP,1
74293,Antipathy from the gallery,allergy,allergy,anagram,AVERSION,0
79087,Time to take in strange rite by the Red Sea,eritrea,eritrea,anagram,ERITREA,1
119268,"Gloomy playing besets universal, faithfully reproduced Chopin study, maybe",musicology,musicology,anagram,REPLICATED,0
75438,Abbey Arts money collection,monastery,monastery,anagram,MONASTERY,1
135596,Odd role rewritten by an idle scribbler,doodler,doodler,anagram,DODDLER,0
86945,Hopeless couple taken in by bad design,despairing,despairing,anagram,DESPAIRING,1
95470,Divine drawing of lots of egrets smeared with oil,sortilege,sortilege,anagram,RELIGIOUS,0
117337,Transferring teacher to university tripled the best habits,hautecouture,haute couture,anagram,TABLE MANNERS,0
101443,Conservative backing the centre was sacked,troy,troy,anagram,AXED,0
41913,In love with exotic demeanour,enamoured,enamoured,anagram,ENAMOURED,1
86303,She went in outlandish make-up to get publicised,inthenews,in the news,anagram,IN THE NEWS,1
139570,"Surly git, ’e's playing at this time of year?",uglysister,ugly sister,anagram,HIGH SEASON,0
127474,They reared up in classic race,thederby,the derby,anagram,THE DERBY,1
96904,"Hard life, or nothing could be more death-defying",foolhardier,foolhardier,anagram,HELLFIRE-ISH,0
99008,Chay - name associated with mast?,yachtsman,yachtsman,anagram,FLAGSTAFF,0
117890,"Deionise compound, infusing two litres as plant extract",linseedoil,linseed oil,anagram,LINSEED OIL,1
29376,"Ray, perhaps, uncovering rare find",infrared,infra red,anagram,MANTA RAY,0
108782,"Peter with men in resort, having no match",preeminent,pre eminent,anagram,TIE BREAKER,0
24035,Clothes worn back-to-front for game,brag,brag,anagram,BRAG,1
105075,Wrong one can upset clergyman,inaccurate,inaccurate,anagram,ARCHDEACON,0
43067,Pea soup everyone sent back - another dish wanted,paella,paella,anagram,PAELLA,1
101750,Left from funerals shaken and more vulnerable,unsafer,unsafer,anagram,FRAILER,0
5651,"Part of a spur that's further down, left to right and vice versa",rowel,rowel,anagram,ROWEL,1
123599,"Paddle in doubt, struggling to find boat's motor",outboard,outboard,anagram,OUTBOARD,1
135953,Daughter is busy frittering allowance,subsidy,subsidy,anagram,SUBSIDY,1
102752,A desperate fellow coming back with nothing,nada,nada,anagram,YOBO,0
60006,Deceptively conclusive state official,viceconsul,vice consul,anagram,VICE CONSUL,1
19080,Character brewing tea with urn,nature,nature,anagram,NATURE,1
122036,Don't interfere before time: let's go wandering,getlost,get lost,anagram,GET LOST,1
102495,Joining EU may be unsuitable,istanbul,istanbul,anagram,UNSUITED,0
60316,Produce to fill a lot - of ships?,flotilla,flotilla,anagram,FLOTILLA,1
38436,A trail possibly taken to rodeo by cowboy,lariat,lariat,anagram,RANGER,0
107308,I misdo translation of particular expressions,idioms,idioms,anagram,IDIOMS,1
10049,Mere mortals about to go wild for Norwegian spinner,maelstrom,maelstrom,anagram,MAELSTROM,1
44652,Our stamina is restored here,sanatorium,sanatorium,anagram,SANATORIUM,1
137362,"Numbers game played with iPad, rules added",epidurals,epidurals,anagram,SLIDE RULE,0
85811,Give out overtime,emit,emit,anagram,EMIT,1
27028,Taunt Linus about blanket at the end,insult,insult,anagram,INSULT,1
89,"Hereditary earls can't, unfortunately",ancestral,ancestral,anagram,ANCESTRAL,1
108989,"Swinging instrumentalist, a corrupt, hag-ridden Trojan",djangoreinhardt,django reinhardt,anagram,SADDLE DRUMMER,0
124188,Lira - foreign currency in Guiana circulating as means of exchange,linguafranca,lingua franca,anagram,BARTER SYSTEM,0
107058,Bad lad drew trailer,dawdler,dawdler,anagram,WADDLED,0
130948,Bone fused at least with arm,metatarsal,metatarsal,anagram,METATARSAL,1
125201,Nearly led astray with erudition?,learnedly,learnedly,anagram,SOPHISTRY,0
119386,"Caspian, say, gets Annie's lad off",inlandsea,inland sea,anagram,INLAND SEA,1
102494,Built as arranged around northern capital at one time,istanbul,istanbul,anagram,SOMETIME,0
38356,Teen rave as a new form of worship,venerate,venerate,anagram,VENERATE,1
138241,"""Almost clean"" Brexit arranged, that can be delivered",extricable,extricable,anagram,EXPLICABLE,0
35073,Fabric made up in the form of a circular cylinder,lycra,lycra,anagram,ORLON,0
45824,Local store has shaved the fuzz for Spooner?,cornershop,corner shop,anagram,CORNER SHOP,1
133934,Normal prices for stocks when re-ordering Super Lava,parvalues,par values,anagram,PAR VALUE,0
49501,Nerve broken? Not at all!,never,never,anagram,NEVER,1
38988,Gun with catches set back,sten,sten,anagram,STEN,1
137586,Lad choosy about place of education,dayschool,day school,anagram,ART SCHOOL,0
8442,Lease administered by the church in London,chelsea,chelsea,anagram,LICENSE,0
16450,Destroyer's ruse at sea to protect stricken boat,saboteur,saboteur,anagram,SCRAPPER,0
37407,"Charge for rope trick, get back inside!",protege,protege,anagram,TRIBUTE,0
46934,Bound to sound like a current variation,tied,tied,anagram,TIED,1
134198,Retired official tucks into entire assorted hamper,interfere,interfere,anagram,INTERFERE,1
84847,Beekeeper looks very much like a pianist,apiarist,apiarist,anagram,APIARIST,1
72615,"Sipped, say, stew causing stomach upset",dyspepsia,dyspepsia,anagram,DYSPEPSIA,1
133502,Don't lose hope! Do I deserve any?,neversaydie,never say die,anagram,LIGHT THE WAY,0
5254,It's maybe left to staircase when it's not there,escalator,escalator,anagram,SCARCITY,0
134316,Neuro-doctor operated on Shakespeare's Globe?,rondure,rondure,anagram,THEATRE,0
93994,There's poor Rodney,yonder,yonder,anagram,YONDER,1
118143,Change from krone needed to join Hellish Biker Club,knobkerrie,knobkerrie,anagram,CONVERSION,0
104266,Drunken pest with dope barred from the bar?,estopped,estopped,anagram,STOPPED,0
91322,"Adrift, mid ocean, without soft puzzle collections",compendia,compendia,anagram,ENIGMATIC,0
18183,Downfall makes temper return,doom,doom,anagram,DOOM,1
4328,Is Helen bound over to be free of obligation?,unbeholden,unbeholden,anagram,UNSHACKLED,0
85540,Times edition for children,mites,mites,anagram,ISSUE,0
69135,Operatic singer keen to make a comeback,diva,diva,anagram,DIVA,1
111270,"Bow to wear, twisted",nod,nod,anagram,NOD,1
107952,Draw spirit miles up,raffle,raffle,anagram,SUMMON,0
15724,Principles embodying rights of one in the crumbling Civil Service,ethics,ethics,anagram,ETHICS,1
29034,Opposes odd-looking sisters,resists,resists,anagram,RESISTS,1
56345,Fancy coping with bare adults dancing around?,balustrade,balustrade,anagram,COPULATING,0
131404,Bit of a setback for brownie lovers,snaffle,snaffle,anagram,DESSERT,0
65277,Turning grey? Not us - nor him,youngster,youngster,anagram,SYNONYMOU,0
137515,Scientist works here with harpoon and cage? Not he,oceanographer,oceanographer,anagram,PALEONTOLOGIST,0
95370,"A month back, penniless in old money",lira,lira,anagram,LIRA,1
96273,Medicines that vary in cost,tonics,tonics,anagram,TONICS,1
45120,Spilt glue on loaf!,lounge,lounge,anagram,LOUNGE,1
50506,Aunt Ryder switched to a cheaper fare,dayreturn,day return,anagram,DRY NUTTER,0
47980,"Go for a jog, taking wrong turn",trot,trot,anagram,TROT,1
19550,"Prune, I gathered, not ready to eat",unripe,unripe,anagram,UNRIPE,1
102427,"Irritated seducer, not being alone",unescorted,unescorted,anagram,INTRODUCED,0
83419,Absorbent soup or stew,porous,porous,anagram,SPONGE,0
45035,Confused order in account associated with cooking?,coriander,coriander,anagram,CORIANDER,1
84499,Very amusing - unruly hairstyle covers Conservative,hysterical,hysterical,anagram,HILARIOUSLY,0
41517,Composer's important name changed a bit where the rubbish goes,bernstein,bernstein,anagram,SCRAPYARD,0
95732,A toy used at tea time said to make one hoarse,throaty,throaty,anagram,S-T-E-A-M-E-R,0
84386,Al names Dickey in sign language,ameslan,ameslan,anagram,SIGNALS,0
105829,Can come to play with model construction set,meccano,meccano,anagram,CONTAIN,0
80712,Maniacs fit to bust - displaying this,fanaticism,fanaticism,anagram,FANATICISM,1
141016,"Refusing to change opinion of university, Wayne Slob, a mess, drops round",unswayable,unswayable,anagram,UNWAVERING,0
121551,Rubbish put out? It rusted!,detritus,detritus,anagram,DETRITUS,1
111306,Ringtones are annoying,resonate,resonate,anagram,IRRITANT,0
28408,Shape of playing field a mess,rectangle,rectangle,anagram,FORMATION,0
115660,Such food's origin can be suspicious,inorganic,inorganic,anagram,DUBIOUSLY,0
121234,"Long dress, backless, seen in French capital",londres,londres,anagram,PARMAXI,0
128191,Paul's wife in cutie snatched by virtually mad African,zimbabwean,zimbabwean,anagram,MADAGASCAN,0
142116,Backward-looking philosophy to suit minister being nasty,restitutionism,restitutionism,anagram,RETROFITTINGS,0
50168,New seat given to sailors behind,astern,astern,anagram,SATURN,0
85326,Sadie's naughty whispers,asides,asides,anagram,ASIDES,1
79954,"Possibly found in bar seats, but they're not drinking",abstainers,abstainers,anagram,BARSTOOLS,0
99131,House of lead: fear melting within,prefab,prefab,anagram,PENCIL,0
105061,Shelter shimmering in sunset gets hot inside,nissenhut,nissen hut,anagram,STONES HUT,0
58991,"Lass, like this clue, n end f rpe?",noose,noose,anagram,SYLPH,0
118501,A little pretence and no mistake,onepercent,one percent,anagram,AIR TIGHTLY,0
104850,One Turin game that's free of charge,neutrino,neutrino,anagram,GRATUITO,0
186,Put off one with disease returning,repel,repel,anagram,REPEL,1
141528,"Executive position, brewing cider - sort drunk with joint",directorship,directorship,anagram,DIRECTORSHIP,1
58320,Nader the stabiliser - so peril's averted,spoiler,spoiler,anagram,SANDERD,0
63885,Let priest go to cast out unwanted spirit,poltergeist,poltergeist,anagram,POLTERGEIST,1
131773,Turning in one's irritation increased,risen,risen,anagram,UPPED,0
34039,Averts disaster fast!,starve,starve,anagram,AVERTS,0
117901,"In old English, revision of chapter left by Lords to Commons",otherplace,other place,anagram,LOWER HOUSE,0
78168,"Without preparation, extreme confusion surrounds Post Office",extempore,extempore,anagram,EXTEMPORE,1
134193,Those going through life with US and Iraq in conflict,qualifiers,qualifiers,anagram,SQUIRRELS,0
122725,Very large animal initially kept in pen (hint: eel's wrong),elephantine,elephantine,anagram,PACHYDERMIC,0
44727,"Attic half overturned, brought to order",garter,garter,anagram,TIDIED,0
115494,Bearing maintained by naughty nineties director,eisenstein,eisenstein,anagram,DIMENSIONS,0
19272,Broken lance not spotted,clean,clean,anagram,CLEAN,1
129429,A brother we found devastated by conflict,theboerwar,the boer war,anagram,THE BOER WAR,1
117766,"Setter mistakenly missing turn, goes without nothing but throws up",disgorges,disgorges,anagram,SICKENING,0
8764,"Mad to reverse, try going forward",stab,stab,anagram,STEP,0
130149,Compel family to cycle (should not go out during major sporting event),olympicflame,olympic flame,anagram,OLYMPIC FLAME,1
18542,"Boatman's cover is partial, unsurprisingly",tarpaulin,tarpaulin,anagram,TARPAULIN,1
117057,Handles books don ordered about queen,doorknobs,doorknobs,anagram,MODERATES,0
95882,Scotched her father's inspiration,freshheart,fresh heart,anagram,FRESH START,0
142353,Dodgy polaroids safe? Happiness short-lived,foolsparadise,fools paradise,anagram,SHORT PLEASURE,0
111010,Asian last to rattle adversary,assailant,assailant,anagram,ANTAGONIST,0
41906,"Spoony, perhaps, with stirring demeanour",enamoured,enamoured,anagram,ENAMORED,0
85804,Derby date produced a favourite among three-year-olds,teddybear,teddy bear,anagram,TEDDY BEAR,1
132807,"Raises cost somehow, or gets cut off",ostracises,ostracises,anagram,SECTIONING,0
7879,Temper the effects of sausage roll,assuage,assuage,anagram,ASSUAGE,1
36689,Mysterious name from masonic tiles?,mosaic,mosaic,anagram,ENIGMA,0
106251,Way to be impressed by sunrise's form - or lack of it?,rustiness,rustiness,anagram,FOOTPRINT,0
64158,"Voltaire, say - deep cynic lost at sea",encyclopedist,encyclopedist,anagram,ENCYCLOPEDIST,1
85727,Hour in which ethnic group rises for fresh start,rebirth,rebirth,anagram,REBIRTH,1
24378,Past master in sari and hot pants,historian,historian,anagram,ARISTOTLE,0
74304,See a clip supposed to be great,especial,especial,anagram,EPISCOPE,0
45126,"Sends Evelyn, as I'd rectified a number of faults",sevendeadlysins,seven deadly sins,anagram,SEVEN DEADLY SINS,1
142173,"It's Red Revolution, the worst",direst,direst,anagram,DIREST,1
79999,Insisted order must be a good order,tidiness,tidiness,anagram,ASSERTED,0
86848,Wizards are most active on Sunday,maestros,maestros,anagram,SPELLERS,0
83436,Translate name found in prettier version,interpret,interpret,anagram,INTERPRET,1
74572,Artisan alters creation,slater,slater,anagram,RECAST,0
33740,Man trained with choir for musical,harmonic,harmonic,anagram,HARMONIC,1
59224,Bear guest destroying plant,sugarbeet,sugar beet,anagram,SUGAR BEET,1
64901,"One sumo wrestling in Finland, as locals would say",suomi,suomi,anagram,SUOMI,1
111096,Scientists here made flexible card envelopes,academe,academe,anagram,PLIABLE,0
100214,Presley lives again!,elvis,elvis,anagram,SEVIL,0
37294,Sad ears need music,serenade,serenade,anagram,SERENADE,1
130173,Tiny creature avoiding northern frontier resort,rotifer,rotifer,anagram,TERMITE,0
39575,Soup with ices? Unusually plausible but wrong!,specious,specious,anagram,SPURIOUS,0
99995,"Rare rat, I suspect, in glass cages",terraria,terraria,anagram,TERRARIA,1
45719,Picadors are involved here and there,sporadic,sporadic,anagram,SPORADIC,1
103996,Guffaw if her goulash is awful,horselaugh,horse laugh,anagram,HORSE LAUGH,1
4215,She requires daily refreshment,lydia,lydia,anagram,DAIRY,0
51563,Column almost collapsing? I'll fill the gap,locum,locum,anagram,INTER,0
122653,X-ray of man or egg - or net product,roentgenogram,roentgenogram,anagram,ORGANOGRAMME,0
32747,Missionary agents live abroad,evangelist,evangelist,anagram,EVANGELIST,1
126386,"Tokay, heated mistakenly, following pages? Don't go to work!",takethedayoff,take the day off,anagram,TAKE THE DAY OFF,1
60671,"Where noise is unsettling, in general",eisenhower,eisenhower,anagram,EVERYWHERE,0
114865,Where a Londoner hates damp spreading,hampstead,hampstead,anagram,HAMPSTEAD,1
76210,Meet price as arranged for tour de force,masterpiece,masterpiece,anagram,MASTERPIECE,1
117150,"Starting over, the ophthalmic surgeons manage to get the wrong instrument!",otoscope,otoscope,anagram,RECORDER,0
29275,Famous Greek plot - a disaster,plato,plato,anagram,PLATO,1
78071,Maybe his place is rented out,resident,resident,anagram,TENANTED,0
41418,Sartre's letters giving rise to apprehension,arrest,arrest,anagram,ARREST,1
99954,"Ballot fixers in attractive colours, not our problem",tacticalvoters,tactical voters,anagram,STUFFING BOXES,0
10596,It's found in church building patterns,transept,transept,anagram,TEMPLATE,0
23223,Order shop sent to stock cover of Elton's Rocket Man,stephenson,stephenson,anagram,DISPENSARY,0
102624,"Assured novel, but wilder movie",sunsetboulevard,sunset boulevard,anagram,SUNSET BOULEVARD,1
5533,Flavouring and cooking man's tripe,spearmint,spearmint,anagram,STAR ANISE,0
52467,Catch ten fresh fish,entangle,entangle,anagram,TRENCHED,0
39033,Old artist mostly upset,aged,aged,anagram,AGED,1
99172,"Singer with no regrets, if paid the rent?",edithpiaf,edith piaf,anagram,TENOR PAID,0
115659,In love and caring fantastically - it's a sort of chemistry,inorganic,inorganic,anagram,INORGANIC,1
41823,Tree could be so creamy,sycamore,sycamore,anagram,SYCAMORE,1
87504,Choir with its quavers breaking new ground,historic,historic,anagram,ORCHITIS,0
76062,Processed heroin available at a price,onhire,on hire,anagram,ON COST,0
127336,"Musical system that can be revised for solo, in fact",tonicsolfa,tonic sol fa,anagram,TONIC SOL FA,1
951,He owed a pound of flesh? A strange notion,antonio,antonio,anagram,ANTONIO,1
114210,Criticises card game's return,pans,pans,anagram,PANS,1
13585,Irene may appear when he's around,ernie,ernie,anagram,SIREN,0
76938,Thwart the unknown in confused times,stymie,stymie,anagram,STYMIE,1
107566,"Rich, turning up, is on cue",pecunious,pecunious,anagram,PRECISION,0
50078,Where to find Lorelei in her distress,rhine,rhine,anagram,RHINE,1
12632,It shows pressure or bias is developing,isobar,isobar,anagram,BASSIS,0
138977,"Executing rogue, sorrowful earl replaces head of axe",implementing,implementing,anagram,IMPLEMENTING,1
15394,"Tell one all we arranged and, if it ain't broke, don't fix it",letwellalone,let well alone,anagram,LET WELL ALONE,1
108427,One's crisis forced annulment,rescission,rescission,anagram,RESCISSION,1
132221,Smart clothes are endlessly turning up for French politician,chirac,chirac,anagram,CHIRAC,1
126424,Determined a doubter will convert,obdurate,obdurate,anagram,OBDURATE,1
70201,Sell one before hotel gets turned over,flog,flog,anagram,SOLD,0
64306,Curve produced by exceptional strain - internal fix needed,intrados,intrados,anagram,SINUSOID,0
96987,Prophet avoiding pride through divine intervention,daniel,daniel,anagram,ELIJAH,0
83068,Mince pies to include a number of drugs,opiates,opiates,anagram,HASHES,0
17724,Steer and nag unexpectedly break off friendship,estrange,estrange,anagram,ESTRANGE,1
39287,Shocking treatment in part upset old prince,elector,elector,anagram,RICHARD,0
28203,Law maker sent round a round robin initially,senator,senator,anagram,SENATOR,1
131110,"""Matron, I developed stomach pains""",tormina,tormina,anagram,GASTRIC,0
39302,Sense of state corruption,taste,taste,anagram,TASTE,1
14019,Playing at Euros: result in sudden-death shoot-out?,russianroulette,russian roulette,anagram,PENALTY SHOOTOUT,0
110954,Maiden featured in special birthday poem,dithyramb,dithyramb,anagram,LIMERICKS,0
18657,Stoned intern put drug in solvent,turpentine,turpentine,anagram,INSOLVENCY,0
67614,Ale fitted with cork once went to dandy''s head,earlock,earlock,anagram,BUNGALE,0
67845,About a thousand units involved in main disturbance,tsunami,tsunami,anagram,TSUNAMI,1
119706,Indian princess from Poona chats animatedly,pocahontas,pocahontas,anagram,POCAHONTAS,1
124670,One seeking or finding nasty old minger,goldminer,gold miner,anagram,GOLD MINER,1
38563,Peter and Paul upset Andrew? It can't be done,perpetualmotion,perpetual motion,anagram,SQUARING THE CIRCLE,0
117244,Type of element that is unstable mostly and molten,nonmetal,non metal,anagram,TIN ALLOY,0
25665,Girl libels AA organisation,isabella,isabella,anagram,ASSEMBLY,0
117317,Fellow in RAF wrote about what he took part in?,wareffort,war effort,anagram,THE AIRMAN,0
130336,Mostly Jim Henson animating chaps,johnnies,johnnies,anagram,MUPPETRY,0
137796,"Happy, if Steve gets changed",festive,festive,anagram,FESTIVE,1
135894,Once more committed a boring and endless reformation,bornagain,born again,anagram,RE-FORMED,0
141671,Perhaps chrome is made primarily into very fine material,micromesh,micromesh,anagram,METALLINE,0
81707,Journalist taken aback by news of the country,sweden,sweden,anagram,SWEDEN,1
35602,"This roc, fantastic bird!",ostrich,ostrich,anagram,OSTRICH,1
125425,"Collection of six American states and glen, clued cryptically?",newengland,new england,anagram,SET VALUES,0
22543,Engineers admitting everyone in China destined never to meet,parallel,parallel,anagram,PARALLEL,1
93999,Guns by hill going off in confusion,blushingly,blushingly,anagram,BULLYING,0
84184,Cheerer stopped getting excited - no words coming directly,reportedspeech,reported speech,anagram,STANDING ORDER,0
60409,Seductress's lacy pants with edging of pearls round,calypso,calypso,anagram,CALYPSO,1
29595,Never once arranged to meet again,reconvene,reconvene,anagram,RECONVENE,1
50779,"Bird to catch, tail first",rhea,rhea,anagram,TERN,0
51725,It may be recommended as a sun resort,nassau,nassau,anagram,SUNTAN,0
76542,Oil giant wrecked artwork,intaglio,intaglio,anagram,OIL PAINT,0
66526,Improperly press one for an answer,response,response,anagram,RESPONSE,1
3057,Nominates reform for US state,minnesota,minnesota,anagram,MINNESOTA,1
40757,Tipsy girlies drinking new wine,riesling,riesling,anagram,RIESLING,1
75944,Use endless charity when performing church service,eucharist,eucharist,anagram,EUCHARIST,1
140044,"Move back in June - decor terrible, on reflection",retrocede,retrocede,anagram,RECONDUCE,0
120958,Apt phrase describes party wear?,paperhats,paper hats,anagram,DRESS CODE,0
23573,"Feeling guilty, has made reparations",ashamed,ashamed,anagram,ATONING,0
9358,On reflection one's not quite resolute enough,loser,loser,anagram,AMPLE,0
112266,Dizzy rascal has quantity for mathematicians,scalar,scalar,anagram,SCALAR,1
21722,"Feed a pet sugar, perhaps",pasturage,pasturage,anagram,SACCHARIN,0
36682,Delicate embroidery originally attached to leather pants,ethereal,ethereal,anagram,LACEWORK,0
10238,Fixed stake over volcano,etna,etna,anagram,ETNA,1
105802,Element's mass men doubly misrepresented,molybdenum,molybdenum,anagram,MOLYBDENUM,1
3099,Mineral disturbed antelopes,pleonaste,pleonaste,anagram,PLEONASTE,1
1934,Descriptive words no good for teeth pig's lost,epithets,epithets,anagram,EPITHETS,1
6756,Tears by poor head's supporters,adherents,adherents,anagram,CARYATIDS,0
4727,Terrier worrying a minimalist going south,militiaman,militiaman,anagram,SQUATTERED,0
87093,"Heavily used when preparing to play the pantomime villain, eastern boy Prince Lew, maybe?",eyebrowpencil,eyebrow pencil,anagram,GREASE PAINT,0
28112,"Weak sort of dispirin, saving horse's heart",insipid,insipid,anagram,FRAILTY,0
111037,One can blame corrupt bias,imbalance,imbalance,anagram,CENSURABLE,0
52026,Secure top of foresail in rough sea,safe,safe,anagram,SAFE,1
81570,Cut when rewritten,hewn,hewn,anagram,EDIT,0
106457,In which one may see mad gal posing naughtily?,ladmag,lad mag,anagram,MAD GAL,0
74250,One of the nouveau riche from Peru in van crash,parvenu,parvenu,anagram,UPSTART,0
95817,"OK, reach a mike an' play this automatic backing device",karaokemachine,karaoke machine,anagram,KICKSTAND,0
31595,Set a clue in Western Australia,eucla,eucla,anagram,STATE,0
108767,"Dramatic and inspiring performances, specially with arm broken",miracleplays,miracle plays,anagram,SPECIAL ARM,0
49601,A sportsman spinning the tale,athlete,athlete,anagram,ATHLETE,1
112953,"Rebel MP has reformed, so he swears!",blasphemer,blasphemer,anagram,PERMISSIBLE,0
38706,Helen & Co refurbished station,echelon,echelon,anagram,ECHELON,1
44074,"French boy's looking up meaning of ""gunk""",slime,slime,anagram,SLIME,1
79559,Firm's idea incomplete unfortunately: it's gone wrong,misfired,misfired,anagram,DERAILED,0
25961,"A bid, perhaps, to get ""loo"" regulated as a game",diabolo,diabolo,anagram,LOTTERY,0
20266,"Large paper plane, the folding",elephant,elephant,anagram,ENVELOPE,0
27724,A spider possibly saved Bruce from it,despair,despair,anagram,WEBSITE,0
133430,"Like warning signs Alan Turing devised, changing number for radius",triangular,triangular,anagram,CAUTIONARY,0
93380,"It's paradise, newly created without Eden's first plant",aspidistra,aspidistra,anagram,ASPIDISTRA,1
50725,Advertiser gives his cat a cuckoo,saatchi,saatchi,anagram,SPONSOR,0
44799,"Tanks in army's front, as bearing westwards",aquaria,aquaria,anagram,CAPSIZE,0
120109,What deters wandering Saudis? Promised land?,dissuasion,dissuasion,anagram,DISSUASION,1
136689,Turns angry - it's trouble over nothing,gyrations,gyrations,anagram,ITERATION,0
76787,Expert change to steam railway,masterly,masterly,anagram,STEAMWAY,0
47627,It's sweltering without a watering place down under,hobart,hobart,anagram,BILLY,0
122882,Plenty of mucus around,tons,tons,anagram,TONS,1
136705,Moved paper getting thrown around,shifted,shifted,anagram,STIRRED,0
139851,"Old Inuit set adrift, weakening",dilution,dilution,anagram,DILUTION,1
114961,"Finding commerce so sadly devoid of ecstasy, I ferry the kids",soccermom,soccer mom,anagram,SCHOOL BUS,0
24387,There is nothing amiss in such speculations,theories,theories,anagram,THEORIES,1
20689,"As an older person, poor Ronnie's disheartened",senior,senior,anagram,SENIOR,1
69631,Accountant finds many assorted islands as a tax haven,cayman,cayman,anagram,CAYMAN,1
29176,Prepared obstacles to hold back river,oder,oder,anagram,MADE,0
6334,Gore has valid application,vidal,vidal,anagram,USAGE,0
105777,What infidels do beside evil rebels,disbelieve,disbelieve,anagram,DISBELIEVE,1
80502,Socratic path could be disastrous,catastrophic,catastrophic,anagram,CATASTROPHIC,1
83346,"Gunner has job, it turns out, in South Africa",johannesburg,johannesburg,anagram,SOUTH AFRICAN,0
22350,Inventor whose produce may be diverse,deviser,deviser,anagram,PRODUCE,0
46616,Time-worn coin,mite,mite,anagram,MINT,0
69462,Dreadful lies about Ham being outcast son of Abraham,ishmael,ishmael,anagram,ISHMAEL,1
134621,Nuclear industry waste product messed up laundered item,depleteduranium,depleted uranium,anagram,NUCLEAR WASTE,0
124589,Opening amber fluid OK,embrasure,embrasure,anagram,OVERTURE,0
79759,Finally reduced map collection,atlas,atlas,anagram,ATLAS,1
114083,"Paul came clean: ""I'm to blame!""",meaculpa,meaculpa,anagram,CONFESSED,0
56672,"Ebbing, a tide keeping down in California city",pasadena,pasadena,anagram,SAN DIEGO,0
68330,March associated with detective stories set in Goa,ngaio,ngaio,anagram,SALLY,0
36009,"Drink, when cold, can go the wrong way",cognac,cognac,anagram,CIDER,0
102202,"Here censors censor sex, as it turns out",sixteenacross,sixteen across,anagram,EXCISE OFFICE,0
73403,"Sport of Kings without one, possibly",skiing,skiing,anagram,SQUASH,0
114729,"Adjusting, freeing, or gathering sails",reefing,reefing,anagram,REEFING,1
30698,"Dressed in a suit, country-style",tunisia,tunisia,anagram,SCLADED,0
110841,Starting point for Trans-Caspian trip?,saintpancras,saint pancras,anagram,TRAIN STATION,0
32211,Carried on organising coup d'état but having to drop out,actedup,acted up,anagram,ACTED UP,1
95300,"Figure another code out, thought not entirely",octahedron,octahedron,anagram,DECIPHERED,0
14461,Charles is upset when son leaves for girl,rachel,rachel,anagram,RACHEL,1
26778,Be a star performing in the picture,abreast,abreast,anagram,FEATURE,0
77738,Manic ITV production about cure for scurvy,vitaminc,vitamin c,anagram,VITAMIN C,1
80508,Radiation always sits around,sieverts,sieverts,anagram,SITS EVER,0
46757,Flying alien contrives to secure a spell in the army?,nationalservice,national service,anagram,NATIONAL SERVICE,1
88653,"Wild, wild raves and gigs on Ecstasy",aggressive,aggressive,anagram,AGGRESSIVE,1
140911,Mead brewed with American and European bean,edamame,edamame,anagram,EDAMAME,1
69777,Marry around end of July - it's damp,dewy,dewy,anagram,DEWY,1
135096,"Haunts of the addicted, heartless men Oedipus ruined",opiumdens,opium dens,anagram,OPIUM DENS,1
90344,A chorister's not involved in these arrangements,orchestrations,orchestrations,anagram,ORCHESTRATIONS,1
71730,Blimey! Is taken aback by fabulous bird,roc,roc,anagram,ROC,1
103343,He needs religious ecstasy to fuel his whirling,dervish,dervish,anagram,DERVISH,1
135123,"In Texas Union, does fashion mean suits?",tuxedos,tuxedos,anagram,TUXEDOS,1
78153,Chairman tried to convert Greek ecclesiastic,archimandrite,archimandrite,anagram,ARCHIMANDRITE,1
44061,Money gets chopped terrine always for a dog,goldenretriever,golden retriever,anagram,GOLDEN RETRIEVER,1
95036,Glorious Revolution's backers back cult. It revolted,kitcatclub,kit cat club,anagram,THE RED ARMY,0
112797,Help on the way (cases yet to be resolved),catseyes,catseyes,anagram,UNSOLVED,0
32339,Senator organised act of betrayal,treason,treason,anagram,TREASON,1
20109,It is stirred into barbiturate in parts,sectional,sectional,anagram,TRIBUTARY,0
61016,It's inferior to the bean stew,beneath,beneath,anagram,POTAGE,0
74284,Contracting is an awful strain on a fellow,astringent,astringent,anagram,CONVENTION,0
7765,Hit lofted catches without strain,stricken,stricken,anagram,SLAPSHOT,0
135330,Fancy dealings with church look anything but straightforward?,sideglance,side glance,anagram,SIDE GLANCE,1
29180,Turning up with competence on island,elba,elba,anagram,ELBA,1
24011,"Tommy's upset about piano, which must mean something",symptom,symptom,anagram,SYMPTOM,1
138735,Punk is beaten up by fifty associates,linksup,links up,anagram,SLIP UP,0
15841,"You're hated, without love, tormented? Look back with regret",ruetheday,rue the day,anagram,RUE THE DAY,1
115274,A VIP sells assorted toiletries,lipsalves,lipsalves,anagram,LIP SALVES,1
57763,To send for change is a Continental resort,ostend,ostend,anagram,CASINO,0
19653,Aaron Copland's first composition involves one instrument,ocarina,ocarina,anagram,S-C-A-L-P-E-L,0
112107,They inform people when fire dies out,edifiers,edifiers,anagram,S-I-R-E-N-S,0
8401,Badly translated old manual so eccentric,anomalous,anomalous,anagram,ANOMALOUS,1
54782,"Best time in two years, given head surgery",heyday,heyday,anagram,S-E-R-U-M-S,0
39014,Elderly artist not quite making a comeback,aged,aged,anagram,AGED,1
12966,"Server's trouble, unfortunately forgetting round",butler,butler,anagram,BUTLER,1
55792,"Fancy rim is deep, which is not skin-deep",epidermis,epidermis,anagram,EPIDERMIS,1
51219,Make cat sit still,static,static,anagram,STATIC,1
140435,Aren't diesel trains made to last?,eternalised,eternalised,anagram,RESIDENTIAL,0
44762,"Returning instrument, which was acquired illegally",loot,loot,anagram,LOOT,1
100011,"Where water speed records were set - not sonic, however",coniston,coniston,anagram,SUBSONIC,0
51462,Vanessa's involved with married lad,redadmiral,red admiral,anagram,RED ADMIRAL,1
99620,Lab re-created a heart for a fish,albacore,albacore,anagram,ALBACORE,1
102157,New Year tends to make us inactive,sedentary,sedentary,anagram,SEDENTARY,1
56069,"Brewer uses potatoes, filtering out oxygen and sulphur",teapot,teapot,anagram,POTATE,0
40895,"""Get up, Knight! The Queen!"" - and he does",riser,riser,anagram,RISEN,0
89104,A setback - very sad to get upset about it,adversity,adversity,anagram,ADVERSITY,1
4039,"Flower eaten by flea, unusual jumper",fairisle,fair isle,anagram,LEAPFROG,0
117458,Articles on a menu arranged by club,athenaeum,athenaeum,anagram,ATHENAEUM,1
93345,Mass of lymphatic tissue giving don ideas,adenoids,adenoids,anagram,ADENOIDS,1
120079,Scottish brewer sprayed one guy with last of beer,younger,younger,anagram,ALBANIA,0
46013,"Corporation boss revealed as radio neglecter, potentially bringing in revenue, primarily?",directorgeneral,director general,anagram,DIRECTOR GENERAL,1
41125,"Unfortunately, Iris faced having skin punctured",scarified,scarified,anagram,SCARIFIED,1
96991,Lion-tamer is an idle outcast,daniel,daniel,anagram,DANIEL,1
88012,"Following orders, excellent to get up during illness",compliant,compliant,anagram,COMPLIANT,1
1275,"We're young people, so let's dance madly",adolescents,adolescents,anagram,ADOLESCENTS,1
132495,Doctor begs nurse for classes,subgenres,subgenres,anagram,MDPLEADEN,0
140492,Stupidly goes by bad parts of round,bogeys,bogeys,anagram,OBEYSB,0
93575,Is Harpo Marx starting to make a witty sally,aphorism,aphorism,anagram,EPIGRAMS,0
123820,Doctor regains gun primarily for applying lubricant,greasing,greasing,anagram,GREASING,1
114038,Stops on this red with no gear changes,reedorgan,reed organ,anagram,ROAD STOPS,0
124009,Male's setback,tup,tup,anagram,NED,0
101068,Addict vetoed dodgy ecstasy,devotee,devotee,anagram,DEVOTEE,1
141675,More difficult in larger form,gnarlier,gnarlier,anagram,INTENSER,0
87894,"Gifted holy converts, many times over",eightyfold,eightyfold,anagram,MULTIPLIED,0
105963,Fruit seeds produced by Spiro Agnew (the last to be dropped for President),orangepips,orange pips,anagram,ORANGE PIPS,1
121917,Corrupt umpire is immoral,impure,impure,anagram,IMPURE,1
129122,"Bolt in trouble, turned up nursing broken toes at end of race",gotoseed,go to seed,anagram,ON THE LAM,0
57910,"A word like ""logo-mines"", perhaps?",neologism,neologism,anagram,ANAGRAMIC,0
107907,Aliens go mad for fuel,gasoline,gasoline,anagram,GASOLINE,1
14479,Boring makers of laws,awls,awls,anagram,AWLS,1
36154,Bail is arranged for those with proofs of innocence,alibis,alibis,anagram,ALIBIS,1
64717,Flag email from criminal,oriflamme,oriflamme,anagram,INDICATOR,0
127608,Early birds found here at Cheshire mill,hatcheries,hatcheries,anagram,SILKWORMS,0
108514,Changes of mind that could get bats run out,aboutturns,about turns,anagram,TURNS ABOUT,0
28827,Break into the Iberian nosh-up,burgle,burgle,anagram,SIESTA,0
65127,Transport unfortunately isn't arriving ...,virgintrains,virgin trains,anagram,SITTING STILL,0
15304,"Centrepiece Peregrine ordered, but not the right one",epergne,epergne,anagram,EPICENT,0
70931,"Hoisting this, the builder strained a ventricle",cantilever,cantilever,anagram,TREADMILLS,0
39617,Like it knocked back?,asti,asti,anagram,SATI,0
118167,Plans to move aside,ideas,ideas,anagram,STEPS,0
2029,Don't travel through Armenia topless and drunk,remain,remain,anagram,SOTTED,0
31162,On land with a wild horse,ashore,ashore,anagram,ASHORE,1
80651,Horses paid out scores,rhapsodies,rhapsodies,anagram,S-P-E-N-T-S-T-E-E-D-S,0
98129,They may turn some into a ferment,emotions,emotions,anagram,EMOTIONS,1
41440,Point to unusual Roman invader of Britain,norman,norman,anagram,S-P-I-C-U-L,0
106302,Controversially his (or her) IT crashed,their,their,anagram,T-H-E-I-R,1
45672,Liar hangs out in idyllic location,shangrila,shangri la,anagram,S-L-A-N-D-E-R-U-P,0
60847,Floating vote again spoiled,evagation,evagation,anagram,V-A-G-A-T-I-O-N,0
7876,Quiet after Rhine trips? It's the wine!,rhenish,rhenish,anagram,S-H-E-R-R-Y,0
41843,Blue rooms out east,morose,morose,anagram,S-A-D-D-E-N,0
109637,City as wild as Jones,sanjose,san jose,anagram,SAN JOSE,1
120218,"Passing oxygen repeatedly in circulation, this more harmful?",poisongas,poison gas,anagram,D-E-A-D-L-Y-O-O,0
11883,Stuffed with chopped dates,sated,sated,anagram,SATED,1
54805,Perhaps only seconds away from Arkansas capital,ankara,ankara,anagram,ALMOST,0
118436,Fido's legs struggling to get round old part of London,isleofdogs,isle of dogs,anagram,DOGS IN CITY,0
71508,"Wonder about first engagement, if forced to make a second bequest",reendow,re endow,anagram,RE-GRANT,0
92830,Eat chips in a way that's not original,pastiche,pastiche,anagram,REHASHED,0
72165,"A red giant explodes, becoming a dark star, perhaps?",tragedian,tragedian,anagram,NIGHTMARE,0
121493,Painter only worked in colours,reynolds,reynolds,anagram,COLORIST,0
21714,Averse to one praying to cast off M&S clothing,anti,anti,anagram,SARI,0
111926,Variation in phone call - it's not uniform,plainclothes,plain clothes,anagram,MIXED SIGNAL,0
34122,He brought about a row - old cricketer,larwood,larwood,anagram,HAROLD,0
1107,Machine operator gives up merrymaking,lever,lever,anagram,REVEL,0
2129,I meant a change to liven things up,animate,animate,anagram,ANIMATE,1
75887,Shrub is in teapot that's cracked,poinsettia,poinsettia,anagram,POTENTILLA,0
141808,"Suffering from cold, maybe curator has shivers",catarrhous,catarrhous,anagram,CATARRHOUS,1
139461,Ruler to damn building that's avant-garde,ultramodern,ultramodern,anagram,ULTRAMODERN,1
45947,Pearl possibly a shade of white?,paler,paler,anagram,PALER,1
101615,Let fire rip to be creative,fertile,fertile,anagram,ARTFUL,0
128640,Marketing method making unhaloed heads roll,hardsell,hard sell,anagram,COLD CALL,0
133948,Relocated abroad and no longer in England,bangalored,bangalored,anagram,EXPATRIATE,0
97022,"Done with magic, converted and marrying within the tribe",endogamic,endogamic,anagram,DOMESTICATED,0
63087,Medication of pills taken with tea,pastille,pastille,anagram,PILOTING,0
64060,Feet all clumsy? Look at this ad!,leaflet,leaflet,anagram,LEAFLET,1
7381,Asked about what might be required when leader's gone,queried,queried,anagram,REQUEST,0
121268,Space traveller - about which I do more to unravel,meteoroid,meteoroid,anagram,ASTRONAUT,0
22570,Drunk comes to a state of incapacity,comatose,comatose,anagram,COMATOSE,1
55199,Try an overdue reform,endeavour,endeavour,anagram,ENDEAVOUR,1
80670,Octave's arranged for bird,avocet,avocet,anagram,AVOCET,1
56781,Wrongly surmise one's made a poor application,misuser,misuser,anagram,MISUSER,1
128794,"Our lingo is rustic, like Gray's mute Milton",inglorious,inglorious,anagram,VERNACULAR,0
128158,Oswald's unlucky formulation,sodslaw,sods law,anagram,ODD CASE,0
133666,Inform sailor about dance,ballet,ballet,anagram,SQUEAL,0
116880,Politician's bill abandoned - about time!,liberal,liberal,anagram,SHORTLY,0
88292,Unfold next compilation when editor's out,extend,extend,anagram,EVOLVE,0
26581,Revive wren horribly pecked by eagle's beak,renew,renew,anagram,RENEW,1
67543,"With reorganisation of station, be firm",obstinate,obstinate,anagram,STATIONED,0
24237,"Criticise cast not taking sides, essentially",asperse,asperse,anagram,CASTIGATE,0
61223,Sea mail at sea with no exceptions,anomalies,anomalies,anagram,SEAMLESSLY,0
114953,"Better half's home cooking required flour, say",starofbethlehem,star of bethlehem,anagram,MADE TO MEASURE,0
130838,Man confused brunette unendingly,bunter,bunter,anagram,BRUNET,0
65404,"Refused it anyway, having had more than enough",surfeited,surfeited,anagram,SATIATED,0
71389,Begin a Zola novel? That's sweet,zabaglione,zabaglione,anagram,AZUCARINAS,0
120876,Travelling through time back to Jonah in poor whale,leviathan,leviathan,anagram,ITINERANT,0
50769,One decants mucky liquid,condensate,condensate,anagram,CONDENSATE,1
98728,Airport complex round back of Dodge City,pretoria,pretoria,anagram,SYNDROME,0
44609,Able to figure nature out without me,numerate,numerate,anagram,ENURABLE,0
63892,Lesbia's translation lets herself down,abseils,abseils,anagram,DEBASES,0
98527,"In love, the man here, sad with love going wrong",headoverheels,head over heels,anagram,HEAD OVER HEELS,1
93746,"Pull back, having eaten badly out here?",teagarden,tea garden,anagram,TOW ASTERN,0
92555,Where list is meddled with once,erstwhile,erstwhile,anagram,LOCATIONS,0
130615,"Maybe skinny dip English rejected, crime when swimming",epidermic,epidermic,anagram,SKIMMINGS,0
44081,Second-hand cylinder could be repaired with it,indirectly,indirectly,anagram,CYLINDROID,0
118741,Prophets of doom fabricated star's mail,alarmists,alarmists,anagram,ALARMISTS,1
115441,Shocker! Had another go at paper when upset,taser,taser,anagram,TASER,1
60476,A singer can use the arrangement,chanteuse,chanteuse,anagram,CHANTEUSE,1
60417,Offers surplus one pound to be doled out - amazing!,fullofsurprises,full of surprises,anagram,PLUS DE PLUS,0
108010,It's argon? Neon? Neither taking on being reactive,inertgas,inert gas,anagram,NOBLE GAS,0
49895,"Pipe blown in cold loo, time to go finally",clarinet,clarinet,anagram,CLARINET,1
1799,Royal corpse is resurrected by Brown,sienna,sienna,anagram,CROWN,0
19663,Danish legend translated without assistance,singlehanded,single handed,anagram,SAGA SAGA,0
40712,"Showing wilfulness, the gods ran amok",headstrong,headstrong,anagram,DOGGEDNESS,0
115226,"Making more extensive disorder in gaol, note",elongation,elongation,anagram,ELONGATION,1
75394,Scrambled eggs endorsed and used in an emergency by the army,greengoddess,green goddess,anagram,DRESS GOWNED,0
27667,Bless me! A strange get-together,assemble,assemble,anagram,ASSEMBLY,0
27570,Unusually stern Goths dropping round with gifts,strengths,strengths,anagram,STRENGTHS,1
10240,"Italian hothead upsetting Italian creator of inferno, blowing top",etna,etna,anagram,ETNA,1
73901,"Like certain writing from Italy, prose that's fancy",epistolary,epistolary,anagram,EPISTOLARY,1
51729,Swap parts of steam baths in island capital,nassau,nassau,anagram,NASSAU,1
64834,French dresser Tom Cruise ordered,costumier,costumier,anagram,COSTUMIER,1
101924,Flower - love it to bits,violet,violet,anagram,VIOLET,1
79667,"Man swimming in river, son reveals",unmasks,unmasks,anagram,UNMASKS,1
3903,Nicest forms with right angle for design template,stencil,stencil,anagram,STENCIL,1
26423,Fire single sniper shot,inspire,inspire,anagram,INSPIRE,1
85110,"Girl, a brat, chewing up the rock",gibraltar,gibraltar,anagram,GIBRALTAR,1
130807,"Seeing Troy destroyed by donating a gift, for example",generosity,generosity,anagram,GENEROSITY,1
121589,Nut roast as cooked for high fliers,astronauts,astronauts,anagram,ASTRONAUTS,1
7128,You need to ride craftily to manage a title,editor,editor,anagram,EDITOR,1
13933,Ambassador renegotiating trade's capital backing,headrest,headrest,anagram,EMISSARY,0
130054,"Tragically, one does get shot in bed",gonetoseed,gone to seed,anagram,GONE TO SEED,1
10064,Distanced by a date-line blunder,alienated,alienated,anagram,ALIENATED,1
98500,"To play, I set up soccer for those who dislike union",eurosceptics,eurosceptics,anagram,SECESSIONIST,0
57757,A delay upset the celebration,gala,gala,anagram,GALA,1
111614,I accept order mistakenly and went to and fro,reciprocated,reciprocated,anagram,RECIPROCATED,1
66528,Angrily press one for an answer,response,response,anagram,RESPONSE,1
63006,"Nouveau roman of wretched Levantine, going East for love",antinovel,antinovel,anagram,VALENTINE,0
133151,Arabs live all over the place - their values may change,variables,variables,anagram,VARIABLES,1
30594,Blue-eyed boys back-tracking a short distance,step,step,anagram,STEP,1
15182,"Bring about change in green energy, in short",engineer,engineer,anagram,ENGINEER,1
87556,Hustle curious enquirer,sleuth,sleuth,anagram,PUSHER,0
132640,Returned rotten fish,dab,dab,anagram,DAB,1
124520,"Riding on rocks, kept in shape by pressure only",nonrigid,non rigid,anagram,OIL PRESSURE,0
111697,Possibly take work in state capital,topeka,topeka,anagram,KOTOPA,0
77638,Contests organised by general in one of his towns?,tourneys,tourneys,anagram,REGATTAS,0
61443,Whoever wrote this dog's dinner must be round the bend!,paul,paul,anagram,MESS,0
21820,Situation where no race is fixed,scenario,scenario,anagram,SCENARIO,1
114263,"Jolly good to punch Hitler, hated terribly",lighthearted,light hearted,anagram,LIGHT-HEARTED,1
5215,Preparation of ricin isn't essential,intrinsic,intrinsic,anagram,INTRINSIC,1
92553,Welsh rite performed once upon a time,erstwhile,erstwhile,anagram,HISTORIED,0
33774,"Having drunk tots, miscue and produce strain",settomusic,set to music,anagram,SET TO MUSIC,1
17719,Alienate sergeant in mess,estrange,estrange,anagram,ESTRANGE,1
81138,Cautiously progressing petition about the end of hunting,tiptoeing,tiptoeing,anagram,TIPTOEING,1
36325,Novel by incomer in its early stages,embryonic,embryonic,anagram,INCIPIENT,0
69933,Shed covering mess of debris - nothing in it,disrobe,disrobe,anagram,CASTOFF,0
128198,Dowdiest sort of paper like this,twosided,two sided,anagram,OLD-HAT,0
29387,Does vanity put right unpleasant picture?,videonasty,video nasty,anagram,STILL LIFE,0
133041,Unlikely rich setter will be giving more,stretchier,stretchier,anagram,IMPROBABLE,0
36795,Creative traits make one?,artist,artist,anagram,ARTIST,1
10767,Ugly finish in untidy set is an eyesore,stye,stye,anagram,STYE,1
3676,Helping to make Gaia the New Age goddess,athene,athene,anagram,AGLAIA,0
113172,Uranium stored in a folding plastic like a mould,fungoidal,fungoidal,anagram,PLASTIQUE,0
36962,Diana could be a nymph,naiad,naiad,anagram,NAIAD,1
34900,Knowing all to be in most nice order,omniscient,omniscient,anagram,OMNISCIENT,1
140516,Produce an abridged version of Chaucer - current volume retained,giveoff,give off,anagram,CORN OIL,0
134152,An option as he fell ill?,selfheal,self heal,anagram,FREE WILL,0
124489,Ginger beer tip: goes off when infiltrated by rain?,rogers,rogers,anagram,RADISH,0
99095,"A long time, but Christmas is almost over",eon,eon,anagram,EON,1
101169,Grievances concerning nice jobs to swap,objections,objections,anagram,REPROACHES,0
74691,Turn up the gas ring to cook it,sago,sago,anagram,BOIL,0
89603,"Wild lion scared no-one, certainly not him",androcles,androcles,anagram,SCORPIONS,0
92977,Colin goes out East to see her,nicole,nicole,anagram,COLINE,0
81484,Smiley's pleader a suspect? I'm not at liberty to say,mylipsaresealed,my lips are sealed,anagram,MY LIPS ARE SEALED,1
52423,Supports about to be cut,snip,snip,anagram,BRAS,0
49786,Ballerinas missing a dance somewhere in Snowdonia,llanberis,llanberis,anagram,LLANBERIS,1
124126,"Beset by stormy sea, go to bed dark and brooding",saturnine,saturnine,anagram,TENEBROUS,0
132716,"Barber's work, Adagio for Strings, by all conclusions suits Christmas concert initially, when jazzed up",scissorcut,scissor cut,anagram,SHAVING POT,0
129825,Is a route across the Channel going north of a huge land mass?,eurasia,eurasia,anagram,EURASIA,1
32761,Strange letter about to be removed from altered design,delta,delta,anagram,WEIRD,0
8215,Girl I complain about,naomi,naomi,anagram,NAOMI,1
79869,Wool used more in knitting,merino,merino,anagram,MOHAIR,0
121107,Viagra not working for pilot,navigator,navigator,anagram,NAVIGATOR,1
141659,Moralising work of Corbyn is trashed with gusto,scoutingforboys,scouting for boys,anagram,THROWING THE BOOK,0
63990,Tea's ready in mess for movable feast,easterday,easter day,anagram,EASTER EGG,0
92710,Moving point wounded nag internally,poignant,poignant,anagram,GRADIENT,0
32883,"Tears flow, missing English ruler",tsar,tsar,anagram,RIRE,0
78307,Amaryllis dresses badly without trendy husband,shepherdess,shepherdess,anagram,AMARYLLIDACEA,0
59406,Hercules? He's off to raise the dough,lucre,lucre,anagram,BAKER,0
84848,A free spirit and active friend to the workers,apiarist,apiarist,anagram,FREEHAND,0
62948,Thong gets privates in a twist,strap,strap,anagram,TIGHT,0
105601,Philosopher finds our complex about American waters,rousseau,rousseau,anagram,ERASMUS,0
55218,Gear change takes energy: go along with that,agree,agree,anagram,AGREE,1
67265,Actors playing the old leader,castro,castro,anagram,CASTLE,0
100830,Indeed upset when refused,denied,denied,anagram,DENIED,1
60372,Bolster arranged on the bed at sea,lobster,lobster,anagram,LOBSTER,1
68958,"Routed, beat a retreat",abate,abate,anagram,ABATE,1
118326,Decorating it with pregnant bats,patterning,patterning,anagram,ORNAMENTED,0
3912,Drink from the basin,absinthe,absinthe,anagram,ABSINTHE,1
56694,Did Sue and Dot dash off?,usedto,used to,anagram,USED TO,1
28225,Old Irish characters around Omagh,ogham,ogham,anagram,OGHAM,1
41676,Circus performer - a heretic or revolutionary,charioteer,charioteer,anagram,ACROBATIST,0
88031,Medal distribution halted,lamed,lamed,anagram,ORDER,0
102164,"Luke sees Mary, perhaps, as one seldom given due welcome",asylumseeker,asylum seeker,anagram,SECOND COUSIN,0
133865,Building under a site is more rickety,unsteadier,unsteadier,anagram,STRUCTURED,0
8050,"Taline, a kinky girl",natalie,natalie,anagram,ANTLINE,0
31400,"Even so, I'd resolved to take the plunge",nosedive,nose dive,anagram,DEEP DIVE,0
5343,"Shaking rear in defiance, poisoner with toxic tail aggravated, as stinger",scorpion,scorpion,anagram,STINGRAY,0
117892,"Sell iodine, perhaps, as a substance in paint",linseedoil,linseed oil,anagram,LINSEED OIL,1
36238,Having to guess when Enigmatist gets out of order!,estimating,estimating,anagram,ENIGMATICAL,0
78808,Local death of Ericsson broadcast,necrosis,necrosis,anagram,DISTANCE,0
12678,Not-so-wise guy stupidly smug on air,ignoramus,ignoramus,anagram,GUMSHOEING,0
70617,"Explain complicated clue, a right puzzler initially!",clearup,clear up,anagram,CLEAR UP,1
131487,Philosopher's theory pagan slammed,pythagorean,pythagorean,anagram,PYTHAGOREAN,1
122146,A lone crab scuttles round by the sea in Spain,barcelona,barcelona,anagram,ALICANTE,0
109808,Chimp loath to get hit about the eye,ophthalmic,ophthalmic,anagram,OPHTHALMIC,1
35190,Dine out on candy? A potential killer!,cyanide,cyanide,anagram,ACONITE,0
105732,Votes could be wrong ones,noes,noes,anagram,NOES,1
49043,Planes manufactured in Italy,naples,naples,anagram,ITALIC,0
88322,Defer changing Sam's boss's name,frederick,frederick,anagram,SUBMISSES,0
100901,The joys of shifting super ales,pleasures,pleasures,anagram,PLEASURES,1
51174,"Once gay characters reform, there's reasonable treatment for women",gynaecological,gynaecological,anagram,GYNAECOLOGISTS,0
118093,Sea air won't upset poor community,shantytown,shanty town,anagram,SHANTY TOWN,1
107421,Rewriting Roald Dahl's final piece for money,dollar,dollar,anagram,DOLLAR,1
62770,Supply RNA to supplement form of bluish cleaner,nailbrush,nailbrush,anagram,DETERGENT,0
42610,There's sustenance when I turn into bananas,nutrition,nutrition,anagram,NUTRIENTS,0
49497,Rocco is troubled by wind,sirocco,sirocco,anagram,SIROCCO,1
81649,He wrote about Eliza Mole,emilezola,emile zola,anagram,EMILE ZOLA,1
38839,Those last shall be first - that's moral significance,ethos,ethos,anagram,ETHOS,1
46373,Writer wrote timeless moving lines,orwell,orwell,anagram,SCRIBE,0
64227,USA twice interfered with Libyan leader: nothing new there,asusual,as usual,anagram,AS USUAL,1
83786,Indians ain't much moved by old chief with muted war cry,iainduncansmith,iain duncan smith,anagram,SITTING BULLS,0
140189,Something funny in setting of gelatin,tagline,tag line,anagram,GELATIN,0
49809,Ah Harpo! Possibly one of the greats of yesteryear,pharaoh,pharaoh,anagram,PHARAOH,1
131219,"Worker often seen wearing blue, red, green and russet, I suspect",registerednurse,registered nurse,anagram,STREETWORKER,0
15866,Colour that could be fancy but not loud,cyan,cyan,anagram,CYAN,1
92952,Is crack badly affected by movement of traffic?,carsick,car sick,anagram,CAR SICK,1
33356,Arrangement of Israeli composer,salieri,salieri,anagram,SALIERI,1
73991,A five-nil reverse that may be scrambled,ova,ova,anagram,OVA,1
64019,"Cook's vessel, one seen in rain, beam obscured",bainmarie,bain marie,anagram,SOUP PLATE,0
52426,Bob's legs turned over,snip,snip,anagram,SNIP,1
31506,"It makes pepper pot mine, anyhow",pimento,pimento,anagram,PIMENTO,1
82230,Perhaps men say he's a sycophant,yesman,yes man,anagram,YES MAN,1
115065,Ordinal in West to show bottom face up?,maninthemoon,man in the moon,anagram,TEN TO THE BACK,0
42856,Battle erupting around vessel's deck,turntable,turntable,anagram,SHIPWRECK,0
8506,Mixed aromas embellish love for full-bodied Spanish female,amorosa,amorosa,anagram,AMAROSO,0
38934,"Tho' semi is falling apart, it's most cosy",homiest,homiest,anagram,THOMIST,0
48873,He wrote about a large weight,zola,zola,anagram,TATE,0
31677,Tabitha Twitchit to find home,habitat,habitat,anagram,CATNIPS,0
30830,"The end of the month, perhaps, so spread it thither",thirtieth,thirtieth,anagram,MONTHLIER,0
98383,"Confirm a try, if converted properly",ratify,ratify,anagram,VERIFY,0
122042,Spooner's alarm for a tart?,bakewell,bakewell,anagram,TARTARIC,0
51463,Good-looking six-footer foolishly married short lady,redadmiral,red admiral,anagram,SIX-FOOTER,0
54988,See lambs going round in flocks together,assembles,assembles,anagram,ASSEMBLED,0
22176,Strip shown in scene and suspicious motive involved,dennisthemenace,dennis the menace,anagram,STRIPPED BARE,0
139601,Pam ceded building and made off,decamped,decamped,anagram,DECAMPED,1
127915,They make cold scalp hot in a blizzard,clothcaps,cloth caps,anagram,POLAR CAPS,0
97656,I find reformed smoker irritating,irksome,irksome,anagram,SMOKIER,0
124575,"Grating cheese at first, add tins or nuts",discordant,discordant,anagram,DISCORDANT,1
16340,Lizard again becoming animated around mid-January,iguana,iguana,anagram,IGUANA,1
122500,Maximum awareness required when the H. Grail is exposed,highalert,high alert,anagram,HIGH ALERT,1
110746,Marine upset a lunatic,nautical,nautical,anagram,NAUTICAL,1
138450,First two of irritating Pogues' wayward followers,groupies,groupies,anagram,GROUPIES,1
7584,Here's hoping I spring a surprise,aspiring,aspiring,anagram,STARTLES,0
128120,Two English animals on the loose in Pacific region,melanesia,melanesia,anagram,POLYNESIA,0
49068,"Picture gives an image, ultimately distorted",envisage,envisage,anagram,IMAGINED,0
97821,Later organisation of workers' guild,artel,artel,anagram,UNION,0
119209,Probably time to tuck into sausage pie,ataguess,at a guess,anagram,AT A GUESS,1
88140,"King acted madly in theatre, executed patron",george,george,anagram,CLIENT,0
60419,Spooner's allowed bird to escape,getloose,get loose,anagram,GET LOOSE,1
77667,Sugary affair heard to come back after being booed?,meringue,meringue,anagram,DESSERTS,0
35307,This will locate drama school correctly,radar,radar,anagram,RADAR,1
38161,Predator about to move freely,flow,flow,anagram,ORCA,0
15200,Is a name recollectable? Not with this,amnesia,amnesia,anagram,AMNESIA,1
37771,Romantic details I made up,idealist,idealist,anagram,IDEALIST,1
114264,Unusually lithe daughter leaving university in good spirits,lighthearted,light hearted,anagram,LIGHT HEARTED,1
94656,"Labour would be after this on stage - it's ""New""!",gestation,gestation,anagram,PREGNANCY,0
43646,"Christian code about being artificial, but seeming otherwise",android,android,anagram,ARTLESS,0
46910,Turned radio on electrician's last order,ordain,ordain,anagram,ORDAIN,1
8825,Bottom? Then second to bottom's exceptional,rare,rare,anagram,RARE,1
141132,"Ten fools, cavorting with glee, lose all inhibitions",letoneselfgo,let oneself go,anagram,LET LOOSEN UP,0
27665,Collect up jumble in efficient fashion,assemble,assemble,anagram,TIDILY,0
34020,He has broken links with one foreign capital,helsinki,helsinki,anagram,HELSINKI,1
18314,star@alien set back by infectious disease,tetanus,tetanus,anagram,TETANUS,1
94223,"For a break, urge ride round University, as required by custom",derigueur,de rigueur,anagram,BY DEFAULT,0
47375,Naughty ladies men dream of,ideals,ideals,anagram,IMPISH,0
45062,Rising bog round ground,oval,oval,anagram,SOIL,0
43561,Vulgar words recur with naval orders,vernacular,vernacular,anagram,PROCEDURES,0
91398,"Horribly vain and aloof, but not successful",ofnoavail,of no avail,anagram,OF NO AVAIL,1
105549,Maclean's turn to show restraint,manacles,manacles,anagram,MODERATE,0
76108,"Sectarians from Ithaca, right? Wrong!",cathari,cathari,anagram,CATHARI,1
21928,Softer sort of wood,forest,forest,anagram,BALSAM,0
80180,"Dear Sir, These could be what you've always wanted",heartsdesire,hearts desire,anagram,HEARTS DESIRE,1
54065,TV company ran poster in Georgia,granada,granada,anagram,TBILISI,0
114505,"It was Tio Pepe, nothing less, poured out here",wastepipe,waste pipe,anagram,TAPE ROOM,0
108849,"Initially inferior count: sceptical, sadly, about making a baby?",conceptualistic,conceptualistic,anagram,INCONCEIVABILITY,0
129047,Old photographs and toys prefer recycling,ferrotypes,ferrotypes,anagram,STEREOTYPE,0
34182,He wrote about a tree,camus,camus,anagram,ASPEN,0
89592,"Stretched up, standing and unfolding",narrating,narrating,anagram,SPREADING,0
85813,Throw out - time's up,emit,emit,anagram,EMIT,1
131618,Daub number plates (not first three letters) to confuse followers,beplaster,beplaster,anagram,DISTRACTION,0
88396,Fellow arranged ordinals around a balancing aid at sea,dorsalfin,dorsal fin,anagram,SIDERAILS,0
110851,"I pitch a tent abroad without assent, initially causing bad blood",antipathetic,antipathetic,anagram,INFLAMMATION,0
128284,Chopin piece of sole piano variation,polonaise,polonaise,anagram,POLONAISE,1
45142,One takes so long making pictures,images,images,anagram,IMAGES,1
8092,Wordplay of a Socratic kind,acrostic,acrostic,anagram,IRONICAL,0
141791,Unusually daring type of dressing,indrag,in drag,anagram,IN DRAG,1
81143,Rose made arrangements to name date,emanated,emanated,anagram,ROMANCED,0
115902,Function of arsenic that's criminal,arcsine,arc sine,anagram,SINISTER,0
11078,Explosive chap who must retire for the good of France,nobel,nobel,anagram,NITRO,0
69347,"Parking, I can set alarm",panic,panic,anagram,PANIC,1
8880,Gentleman Bottom raised the remains of a wreck,debris,debris,anagram,DEBRIS,1
137669,Terrible Sun lie/fib can't be run together,infusible,infusible,anagram,INFUSIBLE,1
125248,Spread to excite gourmet and pal,promulgate,promulgate,anagram,PROMULGATE,1
124833,Unpredictable podgy Eastern pariah,pyedog,pye dog,anagram,ODD EGG,0
38990,Catches up with weapon,sten,sten,anagram,STEN,1
106345,Distress when train set gets damaged,straiten,straiten,anagram,STRAITEN,1
130619,Isolated ones left sardines at sea,islanders,islanders,anagram,ISLANDERS,1
104698,Sully an overstuffed cow?,deflower,deflower,anagram,STAINING,0
133984,Dreadful abuse hit regular attenders,habitues,habitues,anagram,HABITUES,1
131979,Courtesy of chief rival wounded close to Burgundy,chivalry,chivalry,anagram,CIVILITY,0
138816,"Rose that needs cutting, heavens mother inspired!",whiskymac,whisky mac,anagram,BRIGHT RED,0
20269,Trumpeter amazing the panel,elephant,elephant,anagram,ELEPHANT,1
36805,"Initially without force, elevating King David, for example",artist,artist,anagram,PSALMS,0
43697,Only women admitted into mobile phone event,phenomenon,phenomenon,anagram,CELEBRATES,0
60744,"Bridge, tailor-made for a canal",rialto,rialto,anagram,PONTON,0
84882,Spinning RR into a ball? Not perhaps with this!,antirollbar,anti roll bar,anagram,ROLL ROLL UP,0
48349,What one's good cause seeks? Try gelt found in distribution,lotteryfunding,lottery funding,anagram,TRUST FUNDING,0
1764,Manner of Israel's one-time neighbour rising,mode,mode,anagram,MODE,1
89744,Came up with a diet change for the undernourished,emaciated,emaciated,anagram,EMACIATED,1
89321,Sign to new Catholic claiming spiritual knowledge,gnostic,gnostic,anagram,GNOSTIC,1
137044,Piles of rubbish and rats scurrying by hospital in poor shape,trashheaps,trash heaps,anagram,TRASH HEAPS,1
116855,"Use a cuff, eh? Mad, she drives me",chauffeuse,chauffeuse,anagram,CHAUFFEURS,0
34879,Example of an insect blight,instance,instance,anagram,PARASITE,0
135206,A bunch of pseuds of the art editor kind,softhearted,soft hearted,anagram,FAKE FLOWERS,0
40220,Greek river with body of water rising,aesop,aesop,anagram,LETHE,0
10449,Must fix rider's wooden legs,stumps,stumps,anagram,STILTS,0
46044,Spooner's pet's entry to working-class symbol,flatcap,flat cap,anagram,FLAT CAP,1
33352,I daren't exchange one car for another,tradein,trade in,anagram,TRADE IN,1
22271,Club official sure in re art anyway,treasurer,treasurer,anagram,TREASURER,1
131268,Doctor paid a vet to be compliant,adaptive,adaptive,anagram,ADAPTIVE,1
118912,Let no urban car be otherwise,carbonneutral,carbon neutral,anagram,NON-CURABLE,0
135860,Reverse-engineered molecule that might bind some solutions here,and,and,anagram,AND,1
4,Number Three at sea,ether,ether,anagram,ETHER,1
74321,Support for the devout in endless Euripides production,priedieu,prie dieu,anagram,PRAY MATS,0
121217,Announces several changes,reveals,reveals,anagram,REVEALS,1
123687,Its creed could be judicious,discreet,discreet,anagram,DISCREET,1
40778,Church following the lunar cycle?,lutheran,lutheran,anagram,ENCYCLIC,0
73305,"Tough, shrewd and practical hands rode range",hardnosed,hard nosed,anagram,HARD NOSED,1
94963,Cutting of taxes by queen works out,exercises,exercises,anagram,CASTRATES,0
132116,"Barrow by rail, shortly to return",cart,cart,anagram,CART,1
25260,"Masses drifting away, slice of cake ultimately getting wasted",icefloes,ice floes,anagram,ALL SPENT,0
117938,Keen to pirouette over good music,reggae,reggae,anagram,KEENER,0
42685,Begin a different way of life?,being,being,anagram,START,0
3897,Means of reproduction for awkward clients,stencil,stencil,anagram,STENCIL,1
111620,Crime scene? It's an adult shot to pieces,indecentassault,indecent assault,anagram,STUNTED ASHLOT,0
42128,"Oriental sailor, a rogue changing sides",lascar,lascar,anagram,TARTAR,0
30910,"Not all the book, but about right",excerpt,excerpt,anagram,UPRIGHT,0
11133,European Union bearing modified vegetable produce,aubergine,aubergine,anagram,VEGETABLE,0
10197,One who picks the winning ticket goes up for the prize,reward,reward,anagram,DRAWER,0
74378,Possibly see unit as part of another unit,ensuite,en suite,anagram,IN SITU,0
70042,Send Giles revised stuff that's recently arisen,seedlings,seedlings,anagram,SEDIMENTS,0
116001,Supply cable possibly halved,flexibly,flexibly,anagram,CATERING,0
127727,Re-enter formation of earth,terrene,terrene,anagram,TERRENE,1
66613,Doctor rescued flirt,seducer,seducer,anagram,SAVEDR,0
94986,One must be quick to do so,breathe,breathe,anagram,FASTER,0
53710,Irregular green semicircle turns up on top of table,deviant,deviant,anagram,TRESTLE,0
82235,"Naps killed cat, excited by amorous activity",slapandtickle,slap and tickle,anagram,SLAP AND TICKLE,1
85145,Little boy traps female into consent for promotion of photosynthesis,leafgreen,leaf green,anagram,LEAF STOMA,0
108647,"Cute, if led astray, becoming two-faced",deceitful,deceitful,anagram,DECEITFUL,1
122178,Exclusive brand meant dear product,tradename,trade name,anagram,PRADA COST,0
101254,"Doubtless, mistake offends client",selfconfident,self confident,anagram,WITH CERTAINTY,0
128855,She possibly reports hand straying after American leaves for Italy,thirdperson,third person,anagram,NIGHT GARDEN,0
63558,"Timon, I say, is disposed to hate",animosity,animosity,anagram,ANIMOSITY,1
100348,Must a shine somehow indicate fire?,enthusiasm,enthusiasm,anagram,ENTHUSIASM,1
58963,Exasperated with Dave and ragtag ensemble,aggravated,aggravated,anagram,AGGRAVATED,1
60374,Bloater's not a bad sea food item,lobster,lobster,anagram,LOBSTER,1
110353,Musical acrobatics could produce bad neck and ear,breakdance,break dance,anagram,BREAK DANCE,1
68981,A main source of embryonic membrane,amnia,amnia,anagram,AMNIO,0
63995,Fierce storm on the coast of Brazil,recife,recife,anagram,BRAZIL,0
62207,Musician's skill rescued tarnished gig,sightreading,sight reading,anagram,SIGHT READING,1
76568,"As arranged, I'm seated with second cup of coffee",demitasse,demitasse,anagram,AMERICANO,0
32620,Progressive brought new Communist order about,modern,modern,anagram,MODERN,1
31384,Assigned task of putting clock back,remit,remit,anagram,REMIT,1
78888,This old boneshaker is a strangely loved piece,velocipede,velocipede,anagram,VELOCIPEDE,1
122697,"Shake up orange vigorously, carried by rocket",reorganise,reorganise,anagram,SATELLITES,0
28956,Rushes round to see the Primate,rhesus,rhesus,anagram,BISHOP,0
126904,Heard to put artic into reverse at some degree,baccalaureate,baccalaureate,anagram,ARTICULATIONS,0
52581,A Bovril recipe that's revolutionary,bolivar,bolivar,anagram,BOLIVAR,1
26426,Do something different with cold celery,recycle,recycle,anagram,RECYCLE,1
106194,I help with gigs - I adore travelling,roadie,roadie,anagram,ROADIE,1
59197,Nice men upset by bearing superiority,eminence,eminence,anagram,EMINENCE,1
104574,Last nasty messy problem for adviser with computer,systemsanalyst,systems analyst,anagram,SYSTEMS ANALYST,1
139444,Revised bible held by a theologian's all made up,adlibbed,ad libbed,anagram,AD LIBBED,1
136819,"Faith being questioned in party heading for office, amid dubious claims",iconoclasm,iconoclasm,anagram,CONVICTION,0
48494,Not one anti-beer?,inebriate,inebriate,anagram,ABSTAINER,0
61107,Islam's enigmatic religious book,missal,missal,anagram,PSALMS,0
120857,I don't mess with leaf stripper,defoliant,defoliant,anagram,SEDIMENTS,0
119024,Dreamer in dunce's cap is teased,escapist,escapist,anagram,BADGERED,0
14524,"Put in post at suite, perhaps",situate,situate,anagram,INSTALL,0
21801,Moving praise for the old country,persia,persia,anagram,PERSIA,1
84100,After analysis we had this Freudian impulse,deathwish,death wish,anagram,DEATH WISH,1
96200,Late actor has shifted tree to the left,sharif,sharif,anagram,ASHLEE,0
107056,Trailer for Edward Lear's capital nonsense?,dawdler,dawdler,anagram,PALAVER,0
39343,Fibres working loose in underpants,briefs,briefs,anagram,NYLONS,0
126766,"Paint can out, red is stirred",undercoat,undercoat,anagram,UNDERCOAT,1
90004,"A relation's ground, or grounds",rationale,rationale,anagram,PREMISES,0
131147,Bizarre muddle I clear up,peculiar,peculiar,anagram,SURREAL,0
61148,Drink leads to nasty reaction at university,cointreau,cointreau,anagram,EUCHARIST,0
6422,Verne's undisciplined banker,severn,severn,anagram,SEVERN,1
98733,Lily's relative pole dancing with dash,asphodel,asphodel,anagram,SPRINTED,0
37091,Casters may be working to find one,actress,actress,anagram,SPINNER,0
20166,"Standing still, but not against reform",stagnation,stagnation,anagram,STATIONARY,0
14400,Antique objects found in battered raincoat after the last King George,victoriana,victoriana,anagram,VICTORIANA,1
107057,Waddle about with right loafer,dawdler,dawdler,anagram,TROTTER,0
70056,Where tramlines turn around,terminals,terminals,anagram,TERMINALS,1
18145,Manger apt to be shown transformed by star,pentagram,pentagram,anagram,STAGNATED,0
91581,"Catching cousin with goat, disturbed",contagious,contagious,anagram,CONTAGIOUS,1
60113,They're assumed to raise sail in rough sea,aliases,aliases,anagram,ALIASES,1
67017,Stuff that's left out,felt,felt,anagram,STOW,0
135725,"Puny chap burying head, awfully miserable",unhappy,unhappy,anagram,UNHAPPY,1
27872,Slave-owner's turned to tea producer,assam,assam,anagram,ASSAM,1
92011,"Missing date, shambolic developers come round too late",oversleep,oversleep,anagram,OVERLEAPS,0
37390,"Put half a grand on dodgy palomino ""No-No"" after studying this document?",diploma,diploma,anagram,DIPLOMA,1
42683,Oval cone not completely reshaped?,volcano,volcano,anagram,CONVEXO,0
109448,"Attacked after broadcast, alas, is duke out of the country?",assailed,assailed,anagram,ASSAILED,1
8743,What could be finer to conclude?,infer,infer,anagram,INFER,1
26772,Ecus under negotiation with no strings attached,unsecured,unsecured,anagram,UNREDUCED,0
139924,"Extinct arthropods, one preserved in lobster, it could be?",trilobites,trilobites,anagram,TRILOBITES,1
33944,Astute misrepresentation of the figure,statue,statue,anagram,STATUE,1
91895,Current producer of coral involved in retail,solarcell,solar cell,anagram,SOLAR CELL,1
114542,As an artist I reenact my career,traceyemin,tracey emin,anagram,CAREER PATH,0
35336,Guns are raised in this game,stag,stag,anagram,STAG,1
14771,Extraction possibly due to Bond?,educement,educement,anagram,EXTRACTION,0
19356,Southeastern rail trips by one from another country,israeli,israeli,anagram,SERAILS,0
91812,Mad hatter drinking limitless tea in operational part of hospital,theatre,theatre,anagram,THEATRE,1
98167,Technique pioneered by Disney into a main production,animation,animation,anagram,ANIMATION,1
87221,Examiner is in wrong street,tester,tester,anagram,TESTER,1
141655,"In charge in any pub, moving stock up frantically",panicbuy,panic buy,anagram,PRICE UP,0
28916,Distressed emu ill on floor-covering,linoleum,linoleum,anagram,LINOLEUM,1
133164,Hot meal enlivened with a drop of neat alcohol,methanol,methanol,anagram,METHANOL,1
93259,"Rose may be single, desperately seeking husband",english,english,anagram,ENGLISH,1
22767,"Wild flower with tag, ""Light of Evening""?",afterglow,afterglow,anagram,AFTERGLOW,1
138908,"Tip of rhubarb? No, I crave tripe!",carnivore,carnivore,anagram,CARNIVORE,1
49163,In which real duty is abandoned!,adultery,adultery,anagram,ADULTERY,1
47840,"""Morning"" from Grieg: ten pieces",greeting,greeting,anagram,TENPENCE,0
136586,Policy Americans go wild for,reaganomics,reaganomics,anagram,AMERICANISM,0
1349,"Interior decoration, pretty as can be",tapestry,tapestry,anagram,ORNAMENT,0
88081,A coal tit changing gear,tailcoat,tail coat,anagram,TAIL COAT,1
64999,Ada being nasty? Just having a laugh,badinage,badinage,anagram,BADINAGE,1
116613,Hormone replacement for bird,moorhen,moorhen,anagram,ESTRONE,0
120826,"""Pass him, anyway"" - how accidents result",mishaps,mishaps,anagram,HAPPENS,0
120636,"Concisely written ultimately, French produce cracking poem",inbrief,in brief,anagram,EN VERSE,0
80700,Spiel includes point in sprinkling chips with salt,salespitch,sales pitch,anagram,SALTY CHIPS,0
3559,A steep fluctuation in old currency,peseta,peseta,anagram,PESETA,1
108146,Argue about holding stake in contract,guarantee,guarantee,anagram,STIPULATE,0
77029,"Stone from a ring, replaced before the centre's fallen out",granite,granite,anagram,DIAMOND,0
11644,"Queen's favourite isle? Crete, possibly",leicester,leicester,anagram,GREEK ISLE,0
77076,Prom performers duck out of this world,temporal,temporal,anagram,ETHEREAL,0
35412,Exploding grenade creates disorder,derange,derange,anagram,DERANGE,1
136903,Annalist busy acquiring old papers,nationals,nationals,anagram,HISTORIAN,0
39635,Is perversely advanced still,silent,silent,anagram,STATIC,0
132163,Daisy's relative's crazy over crazy girl about love,marigold,marigold,anagram,MARIGOLD,1
93581,Saw mishap jumping over sort of gate,aphorism,aphorism,anagram,OBSERVED,0
51639,"Act less, try broadcast for radio once",crystalset,crystal set,anagram,CRYSTAL SET,1
38576,Cancel a do strangely retaining odd bit of finale which is forgettable,oldacquaintance,old acquaintance,anagram,NON-REMEMBERABLE,0
98379,Literary traveller initially altered Eliot's character,tulliver,tulliver,anagram,GULLIVER,0
130069,"Some ran badly, running not being their sport",oarsmen,oarsmen,anagram,SNOOKER,0
141893,"My sonny's ill - tired and worn out, maybe",synonyms,synonyms,anagram,SYNONYMS,1
89361,It turns green once church leaves Devon town,tiverton,tiverton,anagram,EXMOUTH,0
127533,Such a suit might make Ian pretty upset,paternity,paternity,anagram,APPERTAIN,0
68770,"What the Israelites went through the wrong way round, getting cooked very fast",seared,seared,anagram,SEARED,1
73753,Partner would make supermarket run if opening of tills moved to the earliest slot,escort,escort,anagram,SPOUSE,0
114354,Very nice romp - and hard all the way,everyinch,every inch,anagram,SUGAR COAT,0
35559,Circus artiste's value is tumbling,acrobat,acrobat,anagram,TUMBLER,0
30371,Subsequently the French turned sideways,lateral,lateral,anagram,LATERAL,1
50444,Came clean: he'd worse troubles,showered,showered,anagram,SHOWERED,1
131864,Copies I need to revise at times,imitates,imitates,anagram,IMITATES,1
72199,Lime and cats affected plant,clematis,clematis,anagram,CAMELIAS,0
129321,"Making pie, I'd most bananas made best use of",optimised,optimised,anagram,OPTIMISED,1
138319,"Herb we eat with bliss, when cooked",sweetbasil,sweet basil,anagram,SWEET BASIL,1
40313,Food out East,eats,eats,anagram,SOBA,0
96041,"Short of time, they run about in stadia",greyhounds,greyhounds,anagram,STADIUMS,0
13152,Nearly caught involved in crime,larceny,larceny,anagram,TREASON,0
79168,Lady of ill report,porter,porter,anagram,SIRENS,0
73672,Footwear's the making of Sal,sandal,sandal,anagram,SANDAL,1
140260,Short-changed minor name in finance,rothschild,rothschild,anagram,UNDERVALUE,0
65634,Place for finding big hats and misshapen coats,ascot,ascot,anagram,ASCOT,1
130920,Registers failing to show separate A&E charges,indicts,indicts,anagram,IONISES,0
108131,Such a church can omit choral composition,romancatholic,roman catholic,anagram,ROMAN CATHOLIC,1
43206,Cheese is strong when expected,feta,feta,anagram,EDAM,0
54482,It's not normal to make dancing bear caper without money,aberrance,aberrance,anagram,ABERRANCE,1
52465,Snare ten squirming fish,entangle,entangle,anagram,TRAPNETS,0
53359,Free trade - comic sort of rule,democratic,democratic,anagram,DEMOCRATIC,1
46630,"Rationing being distributed, one cannot be seen in the dark",ignorant,ignorant,anagram,IGNORANT,1
109340,Catastrophic changes to a musical,calamitous,calamitous,anagram,CALAMITOUS,1
75905,"Brewer's lad, eg working as a flier",sedgewarbler,sedge warbler,anagram,SEDGE WARBLER,1
149,I held wrong capital,delhi,delhi,anagram,ISLAM,0
93972,"From barn, as horse led out, they steer",handlebars,handlebars,anagram,STEERABLES,0
67873,Old girl working as model,damosel,damosel,anagram,EXAMPLE,0
39078,Rap song and wild flower,snapdragon,snapdragon,anagram,SNAPDRAGON,1
117459,Club menu the AA had changed?,athenaeum,athenaeum,anagram,ATHENAEUM,1
109517,Spooner's municipal sewer prescribed for a lazy student,downtrain,down train,anagram,SLOW COACH,0
49343,Film awards back to front at the back,abaft,abaft,anagram,STERN,0
113229,Protect against wild speculation (odds off),inoculate,inoculate,anagram,INSULATED,0
84642,US city turning up in atlas,saintpaul,saint paul,anagram,SALT LAKE,0
115649,"I err, made drunk and getting more vague",dreamier,dreamier,anagram,DREAMIER,1
30440,Stable chap stole pickled cucumber in the end,ostler,ostler,anagram,OSTLER,1
98828,"Flighty young woman says: ""Father swallows bad apple""",flapper,flapper,anagram,SAPPIER,0
65753,"Conductor, oddly, became hot",beecham,beecham,anagram,MAESTRO,0
92841,"Its subject: in messy warfare, male lost",afarewelltoarms,a farewell to arms,anagram,A SOFTWARE OF MALE,0
128356,Sporty car's first one produced for islanders,cypriots,cypriots,anagram,CYPRIOTS,1
50740,Old navigator giving coiners trouble,ericson,ericson,anagram,CRONIES,0
129752,Here's the latest deplorably bad ratatouille!,readallaboutit,read all about it,anagram,READ ALL ABOUT IT,1
49672,Retired men need purpose to get up,rouse,rouse,anagram,ARISE,0
132726,"Cash substitute, if Kent got hit",gifttoken,gift token,anagram,BANK NOTES,0
12846,"Seasoned beef as ""Armpit Stew""",pastrami,pastrami,anagram,PASTRAMI,1
46135,In which train times are disrupted!,transit,transit,anagram,STATION,0
81650,"Novelist nicking lines from Moliere?, lazy hack!",emilezola,emile zola,anagram,SAKI PONY,0
6025,How the rise is transformed with this beastly carving!,whitehorse,white horse,anagram,WHITE HORSE,1
62463,Places of danger to sailors suffering with sore heels,leeshores,lee shores,anagram,SEA SHELLS,0
119150,I'm cold - I move home,domicil,domicil,anagram,DOMICILE,0
102285,Island for outcast in Copperbelt,corfu,corfu,anagram,LEPER,0
138037,"Arbitrary comment, I agree, is kind of average",geometricmean,geometric mean,anagram,ARBITRARY MEAN,0
103277,Part of Spain's rainy and scandal-wracked,canaryislands,canary islands,anagram,CANARY ISLANDS,1
84538,Heap makes a bushel,epha,epha,anagram,HEAP,0
83490,What's French and saucy incited Americans' glee,cremeanglaise,creme anglaise,anagram,CREME ANGLAISE,1
95692,Buses start running irregularly out of the centre,suburbs,suburbs,anagram,SUBURBS,1
10193,Payment for artist making a comeback,reward,reward,anagram,REWARD,1
65050,Animal put out by the ear,ratel,ratel,anagram,STEER,0
70515,Subverting enemy country,yemen,yemen,anagram,YEMEN,1
139377,"Fabric items, manufactured stuff for Germany",macrame,macrame,anagram,DAMASKS,0
39838,Hero Elsie had declared,elcid,el cid,anagram,LE OUI,0
121110,Tiddley explosive,lyddite,lyddite,anagram,BLASTED,0
11892,Realist to upset philosopher,aristotle,aristotle,anagram,ARISTOTLE,1
34412,Go after switching neon sign,noentry,no entry,anagram,NO ENTRY,1
91652,Drains designed to reach the lowest depths,nadirs,nadirs,anagram,NADIRS,1
35821,A bus broken down on the way is ridiculous,absurd,absurd,anagram,ABSURD,1
62753,"With a degree, true: his work is not polished",amateurish,amateurish,anagram,UNFINISHED,0
14704,French model Nicole stripped for casting?,clio,clio,anagram,MOLD,0
125198,Awkward to do then with precision,onthedot,on the dot,anagram,ON THE DOT,1
84706,Get lady confused with poet,lydgate,lydgate,anagram,SHELLEY,0
126022,Becoming attached to band after getting head turned,adhering,adhering,anagram,ADHERING,1
141355,Mars - a visit (ET) to be arranged?,vitiates,vitiates,anagram,SABOTAGE,0
67503,Engineer left broadcasting: one's unable to stick it,teflon,teflon,anagram,TEFLON,1
56720,A driven out intruder,invader,invader,anagram,INVADER,1
22400,The foreign fashion revealed by a singing John,elton,elton,anagram,MODAL,0
104651,Silly gag about Wossy's comeback - he started it!,aggressor,aggressor,anagram,GAYSSOWAG,0
9830,Insect biting back inside cave,beware,beware,anagram,MIDGE,0
60795,Plant fruit trees here? One for middle of park,orchid,orchid,anagram,ORCHID,1
17555,A band from the capital to boot,also,also,anagram,ALSO,1
106550,Does up building that's not authentic,pseudo,pseudo,anagram,PSEUDO,1
87740,Prejudice runs riot - body of law needed,jurisprudence,jurisprudence,anagram,JURISPRUDENCE,1
70853,Dubious heirs to Switzerland's treasure,cherish,cherish,anagram,CHERISH,1
79084,"When free, retire to a place abroad",eritrea,eritrea,anagram,LIBERIA,0
43852,Creating anger over maximum flight distance,range,range,anagram,RANGE,1
122957,Sex in Esquire's spread needs …,requisites,requisites,anagram,EXIGENCIES,0
82689,"One sport he worked on, nearing defeat",ontheropes,on the ropes,anagram,ON THE ROPES,1
103051,Unusually precise about line for title role,pericles,pericles,anagram,PRINCELY,0
25878,"Time saved by unscrambling of a Gemini crossword, primarily cryptic",enigmatic,enigmatic,anagram,ENIGMATIC,1
3245,Region sadly showing neglect,ignore,ignore,anagram,IGNORE,1
90521,Charley's Aunt erotic? Take a walk!,saunter,saunter,anagram,SAUNTER,1
3898,Clients designed template,stencil,stencil,anagram,STENCIL,1
30668,"It's poisonous, thanks to natural mutation",tarantula,tarantula,anagram,TARANTULA,1
80064,Even up things with rate distribution,straighten,straighten,anagram,SQUARED OFF,0
93872,"""Music"", which is derived from the bloody Muse",moodyblues,moody blues,anagram,BLOOD MUSIC,0
98507,Wild cat's feline creature for hiding in tree,leafinsect,leaf insect,anagram,CATALPA TREE,0
123133,"Once unit has regrouped, carry on",continue,continue,anagram,CONTINUE,1
52613,Roads meet in confusion round the North; they can improve things,emendators,emendators,anagram,MODERNATES,0
65739,Goodly beer right for knocking back,large,large,anagram,REGAL,0
48304,"To prepare, he corrected with eraser",rehearse,rehearse,anagram,REHEARSE,1
139034,"Circling island, misplaces cultivated field",specialism,specialism,anagram,CORNFIELDS,0
121774,"Settlement of rent, once due needs to be met",encountered,encountered,anagram,ENCOUNTERED,1
116704,Green University don could become experienced,undergone,undergone,anagram,SEASONED,0
87084,Chairman's out to provide violent opposition to the government,anarchism,anarchism,anagram,REBELLION,0
32455,Ask to tear net in pieces,entreat,entreat,anagram,ENTREAT,1
111353,Draw mob and see wild mayhem,disembowel,disembowel,anagram,BOMBARDMEN,0
54819,Performance of coital nous in close contact,osculation,osculation,anagram,OSCULATION,1
108648,Fraudulent cutie fled in disarray,deceitful,deceitful,anagram,DECEITFUL,1
50432,Chicken causing a crowd disturbance,coward,coward,anagram,COWARD,1
5223,Ornate enamel apt for sign,nameplate,nameplate,anagram,ELABORATE,0
121050,"Compiler's not right, unsound - controversial debate?",polemics,polemics,anagram,CONTROVER,0
26153,Criminal gets Gill confused with ale,illegal,illegal,anagram,ALLEGED,0
108393,"Wide path, a mere folly, that has its highs and lows",weathermap,weather map,anagram,SINE WAVE,0
120878,Massive thing lit a haven development,leviathan,leviathan,anagram,LITHOGRAPH,0
102003,Living with old Medici reproduction,domiciled,domiciled,anagram,MODERNISM,0
99236,They take risks travelling outside end of slope,skiers,skiers,anagram,SKIERS,1
47882,Villainous relative slain - clues available,unclesilas,uncle silas,anagram,PLAIN SALES,0
62044,Tape larks when camouflaged,lapstrake,lapstrake,anagram,PRANKSTER,0
102422,Upset at dense part of London,eastend,east end,anagram,EAST END,1
49333,Schematic representation of articles of faith,catechism,catechism,anagram,DIAGRAMS,0
52444,Equipment to slice nice ham,machine,machine,anagram,MACHINE,1
128189,"Napier's figures almost right, not entirely wrong",logarithms,logarithms,anagram,LOGARITHMS,1
107670,Had Belgians (or Bengalis) turned out Asian?,bangladeshi,bangladeshi,anagram,BANGLADESHI,1
24203,"Romantic songs in silly riddle, after point for daughter",lieder,lieder,anagram,LIEDER,1
86852,Kept touring Dorset,stored,stored,anagram,STORED,1
115801,Sex hormone replaced on gander,androgen,androgen,anagram,ANDROGEN,1
110695,Ref rants about changeover,transfer,transfer,anagram,TRANSFER,1
673,Lofty range of latest shifts,falsetto,falsetto,anagram,HIMALAYA,0
93595,Reformed Chapel anthems used to promote the virtues of water,cheltenhamspa,cheltenham spa,anagram,HEALTHY SPA,0
79404,"On North by Northwest, upset over one late director",winner,winner,anagram,RECTOR,0
27966,False plea men put to a jury,empanel,empanel,anagram,EMPALEA,0
38945,Lead present in unusual spell of rain - it's blissful,nirvana,nirvana,anagram,ELATION,0
141701,"Dearie me, I'm so disorganised - reminders needed!",aidesmemoire,aides memoire,anagram,DAILY REMIND,0
100936,Uncultivated to blow off with loud noise,lowbrow,lowbrow,anagram,BLOWOFF,0
46130,These islands provide a free love style,faeroe,faeroe,anagram,SASHES,0
138522,Making changes in device isn't encouraged,incentivised,incentivised,anagram,MODIFICATION,0
127798,Shank used to position these,skeandhus,skean dhus,anagram,TABLE LEGS,0
44503,Opening vocal variation to Elgar's first,alcove,alcove,anagram,CLOACA,0
8008,"Tool isn't blue, not black variety",utensil,utensil,anagram,VARIANT,0
45931,Screen has crimson centre and unusual rose edging,reredos,reredos,anagram,MONITOR,0
104466,"Aggressive libels come out, millions being lost",bellicose,bellicose,anagram,BELLICOSE,1
64543,It currently controls rose that is rambling,rheostat,rheostat,anagram,RHEOSTAT,1
69633,Islands getting many account transfers,cayman,cayman,anagram,CAYMAN,1
60170,Free terrorists snap title up,emancipate,emancipate,anagram,EMANCIPATE,1
134236,"Mopes about, exiting Olympic Games racked with muscle pain",myalgic,myalgic,anagram,MYALGIA,0
78829,It's sweet of Republicans to keep banging drum,gumdrop,gumdrop,anagram,SORBETS,0
42633,Tries an awful wine,retsina,retsina,anagram,SAMPLED,0
26693,Push out bowel movement,elbow,elbow,anagram,EXPEL,0
43802,Responding to a phone call about disturbing news,answering,answering,anagram,ANSWERING,1
33631,Find short Arthur Dent's stripped off,unearth,unearth,anagram,DISCERN,0
117531,"Fountain tee shot smashed, in the President's words",stateoftheunion,state of the union,anagram,STATE OF THE UNION,1
141773,Plots involve danger close to Paris,gardens,gardens,anagram,GARDENS,1
69673,Mixture of feta and rice served by a restaurant,cafeteria,cafeteria,anagram,CAFETERIA,1
55791,Body cover for unexpected demise - RIP,epidermis,epidermis,anagram,EPIDERMIS,1
63844,How soon will women combine with unity? An enigma,anyminutenow,any minute now,anagram,THE SHEER ONE,0
49933,"Tempestuous character - one found in Lear, perhaps",ariel,ariel,anagram,ARIEL,1
20188,Freedom encourages my aunt to keep ducks,autonomy,autonomy,anagram,AUTONOMY,1
21975,Disturb please - on the contrary for kipper's state!,asleep,asleep,anagram,ASLEEP,1
46570,Treasure article lost coming from the news agency,reuters,reuters,anagram,REUTERS,1
133340,Lack of zip in cold ENE winds,indolence,indolence,anagram,INERTNESS,0
69861,"Revival of ""Cats"" includes nothing that's by Puccini",tosca,tosca,anagram,TOSCA,1
82148,"As a kebab, after weeks rotten and bloody",skewered,skewered,anagram,WRETCHED,0
116070,Tenor in drunken choir fought for fort? Not in such a dialect,rhotic,rhotic,anagram,RHOTIC,1
67109,Nice foreign recipes,precise,precise,anagram,PRECISE,1
54894,Mutant rook made a child's pet,tantrum,tantrum,anagram,CHIMERA,0
95588,Row developing in court,ruction,ruction,anagram,NOCTURN,0
72105,Fire at mate? Trouble in due course,afteratime,after a time,anagram,CLOSE AT HAND,0
126223,Italian cathedrals arouse odium,duomi,duomi,anagram,DUOMI,1
120225,What sweat will do via pores in transformation,vaporise,vaporise,anagram,EVAPORATE,0
129333,Questioning of Socrates most common,coarsest,coarsest,anagram,SOCRATIC,0
81381,Lives in des res I converted,resides,resides,anagram,RESIDES,1
44415,"Cross waves in secret to defect, ultimately",intersect,intersect,anagram,TRAVERSED,0
25616,Pat his arm in error,irishman,irishman,anagram,PHANTASM,0
69862,Operatic heroine cast down about love?,tosca,tosca,anagram,DIDO,0
140576,A Hebrew pronunciation of 'Hankies out all over Arizona',ashkenazi,ashkenazi,anagram,SOPHISTIC,0
96257,Auntie Deb's silly gas,butadiene,butadiene,anagram,BUTADIENE,1
33088,Order posted by tyrant,despot,despot,anagram,DESPOT,1
97433,Drivers of the stage knocked out Comanche,coachmen,coachmen,anagram,COACHMEN,1
133861,Doctor healing great ills,allergist,allergist,anagram,ALLERGIST,1
134156,Main distance from actual line I'm dancing,nauticalmile,nautical mile,anagram,SHIPPING LANE,0
36272,"With backing, shoots in the foot - typical!",serif,serif,anagram,MODEL,0
100331,Liner fan may be damned,infernal,infernal,anagram,STEAMING,0
139257,Laymen deceived shabbily,meanly,meanly,anagram,MISLED,0
102796,Cities laid out in a way that's impractical,idealistic,idealistic,anagram,ASYMMETRIC,0
136713,Thatcherite maybe stirring up a rebellion,neoliberal,neoliberal,anagram,INSURGENCY,0
102844,"Cleo, a girl, becomes symbolic",allegoric,allegoric,anagram,ALLEGORIC,1
14120,Ludicrous car tax - this hanging round your neck?,cravat,cravat,anagram,CRAVAT,1
137929,Greek characters retire operating system,unix,unix,anagram,UNIX,1
106799,Almost reverse Jewish experiences,times,times,anagram,LIVES,0
17732,Sergeant out to part friends,estrange,estrange,anagram,STRANGER,0
114936,"A colonic ailment less constant, requiring treatment that's soothing",calaminelotion,calamine lotion,anagram,SEDATIVE LOTION,0
78676,True-to-life articles I reviewed,realistic,realistic,anagram,REALISTIC,1
78827,"Fearful and upset, I therefore shut up",ogreish,ogreish,anagram,SIDERAL,0
110158,Possibly the bed's a place of healing,bethesda,bethesda,anagram,HOSPITAL,0
62945,Non-alcoholic drink brewed in East,tisane,tisane,anagram,NECTAR,0
19273,"Dead? Yes, possibly, and near to tears",sadeyed,sad eyed,anagram,EYE WASH,0
52394,"Rash of the skin, not initially red",epidemic,epidemic,anagram,EPIDEMIC,1
15686,"Worn thin perhaps, so it's included free",thrownin,thrown in,anagram,THREADED,0
100630,Eisteddfod venue organised on legal lines by knight,llangollen,llangollen,anagram,SKELLIGS,0
99315,The nicest society can show irritability,tetchiness,tetchiness,anagram,TETCHINESS,1
133893,Plant turning out eg lasers,eelgrass,eelgrass,anagram,GERBERAS,0
75890,"Flower show out of place, shortage of air about",poinsettia,poinsettia,anagram,SNAPDRAGON,0
94991,Mr North struggling in the grip of deranged genius,mastermind,mastermind,anagram,CONTENDING,0
51953,Missile destroyed depot storing gold,torpedo,torpedo,anagram,TORPEDO,1
49637,Itinerant itinerants lose one itinerant,transient,transient,anagram,VAGABONDS,0
14011,"Volunteers of yore, with many suffering",yeomanry,yeomanry,anagram,OFFERING,0
130357,Liqueur I found in Bermuda all over the place,drambuie,drambuie,anagram,AMBUIRED,0
23935,Disposition of uncle to have a fling,flounce,flounce,anagram,TENDENCY,0
61077,Watches Rose dancing - horrors!,eyesores,eyesores,anagram,HORRORS,0
26259,Old soldier - there could be a few neater characters,veteran,veteran,anagram,VETERAN,1
48223,Is one picky as Patton?,optant,optant,anagram,PICKY,0
117164,Where Hamlet slept with no alternative in Somerset?,sheptonmallet,shepton mallet,anagram,ELSINORE CASTLE,0
137679,Comfortable about weaponry,guns,guns,anagram,EASY,0
60986,Haiti cops dressed in pale green,pistachio,pistachio,anagram,HYACINTH,0
15774,"Sea creature - as usual, it changed after new start",nautilus,nautilus,anagram,ANEMONES,0
87622,Shipwreck leading to an oil discharge on a Caribbean island,hispaniola,hispaniola,anagram,FOUNDERING,0
79494,Criterion for replacing dirty cask,yardstick,yardstick,anagram,YARDSTICK,1
121817,Pole dancing with sex? Four charged,explosive,explosive,anagram,EXPENSIVE,0
36557,Need spin for PM,eden,eden,anagram,EDEN,1
77650,Nice walk I'd arranged on unknown Roman road,icknieldway,icknield way,anagram,WATLING WAY,0
86637,Arab playing with Brian's rugby team,barbarians,barbarians,anagram,SIDI-BRIAN,0
106805,A badger in lift touring hot country,ghana,ghana,anagram,INDIA,0
92441,What setters get from trying to make clues right?,ulcers,ulcers,anagram,PROOFS,0
138719,"Records, say, see Arsenal dribbling around D",calendars,calendars,anagram,CALENDARS,1
5549,"Tricky maths, introduction to algebra, bringing complaint",asthma,asthma,anagram,ASTHMA,1
123428,Clarify dodgy clue that's holding a little back,elucidate,elucidate,anagram,ELUCIDATE,1
86468,Time allowed for preparation once varied with it,notice,notice,anagram,NOTICE,1
115754,Called back to growl,gnar,gnar,anagram,GNAR,1
12074,Low gear involved finding place to leave a boat,moorage,moorage,anagram,DOCKING,0
3137,Like compilers noticing anagrams with cry of surprise,incognito,incognito,anagram,COGNITION,0
134973,Buoys let loose without much reason,obtusely,obtusely,anagram,ABSOLUTE,0
110124,"Play golf with Olympian, getting thrashed",pygmalion,pygmalion,anagram,PLASTERED,0
104626,This man's Merlot perhaps lacking body? On the contrary,edwin,edwin,anagram,SAPPY,0
25674,About ten engineers turned to go in,enter,enter,anagram,TENON,0
127545,"Everything we hear is ideal, but endlessly complicated",audible,audible,anagram,IDEALLY,0
3130,In small boat travelling into unknown,incognito,incognito,anagram,INCOGNITO,1
128724,Stir miso soup faster,piumosso,piu mosso,anagram,MIX UP SOS,0
96069,"Nancy takes ego trip, which is lethal",cyanogen,cyanogen,anagram,POTERING,0
19936,"Despite what's been said, a rat fell out",afterall,after all,anagram,AFTER ALL,1
141399,South-east Asian fellow's upset young Arab?,foal,foal,anagram,SIAM,0
42097,Terminal heart trouble,earth,earth,anagram,DEATH,0
121507,Drama student may be fast to embrace translated Greats,stagestruck,stage struck,anagram,STAGE STRUCK,1
108234,A bird could be harmful if headless,fulmar,fulmar,anagram,CANARY,0
821,"Unfortunately, dieter's eaten last of gateau, it's learned",erudite,erudite,anagram,ERUDITE,1
43990,"Dancing girl lay behind house, the object of desire",holygrail,holy grail,anagram,HOLY GRAIL,1
25838,First set off Bob to list Answer's Blowin' In The Wind,oboist,oboist,anagram,BREEZE,0
61995,Dame Edna's initial career as terrible mother,medea,medea,anagram,DREAR,0
104834,"In need of a life, you seize broadcast of old Jewish party",sadducees,sadducees,anagram,ZIONISTS,0
23817,Oscar set puzzle for philosopher,socrates,socrates,anagram,SPINOZA,0
95416,Sceptic acting so badly,agnostic,agnostic,anagram,AGNOSTIC,1
26094,Resentful god overthrown,sore,sore,anagram,SORE,1
112102,Shaken Queen restrains one of the horses,equine,equine,anagram,EQUINE,1
71575,Pasta recipe created for tyrant,satrap,satrap,anagram,DESPOT,0
111209,"At first, Megan upset Harry, throwing away a gift of perfume",myrrh,myrrh,anagram,MYRRH,1
90226,"Exhibition of Spode's ""Troy"" ersatz vessels",destroyers,destroyers,anagram,DEPOSITARY,0
73763,Quiet sort of arboreal animal,polarbear,polar bear,anagram,SLOW LORIS,0
88457,"Doctor is apt, going round part of hospital, to see them?",patients,patients,anagram,ADAPTORS,0
6748,Status of small container set out,caste,caste,anagram,STATE,0
103030,Car and lorry close after crash,rollsroyce,rolls royce,anagram,TOTAL LOSS,0
57288,Writhe on crumbling doorstep,threshold,threshold,anagram,THRESHOLD,1
11699,MP teased about mad rush,stampede,stampede,anagram,STAMPEDE,1
37457,"Change for a quid at the ""Flag"" from drinks",daiquiris,daiquiris,anagram,COCKTAILS,0
4643,Head of oldest and most outlandish prehistoric beast,mastodon,mastodon,anagram,MASTODON,1
100484,Nags drunken tinker for no good reason,needlessly,needlessly,anagram,GRATUITOUS,0
138072,English run grim economy badly: things'll get ugly!,nomoremrniceguy,no more mr nice guy,anagram,GO FROM BAD TO WORSE,0
