Index,Clue,Solution,Spaced_Solution,gemma_predicted,gpt_solved_answer
135430,"Achy shaking stopped by iodine, salt and kaolin",chinaclay,china clay,assemblage,SALT LAKE,0
93485,Paid the bail for a sound woman,freda,freda,assemblage,PAID,0
14535,Turns up in chilly surroundings yet well received,popular,popular,assemblage,WELCOME,0
126864,Foreign currency racket completely disheartened auditor,dinar,dinar,assemblage,RUBLE,0
49144,Improved a carving with direction,cameon,came on,assemblage,CUT TO,0
33191,"s ""a hairy man"", speaking in child's play",seesaw,seesaw,assemblage,SPOOKY,0
65864,"Message left in note, eg ""Castle in the morning""",telegram,telegram,assemblage,MESSAGE,0
7713,"Horny beast imagined finding garment ripped, models having fled",unicorn,unicorn,assemblage,BEASTS,0
65892,Sword giving enemy cut to one leg,foil,foil,assemblage,EDGE,0
88123,Poet's round - very one just cited,ovid,ovid,assemblage,ODE,0
102698,On which the unemployed needed drink or warm brew before church,jarrowmarch,jarrow march,assemblage,SUNDAY ROAST,0
140405,Australian birds scrub duds,brushturkeys,brush turkeys,assemblage,EMUS SCRUB,0
109857,Number of copies produced of picture for all to see in the navy,printrun,print run,assemblage,PHOTO OP,0
56259,Dubious moment to go topless,iffy,iffy,assemblage,MOMENT,0
78909,Uncommon pronoun,royalwe,royal we,assemblage,THEM TO,0
117476,What's worn by Amazons as custodians?,wardresses,wardresses,assemblage,ARMOURING,0
111029,Tries hard with a cereal,hasago,has a go,assemblage,TRYING TO,0
14041,Injure a black beetle,scarab,scarab,assemblage,INJURE,0
71248,Cabinet minister provides rally in disaster,lordprivyseal,lord privy seal,assemblage,MINISTER,0
82116,One way to get team something in a pie,mincemeat,mincemeat,assemblage,TEAM PLAYER,0
62747,Oddball wants to perform on dam,weirdo,weirdo,assemblage,MADAM,0
88285,Grow increasingly furious with puzzle,bewilder,bewilder,assemblage,GROWING,0
120504,Expression of surprise at topless Winnie,ooh,ooh,assemblage,WOO,0
131856,Band crew/outfit leaders on road - useful for light adjustment,sashcord,sash cord,assemblage,HEAD LIGHT,0
51680,Top man secures first place for author,kipling,kipling,assemblage,AUTHOR,0
36053,Turkish leader about to conclude the business,agenda,agenda,assemblage,BUSINESS,0
15514,Star surprisingly is over a year missing,astray,astray,assemblage,ASTERS,0
24258,"Irritates spaniel's head, which is uncalled for",needless,needless,assemblage,IRRITATES,0
30742,I take five outside to do test again,resit,resit,assemblage,RETEST,0
139806,Midsummer Day ends with a group of sailors,rya,rya,assemblage,DAY,0
87240,"Place order, getting from pick-up to destination, showing self-possession",aplomb,aplomb,assemblage,COMPOS,0
56653,Scrap a piece of classical music,raga,raga,assemblage,CANT,0
112535,Novel with first part abbreviated: unruly mob around me aren't consistent,mmebovary,mme bovary,assemblage,LOOSE CANNON,0
9639,Continue to strike a man,ramon,ramon,assemblage,STORM,0
99593,"Part of Tennessee Williams' last ""hip"" production: morose, electrifying Marlon initially in the lead",memphis,memphis,assemblage,MOROSE,0
7013,Tension disturbed rest on ship,stress,stress,assemblage,STRESS,1
107759,"Utters a dictum, so there's nothing missed",says,says,assemblage,SAYS,1
81319,Primate with cross in position of eminence,apex,apex,assemblage,ORANG,0
112041,Chap sadly back around houses in Spanish city,salamanca,salamanca,assemblage,CHAPEL,0
62445,"Set well back, marsh east of Senegalese capital",stiffen,stiffen,assemblage,DAKAR,0
11241,Drink without a container sent back source of milk,coconut,coconut,assemblage,LATTEES,0
105358,"Writer in a hurry to do so, too",rushdie,rushdie,assemblage,AUTHOR,0
119085,"Residence in block, a squat",bungalow,bungalow,assemblage,APARTMENT,0
79884,No laughs disrupted Evert's closing attack,onslaught,onslaught,assemblage,OVERLAPS,0
136017,Disciples are against books by stars,votaries,votaries,assemblage,APOSTLES,0
97645,A politician's current measure,amps,amps,assemblage,AMP,0
49653,Society follows better customs,mores,mores,assemblage,SOCIETY,0
68452,Turn and hide glass,windscreen,windscreen,assemblage,SPECTACLE,0
110387,Briefly contemplate a chop reserved for Spaniard's meal,gazpacho,gazpacho,assemblage,TACOS,0
3418,A buddy rejects sport for which he's not paid,amateur,amateur,assemblage,AMATEUR,1
76110,Virgil's lines against leaving heaven during tide change,theaeneid,the aeneid,assemblage,DIVINE COMEDY,0
12579,Benefit favouring the healthy,profit,profit,assemblage,BENEFIT,0
53052,Fish ate weed,haddock,haddock,assemblage,TROUT,0
6637,One vintage port that's perfect,ideal,ideal,assemblage,VINTAGE,0
75375,Parliament success: what about Mr Coe? Negative,naseby,naseby,assemblage,COEFFICIENT,0
101963,Where to hole a vessel among the fleet,amidships,amidships,assemblage,HARBOR,0
137716,Fiddle with French car that's dropping back,fraud,fraud,assemblage,FERRARI,0
136954,One hesitates to revive English leader after knockout,anaesthetise,anaesthetise,assemblage,DISAPPOINTMENT,0
14556,The bicycle provided for coppers at one time,pennyfarthing,penny farthing,assemblage,POLICE BICYCLE,0
78921,Poem about Ulysses essentially at end of Troy,odyssey,odyssey,assemblage,EPIC,0
46124,Backward country's government relinquished control,rein,rein,assemblage,CUBA,0
18147,Cautionary cry in Somerset,watchet,watchet,assemblage,WARNING,0
83781,Lack of control in a Hackney report,ataxy,ataxy,assemblage,CHAOS,0
135550,"Ruin what you do, separating messily in NYC",insolvency,insolvency,assemblage,DESTROYING,0
89259,"Better old city parking, as on board?",surpass,surpass,assemblage,CARTER,0
131774,How one may make progress on one's feet,insteps,insteps,assemblage,ADVANCE,0
118699,"Awake, went out rejuvenated",updated,updated,assemblage,AWAKEN,0
49154,Give up because of one's self-image?,forego,forego,assemblage,IMAGE,0
33759,Bishop has to dismiss rising resistance to church,exarch,exarch,assemblage,BISHOP,0
88824,Unpleasant period having fibre to eat,roughage,roughage,assemblage,DISCOMFORT,0
36873,One may have a fair throw at it,coconutshy,coconut shy,assemblage,FAIR GAME,0
136427,They're not static water towers,tugboats,tugboats,assemblage,DYNAMIC,0
20590,"Very strict cook, marginally improved",rigid,rigid,assemblage,STERN,0
27022,"Silver and jade, like Yeatsian midnight",aglimmer,aglimmer,assemblage,SILVERED,0
68631,Ascetic almost spoiled food,yoghurt,yoghurt,assemblage,ASCETIC,0
52780,A despatch note?,deathwarrant,death warrant,assemblage,MAIL SHOT,0
113746,Influence of Tory boor,clout,clout,assemblage,TROPE,0
97348,"If that's really the hat you want, I'm not stopping you",onyourheadbeit,on your head be it,assemblage,HAT'S OFF TO,0
103047,Firm recalled watchmaker at noon for special event,occasion,occasion,assemblage,AFTERNOON,0
130037,Agency worker almost the last word in saucy humour,temperament,temperament,assemblage,AGENCY WORKER,0
58815,Sexy bottom? It might encourage rapid but unwelcome developments,hotbed,hotbed,assemblage,TUMORS,0
120027,Off day? That is criminal,baddie,baddie,assemblage,OFFEND,0
131905,"God, who's flipping cut grass that's already been cut and dried?",yahweh,yahweh,assemblage,GODDED,0
8075,Dog mounting sheep,mutton,mutton,assemblage,BASSET,0
90907,What the publican calls late on many occasions,timeaftertime,time after time,assemblage,LAST ORDERS,0
92289,They watch as three points can go to Golf driver,sentinels,sentinels,assemblage,SPECTATOR,0
27833,Finish urge - that woman will,eggshell,eggshell,assemblage,COMPLETION,0
87664,"Gather together in the morning, when heading to school",amass,amass,assemblage,ASSEMBLE,0
136259,Current tests pushed back repressive force,stasi,stasi,assemblage,POWER,0
45328,Judge a royal nipper,arbiter,arbiter,assemblage,CRITIC,0
134097,Best of United's wingers running round Hearts scorer?,georgegershwin,george gershwin,assemblage,BEST PLAYER,0
97538,"Came across a sailor, oddly skin and bones",metatarsi,metatarsi,assemblage,EMACIATED,0
119876,Official order to blockade islands when there's a disturbance,incident,incident,assemblage,MORATORIUM,0
102393,Distress with endless problems one day before,aggrieve,aggrieve,assemblage,ANXIETY,0
110550,Display unit of wine and spirits,reddevils,red devils,assemblage,BARREL AGE,0
114055,Boatman in youth given order to vacate land,navalcadet,naval cadet,assemblage,YOUNG MAN,0
94794,Nothing to bone of bones,osteal,osteal,assemblage,NOBODY,0
12544,One gets up flowers,irises,irises,assemblage,ROSE UP,0
28275,Prepare for scan on the Fourth of July,ready,ready,assemblage,READY,1
64787,"Apart from Spanish white wine, mostly French white wine",barsac,barsac,assemblage,ALTERNAT,0
78750,Paid pounds for something at auction,gavel,gavel,assemblage,PAID,0
45235,Gamble a great deal on a patched-up tyre,lottery,lottery,assemblage,WAGERED,0
80812,One's inclined to strike with Popular Front,ramp,ramp,assemblage,LEFT,0
328,Smooth limb at end of torso,legato,legato,assemblage,SMOOTH,0
101752,"Restricted middle section used to be soft, then it was revised",waspwaist,wasp waist,assemblage,HARD COPY,0
132261,Contract gamble upset live broadcaster?,beeb,beeb,assemblage,LIVE,0
17691,Like to take one to a region where Jesus was born,asia,asia,assemblage,BETH,0
133184,Excite poorly-fed bird first,titillate,titillate,assemblage,EXCITEMENT,0
86199,Alumnus sitting with Scarface is haunted,obsessional,obsessional,assemblage,ALUMNI,0
12053,"Listener's home, the grave?",earnest,earnest,assemblage,HEARTH,0
132191,"When pressed, manages passes",getsby,gets by,assemblage,RUNS,0
120780,"Shows insubordination, giving support to negotiations",talksback,talks back,assemblage,SHOW OF HANDS,0
25985,One bombardier gets in before another,encore,encore,assemblage,STOKER,0
87722,Writer improperly abridged,amis,amis,assemblage,EDIT,0
19647,Old empress giving away last instrument,ocarina,ocarina,assemblage,PIANIST,0
95875,President exchanges vote for new fabric,ninon,ninon,assemblage,TWEED,0
102140,"Floater, one joining church to criticise",icepan,ice pan,assemblage,TOP DOG,0
103076,Function applied to cube with no fixed date,sinedie,sine die,assemblage,SET DATE,0
13659,Wanted revolutionary to support sideshow,desired,desired,assemblage,DEMAND,0
43509,Herod's son to gain entree to Rome ?,antipasto,antipasto,assemblage,ANTIPATER,0
123013,"Lawless one meeting end in electric chair, perhaps",anarchic,anarchic,assemblage,ANARCHY,0
83431,Odd people in error in Eden,originalsin,original sin,assemblage,STRANGE LAND,0
54257,"Squeeze round corners, leaning heads skywards in ravine",gulch,gulch,assemblage,GROVE,0
33788,I follow through with spirit,peri,peri,assemblage,SPIR,0
121561,"After head start, wind up on winners' tail: put your shirt on them?",hangers,hangers,assemblage,BETTING,0
89373,Quarrel can get personal in place like Harrogate,spatown,spa town,assemblage,ROWING,0
61851,Astonished by one-way fold,awestruck,awestruck,assemblage,ASTOUND,0
70788,"Mammals (the last shall be first), named like Washington, say",eponymous,eponymous,assemblage,WALRUSES,0
88354,"Former eastern country, catching bug, going west with eastern dressing",mayonnaise,mayonnaise,assemblage,EX-COUNTRY,0
42965,Emitting light from silver base,aglow,aglow,assemblage,GLINT,0
116963,"Taking public transport back to worker after ten, he pays part of lease",subtenant,subtenant,assemblage,LESSEE,0
87505,"Argument tense, blowing top",tiff,tiff,assemblage,TILT,0
68732,Prompt service for TV presenters,idiotboard,idiot board,assemblage,AFTER SHOW,0
260,Provincial half of army behind endless abuse,insular,insular,assemblage,REGION,0
71142,Poet having gone short of books,abse,abse,assemblage,BARD,0
104224,Numbers of a nonstarter,nono,no no,assemblage,NO GO,0
69095,Blue wine is a washout,sadsack,sad sack,assemblage,BAD WINE,0
20326,A daughter in French port finally off? Not so fast!,andante,andante,assemblage,SPEEDY,0
47811,Artists apply to less than saintly monk,rasputin,rasputin,assemblage,APPLYING,0
85426,Mechanism for turning right in an agitated state,lather,lather,assemblage,GIMLET,0
107684,Composer's scornful work not given run,satie,satie,assemblage,CANT,0
139214,Over the moon here to have secret room,deepspace,deep space,assemblage,LOFT ROOM,0
83334,"Crude, Puck? Not at first, with well-connected people",oilmen,oilmen,assemblage,CRONIES,0
140963,Actor with sheet sings from the bottom,filmstar,film star,assemblage,SING SONG,0
99777,The work yet to come from PL for truly harmon-ious movement,poetryinmotion,poetry in motion,assemblage,FUTURE OF,0
111745,"Dead popular thought, disposing of male!",insentient,insentient,assemblage,DEADMALE,0
83741,"Sailor, soldier and girl join in dance",tarantella,tarantella,assemblage,SOLDIERS,0
35240,Hair and metallic mineral stink,furore,furore,assemblage,HAIRY,0
77728,"Superior selection of wines, we hear, which has sold a lot",bestseller,bestseller,assemblage,SUPERIOR,0
14218,Circulator to bear losing head,eddy,eddy,assemblage,BEAR,0
20346,"First letter is open, perhaps letter from abroad",epsilon,epsilon,assemblage,ABROAD,0
44148,Bridge team that's in switched-off state - it can't last,transience,transience,assemblage,BRIDGE,0
115544,Gym instruction by top man in place of games once,peking,peking,assemblage,COACH,0
91339,More than is required for six deliveries?,overcapacity,overcapacity,assemblage,OVERKILL,0
35103,United supporters come back in a mess,snafu,snafu,assemblage,MESSY,0
79676,Make use of the quality of diamonds - without diamonds,harness,harness,assemblage,USAGE,0
116745,Hit I have in a regular series,successive,successive,assemblage,HITLIST,0
42522,Insects delightful? Not one - that's right!,licence,licence,assemblage,INSECT,0
131796,Mate rounded Cape unnoticed,hubby,hubby,assemblage,MATEY,0
62123,Indian sage that's been topped and crushed by child's mother,mahatma,mahatma,assemblage,MOTHER,0
10169,Nation in plan to lose weight,india,india,assemblage,CHILE,0
110915,Lady golfer embraces feminist model in smart dress,whitetie,white tie,assemblage,LADY IN,0
33803,Tot's taking mother across river,dram,dram,assemblage,MUMS,0
9566,Volunteers to return sombre tunic,tabard,tabard,assemblage,CLOAKS,0
104675,Graphic artist uses wire and string,signwriter,signwriter,assemblage,WIRELESS,0
2174,Herb in paper covering's behind the salt,tarragon,tarragon,assemblage,PAPRIKA,0
90362,Article comes together for Guardian messengers?,angels,angels,assemblage,ARTIST,0
83569,Thin binding weed - it's what's observed on road,speedlimit,speed limit,assemblage,BINDING,0
121660,"Sweet where OAP is in EastEnders, perhaps?",afters,afters,assemblage,CANDY,0
91077,Dress up a day in advance for lover,girlfriend,girlfriend,assemblage,DRESSING,0
12080,Lie concerning strength of character,fibre,fibre,assemblage,STEEL,0
121128,Scruffy label on scruffy item of clothing,ragtag,ragtag,assemblage,RAGGED,0
120450,Priest's crime taking time in a clerical residence,parsonage,parsonage,assemblage,SACRILEGE,0
102609,"Suffering different elements, primarily hail",hellothere,hello there,assemblage,NATURAL,0
91484,Composer left a little bit of nonsense,fallal,fallal,assemblage,BLOOM,0
21197,About to experience the finale of William Tell,inform,inform,assemblage,AROUND,0
15736,"Opening for a salesman turned up, true to form",aperture,aperture,assemblage,RELIABLE,0
25655,"Enter Dotty, with bird's dance movement",entrechat,entrechat,assemblage,TRODDEN,0
142265,Cry out for the old record format,yelp,yelp,assemblage,DISC,0
56118,"Petit dejeuner, one tucked away by worker in a bad mood?",croissant,croissant,assemblage,MOODINESS,0
132272,"After a drink, German enthusiast gets a biscuit",gingernut,ginger nut,assemblage,GINGER NUT,1
15122,Drink for each returning academic,pernod,pernod,assemblage,CIDER,0
9582,Top-class detectives initially left in clear,lucid,lucid,assemblage,CLEAR,0
46160,Primitive sailor of marked individuality,aboriginal,aboriginal,assemblage,SEAFARER,0
116989,Parent with fruit,papaw,papaw,assemblage,APPLE,0
58349,Travel through East End district with offensive weapon,crossbow,crossbow,assemblage,SWORDSMAN,0
102947,Bones in the head all turned to point,patellae,patellae,assemblage,DOLLOPS,0
82828,Mark Antony's extreme spirit,brandy,brandy,assemblage,RUMOUR,0
133038,"Go for somewhere in Scotland, as Dickens character",pickwick,pickwick,assemblage,OLIVER,0
24289,Penny has beer and pasty,pale,pale,assemblage,PINT,0
2119,Is young Blair a supporter? Insert number in Irish Sea,isleofman,isle of man,assemblage,KID ON,0
31193,Prince not turning up for dance,charleston,charleston,assemblage,PRINCELESS,0
130810,Joint drinks parties,kneesups,knees ups,assemblage,PUB CRAWL,0
123507,Cats finally sounding happy? That's encouraging,spurring,spurring,assemblage,CATSOUND,0
64343,Clothing society suffering legal action,shellsuit,shell suit,assemblage,CLOTHES SUIT,0
129802,Hawk seizing tail of mynah bird,chough,chough,assemblage,HAWKEYE,0
80173,Returns to digs for economy's sake,retrenches,retrenches,assemblage,COST CUTTING,0
17188,Snooker player breaks with end of cue,white,white,assemblage,RONNIE,0
123957,We murmur a short reply,humans,humans,assemblage,MURMUR,0
84810,"Taffy's home - right, left and roundabout",landofmyfathers,land of my fathers,assemblage,CARDIFF'S,0
46118,Racket's centre starts to buckle under bombardment,hubbub,hubbub,assemblage,RACKET,0
100731,Close to last time food warnings ensue,threats,threats,assemblage,CLOSEST,0
53604,Dramatic confidence?,stagewhisper,stage whisper,assemblage,STAGE FRIGHT,0
137650,Model receiving complaint to consider retiring after hostilities ended,postbellum,post bellum,assemblage,COLD WAR,0
131463,Badger resorted to exit by road,streetdoor,street door,assemblage,BADGERED,0
40206,American small change being found in school is dodgy,suspect,suspect,assemblage,DOLLARS,0
76832,To compensate for one short day is to take heart from another,satisfy,satisfy,assemblage,OFFSET,0
77279,Crazy over North American icon,madonna,madonna,assemblage,NUTCASE,0
85039,"Each one opening, under no circumstances remaining open",uncover,uncover,assemblage,CLOSED,0
132678,East European city where two vessels turned up,krakow,krakow,assemblage,BUDAPEST,0
10979,Check demand for material,damask,damask,assemblage,CHECKS,0
89803,Mobster's joint is cover for card operation,scarface,scarface,assemblage,COVERUP,0
120047,"C, half-cut Bush, for example, gatecrashing his party?",cameron,cameron,assemblage,CRASHER,0
31190,Prince not getting up for the dance,charleston,charleston,assemblage,PRINCE,0
14982,Boy-meets-girl opera,leonora,leonora,assemblage,CARMEN,0
38536,Getting through to farms about ground that's always frozen,permafrost,permafrost,assemblage,THAWING,0
93127,Prima donna gets a quid for appearing in lights,divali,divali,assemblage,DIVAS,0
67110,"An abstract point, to be exact",precise,precise,assemblage,EXACTLY,0
112609,Sleep until noon (twelve),dozen,dozen,assemblage,SLEEP,0
120758,Snowman? College erected it,inuit,inuit,assemblage,COLLEGE,0
6072,Bottom of league in Cheshire and East Lancashire?,cheese,cheese,assemblage,BOTTOM,0
140892,Setter's upset over good answers to puzzles,enigmas,enigmas,assemblage,SETTERS,0
84465,Eat away without starting to bring back,etch,etch,assemblage,EAT,0
56976,European in next cell tortured in capital,excellent,excellent,assemblage,LONDON,0
121312,Hole number dealing with bad habit,crevice,crevice,assemblage,NUMBER,0
61605,"Bulbs shining, these charged",onions,onions,assemblage,TULIPS,0
108513,Its partition was booked,redsea,red sea,assemblage,THEATRE,0
132928,"Beacons required to follow this, if range is to be obtained",brecon,brecon,assemblage,BEACON,0
100257,Help fool individual with attitude,assistance,assistance,assemblage,ASSISTANT,0
70181,Peculiar issue more likely than not,oddson,odds on,assemblage,MORE,0
28384,"I am the cat among dairy produce, going to overlap?",imbricate,imbricate,assemblage,CATASTROPH,0
64671,I throw my weight around the angel,islington,islington,assemblage,THROWING,0
19964,Honour given to boy king ...,oberon,oberon,assemblage,NOBLE,0
1697,"Like mistletoe, it is a hit when put up, caught underneath",parasitic,parasitic,assemblage,HITMISTLE,0
58634,Praise the boot rejected by lieutenant,exalt,exalt,assemblage,BLAME,0
40505,Ass in America leading to American kerfuffle,rumpus,rumpus,assemblage,ASSAM,0
3319,"Blue died, a bit of an act",obscene,obscene,assemblage,BLUEDIE,0
134763,Male children's book character heard singing in church?,hymnody,hymnody,assemblage,MALE,0
61642,Badly treated and is unserviceable in the sea,misused,misused,assemblage,UNSERVICE,0
118902,Tabloid pictures which closely resemble one another,mirrorimages,mirror images,assemblage,TABLOID,0
9249,First of Walter Mitty's turns: provide defence and make me conform,twistmyarm,twist my arm,assemblage,MAKE UP,0
20073,"One in dock, employed by a county council",accused,accused,assemblage,CLERK,0
84068,Contrary commercial jingle,adverse,adverse,assemblage,ANTHEM,0
103255,Anxiety about hair stops you sleeping,alarmclock,alarm clock,assemblage,NIGHTMARE,0
25043,Australian one needing invigorating air,ozone,ozone,assemblage,BREEZY,0
90023,Live at home after a short break as an artist,holbein,holbein,assemblage,RESIDENT,0
38309,"Very French attempt to seduce is wrong, legally",trespass,trespass,assemblage,ILLEGAL,0
41551,Report to do with extremity,retail,retail,assemblage,REPORT,0
40401,Town's ancient guy who must have been out of the ark,oldham,oldham,assemblage,BATHS,0
86393,Tick Kennedy's heart's condition,jiff,jiff,assemblage,TICK,0
17359,Student caught with a dictionary,coed,coed,assemblage,KID,0
14827,Battle later developed into chase,waterloo,waterloo,assemblage,CHASING,0
121362,Pet with pal struggling over a tree,catalpa,catalpa,assemblage,PALM,0
123072,"Bird back after season abroad, man's problem afoot?",fallenarches,fallen arches,assemblage,MAN'S PROBLEM,0
129375,Resident superpower stuffing herb in meat product,liversausage,liver sausage,assemblage,SHEPHERD,0
91232,"Power governs tube centrally - US tube, that is",subway,subway,assemblage,TUBING,0
26262,Finally gives woman liquid nitrogen to make frozen sculpture,snowman,snowman,assemblage,GIVES,0
59714,She provides father with cooked meal,pamela,pamela,assemblage,FATHER,0
85449,Musicians send naughty messages to alien,sextet,sextet,assemblage,ALIEN,0
91286,"North African halves a number, then doubles it",berber,berber,assemblage,HALVES,0
32282,Asian city is unfinished - that's symbolic,mandala,mandala,assemblage,BANGKOK,0
85069,First class return to Southern Pacific country,australia,australia,assemblage,AUSTRALIA,1
85059,"Understands about grinding lens with cunning, but without reason",senselessly,senselessly,assemblage,COMPREHENDS,0
110739,Poet (Her Majesty's jester) in banjo performance,sirjohnbetjeman,sir john betjeman,assemblage,THE OLD CURIOSITY,0
133661,Setting about ’eadgear to protect aviator,flyingat,flying at,assemblage,SET TO,0
7751,One's brief trade with a Mediterranean isle,ibiza,ibiza,assemblage,TRADE,0
63748,Mums and dads are not welcomed by attendant,parentage,parentage,assemblage,ATTENDANT,0
93074,Hotlines to the Met Office,isotherms,isotherms,assemblage,HOTLINES,0
32854,"Stipulation for and against one's opinion, at first",proviso,proviso,assemblage,CONDITION,0
134372,"Initially, Gilbert holds back blows",wafts,wafts,assemblage,GHOST,0
53279,"Drink triple gin, initially, with one rum",eggnog,eggnog,assemblage,GINNY,0
133634,Entrenched bridge adversaries scrap over inches,enshrined,enshrined,assemblage,BATTLEMENT,0
114251,Non-interventionist passes away,handsoff,hands off,assemblage,PASSIVE,0
21379,Fast on the Italian pulse,lentil,lentil,assemblage,FASOLA,0
88237,"Unfaithful wife seen in food shop, note",delilah,delilah,assemblage,CASSEROLE,0
109206,The Guardian starts to assess Roman government under Severus,argus,argus,assemblage,TACIT,0
32865,Excited by a small bet,aflutter,aflutter,assemblage,STIMULATED,0
111818,One comes across despondency behind the game,humpbackbridge,humpback bridge,assemblage,CROSSWORD,0
109262,One article by Belgian author,ianfleming,ian fleming,assemblage,THEOLOGIAN,0
46284,A small drink including minimum of table wine for starters,antipasti,antipasti,assemblage,APERTURE,0
93561,"Abroad, I start to eat angel cakes for tea",darjeeling,darjeeling,assemblage,TARTANES,0
23791,Question One is on Irish force seen in the Middle East,iraqi,iraqi,assemblage,IRISH,0
80430,Allows to go free the wrong way round shops,outlets,outlets,assemblage,RELEASE,0
92531,Exercise about to strengthen soldiers' disposition,placement,placement,assemblage,TRAINING,0
107908,Dislike Greece?,hellas,hellas,assemblage,HATE,0
56894,Drunken Scottish soldiers vote for abuse to the optically challenged,foureyes,four eyes,assemblage,SCOT FREE,0
140402,"Almost stop working, stupid",goof,goof,assemblage,DUMB,0
123938,Special quality that's needed by female member of cast,xfactor,x factor,assemblage,XFACTOR,1
56836,Dives with power to crap - occasionally gull slightly worried tour leader,plutocrat,plutocrat,assemblage,SCARED,0
24314,Fancy a chart-topping single,imagine,imagine,assemblage,SINGLE,0
134583,Leading pairs eliminated from race came late - very grave situation,cemetery,cemetery,assemblage,CATASTROPH,0
40818,Entertained everyone sitting initially in the pit,hades,hades,assemblage,ELOPE,0
48911,"Deceived by the devil, though not in so many words",implied,implied,assemblage,MISLEAD,0
123424,People of intelligence love to have the last word,ciao,ciao,assemblage,GEMS,0
61555,"Say: ""Don't stop her entering ring or pillar?""",letterbox,letter box,assemblage,STOP GAP,0
119780,Label report of familiar ex-captain,gucci,gucci,assemblage,LABEL,0
29427,"Home Secretary and rock'n'roll guitarist: one's barren, another's wild",strawberry,strawberry,assemblage,DESOLATION,0
43832,About to pick up Boris's book,rebecca,rebecca,assemblage,ABOUT,0
18596,"Sailor, for example, said to observe traveller",seafarer,seafarer,assemblage,NAVIGATOR,0
134677,Writer's sweet Breton confection,charlottebronte,charlotte bronte,assemblage,PEN CAKE,0
71414,"Exhortation to study ""The Maid of the Mountain""",oread,oread,assemblage,READS,0
51311,"Eat half of plate, then drink",digin,dig in,assemblage,EAT UP,0
34678,To have one return a casual hug is sufficient,enough,enough,assemblage,SUFFIC,0
83450,Spirit of revolutionary beasts? Extremely serious!,spunkiness,spunkiness,assemblage,ANIMALS,0
60190,Earwig could make part of house fall down,eavesdrop,eavesdrop,assemblage,WIGWAM,0
111345,"Sanction a run in souped-up car, a small one for racing",gokart,go kart,assemblage,GO KART,1
86446,Escorts backing The One Show,gigolos,gigolos,assemblage,STAGGER,0
22268,Boy game to help people across the Thames,albertbridge,albert bridge,assemblage,LIFEGAME,0
120159,"He's done his money and he's back for mine too, note",prodigalson,prodigal son,assemblage,CASH COW,0
28086,The French in their way backing Swiss mathematician,euler,euler,assemblage,LEONARD,0
8939,Where there's very little point to motor to London?,scarcity,scarcity,assemblage,WATERLOO,0
125319,Broadcast with some singers heard in military locations,airbases,airbases,assemblage,CANTONED,0
37108,"No longer single speed, that's clear",exonerate,exonerate,assemblage,UNMARRIED,0
107391,Patriots withdrawing singular honour for Hollywood legend?,stanlaurel,stan laurel,assemblage,CLOONEY,0
38175,Love Jack's preaching,orating,orating,assemblage,JACKSON,0
111666,"Weber's first, A minor (unfinished) - it's avant-garde",wayout,way out,assemblage,ARTSY,0
108542,Firm support in car ...,fastback,fastback,assemblage,BACKING,0
105720,"Rhythmic sound heard initially in jazz performer, pet scarpering",thrum,thrum,assemblage,BLOOP,0
13664,Spare a bob - by one having plenty to spare,slender,slender,assemblage,LAVISH,0
37110,"Solitary sailor, capsized in river, gets clear",exonerate,exonerate,assemblage,ISOLATED,0
66726,"Without moving anything, replaces money in cash register",stockstill,stock still,assemblage,CASH FLOW,0
19537,Anticipate everyone's after lots of trees,forestall,forestall,assemblage,FORESTED,0
53125,Perform in panto horse perhaps? That creates interest,behalf,behalf,assemblage,EARNED,0
44923,Adult paper under discussion,atissue,at issue,assemblage,IN PAPER,0
61299,State whether it's high and rocky,massif,massif,assemblage,MOUNTAINS,0
78323,Learned a lot of rubbish about time,literate,literate,assemblage,LEARNED,0
24523,"Don't cook enough food, red nuts having been shelled and sent back",underdo,underdo,assemblage,UNDERS,0
123841,"Extract from pool: if hurt, yell",fishout,fish out,assemblage,POOL OF,0
63158,"After St Giles' day, many are turning rotten",septic,septic,assemblage,SAGGING,0
55980,"Savage, being sorrowful, is twitching",sadistic,sadistic,assemblage,SADNESS,0
66489,Dim British king on stage,blear,blear,assemblage,DIMLY,0
36268,Shakespeare gave her a dream lover. Her mother grabbed one too!,hermia,hermia,assemblage,MIRANDA,0
94662,Drinker's hangover?,beergut,beer gut,assemblage,HANGOVER,0
62973,Unhappy lord outside Parliament finally gives indication of imminent departure,bluepeter,blue peter,assemblage,LORDLY,0
133577,Fine to repeat old clue about diamonds,okeydokey,okey dokey,assemblage,FINEST,0
95206,"It's remote without a good car, that is - so his work is done on the hoof",farrier,farrier,assemblage,REMOTE,0
32820,Smart girl with copper chain,cutie,cutie,assemblage,CHAIN,0
49005,The BBC hasn't begun to deliver,untie,untie,assemblage,BEGIN,0
66368,Unpredictable after opening of safety pin,skittle,skittle,assemblage,SPINOUT,0
95297,Centre back in attack last to display violence,ferocity,ferocity,assemblage,VIOLENCE,0
69595,Ride high where observation was out of this world,goonhilly,goonhilly,assemblage,ASTRONAUT,0
38198,Army block retreat to capital,rabat,rabat,assemblage,BLOCK,0
71503,Sailor to keep going round with vocalist,nelsoneddy,nelson eddy,assemblage,SINGING,0
79562,"Back off beach, returning catch to dock",shorten,shorten,assemblage,RETRACT,0
62477,Thought of money spent,mused,mused,assemblage,THOUGHT,0
91085,"Old actor, getting wiser over time",stager,stager,assemblage,ACTOR,0
126158,Jazz pianist's ideal climbing shrub,fatsia,fatsia,assemblage,BUSHES,0
26031,"Vegetable, small and sweet",spud,spud,assemblage,PEAS,0
83379,"Secretary's individual letters, one in black and white?",panda,panda,assemblage,EMAIL,0
112757,Religious man's reluctance to spend if he has a lot of money,parsi,parsi,assemblage,CHEAP,0
89921,"Fledgling business in sheep, the main attraction!",startup,start up,assemblage,BANDWAGON,0
24906,You mean two jurors are incompetent? That's with defence potential,tenable,tenable,assemblage,SKEPTIC,0
120265,"Poem girl's written, top off pen, on state's port",riodejaneiro,rio de janeiro,assemblage,SONG OF THE SOUTH,0
71549,Become familiar with ABBA's debut song on the radio,attune,attune,assemblage,ABIDING,0
87371,Vegetables spoil the lines of a garden,marrows,marrows,assemblage,GARDENIA,0
47909,Royal bash involves performing music,rondo,rondo,assemblage,CROWN,0
44336,Restrain employee taking smack,handcuff,handcuff,assemblage,RESTRAIN,0
120294,Suddenly Arthur's beginning to suspect Lancelot,allatonce,all at once,assemblage,OUT OF THE BLUE,0
48454,Footprint creates initially unvoiced terror,tread,tread,assemblage,SHADOW,0
84760,Banker having shrewd effect,execute,execute,assemblage,BANKER,0
97241,Sponsor of art ultimately was consumer,tate,tate,assemblage,USER,0
63687,"Watch next to key, a surprising sight",eyeopener,eye opener,assemblage,EYE CATCHING,0
96332,Majority is cut in Bosnia,mostar,mostar,assemblage,BOSNI,0
75090,"Joked about TV programme, one with leaves",gateleggedtable,gate legged table,assemblage,CRACKING JOKE,0
110110,"Fleas dancing below stairs, Uriah Heep's speciality",selfabasement,self abasement,assemblage,DANCE SPECIALITY,0
131553,Utopian plan son's told tales about,idealised,idealised,assemblage,NOSTALGIA,0
2449,Lord Muck in effusion by Charlie Chaplin,goldrush,gold rush,assemblage,LORD CHARLIE,0
47179,"Morgan, say, and Paddy dress down",carpet,carpet,assemblage,DRESS,0
25434,Game not started by a back,ridge,ridge,assemblage,START,0
103367,Opening removed and fixed,outset,outset,assemblage,FIXED,0
91059,Fortune presently in besieged city,lucknow,lucknow,assemblage,FORTUNE,0
21064,"Tucked in to fish, partly dressed",coated,coated,assemblage,TROUT,0
71370,Entertaining party a communist thought the world of,adored,adored,assemblage,ADMIRED,0
25371,Traditional nunnery by holy island lake,conventional,conventional,assemblage,COVENANT,0
28348,In the morning wild boar is heavenly food,ambrosia,ambrosia,assemblage,AMBROSIA,1
29524,Eager to change fellows thought at first to be in accord,agreement,agreement,assemblage,CONFORM,0
97194,Faith leader shot close to synagogue,pope,pope,assemblage,RABBI,0
42907,"Say, what could be missing after punch in the mouth? A drink!",aperitif,aperitif,assemblage,ABSINTHE,0
52187,A number swindled - that's dishonest,crooked,crooked,assemblage,UNTRUST,0
102172,Permit for sale of spirits and ale,poeticlicence,poetic licence,assemblage,LICENSED,0
122511,"Part of play, playwright clutching opening to act - he covers the background in theatre",scenepainter,scene painter,assemblage,STAGE MANAGER,0
101621,Sauna without a massage causing overheating,sunstroke,sunstroke,assemblage,HEATWAVE,0
12533,Stagger time with swimmer,totter,totter,assemblage,STROKE,0
71530,Difficult defendant finally up for it,thorny,thorny,assemblage,TOUGH,0
95005,The inclusion of three identical points produces a titter,teehee,tee hee,assemblage,LOL,0
115645,Sparkling drink gets fragrance after a little work,opalescent,opalescent,assemblage,SPARKLING,0
25417,"Rover in boat, a dugout",gadabout,gadabout,assemblage,CANOER,0
20175,Old chap with passion for news reporting,coverage,coverage,assemblage,JOURNALIST,0
10817,River is close to oak tree,tamarisk,tamarisk,assemblage,RIVER OAK,0
105919,Fool sailor on a ship,jackass,jackass,assemblage,DUNCE,0
88524,"Routine to study and speak when beheaded, so to speak",breadandbutter,bread and butter,assemblage,READING,0
99491,Collage a scientist almost accepts quietly,pasteup,paste up,assemblage,PASTE,0
76602,Flower festival finally in front and fashionable,lupin,lupin,assemblage,FLORA,0
99940,Many ignored extremely dumpy adolescent,umpteen,umpteen,assemblage,TEENAGE,0
64612,From orphan to mother - that's the spirit!,phantom,phantom,assemblage,GHOSTLY,0
5264,"A backward idiot, apart from all else",aloof,aloof,assemblage,IDIOT,0
86449,Superior aid distribution or rapid transport,airdrop,airdrop,assemblage,AIRLIFT,0
2130,"Revive cannibal's victim, as Spooner might ’ave said",animate,animate,assemblage,RESCUE,0
106770,Like a loo to be luxurious?,lavish,lavish,assemblage,OPULENT,0
95639,Cramped northern shaft,narrow,narrow,assemblage,NARROW,1
32283,Statesman swapping energy for a mystic symbol,mandala,mandala,assemblage,TOTEMIC,0
36590,Pasquale given less than full assent? That's mean!,meagre,meagre,assemblage,MEANER,0
47658,Old city set up beside a stone,ruby,ruby,assemblage,URBS,0
31138,Country where God has executed priest?,panama,panama,assemblage,GREECE,0
25427,In to complain: customer with bone,incus,incus,assemblage,CLIENT,0
22160,Purgative offered when Moggy car hit Rolls,cathartic,cathartic,assemblage,CATHARTIC,1
92388,Mule makin' a mess of teatime food,muffin,muffin,assemblage,MULETEA,0
135103,"May has been one time I can be away (rest, I'm in plays)",cabinetminister,cabinet minister,assemblage,MAYBEING,0
80295,Firm supporter of poisoner,cobra,cobra,assemblage,ACID,0
33879,Club being given new temporary accommodation makes one unhappy,discontent,discontent,assemblage,DISCONTENT,1
111552,Quantity of drink fired soldier,litre,litre,assemblage,QUART,0
68930,A little seabird or marsh bird,bittern,bittern,assemblage,TERNET,0
137344,Rubber rings held by campaigners next to motorway,condom,condom,assemblage,O-RINGS,0
118729,Old man to settle on a tree,papaya,papaya,assemblage,GROVE,0
107273,Kiss scholars in celebration,xmas,xmas,assemblage,HUGS,0
117557,Deliveryman's ruse: upsetting hair product on journey,legspin,leg spin,assemblage,MAN UP,0
77888,Leading European state,maine,maine,assemblage,LEAD,0
78935,Strikers here in union fight,matchbox,matchbox,assemblage,STRIKER,0
33413,Enthusiast for conservation? One adapts to the environment,ecotype,ecotype,assemblage,NATURAL,0
106294,Prepare for conflict that's a back number,rearm,rearm,assemblage,ARMED,0
35235,Things warm and mineral creating excitement,furore,furore,assemblage,MAGMA,0
103240,Fine light which signals spring,verywell,very well,assemblage,FINE LINE,0
13684,Point on bird's back,stern,stern,assemblage,CREST,0
110458,Support with a brilliant ball,aidance,aidance,assemblage,SUPPORT,0
135718,Reluctant lover's initial vow,loath,loath,assemblage,AMOUR,0
16949,Underwear makes one tense,singlet,singlet,assemblage,UNDER,0
87937,"Poor pre-election period, back with a change of heart",hardup,hard up,assemblage,LAME,0
3761,Symbol of sovereignty King Charles had to acknowledge,crown,crown,assemblage,CROWN,1
131808,Parent left to vacate Asian island for Asian city,mumbai,mumbai,assemblage,MANILA,0
35354,Male finally beats children's game,stag,stag,assemblage,GAME,0
75006,Bellow's last novel is Glass,crystal,crystal,assemblage,GLASSY,0
71686,Bladder and hearts lost in city street,cyst,cyst,assemblage,BEND,0
35474,"Paramount, say the majority",uttermost,uttermost,assemblage,MAJORITY,0
141958,He demands a contribution from tenor and American guitarist,taxman,taxman,assemblage,TITHE,0
87675,Subject's alter ego leads plot: the ultimate robbery,geography,geography,assemblage,SUBPLOT,0
68058,Ordered off before end of game,bade,bade,assemblage,GAME,0
73381,Dance company following society's conventions,moresco,moresco,assemblage,BALLET,0
74022,Term for each moon day,period,period,assemblage,LUNARY,0
6396,British nurses agree about study in local area,beergarden,beer garden,assemblage,LOCAL AREA,0
96579,"King, getting Queen fine dish, so avoided commotion",kerfuffle,kerfuffle,assemblage,QUEENLY,0
71147,Female muse suspicious about artist in class-conscious system,feudalism,feudalism,assemblage,FEMINIST,0
139118,"Make fewer pronouncements, being displaced",stateless,stateless,assemblage,ABRIDGING,0
52944,"On delivery of circular, be strict - tear it up!",obstetric,obstetric,assemblage,STRICTLY,0
91726,Powerful politician before (say) Brown's time,prescott,prescott,assemblage,POWERFUL,0
32595,Perform poem in that dreadful silence!,dotodeath,do to death,assemblage,DO A READING,0
26538,He makes a choice at the earliest hour,william,william,assemblage,DECIDER,0
45912,Good start with a little water for cooking,grill,grill,assemblage,GRAVY,0
16209,Dangerous flower goes to Tannenbaum,redflag,red flag,assemblage,BAD APPLE,0
38420,A bit of rigging works in the end,topsail,topsail,assemblage,RIGGING,0
28990,"Broadcast ""Pluto"" by itself",disperse,disperse,assemblage,OUTRIGHT,0
17583,Sturdy or else broken,robust,robust,assemblage,ROBUST,1
110473,"Silly talk by a so-called ""Dubya"" makes one laugh",guffaw,guffaw,assemblage,GABBLE,0
112066,Revealing story of Swiss resistance?,telltale,telltale,assemblage,NARRATIVE,0
135777,"Sailor's cry, abandoning a boat",hoy,hoy,assemblage,OAR,0
61787,Prove to be more than striking song,outnumber,outnumber,assemblage,EVIDENCE,0
34,A man comes back a stranger,alien,alien,assemblage,STRANGER,0
126705,"Dismissed, then sure to be leaving",outbound,outbound,assemblage,DISMISSED,0
70741,Monitoring leaves that don't start falling,eavesdropping,eavesdropping,assemblage,OBSERVATION,0
36717,"Ring animal back, alright?",okay,okay,assemblage,RING,0
122998,"View love, left wing",pinion,pinion,assemblage,VIEWER,0
48620,Essex men,basildon,basildon,assemblage,ESSEXES,0
51820,Don went down with a cry of pain,fellow,fellow,assemblage,OWEING,0
108346,Conran's first interior design standard,criterion,criterion,assemblage,CONCEPTS,0
91275,Tongue was strained greeting a couple from Lithuania,swahili,swahili,assemblage,LITHUAN,0
13637,Comprehensive kid gets a quid,total,total,assemblage,KIDDO,0
73950,Notorious actress and oddly bleary FBI agent,bergman,bergman,assemblage,FLEABAG,0
135105,"Shaving, father receives phone call",paring,paring,assemblage,SHAVES,0
31522,Plant setter's getting for the time being,interim,interim,assemblage,SETTLER,0
105684,"Having rowdy sex is to live, basically",roughit,rough it,assemblage,TO LIVE,0
140075,Rump of venison possibly festers,stagnates,stagnates,assemblage,DECOMPOSE,0
40993,Marble article placed in front of entrance,agate,agate,assemblage,AGATE,1
32576,"What could play music in particular key, hard stuff",althorn,althorn,assemblage,GUITAR,0
135914,Forsyte heroine puts off cutting out article for Iris,fleurdelys,fleur de lys,assemblage,MRS. G.,0
9351,Runner defeated in close race,loser,loser,assemblage,LOSER,1
79305,C-cacophonous cautionary condition,cloud,cloud,assemblage,CHAOS,0
140239,Swears at area transport,abuses,abuses,assemblage,CURSES,0
28278,Set for scan and playback?,ready,ready,assemblage,TAPE,0
121693,"Sound device in better film, after something corny?",eartrumpet,ear trumpet,assemblage,SOUNDTRACK,0
53063,Dress I put on about spring,origin,origin,assemblage,DRESS,0
42501,"Artist, one writing plays for adults included",painter,painter,assemblage,DRAMATIST,0
100218,Order discovered in laboratory animal in feature which contains DNA,chromatin,chromatin,assemblage,GENOME,0
138105,Sick in Australia (see hospital below),chunder,chunder,assemblage,ILLNESS,0
87387,Many? Not so long and thanks for fish,manta,manta,assemblage,THANKS,0
70965,Zoroastrian flower in opera,parsifal,parsifal,assemblage,CARNATION,0
67971,Male bodybuilder ostensibly starts to become a he-man,rambo,rambo,assemblage,MALE,0
25389,Clubs find out about a church blessing,clearance,clearance,assemblage,DISCOVER,0
33075,Hot spot not initially available?,ingle,ingle,assemblage,STEAM,0
2588,Mature Conservative entering State Department,agency,agency,assemblage,MATURE,0
46256,"Turns away from little green man, hair standing on end",alienates,alienates,assemblage,GROUNDED,0
21894,"Car with Spanish identification, say",estate,estate,assemblage,AUTO,0
37922,Educational centre?,middleschool,middle school,assemblage,TRAINING COLLEGE,0
18939,Labourer's time with tanker,toiler,toiler,assemblage,GARDEN,0
91559,Knock and Cork possibly have kinship,rapport,rapport,assemblage,RELATION,0
29919,Effective make-up in jar,potent,potent,assemblage,POTENT,1
76343,Trees burning at military base,aldershot,aldershot,assemblage,BURNING,0
134544,Current that's forced lower in blue rinse,downwash,downwash,assemblage,CURRENT,0
36390,"Travelling west, Slav spies Italian city",brescia,brescia,assemblage,SLOVAKIA,0
2941,Making it go round Eastern monarch,eking,eking,assemblage,REIGN,0
88002,Steep climbing rocket an IRA man secured,marinate,marinate,assemblage,STEALTHY,0
9956,"Cocky's got his own cover, it seems",selfassured,self assured,assemblage,SHOW OFF,0
12647,"Flatten headless, evil-tempered dwarf",roll,roll,assemblage,GNOMES,0
47317,"Rigorous process, biting banker",acidtest,acidtest,assemblage,RIGOROUS,0
117300,After heaving coal the old man needs something stronger,alcopop,alcopop,assemblage,COALER,0
24515,"Almost declare, with runs at Oval briskly scored",allegro,allegro,assemblage,DECLARE,0
120859,Tories put out after Liberal leader waits around,loiters,loiters,assemblage,TORIES,0
85575,Landowner's hidey-hole for game at Land's End,laird,laird,assemblage,LOCHS,0
107523,Drums of one sailor used in another's backing,tablas,tablas,assemblage,DRUMS,0
47483,"Covering for a wheel covering, so to speak",attire,attire,assemblage,COVER,0
29841,Vicar takes tongue back,reverse,reverse,assemblage,VICAR,0
108331,Money? A little bit require for a little bit of food,breadcrumb,breadcrumb,assemblage,MONEYBAG,0
63068,Cricketer yearns to face spinner,longstop,long stop,assemblage,TEST MATCH,0
123344,"Period in China, both useful and unpleasant",handynasty,han dynasty,assemblage,HARD TIME,0
124419,Star puts curse on a music industry award: Boatman's lost,hexagram,hexagram,assemblage,GRAMMY AWARD,0
30287,Two bills I stuck on a tree,acacia,acacia,assemblage,BIRCHES,0
105523,Record jazz session - end in deadlock!,logjam,logjam,assemblage,TIED UP,0
32226,Is youngster able to eat here?,canteen,canteen,assemblage,CAFETERIA,0
12960,"It's found in an old Balkan country, this fuel",anthracite,anthracite,assemblage,PETROLEUM,0
35637,Antique pearls provide easy money,oldrope,old rope,assemblage,EASY CASH,0
8849,Stole hospital garb idiot sent round,tippet,tippet,assemblage,THIEVED,0
37176,Theologian no go at operatic work,iolanthe,iolanthe,assemblage,NOCTURNE,0
122254,Mad about daughter getting the sack over things never getting settled,baddebts,bad debts,assemblage,MAD WORLD,0
111389,Journalist capturing relative in colour drawing,penandink,pen and ink,assemblage,RED CAR,0
78710,Desperate character in Pentonville cut short by hanging,pendant,pendant,assemblage,DESPAIR,0
28970,Slice of bread found on island - food that's attractively presented,bait,bait,assemblage,FOOD,0
134078,Real loss of work at showroom,salesfloor,sales floor,assemblage,REAL LOSS,0
71401,Turn oven up at cathedral? I wouldn't bet on it,unlikely,unlikely,assemblage,VOUCH,0
140038,Bygone period about which monarch appears too keen,overeager,overeager,assemblage,VICTORIAN,0
85607,Cruise missing small film,coat,coat,assemblage,FILM,0
41627,Sign of island growth,capricorn,capricorn,assemblage,ISLAND,0
89810,Weep after a couple of cardinals drop off,snooze,snooze,assemblage,CRYING,0
57101,Watch dances in which one has pupils,eyeballs,eyeballs,assemblage,STUDENTS,0
88313,Model usually having points to teach class,trainset,train set,assemblage,POINTS,0
106994,A foreign place found by woman and daughter not on schedule,unplanned,unplanned,assemblage,DESTINATION,0
56942,"Front of member, back of back, front of member",forearm,forearm,assemblage,MEMBERS,0
80619,Many stay around to provide support for member,armrest,armrest,assemblage,SUPPORT,0
24167,Many pull out of Split,cleave,cleave,assemblage,PULLS,0
37946,Right to have one released by Martian,lien,lien,assemblage,RITE,0
92399,Support given to good girl by the Mirror,pierglass,pier glass,assemblage,GOODWILL,0
41416,Current head of English is new examiner,scrutineer,scrutineer,assemblage,EXAMINER,0
65607,Clamp down on workforce,oppress,oppress,assemblage,CLAMPER,0
55921,Vile manager oppressing masses half-heartedly,execrable,execrable,assemblage,VILLAINY,0
19957,Lavish more on tramp? Not right,extravagant,extravagant,assemblage,PROFUSION,0
88395,Have Grandpa tee off with the Old Man,agedparent,aged parent,assemblage,GRAND DAD,0
108181,"He won something sweet, far more than a can of coke!",charliebucket,charlie bucket,assemblage,SWEET STUFF,0
123023,"Penny, dead dishy thing",plate,plate,assemblage,PENNY,0
78690,"Get increase extremely tidily, which is crackers",batty,batty,assemblage,EGGED,0
137518,"In Spain, boy's clad in girl's hemp",marijuana,marijuana,assemblage,CLOTHES,0
95557,Circuit with a current in front helps one pick up?,hearingaid,hearing aid,assemblage,CATCHER,0
86536,Tory leader on board for English flower,trent,trent,assemblage,ROSE,0
120367,In church a rebellious choirboy makes a bloomer,harebell,harebell,assemblage,CROCHET,0
91090,Tirade with nursemaid about to become purple,amaranth,amaranth,assemblage,VIOLETTE,0
129641,"Fish channel, deep sounds with this",bassvoice,bass voice,assemblage,DEEP BLUE,0
106667,German paintings with the Queen reflected in an upper chamber,garret,garret,assemblage,GALLERY,0
6610,Loathe how much some directors get paid?,execrate,execrate,assemblage,HATEFUL,0
134975,Small crocodile hunter alarmed,shook,shook,assemblage,CROCOD,0
22198,Continue to play in London,acton,acton,assemblage,STAGE,0
121600,Endlessly continue holding tool in dish,kedgeree,kedgeree,assemblage,CONTINUE,0
78975,Ralph got to marry the captain's daughter and torture a cabinet minister,rackstraw,rackstraw,assemblage,RAPHAEL,0
118518,Turns up a real oddity - it's uncanny,supernatural,supernatural,assemblage,UNNATURAL,0
140872,They said I must leave supply outside empty store now,thesedays,these days,assemblage,MUST GO,0
36459,Twist one taken out of circuit,wring,wring,assemblage,TWIST,0
32015,New soldier having little money,recent,recent,assemblage,PENURY,0
51152,Evangelist with detachment is halfhearted,lukewarm,lukewarm,assemblage,EVANGEL,0
28473,Take in regulations set up at base,swallow,swallow,assemblage,REGULI,0
127305,Son in Brittany collects English records,files,files,assemblage,SONGS,0
80418,Mates - the type to engage in fiddles,consorts,consorts,assemblage,MATES,0
65349,Chicken's cry that hurt,yellow,yellow,assemblage,CLUCK,0
81202,Waterway is able to dock everything,canal,canal,assemblage,CANAL,1
82366,Danger: people shot in court,menace,menace,assemblage,DANGER,0
139081,Fancied fish - considered not having starter,ideated,ideated,assemblage,FANCY,0
64437,"A man with name as negotiator or snooper, for example",agentnoun,agent noun,assemblage,MAN HUNT,0
102928,Exhibitor at the Walker Gallery?,pavementartist,pavement artist,assemblage,ART GALLERY,0
84969,Spanish and English troops heard cry by very large swimmer,spermwhale,sperm whale,assemblage,WHALE SONG,0
133457,Instigating new action executing the picking of plums?,reengaging,re engaging,assemblage,GOING PLUM,0
32025,Speculator may get the gold first,theorist,theorist,assemblage,GOLD DIGGER,0
92155,Retailer loses small ship,argo,argo,assemblage,RETAIL,0
54750,Ray's students rejected support,sunbeam,sunbeam,assemblage,STUDENTS,0
51582,Gosh! Cosy place is visible from coastal road,corniche,corniche,assemblage,SCENIC VIEW,0
61458,Instrument for changing oil into French wine,violin,violin,assemblage,OIL CAN,0
6865,Blush when attacked in beastly fashion,gored,gored,assemblage,BLUSH,0
130338,Ring posh school for one working on a farm?,discharrow,disc harrow,assemblage,FARMER,0
59410,Frenchman about to find riches,lucre,lucre,assemblage,MONEY,0
110552,Burn peeled off in layers with no end of heartache,scald,scald,assemblage,CHAR,0
65051,Roast large mammal,ratel,ratel,assemblage,ROAST,0
19373,Rifle worked with the bullet,ransack,ransack,assemblage,RIFLED,0
112577,Mum keeps the sound of bells: I go here to find when I'll hear them,machmeter,machmeter,assemblage,CATHEDRAL,0
34127,Reversal for vessel after you reported last in fleet,uturn,u turn,assemblage,"A,BOAT",0
89735,Protect offspring of hound by taking son inside,babysit,babysit,assemblage,PROTECT,0
16584,Aim for a high place in the church,aspire,aspire,assemblage,ALTAR,0
32993,Baffle in France no longer,nonplus,nonplus,assemblage,STUNNER,0
94781,Was familiar with Kingsley's first novel,knew,knew,assemblage,KNEW,1
32538,Be very heartless in company,bevy,bevy,assemblage,BEEH,0
131238,"French way to back bad actor, a union player?",eurocrat,eurocrat,assemblage,CINEMAS,0
110214,Somewhat ludicrous American composer lacking success completely somewhere in Wiltshire,ludgershall,ludgershall,assemblage,DISAPPOINT,0
31484,Settler perhaps restraining road rage,emigrant,emigrant,assemblage,PIONEER,0
89790,"Party a scream, with Mary Poppins on Ecstasy",hootenanny,hootenanny,assemblage,EXHILARATE,0
111444,"A mother wants to be in the fashion, without exception",toaman,to a man,assemblage,AS A,0
78479,Having a stud of a sort in a singular article of clothing,stockbreeding,stockbreeding,assemblage,UNDERGARMENT,0
34928,Open a ruler up,ajar,ajar,assemblage,READ,0
16672,"One demanding much interest in university, more reliable",usurer,usurer,assemblage,COSTLY,0
105404,"Needle, say, reversed to make lace",getat,get at,assemblage,KNOTS,0
18598,Sailor is withering about passenger,seafarer,seafarer,assemblage,DROOPING,0
74753,Italian town terrifying female novelist,gorgonzola,gorgonzola,assemblage,VERONA,0
134100,"Snobbish type going off before Derby, perhaps",highhat,high hat,assemblage,HIGHLY,0
139869,A conceited specimen a woman may take in hand,vanitycase,vanity case,assemblage,PRIMADONNA,0
41277,Rough sketch showing an officer?,generaloutline,general outline,assemblage,SKETCHING,0
60732,Squeeze mineral in abundance,galore,galore,assemblage,SQUEEZE,0
33225,Baseball player's casual clothing combination,shortstop,shortstop,assemblage,UNIFORM,0
11296,Remedy in no way odd,nostrum,nostrum,assemblage,REMEDY,0
129433,"Sloppy food? Get rid of it, we say",junket,junket,assemblage,SCRAP,0
101251,Flat charge being made much smaller brought a tear,groundrent,ground rent,assemblage,SAD FACE,0
47537,Good booze responsible for a lot of wind?,gale,gale,assemblage,GOOD,0
129430,"Hack wants initial hundred quid, maybe",chew,chew,assemblage,HACK,0
122355,Note on hospital discharge,doh,doh,assemblage,DIS,0
20807,Having taken on cargo at lake port...,laden,laden,assemblage,LOADED,0
118547,Most costly sword picked up between two streets,steepest,steepest,assemblage,EXPENSIVE,0
142043,Where Pedro gets drinks bill when work's over?,posada,posada,assemblage,TAVERN,0
70878,Lorry driver on traffic island,truckman,truckman,assemblage,TRUCKER,0
70348,Fairness of eyes only half-visible when about to depart,equity,equity,assemblage,FAIR,0
104768,"It's painful to hear what drinks cost, though not poor",barb,barb,assemblage,COST,0
68128,Stay with baby almost to the end,lastminute,last minute,assemblage,LASTING,0
89331,Farm animals we hear in city,stockholm,stockholm,assemblage,SWINEHERD,0
24728,"On change of trade, factory offers tedious work",treadmill,treadmill,assemblage,TRADEOFF,0
31647,Entertained a thought,amused,amused,assemblage,ENTERT,0
101367,Gather it's petition time,pleat,pleat,assemblage,RALLY,0
48463,Spooner an admirer of Sandy Wilson was he?,boyfriend,boyfriend,assemblage,SPOONER,0
108424,Get it and assume imprecise?,guesstimate,guesstimate,assemblage,APPROXIMATE,0
133319,"Inexperienced male wildebeest conserving energy, trailing home",ingenu,ingenu,assemblage,GREEN,0
120110,Extremely rude group advanced in years is presented in a new way,repackaged,repackaged,assemblage,AGEING,0
35404,"Put ""Out of Order"" notes on kitchen stove",derange,derange,assemblage,STOVES,0
99424,Not feeling pain in part of alimentary canal that is gas-generated,analgesia,analgesia,assemblage,ANALGESIC,0
63264,Practicable round safety device,ofuse,of use,assemblage,ON TO,0
53036,Tory leader has pain in bum,tail,tail,assemblage,ACHE,0
57783,Probe away to capture revolting peasant? Not right!,stylet,stylet,assemblage,RABBLE,0
83711,"Mayo destination cancelled, as imitation",knockoff,knock off,assemblage,MAYO,0
34040,Company doctor is amusing when in theatre,comedic,comedic,assemblage,COMICAL,0
130972,Stupid types fail ultimately - as shown in school records,schleps,schleps,assemblage,DUNCEES,0
85963,Spore producers of flower needing a hand up,uredia,uredia,assemblage,FUNGUS,0
71661,I'm off to celebrate a narrow football victory?,cheerio,cheerio,assemblage,NARROW,0
54432,Fifty-one scolded and set free,liberated,liberated,assemblage,DISCHARGED,0
36007,Drink up in the Vatican? Go carefully,cognac,cognac,assemblage,TREADS,0
131948,Office workers duck - article passes over,tealadies,tea ladies,assemblage,THE OFFICE,0
52914,Doormats where shadows fall on institutions,dogsbodies,dogsbodies,assemblage,DOORMATS,0
87506,Head off tense argument,tiff,tiff,assemblage,BATE,0
29619,Disappointed officer covers Estonia's premier with feathers,letdown,let down,assemblage,LET DOWN,1
15902,Hard worker in the city sacked long ago,trojan,trojan,assemblage,BEAVER,0
115935,"Pasquale can have extreme anxiety, would you believe it?",ifever,if ever,assemblage,TOO BAD,0
47449,Unknown girl raised god,zeus,zeus,assemblage,DIVA,0
18046,The chief has Jag - early model,archetype,archetype,assemblage,JAGUAR,0
56956,"Leader having dropped right down, scrutinises excuses rather!",yesplease,yes please,assemblage,RED HERRING,0
24183,One who didn't strike Shakespeare as a sword carrier,scabbard,scabbard,assemblage,COWARDLY,0
102724,Beef for the incomplete Dickensian,steerforth,steerforth,assemblage,BEEFSTEAK,0
116312,"Record holder wanting first prize, missing first, left with silver",oldlag,old lag,assemblage,TOP OF,0
108692,He's in no hurry to take over,slowbowler,slow bowler,assemblage,TAKES TIME,0
129849,Dessert created by small program with skill,appletart,apple tart,assemblage,SWEET PIE,0
124547,Repeat usual rubbish,parrot,parrot,assemblage,REHASH,0
32418,"In general, people possess nothing - royal speculation?",theory,theory,assemblage,ROYALS,0
7107,Researcher is a rogue to experimental mice,academic,academic,assemblage,MICE,0
99874,Rigid habit of old king caught in affair,armour,armour,assemblage,RIGID,0
107403,Still lacking subject for debate,motionless,motionless,assemblage,STILL LIFE,0
105970,Games on a particular day could be footy,pedate,pedate,assemblage,SUNDAY,0
134077,Order for stone coffin someone from the West Midlands once executed,cistercian,cistercian,assemblage,TOMBSTONE,0
99212,Cut joint - a quarter eaten,sheared,sheared,assemblage,SHOULDER,0
120490,Barbara is the top person at crosswords,kingsolver,kingsolver,assemblage,ACROBATICS,0
117404,Bitter tears splashing - they are salty,tartrates,tartrates,assemblage,OCEANIC,0
6313,"She abandons playwright after a write-up, an all-time low",nadir,nadir,assemblage,NADIR,1
110898,Command rowers to skirt agreed river,eyesright,eyes right,assemblage,TEAM BOAT,0
36934,Case-law derives from a lot of combat with detectives and models,judgments,judgments,assemblage,JURISPRUDENCE,0
87344,Bare one concealed by Catholic sash,baldric,baldric,assemblage,BASQUE,0
119154,Upright individual's state,onend,on end,assemblage,IN A,0
125796,Boringly traditional supporter's position,squareleg,square leg,assemblage,BORING,0
16666,Whip-round by group for driver?,golfclub,golf club,assemblage,WHIP UP,0
131605,Nothing stops Mussolini turning up game for a bribe,douceur,douceur,assemblage,MONEY,0
3304,"Be attracted by single people, caddish types, and run away",taketoonesheels,take to ones heels,assemblage,RUN TO ME,0
107459,Federation of German Industry's said they're watching you?,beadyeyes,beady eyes,assemblage,WATCHER,0
130893,A jolly girl's joining the fighting ships,armadas,armadas,assemblage,GALLANT,0
96761,Dr Gershwin is a woman,moira,moira,assemblage,GERSH,0
14804,A good supporter works hard,grafter,grafter,assemblage,BACKER,0
27336,"Politically correct but pointless, OK?",righto,righto,assemblage,POINTS,0
45889,Time to reach North American beach,daytona,daytona,assemblage,CALIFORNIA,0
66792,A second little boy coming back as a shape-shifter,amoeba,amoeba,assemblage,DOPPELG,0
13640,Wipe out a future gangster?,total,total,assemblage,ERASE,0
41097,Useless exercise by pioneer oddly forgotten,inept,inept,assemblage,EXERCISE,0
54852,Scientist in fear of a type of CD,angstrom,angstrom,assemblage,FEARLESS,0
35275,Left to cut blemishes shown up by quick survey,strawpoll,straw poll,assemblage,CLEAN SLATE,0
28890,Where to find the remainder of the market?,bookstall,bookstall,assemblage,REMAINDER,0
62200,"Blue pen written about West, if heading that way",steamy,steamy,assemblage,PENWEST,0
106386,"Struggling to evacuate county town of Cornwall, briefly",costive,costive,assemblage,CORNISH,0
133376,Neighbour to plough for us around mid-afternoon or after morning in,ursaminor,ursa minor,assemblage,AFTERNOON,0
58532,Noted person about to be given honour - affected type,composer,composer,assemblage,HONOURED,0
36765,Robin getting two ducks? Bad luck!,hoodoo,hoodoo,assemblage,ROBIN,0
5600,Apply to get English glam rock band backing,exert,exert,assemblage,ELOPE,0
85081,Surliness I shall moderate,illtemper,ill temper,assemblage,BAD TEMPER,0
79474,"Carer is out at sunrise, perhaps",nurse,nurse,assemblage,CARER,0
65253,Fifty-fifty on first of dogs to take rabbit ’ome?,dutch,dutch,assemblage,FIFTY,0
54201,Maori chief smuggled gun to IRA,rangatira,rangatira,assemblage,MAORI,0
140722,"Sham! Sick country, one has to conclude",illusive,illusive,assemblage,SHAM COUNTRY,0
32855,Rider favouring protection for face when cut,proviso,proviso,assemblage,RIDER,0
120040,I'm taken aback by Carter's legal follower's redundancy,rucksack,rucksack,assemblage,CARTER,0
123624,Great Asian captain's claim to being eighth in line and not third,imrankhan,imran khan,assemblage,EIGHTH,0
106354,Discussed tower that's worth a look!,eyeful,eyeful,assemblage,TOWER,0
77750,Animal from bog taken to centre of staging area,quagga,quagga,assemblage,OTTER,0
9158,Too much land for an empire?,ottoman,ottoman,assemblage,OVERLY,0
85117,"One can't catch a fat, old safe-breaker on the box",butterfingers,butterfingers,assemblage,SAFECRACKER,0
117438,Popular vehicle activator say - as soldiers mostly are,inkhaki,in khaki,assemblage,GOING OUT,0
105004,Trendy person of faith has rejected cathedral impressively,instyle,in style,assemblage,HIPSTER,0
39157,Joint endowment's a bit mean,intend,intend,assemblage,GRANT,0
114289,"University to take off unsigned forms, they conclude",endings,endings,assemblage,UNSIGNED,0
124596,"Slackens off when the sun is out at quarter past eight, say",unscrews,unscrews,assemblage,RELAXES,0
57457,Ring bell on counter where travellers have to pay,tollbar,toll bar,assemblage,CASH ON,0
62377,"Fifty follows forty-nine? Well, no!",ill,ill,assemblage,NO,0
57216,Telescoped signs mean big money,bullion,bullion,assemblage,SIGNAL,0
70695,Potato that's turned to iron?,mashie,mashie,assemblage,TATERS,0
80229,"Having endless cunning, brings up children in debt",arrears,arrears,assemblage,NURSEES,0
75820,Fire wood of the sort Erica gets,kindling,kindling,assemblage,FIREWOOD,0
77651,Company chap accepting first indications from the accountants - normal ratio,cotangent,cotangent,assemblage,COMPANIES,0
118274,Cold curry nearly served up with order for spice,cardamom,cardamom,assemblage,CURRYING,0
9371,Mother's pet dog,mastiff,mastiff,assemblage,MOTHER,0
21269,Some time since Julian Clary neared a disaster,calendaryear,calendar year,assemblage,NEARLY DISASTER,0
78225,Something run by Playboy hostess missing New York - sweet thing,bathbun,bath bun,assemblage,BUNNY,0
70004,Composer of operas using percussion instrument in one,bellini,bellini,assemblage,VERDI,0
121314,There's still plenty of time for audience to Lady Gaga - years!,earlydays,early days,assemblage,TIME OUT,0
8409,The good journalist worked hard when up,boned,boned,assemblage,STUDY,0
54341,Enthusiastic gunman gets call,raring,raring,assemblage,EAGER,0
50863,Said to be slowly cooked by Zeus's lover in the workroom?,studio,studio,assemblage,SLOTH,0
27652,Aged Cain treated by hospital department,ancient,ancient,assemblage,CANCER,0
113698,Shark ultimately swallows one that worked with lines,keats,keats,assemblage,SHARK,0
78749,Left-handed first to provide a banger,gavel,gavel,assemblage,LEFTY,0
43411,Bookish types having some wine in Boston at lunchtime?,literati,literati,assemblage,BOSTON,0
59005,"Use it to pick up speed turning round, say",estatecar,estate car,assemblage,SPEED UP,0
125553,"Argue with bishop and rector about the ""Son of God""?",bicker,bicker,assemblage,BICKER,1
130512,Went climbing with Ben before journalist comes round,mountaineered,mountaineered,assemblage,ASCENTION,0
130572,Scraps first flights with both sides lost,fistfights,fist fights,assemblage,FIRST CLASS,0
121152,Permitted to crow about being eccentric,wacko,wacko,assemblage,ALLOWED,0
19055,Business expense on company's time,oncost,oncost,assemblage,COSTLY,0
91893,Notes by follower of Pope on measure to reveal source of power,solarcell,solar cell,assemblage,POWER PLAY,0
106104,Unwholesome bread found by dog in street,stagnant,stagnant,assemblage,UNHEALTHY,0
17002,Sent round one religious and wise,sapient,sapient,assemblage,SAGACIOUS,0
12035,Cuba needs its dance not a bit,crumb,crumb,assemblage,RUMBA,0
37764,"Awful effort to comprehend Conservative measure (a bit leftish, say)",offcentre,off centre,assemblage,COSTLY,0
88127,Dissolute academic - one barrier learner faces,profligate,profligate,assemblage,DEBAUCHER,0
38068,Half a buck swells ordinary tax,tribute,tribute,assemblage,BLOATED,0
140655,Passion finally erupts when Nutmeg's drunk spirits,wraiths,wraiths,assemblage,MUGGLES,0
107291,Bill makes sons watch,sticker,sticker,assemblage,CHARGES,0
125457,Nitrogen does spread over tops of underground lumps - these?,nodules,nodules,assemblage,NODULES,1
75975,Simultaneously make good and raise issue,atonetime,at one time,assemblage,DOING WELL,0
130316,"""Clever"" ahead of ""stupid"" initially, with sucker",quicksand,quicksand,assemblage,INTELLIGENT,0
21428,Work of Johnson the painter's at auctions that are coming up,rasselas,rasselas,assemblage,JAMESIAN,0
67091,Flat heads of valves and plugs in dynamos,vapid,vapid,assemblage,VALVE,0
69059,Fellow leaves dowdy women with woodcut,rumpsteak,rump steak,assemblage,LUMPY WOMEN,0
115297,Engineer cannily takes women's perspective,wangle,wangle,assemblage,ENGINE,0
66806,Very great friend so wounded for the last time?,fatally,fatally,assemblage,VASTEST,0
43621,Dismissed trip over river mouth,outfall,outfall,assemblage,TRAMPED,0
116122,Grew frustrated with trial - very clear to see,writlarge,writ large,assemblage,CLEAR CUT,0
55196,Contents of menu put away without a serious effort,endeavour,endeavour,assemblage,UNREMITT,0
38395,Pantomime character getting out of the habit?,demonking,demon king,assemblage,CLOWN OUT,0
80392,Current articles about marines written on laptop,thermal,thermal,assemblage,CURRENT,0
88938,Cure Rex after defeat,tanking,tanking,assemblage,CUREX,0
46877,Composer's heart's bad when climbing,corelli,corelli,assemblage,BARD,0
90002,Motivation to share drink,rationale,rationale,assemblage,INCENTIVE,0
121236,"Small dog one fed with mint, say",labiate,labiate,assemblage,POMERANIAN,0
29772,I'm not one to weaken,impair,impair,assemblage,FALTER,0
92572,Discharge some after second interval,semitone,semitone,assemblage,DISCHARGE,0
24263,Aggravates school head? That's not called for,needless,needless,assemblage,INAPPROPRIATE,0
17268,Square on the high table,aboveboard,above board,assemblage,ROUND TABLE,0
24370,"Around noon, top fighter pilots attempt descent",ancestry,ancestry,assemblage,DESCENT,0
8027,A French and a Western leader are in the dark,unaware,unaware,assemblage,OBSCURE,0
51688,"Leading director, keen and economical",davidlean,davidlean,assemblage,ECONOMICAL,0
40845,"Act with elegance, say; it helps to get you in",turnstile,turnstile,assemblage,GRACEFULLY,0
125836,Time to appear earlier in big dress: Oscar for actress,gretagarbo,greta garbo,assemblage,BEST DRESS,0
91039,Fish on film dropping a stick,wand,wand,assemblage,BASS,0
89525,He wrote of the French missile backfiring,dumas,dumas,assemblage,HUGO,0
62654,Express approval when posted,assent,assent,assemblage,STAMP,0
112640,Set about working in mine - hurry!,steponit,step on it,assemblage,GET ON,0
15470,Ropy stuff is offered in shop's special promotion for the most part,sisal,sisal,assemblage,ROPES,0
107521,Support for performer in mass - solo is cut out,musicstool,music stool,assemblage,BACKING,0
11293,North-east German's on the booze - it's supposedly medicinal,nostrum,nostrum,assemblage,TONIC,0
30223,"Come another time, getting on before Chile's capital city",recur,recur,assemblage,AGAIN,0
98955,It's cooler to get on trumpet,fanfare,fanfare,assemblage,TRUMPET,0
18704,Time for skip to be transported,spellbound,spellbound,assemblage,TIMELESS,0
120172,Eventually choose home for badger ahead of Trotsky,settleon,settle on,assemblage,CHOOSE,0
66255,Man buried under his female ancestor's town,evesham,evesham,assemblage,MANCHESTER,0
69477,"A top oarsman named locally in ""Treasure Island""",benbow,benbow,assemblage,SQUIRE,0
110549,Display team seen at Old Trafford?,reddevils,red devils,assemblage,MAN U,0
81847,English return in clue for poem,eclogue,eclogue,assemblage,SONNET,0
32817,Attractive girl that's following fashion,cutie,cutie,assemblage,MODEL,0
22473,The thanks one gets from a Greek character,theta,theta,assemblage,ECHO,0
73122,"Follow the example of one Christian, say, about it",imitate,imitate,assemblage,EMULATE,0
46183,Break in shooting all bar one European,infringe,infringe,assemblage,BREAKING,0
67721,Pester a writer,nagasaki,nagasaki,assemblage,HARASS,0
36897,"Removal van is coming to Istanbul, every capital in time",eviction,eviction,assemblage,VANQUISH,0
32133,Mistakes made by deserter in time,errata,errata,assemblage,ERRORS,0
118981,Mint coin of exceptional quality,pennyroyal,pennyroyal,assemblage,NUMISMATIC,0
8286,"One sings in cage, cautious, giving out initial warning",canary,canary,assemblage,CANARY,1
89477,"Atop note amid new or old coin, one coined specially",nonceword,nonce word,assemblage,NICE COIN,0
111925,One closed American borders for cars,autos,autos,assemblage,CLOSED,0
133736,"Bible's out with day, month, year for David or Jonathan?",dimbleby,dimbleby,assemblage,BIBLICAL,0
106432,Everyone has to make up a radio programme,theworldatone,the world at one,assemblage,HAVE TO BE,0
97323,His opera briefly involved fruit,rosehip,rosehip,assemblage,CITRUS,0
133583,Tales about government united in red tape?,regulations,regulations,assemblage,BUREAUCRACY,0
32788,Shoot as Gunners drop back,rapid,rapid,assemblage,SHOOT,0
125377,Imbecile finally promises end to continuous boom and bust,bosoms,bosoms,assemblage,DUNDER,0
120395,"Jockey rides top horse, ultimately, to place again",redeposit,redeposit,assemblage,REJOCKEY,0
106006,Public official can overlook alternative,mayor,mayor,assemblage,CANON,0
122935,Penny has licence to provide bromide,platitude,platitude,assemblage,PALLADIUM,0
21504,Check on boy returning in disgrace,scandal,scandal,assemblage,CHECKER,0
40381,"Gordon, followed by Frank, strangely, is set to find building land",brownfieldsites,brownfield sites,assemblage,GORDONIA,0
111130,Out only when facing the bowling,onstrike,on strike,assemblage,ON STRIKE,1
85761,"Fashionable Sun coverage of KISS, the rock group",inxs,inxs,assemblage,CHIC,0
102889,Using winch as a cranky tool,chainsaw,chainsaw,assemblage,WRENCHES,0
118673,"""Stupid boy"" - headless goon",pike,pike,assemblage,DUMB,0
84907,Recall the study of religion with prayer,recollect,recollect,assemblage,RECOLLECT,1
45150,Close trap over Henry,nigh,nigh,assemblage,SNAP,0
72208,Child wandered about and felt better,improved,improved,assemblage,RECOVERED,0
5399,To snog in a boat is old-fashioned,canoodle,canoodle,assemblage,KISSING,0
141966,Arrogant greeting good worker could eventually deny,highandmighty,high and mighty,assemblage,GOOD DAY WORKER,0
140987,Underwear that's uncool for fashion leaders? It's not important,smallstuff,small stuff,assemblage,COLD SHOULDER,0
100987,"Joplin's odd beat music hit, a symbol of North American country and hard rock",mapleleafrag,maple leaf rag,assemblage,CROSSROADS,0
17247,Murdoch may be a knight on retirement,iris,iris,assemblage,LORD,0
29891,Field of European football team not banner-free?,realm,realm,assemblage,CLOTH,0
93315,"Bottomless bowl: covering the rim, a model magnolia",tuliptree,tulip tree,assemblage,MODEL MAGNOLIA,0
97181,On friendly terms always? Fancy that!,wellinever,well i never,assemblage,AS A FRIEND,0
57553,It's screamed by bird in pop group with raised colour,bluemurder,blue murder,assemblage,BIRDSONG,0
64171,"Losing wicket at the start, spoils period at the crease",innings,innings,assemblage,SPOILAGE,0
125103,Turn up repeatedly before noon? That's ridiculous,cockamamie,cockamamie,assemblage,ABSURDITY,0
74414,Note a number of low points,minima,minima,assemblage,NOTES,0
28596,Artist put on gas,radon,radon,assemblage,ARTIST,0
16432,Recommend against commander breaking an engagement,advocate,advocate,assemblage,DISENGAGE,0
90098,Course of time with torture,track,track,assemblage,COURSE,0
59639,Hardy lass has time to for a bit of artistic piecework,tessera,tessera,assemblage,LASSOING,0
82326,"Similarly restricted, ex-VP left formidable woman",gorgon,gorgon,assemblage,SHEILA,0
137076,Turning over message not cast in stone?,revocable,revocable,assemblage,MALACHITE,0
66429,"English city, spot where head of state dwells",elysee,elysee,assemblage,LONDON,0
55999,Nobel Prize winner whose parents include one resident in US city twice,dalailama,dalai lama,assemblage,ALICE MUNRO,0
135724,Knight with good heart in battle,gareth,gareth,assemblage,GALLANT,0
58898,"Failed to notice any females, in short …",sawnoff,sawn off,assemblage,LOOKS,0
37247,A turn in northern waters?,nausea,nausea,assemblage,TURBID,0
81315,Top primate gets the vote,apex,apex,assemblage,VOTE,0
89347,"Publicise too much, having finished with ex-model",overexpose,overexpose,assemblage,OVEREXPOSE,1
80510,"Gin is upsetting to girl, becomes jelly!",isinglass,isinglass,assemblage,GELATINE,0
118163,Mark down dramatist to speak,checkoff,check off,assemblage,WRITE UP,0
33723,Shakespearean character left Italy with a …,portia,portia,assemblage,OTHELLO,0
139458,"Being restrained, worker smacked",handcuffed,handcuffed,assemblage,CONFINED,0
20302,"Robin's partner, perhaps, to have a dip",bathe,bathe,assemblage,ROBIN,0
98621,Oriental flower shot in field where one works,industry,industry,assemblage,ORCHARD,0
129385,"Constitution's supporter supplied ruler with an agenda, for example",federalist,federalist,assemblage,CONSTITUENT,0
113359,"Tiny swimmers, with so little weight, turning up at openings",zoospores,zoospores,assemblage,SWIMMER,0
126436,Swindle made to pay - but jailed all the same,confined,confined,assemblage,DECEIVED,0
78974,Rubber ball's so round,sorbo,sorbo,assemblage,BULKY,0
128571,"After crucial operation, politician's making the rounds",circulatory,circulatory,assemblage,CIRCULATING,0
22811,Times in a cathedral for carpeting,axminster,axminster,assemblage,CARPETS,0
42872,Day empty after born in want,needy,needy,assemblage,NEED,0
71874,Go out with someone you went out with one time,exit,exit,assemblage,DATE,0
125780,Dull as last character leaving cul-de-sac?,deaden,deaden,assemblage,STUPID,0
97038,Persistent sensation of behind getting smack,aftertaste,aftertaste,assemblage,PERSISTENT,0
36657,Salary joiner gets to veneer parking sign?,payanddisplay,pay and display,assemblage,PAY-AS-YOU-GO,0
106757,Boxer and sucker: time for fresh start,tyson,tyson,assemblage,BOXER,0
56679,Plant one roughly on cheek,brassica,brassica,assemblage,CHEEKY,0
105521,Record and preserve an impasse,logjam,log jam,assemblage,END OF,0
39098,Periodical that's about presenting an idol,image,image,assemblage,MAGAZINE,0
110582,Tie spoon on last,neckwear,neckwear,assemblage,KNOTTED,0
135112,Patsy's stolen surveyor's van - these should help with identification,mugshots,mugshots,assemblage,PLATES,0
139155,Virtue good … then to relish a version of the Arabian Nights,sinbadthesailor,sinbad the sailor,assemblage,GOOD OLD FASHIONED,0
10766,"Cook's agent in Caribbean, two-thirds sozzled",bicarb,bicarb,assemblage,AGENT,0
20546,She's not quite like other girls,norma,norma,assemblage,UNIQUE,0
19030,Graduate left authoris-ation,passport,passport,assemblage,DEGREE,0
24994,About time to modify item in air display,altimeter,altimeter,assemblage,AERODYNAMICS,0
52493,Relentless girl hit newsman,unabated,unabated,assemblage,UNYIELDING,0
139952,No German follows you in France to find a station,tunein,tune in,assemblage,L'AVOIR,0
20278,"Cock-a-hoop, still following City",ecstatic,ecstatic,assemblage,ECSTATIC,1
56070,Two lots of Mary Jane's brewing equipment,teapot,teapot,assemblage,KETTLE,0
34634,Fly down with courage,bluebottle,bluebottle,assemblage,PARACHUTE,0
126806,"On grass, ace for McEnroe?",superbrat,superbrat,assemblage,GRASSACE,0
47916,One sets off after Oxford University boat,outrigger,outrigger,assemblage,OXFORDER,0
15258,Entertain exploitation after morning session,amuse,amuse,assemblage,AMUSE,1
78503,"People on drug, which is backed",racehorse,racehorse,assemblage,PEOPLE,0
62666,The arms go round the cheeky little pet!,hamster,hamster,assemblage,PUPPETS,0
119560,"Doctor with a French infection, person in charge of member with very hard task",mountaintoclimb,mountain to climb,assemblage,HEAD OF DEPARTMENT,0
19298,"Boy, it's up and running in and out",tidal,tidal,assemblage,BOY,0
109035,"Old, not old - that's up to Wilfred",owen,owen,assemblage,YOUNG,0
127751,What young man may do in spring or autumn with current novel's revision,fallinlove,fall in love,assemblage,READ A BOOK,0
40346,Loss of moisture - v.p.,seepage,seepage,assemblage,DRYNESS,0
45390,"Given sheikhdom's capital, Manchester City, say, demonstrating power",steam,steam,assemblage,POWER,0
88077,"What queen has, sacrificing knight for rook",crow,crow,assemblage,CROWN,0
95294,Shakespearean character removing capital from country,olivia,olivia,assemblage,OTHELLO,0
95685,"Bill, leader up north",gateshead,gateshead,assemblage,BILLBOARD,0
26327,Wine reduction process is grating,portcullis,portcullis,assemblage,REDUCTION,0
57951,Movement that's in time runs to a climax,trend,trend,assemblage,FINAL,0
53278,Left back to stable horse - say Winter Warmer,eggnog,eggnog,assemblage,CIDER,0
5746,"Two things Charles is but Camilla isn't, in speech to deliver abroad?",airmail,airmail,assemblage,TWO-FACED,0
2945,"Well-spoken ""dirty rat"" with one copper behind",articulate,articulate,assemblage,ARTICULATE,1
126946,Demonstrated as cadet suggested?,actedout,acted out,assemblage,SHOWING,0
44030,Early English doctor went a distance in China for a bit of oyster,linacre,linacre,assemblage,SHUCKER,0
4845,Piece of furniture in which to put a kind of shirt,settee,settee,assemblage,CABINET,0
132827,Bill gets hair for players,actresses,actresses,assemblage,BILLBOARD,0
50518,Improving verse with song tutor,governess,governess,assemblage,VERSIFIER,0
99398,Co-operate with excavation feature,pitchin,pitch in,assemblage,TEAM UP,0
7947,Break impact with article in the Guardian,hiatus,hiatus,assemblage,CRUSH,0
105334,Angry female's wrath in lively exchange,crossfire,crossfire,assemblage,ALTERCATE,0
125160,"Old newspaperman, having admitted wrong, made a racket?",extorted,extorted,assemblage,SCOOPED,0
123772,Female king? The Spanish are ready,shekel,shekel,assemblage,MADAME,0
99603,Endorse Anglo-French compact,affirm,affirm,assemblage,ACCRED,0
3951,English region's acknowledgement to French,mercia,mercia,assemblage,NORMAN,0
130852,What overzealous Remainers do to expose support,outstay,outstay,assemblage,CAMPAIGN,0
44073,Runny mud brings forth small citrus tree,slime,slime,assemblage,LIMEY,0
9245,Hot area to west - American islands?,hawaii,hawaii,assemblage,TERRAN,0
83279,It ensures you won't be spotted having Christmas dinner,serviette,serviette,assemblage,DISGUISE,0
37658,A spaniel without one is more resilient,springier,springier,assemblage,SPANIEL,0
49099,World of society in care of doctors,cosmos,cosmos,assemblage,CIRCLE,0
122430,"Great work, primarily drama, ending in misery?",tragedy,tragedy,assemblage,TRAGEDY,1
135458,It's OK to run away before I get married,legitimate,legitimate,assemblage,DIVORCEES,0
141196,"Like posh children occupying seats, every other one being taken",suchas,such as,assemblage,POSH,0
24581,Take home relative of castaway as christened,robinson,robinson,assemblage,NAMESAKE,0
98986,"Do without starter - entering, order ungarnished beef",complaint,complaint,assemblage,ABSTAINED,0
12004,Vote for all but wealthy to be charged,electric,electric,assemblage,VOTABLE,0
92561,Young pig served with decoration of the highest quality,giltedged,gilt edged,assemblage,PIGLET,0
139998,One's not self-sufficient creating work that's bound to be finished,coauthor,co author,assemblage,CO-DEPENDENT,0
70626,Overfish in Essex?,ongar,ongar,assemblage,ESSEX,0
81269,"Cleaner faces ruin, hooked on dope and heroin",dishcloth,dishcloth,assemblage,CLEANERS,0
13380,"""English trees"" provides solution",eyewash,eyewash,assemblage,SOLVED,0
86932,Wear judge is unsure about claiming?,ermine,ermine,assemblage,CLOTHS,0
60225,Russian leader starts to ignore very able negotiator,ivan,ivan,assemblage,CZAR,0
42825,"Flattery works with neighbours, for example",soapopera,soap opera,assemblage,PATSY JOB,0
136344,Degas evacuated and bathed before putting big picture in bog,swamplands,swamplands,assemblage,ABATTOIR,0
28406,Figure that sounds like a ruin and a mess,rectangle,rectangle,assemblage,FIGURINE,0
100178,Cricketer picks up retainer,fieldsman,fieldsman,assemblage,WICKETKEEPER,0
75149,Composer with chart entry devoid of skill - it's hot!,scorcher,scorcher,assemblage,BACHAR,0
6606,Curse managerial salary?,execrate,execrate,assemblage,ANATHEMA,0
94412,Failure turning blue with effort can be determined,resoluble,resoluble,assemblage,DETERMINED,0
59447,"Presumably, I get a lift during this tour",egotrip,ego trip,assemblage,ON TOUR,0
52752,It's binding on official intelligence,redtape,red tape,assemblage,OFF ICE,0
44333,Restraint shown by worker on strike,handcuff,handcuff,assemblage,RESTRAINT,0
84315,Service men who have a job to do,taskforce,task force,assemblage,SERVICEMEN,0
85454,Main reason for horse being tired?,overriding,overriding,assemblage,EXHAUSTION,0
32336,"Crime, given time, partner of rhyme",treason,treason,assemblage,CRIMSON,0
115746,More cross southern river to rest in old city,surlier,surlier,assemblage,RESTORER,0
113230,Graft in turning around company - advanced without union,inoculate,inoculate,assemblage,CORRUPTED,0
21905,Vow by Liverpool's first pop star?,idol,idol,assemblage,LID,0
22018,Incontinent cows showing lack of power of voluntary motion,akinesia,akinesia,assemblage,COWSICK,0
21032,"Bird to sing, missing note",chat,chat,assemblage,WREN,0
27314,Top aid for sailor surviving,extant,extant,assemblage,LIFEAID,0
2184,A lot of jealousy over one's final words,envoi,envoi,assemblage,ELOPE,0
40789,Scales line to intellectual storehouse,library,library,assemblage,LIBRARY,1
36556,"Edward, gent at heart, in paradise",eden,eden,assemblage,EDEN,1
61132,The brother from Rome with fellow medallist in Devon,ilfracombe,ilfracombe,assemblage,BROTHERHOOD,0
124328,Fire fellow following foolishness,gooff,go off,assemblage,ON FIRE,0
85882,One-night stand with heartless girl points to something that may be catching,giggles,giggles,assemblage,FLUENCY,0
103210,Firm currently in recession secured by industry,hardwon,hard won,assemblage,FIRM,0
115984,"Communist council among, also, Vietnamese",soviet,soviet,assemblage,COUNCIL,0
131887,Bump into noisy old birds making pub grub,meatpies,meat pies,assemblage,PUB FOOD,0
33607,Drawback in pudding produced later,afterwards,afterwards,assemblage,DOWNSIDE,0
74614,Religious community slaughtered sheep,ashram,ashram,assemblage,COVEN,0
29588,"In clutches of sex god, model meets copper",basemetal,base metal,assemblage,GOD MODEL,0
52415,Crop to whip animal,bobcat,bobcat,assemblage,WHIP,0
21036,"Deny turning, through time, into corrupt being",degenerate,degenerate,assemblage,DEGENERATE,1
36013,Lawyer getting thanks for information,data,data,assemblage,INFO,0
133539,Basic stripping of crude mimes and arty frolics,rudimentary,rudimentary,assemblage,MIMICRY,0
87232,Token role for opposite number,counterpart,counterpart,assemblage,COUNTERPART,1
53045,Fish got cut,haddock,haddock,assemblage,TROUT,0
86523,"Out of military uniform, free to ignore their leaders",mufti,mufti,assemblage,LEAD,0
112702,"Under custody with fixed amount of food, eating cold porridge",incarceration,incarceration,assemblage,CONFINEMENT,0
9447,Angry leader left one singing in Penzance,irate,irate,assemblage,FURY,0
17252,Hibernian leader lost by goddess,iris,iris,assemblage,HERA,0
73349,Poet of the sweet spring has direction about tree,nashe,nashe,assemblage,POETS,0
14701,Range of particular faculty so heartbreaking?,earshot,earshot,assemblage,SPECTRUM,0
136580,"Proceed unsteadily round bed, muffling soft sound",copperbottomed,copper bottomed,assemblage,WOBBLING,0
75551,"I'm going to a concert and put off, if unrehearsed",impromptu,impromptu,assemblage,IMPROMPTU,1
99841,Back-to-front child keeps Anglican journalist at home writing a record of what has gone on,proceedings,proceedings,assemblage,DIARIST,0
91890,"A heartless lie, trouble for lover",aficionado,aficionado,assemblage,RELATIONSHIP,0
60492,Israel supports law enforcement agency's territory,possession,possession,assemblage,JURISDICTION,0
29762,Drip through steeple,perspire,perspire,assemblage,STEEPLE,0
49074,Thing transported by driver could be for an entertainer,nightclub,nightclub,assemblage,CARTOONIST,0
63152,Influence of the Guardian - or what keeps it down,paperweight,paperweight,assemblage,INFLUENCE,0
65698,Murderer taking taxi home after disposing of bishop,cain,cain,assemblage,KILLER,0
12622,Strip joints on time,divest,divest,assemblage,STRIP,0
115732,Large amount of power fast leading to end of liberty,plenty,plenty,assemblage,POWER,0
105773,"Failed to improve and defeated at Stamford Bridge, say",lostground,lost ground,assemblage,CAME LAST,0
116760,Whack pithy American in London,battersea,battersea,assemblage,SMACKDOWN,0
80585,Mammoth prank after rock concert,gigantic,gigantic,assemblage,MAMMOTH,0
14651,"With two sovereigns to pay back, 'e's made Primate of the Rock",barbaryape,barbary ape,assemblage,ARCHBISHOP,0
137881,"European earned rent, having boosted self-image",egotripped,ego tripped,assemblage,SELF ESTEEM,0
141624,Expert is left gambling on dollar with no gain,profitless,profitless,assemblage,DEFEATIST,0
40650,Lord Mayor says detective gets battering in Freetown,dickwhittington,dick whittington,assemblage,MAYORALTY,0
18387,Means of defence gets hot with top off,arms,arms,assemblage,MEAN,0
39649,Mole takes snack next to river,pier,pier,assemblage,MOUSE,0
133495,Ecstasy over Republican tirade going wrong,errant,errant,assemblage,RAMPAGE,0
100203,Additional area in shop for ceramics,stoneware,stoneware,assemblage,ADDITIONAL,0
58615,Admit in different order to bay,inlet,inlet,assemblage,ADMIT,0
804,Vicar has no head for crime,arson,arson,assemblage,VICAR,0
73700,Witty reference to office accident? Point taken,apercu,apercu,assemblage,WITTY,0
113017,Key exercise to cut pound?,opener,opener,assemblage,KEYED,0
132803,Sailors turn on way and head for folly,absurdness,absurdness,assemblage,SAILORS,0
91870,"Liberty, perhaps, to keep free - we must go back to prison",bridewell,bridewell,assemblage,LIBERTY,0
53315,Trajectory of missile soldier shot high in air over area,parabola,parabola,assemblage,TRAJECT,0
130210,"Small gimmicky articles - book matches, for example?",novelties,novelties,assemblage,GIMMICKS,0
34430,Identification mark of one from a set that's incomplete,badge,badge,assemblage,MARKS,0
119649,Extra large fungus,morel,morel,assemblage,LARGE,0
37055,An ass in the city,antwerp,antwerp,assemblage,ASSIST,0
108114,Complaint of composer about old letter E,backache,backache,assemblage,COMPLAINT,0
78495,Umra and hadj regularly supported by one Muslim leader,mahdi,mahdi,assemblage,UMRAH,0
129009,"Change of leader to blame, innit?",briticism,briticism,assemblage,BLAMELESS,0
79539,Weak-minded one's expression of annoyance going up to work,dotard,dotard,assemblage,DITHER,0
115567,Waterproof items the woman's put on to travel round a lake,galoshes,galoshes,assemblage,WATERPROOF,0
82860,Resilient component of bridge close to motorway,rubbery,rubbery,assemblage,RESILIENT,0
53263,Cut up about ear-related fancy goods,exotica,exotica,assemblage,CUTLERY,0
57330,Borrow from boyfriend to hear orchestral soloist,oboe,oboe,assemblage,LEND,0
87552,Act evasively with royal donors in the gallery,tergiversate,tergiversate,assemblage,CIRCUMVENT,0
40899,He stops lying and touching gentleman up,riser,riser,assemblage,GENT,0
126777,"Attracted by inconclusive result in game, not settled",drawnto,drawn to,assemblage,DRAWN,0
83269,"One travelling late, a shade before Amber picked up yours truly",redeye,red eye,assemblage,RUNNING,0
53941,Director concerned with a certain type of film,renoir,renoir,assemblage,MOVER,0
129653,Sit exam - holding it back is extremely silly,dottiest,dottiest,assemblage,SILLINESS,0
83974,Duke leaving country in Greek liner might cross it,atlantic,atlantic,assemblage,DILEMMA,0
63017,Unable to love choral music,canto,canto,assemblage,CHOIR,0
31617,Notice the opening coming,advent,advent,assemblage,NOTICE,0
43143,Sacking personnel extremely ready for operation?,plunder,plunder,assemblage,DISMISS,0
113061,"Support liable to fold and, in former times, seized by intractable troubles",concertinatable,concertina table,assemblage,SUPPORTING,0
16446,Avaricious type like godhead coming in earlier after greedy principal,golddigger,gold digger,assemblage,GREEDY,0
131731,"Guardian's put through edited parody, being sorry?",ibegyourpardon,i beg your pardon,assemblage,I'M SORRY,0
28898,"Sounding catarrhal, perhaps, like Rubens?",flemish,flemish,assemblage,CATASTROPHIC,0
67126,Dowdy from beginning to end,frump,frump,assemblage,DOWDY,0
118620,Old roses oddly lacking in scent in New York,odorless,odorless,assemblage,ROSEMARY,0
75383,A man on board remains,ashes,ashes,assemblage,STAYS,0
8601,Incident for which there's still time,event,event,assemblage,EVENT,1
128,Complaint as regards public transport,eyestrain,eye strain,assemblage,BUS PASS,0
91702,Many politicians wish they were so gorgeous,delectable,delectable,assemblage,POLITICIAN,0
27088,Precious little time ahead,twee,twee,assemblage,LITTLE,0
48054,Fasten colour in ranks,tiered,tiered,assemblage,STRING,0
122685,Weep over a southeast river,cray,cray,assemblage,WEIR,0
31963,Spray for special dress,sprig,sprig,assemblage,SPRAY,0
103075,Relationship's come to an end and put off indefinitely,sinedie,sine die,assemblage,LONG TERM,0
48220,England takes a long time to win,engage,engage,assemblage,ETERNAL,0
48107,"One who's missing a get-together for a spell, possibly outside broadcast?",absentee,absentee,assemblage,ABSENTEE,1
109004,Police call for attention vigorously like this,billyo,billy o,assemblage,CALLING,0
46879,String player not good person - or inspired musician,corelli,corelli,assemblage,GUITARIST,0
5114,Little swimmer is away from the King and Queen,elver,elver,assemblage,MINNOW,0
12528,What makes Trent's last marine mammal stagger?,totter,totter,assemblage,TREMOR,0
45453,Priest almost always found to be right in book,recto,recto,assemblage,RIGHTS,0
82517,Winds up clock initially and then forgets,closes,closes,assemblage,REWINDS,0
62084,"Characteristic of a rogue, taking umbrage over responsibilities",picaresque,picaresque,assemblage,REPROACHES,0
77018,Style displayed by a retired European senior army man,artdeco,art deco,assemblage,OLD SCHOOL,0
124151,Radical vehicle young man left outside Number Ten,carboxyl,carboxyl,assemblage,LIMOUSINE,0
15267,Depraved noble doesn't begin to accept proposal for coastal walk,esplanade,esplanade,assemblage,NIGHTMARE,0
33362,The Spanish calf's head is thus served up on a plate,ossicle,ossicle,assemblage,TORTILLA,0
37565,Essential solution sees priest kiss taxmen once,elixir,elixir,assemblage,RECEIPT,0
129592,What scientific theory may be established in columnar layout?,testable,testable,assemblage,HYPOTHESIS,0
82540,Mark for every run,scarper,scarper,assemblage,MARKING,0
114351,"Miss, female, follows vessel into open space",mournfor,mourn for,assemblage,SPACE ODD,0
59779,Officer has association with us at work,colleague,colleague,assemblage,COLLEAGUE,1
54388,"Play's opening: in the lead, having knocked back drink, Herbert Tree starts",firstnight,first night,assemblage,FIRST NIGHT,1
59008,"Vehicle condition needs attention, back to front",estatecar,estate car,assemblage,SICK CAR,0
93669,Congenital idiot starts taking note round the fleet,inborn,inborn,assemblage,MORON,0
51737,Britain is short of funds - there are problems here,blackspot,black spot,assemblage,CASH STRAP,0
22668,Conceal an increase in the premium?,coverup,cover up,assemblage,HIDE OUT,0
126763,Part of train with kind of light meals provider,carvery,carvery,assemblage,CATERER,0
107378,Yet he enjoys some standing at meetings,chairman,chairman,assemblage,CHAIRMAN,1
55613,Growth of Manchu students carrying little weight,fungus,fungus,assemblage,GROWTH,0
137674,Move bottom and dance where bars have swingers who score?,tablefootball,table football,assemblage,DANCE HALL,0
132454,"Fall in love, yet become discouraged",loseheart,lose heart,assemblage,FALL OUT,0
128042,Sole scourers - cat without tail around its prey?,pumices,pumices,assemblage,SCAVENGER,0
104839,"Russian dish baked without filling, virtually inedible at first",blini,blini,assemblage,BLINI,1
5448,"Run gas through emptiest empty space, backwards",aerate,aerate,assemblage,GASSED,0
141763,Fashion worth wearing in the event,hammerthrow,hammer throw,assemblage,FASHION,0
114511,Poet has single girl introduced to mountain climbing,rossetti,rossetti,assemblage,KILIMANJARO,0
1644,It involves places and composition,landscape,landscape,assemblage,GEOGRAPHY,0
116945,"Nun, scratching head, pegs out smalls",undies,undies,assemblage,NUNS,0
71179,Tom's cry of derision,catcall,catcall,assemblage,TOMMY,0
12187,Catch sight of clairvoyance unknown,espy,espy,assemblage,SEER,0
94332,"Wander over island, one in NZ",maori,maori,assemblage,ROTOR,0
115079,"Wasted away as a left back at Hyde, say",atrophied,atrophied,assemblage,EMACIATED,0
128427,Society's outsiders moved quietly in a heartbeat,systole,systole,assemblage,PULSE,0
16117,Able to tune radio set at last,adroit,adroit,assemblage,TUNED,0
77464,Boy is given time to leave off,desist,desist,assemblage,BOYISH,0
21431,Impressive record once in charge,epic,epic,assemblage,EPIC,1
31789,A third of close relations requires just a little spin?,triplet,triplet,assemblage,RELATES,0
102824,Britten opera poster put up by posh churchman,billybudd,billy budd,assemblage,PETER GRIMES,0
54416,Temperature taken by measurement with voided mercury ruler,ptolemy,ptolemy,assemblage,THERMAL,0
19468,Contributor to the Listener committing a murder,eardrum,eardrum,assemblage,ASSASSIN,0
20409,Independence ultimately ain't so bad for the country,estonia,estonia,assemblage,NATION,0
110644,"Ruffians on holiday, blubbing?",tearaways,tearaways,assemblage,RASCALLY,0
7137,Computer program overturned current operations research,editor,editor,assemblage,PROGRAM,0
112064,Silly fashion upset head of textiles,daft,daft,assemblage,FAD,0
55838,"Lift has yet to arrive, stuck on ninth in skyscraper",elate,elate,assemblage,ELEVATOR,0
44704,Trouble-making name in Webster's duchy on hill in springtime,inflammatory,inflammatory,assemblage,NAMESAKE,0
76327,American largely ignored by people showing judgement,acumen,acumen,assemblage,CRITIC,0
1430,Slug with tail squashed by French politician,gaullist,gaullist,assemblage,SNAIL,0
43192,German siren from tradition that is left over,lorelei,lorelei,assemblage,SIREN,0
10816,"Plant flower, heading off to record store",tamarisk,tamarisk,assemblage,CARNATION,0
66793,In a trice English graduate gets a bug,amoeba,amoeba,assemblage,INSECT,0
19135,Neat attendant,cowherd,cowherd,assemblage,NEATLY,0
1717,Bread for man with central heating,chapati,chapati,assemblage,BAGUETTE,0
4523,Soldiers' miserable time is up,troop,troop,assemblage,GRIMY,0
10880,Mother gets on for Mars,damages,damages,assemblage,MARTIAN,0
59910,Two-part choral work has no place for heartless imp of a boy,anthony,anthony,assemblage,CANTATA,0
91985,Hornby novel abridged for electronic reproduction,hifi,hi fi,assemblage,HP,0
74701,A secret service once pursuing an American Church Father,anastasius,anastasius,assemblage,AUGUSTINE,0
94492,Blush like a wanton unlikely to run,colourfast,colourfast,assemblage,FLUSHING,0
0,Many see through collapse,crumble,crumble,assemblage,MIRAGE,0
112971,Rate of one cheeky bash at a classic cuckold,amphitryon,amphitryon,assemblage,RATINGS,0
102848,Compound at Calais is about to be reinstated,ester,ester,assemblage,TROIS,0
16816,People in A&E returned to get liquid injected,enema,enema,assemblage,ELECT,0
45616,Second-best comic,scream,scream,assemblage,SECOND,0
134664,Person with fancy lace cuff,manacle,manacle,assemblage,PERSON,0
118419,"""Surveying for First Great Eastern lines,"" Yeats begins",geodesy,geodesy,assemblage,SURVEY,0
52114,The French are after refreshing quiet drink,tequila,tequila,assemblage,REFRESH,0
11348,Auto brand succeeded with a change of direction,saturn,saturn,assemblage,HONDA,0
13043,Winner has the courage to drink heavily,hitthebottle,hit the bottle,assemblage,GOT THE,0
28785,A way to mount opera in arenas,stadia,stadia,assemblage,OPERA,0
79940,Where to see stars a short time before song on stage,planetaria,planetaria,assemblage,ASTRONOMY,0
62385,Complaint on farm that is behind a bit,scrapie,scrapie,assemblage,COMPLAINT,0
142244,Crow loses tail and several feathers around neck,boas,boas,assemblage,CROW,0
75980,"Once together on paper, briefly",atonetime,at one time,assemblage,ON PAPER,0
124472,"Bad drink and grub, oddly, it's wrong to send back",gutrot,gut rot,assemblage,BAD,0
17784,King's playable after one club,iron,iron,assemblage,KING,0
11318,Entrance of a victorious procession curtailed,atrium,atrium,assemblage,ENTRANCE,0
76814,British people giving support,brace,brace,assemblage,BRIT,0
55769,Information going to one boy is applicable to the whole class,generic,generic,assemblage,INFORMATION,0
7693,Fruit starters for office lunch in vegetarian eatery,olive,olive,assemblage,FRUIT,0
67070,"It''s grating to be a bore, but not new",grid,grid,assemblage,BORE,0
57862,Start again from the River Meuse,resume,resume,assemblage,MEUSE,0
22992,Constant desire to cut old hag's head off,itch,itch,assemblage,WANT,0
64616,Spook horse in show with mike,phantom,phantom,assemblage,GHOSTLY,0
117946,Long sleeper had to rent carrier with shellfish,ripvanwinkle,rip van winkle,assemblage,LUMP ON A LOG,0
127740,"Wind in vet, behind producing air",ventilate,ventilate,assemblage,VENTILATE,1
6540,"Vivid in future, possibly",intense,intense,assemblage,VIVID,0
109531,"Element producing revulsion, added to sulphur",sodium,sodium,assemblage,ELEMENT,0
134715,Insular Spaniard former PM is able to set right,majorcan,majorcan,assemblage,CABRERA,0
129584,Helping upset diva with heartless apology,advisory,advisory,assemblage,AIDING,0
137952,Gracious Evita reportedly turned up to embrace workers,operatives,operatives,assemblage,CIVILIZED,0
94778,Stick with sweet lines about love and end of hostility,lolly,lolly,assemblage,STICK,0
34981,Architectural features of poor housing received by the lower classes,prostyles,prostyles,assemblage,GABLES,0
79039,What might go woof soundly sat on by wild bird,stormypetrel,stormy petrel,assemblage,WILD GOOSE,0
107516,"Church leader, passionate primate, good for providing snifter",chotapeg,chota peg,assemblage,BISHOP,0
101660,Form of estate agent's brochure?,semicircular,semicircular,assemblage,BROCHURE,0
1325,God's big flag,osiris,osiris,assemblage,BANNER,0
105356,"Pitch-black object with backing left to sin, a naughty boy",tarbarrel,tar barrel,assemblage,BLACK SHEEP,0
29112,The dashing criminal's source of poison?,nightshade,nightshade,assemblage,DASHING,0
6216,Visionary childhood?,infancy,infancy,assemblage,VISION,0
28508,"It's this or nothing at breakfast, say",oatmeal,oatmeal,assemblage,CEREAL,0
80349,Soldier's gone for a meal,repast,repast,assemblage,DINNER,0
21513,Hands out pen from a simple case,openandshut,open and shut,assemblage,GIVE OUT,0
114825,Be critical about an expert supposedly solving everything,panacean,panacean,assemblage,CRITICAL,0
16363,Obvious successor holds a broadcast,overtheair,over the air,assemblage,NEXT IN LINE,0
68940,"Army retreat, then change direction to do this",attack,attack,assemblage,RETREAT,0
141337,Frustrated European loudly had sex,checkmated,checkmated,assemblage,FRUSTRATED,0
28256,Badgers - burrowers needing way in,molests,molests,assemblage,BADGERS,0
25856,Small man backing boss on sacred lotus,nelumbo,nelumbo,assemblage,LOTUS,0
72407,Defective gun's all right inside,broken,broken,assemblage,GUNS,0
117902,"Phone call by layabout (""I'm disgusted"") evokes profound amusement",bellylaugh,belly laugh,assemblage,CALL BACK,0
98735,Pressurise as insurance against missing church,coerce,coerce,assemblage,PRESSURE,0
60427,Bluff queen sent back liquor - about a litre,bamboozle,bamboozle,assemblage,CARTOONS,0
73881,Country base that is without a castle,eire,eire,assemblage,BASE,0
26869,Bows and scrapes to obtain indications of approval,fiddlesticks,fiddlesticks,assemblage,SUBMISSIONS,0
99678,Desires half my wages,yearnings,yearnings,assemblage,WISHES,0
81712,Bend put straight inside which to rule sheets,bedlinen,bed linen,assemblage,THE PAPER,0
16610,"Prepare to take off tons, one by one",taxi,taxi,assemblage,PLAN,0
65650,Plaster for minor injuries standing firm,stucco,stucco,assemblage,BANDAGE,0
132215,Old money is securing items of furniture - is one for an Italian friar?,francisofassisi,francis of assisi,assemblage,"LIRA, A, CASSOCK",0
79285,Rex remains impulsive,rash,rash,assemblage,KING,0
31006,Board has positive answers from two Europeans,ouija,ouija,assemblage,BOARD,0
55821,"Rodents party, beginning to munch through cereal",dormice,dormice,assemblage,MICE,0
96379,Puffer with little weight of matter,grampus,grampus,assemblage,ATOMIC,0
69968,Las Vegas employee with a worse lung problem?,croupier,croupier,assemblage,CASINO,0
37965,Top military support secret police,brass,brass,assemblage,AGENT,0
7319,Look at ways to get peers assembled,lords,lords,assemblage,EYES,0
137321,Commonwealth leader shot - very good one!,turnbull,turnbull,assemblage,GANDHI,0
121425,An imposing character - one of Kafka’s - producing type of missile,antitank,anti tank,assemblage,KAFKAESQUE,0
127498,"Jumper might go over this, missing tie",skippingrope,skipping rope,assemblage,SWEATER,0
113811,African gets the gist with Scotsman,nubian,nubian,assemblage,AFRICAN,0
138409,"Shiny fabric worn in alluring style, ultimately",goldlame,gold lame,assemblage,SILK DRESS,0
135479,Forces people to take food here,messhall,mess hall,assemblage,HARD TACK,0
87573,Unduly pleased with the south face,smug,smug,assemblage,SMUG,1
39549,Antique chair that's broken must be taken into account,archaic,archaic,assemblage,CHAIR,0
6912,Most wealthy independent church to be still around,richest,richest,assemblage,RICHES,0
78801,"Anyone's game, as Manx cat and cat back to back",tossup,toss up,assemblage,ANY OLD,0
18626,Genius of story books,talent,talent,assemblage,WIZARD,0
35138,Building weapon unleashes anger,farm,farm,assemblage,BOMB,0
141896,Bar gets this for beggar that's like a frustrated bird,eggbound,egg bound,assemblage,BARREL,0
98105,Learning about waterfall in part of France,lorraine,lorraine,assemblage,LEARNING,0
132566,Belittle liberal mad to enter fight over leadership in House,badmouth,bad mouth,assemblage,LAP DOG,0
83812,Far-reaching reduction in military establishment,deepcut,deepcut,assemblage,DRASTIC,0
39742,"Duck, plump and mouth-filling",orotund,orotund,assemblage,GEESE,0
125128,"Rule out piece of Chopin, say, covering his head",preclude,preclude,assemblage,CHOPPING,0
38681,"Fruit here, or vegetable",orchard,orchard,assemblage,RHUBARB,0
123744,"A round game, perhaps",cuptie,cup tie,assemblage,TOP DOG,0
75044,Sweet to laze around - I need a fizzy drink,lollipop,lollipop,assemblage,SODA POP,0
75977,Make good porridge together,atonetime,at one time,assemblage,DOING WELL,0
83180,Scratch is beginning to sting,startingpoint,starting point,assemblage,ITCHING PAIN,0
35625,Girl Adler treated in church,cathedral,cathedral,assemblage,DAUGHTER,0
129495,"Look up fish at university in France, a mythical creature",loupgarou,loup garou,assemblage,LOCH NESS,0
125864,"Novel that's hilarious, one getting thanks",lolita,lolita,assemblage,COMEDY,0
47705,"Quiet seaman gets by, looking scruffy",shabby,shabby,assemblage,SAILOR,0
5851,We're told to record a metre as aid to calculation,logarithm,logarithm,assemblage,CALCULATION,0
109445,Vegetable raised in some confusion at Goodwood events,motorraces,motor races,assemblage,SWEET CORN,0
56807,"Not this piece for piano, therefore",another,another,assemblage,NOTES,0
86413,Lump?,plumduff,plum duff,assemblage,COLD ROCK,0
16878,"Covert socialist, extremely rich, in want of a wife",stealthy,stealthy,assemblage,COVERTLY,0
99115,It is appealingly drawn on the lid,eyeliner,eyeliner,assemblage,LIDLESS,0
70810,Skill of the Ettrick Shepherd? His literacy had its uses,hoggart,hoggart,assemblage,SHEPHERD,0
98353,He teaches people to revere leader,mentor,mentor,assemblage,RESPECT,0
126182,Villain that might create problem in camp,badguy,bad guy,assemblage,BAD APP,0
21507,Playschool subject? It's an outrage!,scandal,scandal,assemblage,SCANDAL,1
127260,"Vessels, any number, in bay for time of celebration",burnsnight,burns night,assemblage,PARTY BOAT,0
81023,A little wind makes your head swollen,puffy,puffy,assemblage,PUFFY,1
50994,Snug place for young foxes?,cubbyhole,cubbyhole,assemblage,DENNING,0
136945,"Bishop, say, tries fruit",mangoes,mangoes,assemblage,BISHOPS,0
11010,Be a gymnast and take drugs,dope,dope,assemblage,DOPE,1
107837,Jumper for Nellie the Elephant - or where she performed?,bigtop,big top,assemblage,TOP BOX,0
44616,Sleeveless jacket won't do for this family identification?,coatofarms,coat of arms,assemblage,COAT OF ARMS,1
64958,"A letter P's compound, potassium compound",saltpetre,saltpetre,assemblage,POTASSIUM,0
131396,Competing boxer's seconds question almighty setback?,showdog,show dog,assemblage,SET BACK,0
80011,American friend seen around university most of the time,usually,usually,assemblage,CONSTANT,0
76385,"Rent hotel or school in south-east Clydesdale, for one",shirehorse,shire horse,assemblage,SCHOOL BUS,0
82896,"English team having drawn, no one left",exited,exited,assemblage,ENGLAND,0
116563,Mammoth starter unfortunately brought up is sausages,salamis,salamis,assemblage,BANGERS,0
103534,Oxygen carrier left next to prison,redcell,red cell,assemblage,GAS CAN,0
82295,I'm heading for exit after old bag becomes ex,onetime,one time,assemblage,OLD BAG,0
90955,Trumpeters appearing in county after Brazilian player's brought back,elephants,elephants,assemblage,TRUMPETER,0
137912,Conservative strongly backing demand,callfor,call for,assemblage,CALL FOR,1
73802,Preceding to enter by gate at the front,going,going,assemblage,PRIOR,0
87982,Not expecting the girl to have the goods,unawares,unawares,assemblage,UNEXPECTED,0
76048,Test space craft with no tail,challenge,challenge,assemblage,ASTRONAUT,0
103377,Composer appearing after end of last movement,travel,travel,assemblage,BACH,0
77546,Vegetable served after a special introduction to Alan Sugar backfired,asparagus,asparagus,assemblage,CAULIFLOWER,0
98788,Writer flipped over opening to last part of play,tolstoy,tolstoy,assemblage,AUTHOR,0
119171,Start putting fresh lead on carpet,kickoff,kick off,assemblage,LEAD IN,0
3381,Up-to-date cultivation of the soil?,tillage,tillage,assemblage,TILLAGE,1
24068,Thickening painful growths put end to gout on part of foot,cornstarch,cornstarch,assemblage,THICKENING,0
41480,"Given backing, heavyweight behind strong bid",notrump,no trump,assemblage,ON BID,0
102483,French fighter's motorway madness,mirage,mirage,assemblage,FIGHTER,0
97769,Hesitation about having booze served at front of gallery buildings,realestate,real estate,assemblage,ART GALLERIES,0
20415,An attractive item that has nothing of interest to a motorist,magneto,magneto,assemblage,MAGNETIC,0
40137,Animal refuge that is about right for a certain group,coterie,coterie,assemblage,SANCTUARY,0
87912,"Short jacket for male in fake fur, worn by comic",bumfreezer,bumfreezer,assemblage,BOMBER JACKET,0
115744,Insect on animal's a source of annoyance,bugbear,bugbear,assemblage,NUISANCE,0
46446,Contractor's footnote on tick,triceps,triceps,assemblage,SUBCONTRACT,0
19903,Desiring change in location close to fighting,ringside,ringside,assemblage,WANDERING,0
88814,He wrote Cleopatra's reported reply to Antony's asking if she was still faithful?,omarkhayyam,omar khayyam,assemblage,SHAKESPEARE,0
30385,Frame Dave's mate - relatively finished!,chassis,chassis,assemblage,FRAMED,0
41890,Incite prison in revolt,stirup,stir up,assemblage,STIR UP,1
88056,Fabric occupied a building,satin,satin,assemblage,CLOTH,0
46609,"A Nepalese, say, is earnest about monarch",easterner,easterner,assemblage,SERIOUSLY,0
128690,Gather work is put to use again,reapply,reapply,assemblage,REWORK,0
12925,Seer turning coy on investigation,research,research,assemblage,INQUIRY,0
31876,Preserve grim sincerity,candour,candour,assemblage,SAVING,0
985,"Cook red beef, not an insect",chef,chef,assemblage,BEEF,0
85602,French mediator's argy-bargy,fracas,fracas,assemblage,MEDIATOR,0
14889,Home provided for a pound for quiet creature about to be so!,almshouse,almshouse,assemblage,SILENTLY,0
93629,Went for the green finish on household range,drove,drove,assemblage,WENT,0
85131,Altogether Ben fails to set up pass,enbloc,en bloc,assemblage,TO DO,0
84857,Immature aloofness almost leads to beauty,childish,childish,assemblage,NAIVETY,0
52860,The heart of a German city church,essence,essence,assemblage,DORTMUND,0
1538,"Girl who makes you nearly glow, then look back",gloria,gloria,assemblage,GLOWY,0
119218,"Get dad drunk, say, involving a couple of parties",bipartite,bipartite,assemblage,DADGUMIT,0
94357,Reproducer of Trojan holding note at a pub,hectograph,hectograph,assemblage,REPRODUCER,0
91889,Fan finds trouble follows a heartless lie,aficionado,aficionado,assemblage,FANATICAL,0
6738,"Sky thus clearer, as university sportsman runs",bluer,bluer,assemblage,CLEAR,0
76746,One book on birds for advanced students in America,internes,internes,assemblage,TEXTBOOK,0
76100,University in conservative soap opera setting,cambridge,cambridge,assemblage,CORNELL,0
91254,Colour purplish brown won't begin to be cut,reduce,reduce,assemblage,PURPLE,0
110946,Non-illuminated bend up front leads to the opposite,sunlit,sunlit,assemblage,BENDY,0
43854,"Hastened, say, to climb Alps?",range,range,assemblage,RACED,0
65071,Boyfriend getting girl doctor to change rota,inamorato,inamorato,assemblage,GIRLFRIEND,0
53004,Disagree with long pronouncement in paper,takeissue,take issue,assemblage,WORD PLAY,0
97786,Ridicule the regional tableware,teaset,tea set,assemblage,CUP OF,0
137651,Vehicle manoeuvre - real comedy act?,rightturn,right turn,assemblage,CAR COMEDY,0
19437,"Our Wednesday, or a godlike ""duck noise"" joke",odin,odin,assemblage,OUR,0
99592,Male facing stress when leaving US city,memphis,memphis,assemblage,MALE,0
27800,"Abroad, confused between left and right",labrador,labrador,assemblage,ABROAD,0
7984,"Neat shot, though not centred with precision",nicety,nicety,assemblage,SHOOT,0
72062,"Hardwood - pine, say - pleasant when toasted",teacake,teacake,assemblage,PINEAPP,0
125309,Boy born on top of stretcher?,brick,brick,assemblage,STRET,0
118913,Vehicle on notable run aiming to be eco-friendly,carbonneutral,carbon neutral,assemblage,ECOCARS,0
136300,"People of power head south, drinking old red wine",potentates,potentates,assemblage,WINELOVER,0
135834,Is linked by time? That's extremely premature,hastiest,hastiest,assemblage,PREMATURE,0
131353,Bar Venice? Split the drink between the three of them,adriaticsea,adriatic sea,assemblage,BARISTA,0
29065,Mad behaviour of people on the way,roadrage,road rage,assemblage,MADCAP,0
41194,Goddess makes man survive,hebe,hebe,assemblage,GOD,0
72432,Old magistrate about the day before,reeve,reeve,assemblage,MAGISTR,0
24494,Cooked eel with crackers is basic,elemental,elemental,assemblage,CRACKERS,0
52564,Character against drink,chianti,chianti,assemblage,CHARACTER,0
115385,Put up with nothing short of Asian island,borne,borne,assemblage,BALI,0
52677,"Gates, maybe, soft before time",pearly,pearly,assemblage,GATES,0
21040,Quality of King and Queen recognised in very many quarters,sereneness,sereneness,assemblage,QUALITY,0
60364,Put on weight and looked older,staged,staged,assemblage,AGED,0
61310,Just buying and selling,fairtrade,fair trade,assemblage,TRADING,0
43886,Luxembourg possesses a capital,lhasa,lhasa,assemblage,LUXE,0
72983,Good man consumed by power,state,state,assemblage,MAN,0
107993,Key to weakness revealed outside our scene of action,courtoflaw,court of law,assemblage,KEY TO,0
67992,"Deliberately crash into vehicle, knocking piece off front",ram,ram,assemblage,RAM,1
87497,Motley beast or bad boy once,assorted,assorted,assemblage,ROGUEISH,0
134298,Director backing Britain? Jolly good fellow!,kubrick,kubrick,assemblage,BARDIC,0
139240,Fail badly with a Japanese verse,tanka,tanka,assemblage,HAIKU,0
70032,Left sheet listing one's financial assets,portfolio,portfolio,assemblage,ASSETS,0
48518,"Snooping, a small number make notes",nosing,nosing,assemblage,SNOOPS,0
2505,Couple stop as way to end a game of tennis,tiebreak,tiebreak,assemblage,DOUBLES,0
110950,Got back to front,regainedthelead,regained the lead,assemblage,BACK TO FRONT,0
81286,So not about to be given sequence of notes to follow?,tonedeaf,tone deaf,assemblage,SO NOT,0
31800,Upending tin over most of spicy Mexican food,nacho,nacho,assemblage,TACOS,0
108770,"Firm slice finds corner, say",setpiece,set piece,assemblage,COLD CUT,0
466,This gauges resources and signifies a river,meanstest,means test,assemblage,RIVER BED,0
94556,Shop closing early before mass attack,storm,storm,assemblage,STORE,0
49880,Irishman in charge of Scottish club,celtic,celtic,assemblage,CELTIC,1
46282,One to pour out wine for starters,antipasti,antipasti,assemblage,SOMMELIER,0
42638,Drinker of rum and winter warmers will get liver damage,longjohnsilver,long john silver,assemblage,HEAVY DRINKER,0
125622,Cautious bids ordered - it was dangerous for old sailors,charybdis,charybdis,assemblage,DANGEROUS,0
115869,"Earth not even, pulled up tuber",eddo,eddo,assemblage,TUBER,0
29916,General passages written up inspired by Indian city?,agricola,agricola,assemblage,GANGES,0
27519,Weapon standard rising? That's right!,rapier,rapier,assemblage,RIFLE,0
25066,"See, say, unidentified writer's catalogue of principles",canon,canon,assemblage,ESSAY,0
127180,Plots involving high-speed races,machinations,machinations,assemblage,RACETRACKS,0
96398,"From afar, about to get accommodation close to Derby",remotely,remotely,assemblage,LODGING,0
48694,Chimney first built in the past brings back trouble,lumbago,lumbago,assemblage,SMOKING,0
100258,Help idiot start to improve posture,assistance,assistance,assemblage,ASSISTANT,0
87522,Instigate storing flower in kind of cup,stirrup,stirrup,assemblage,STIRRUP,1
40560,But does the chattering class come to the point here?,focusgroup,focus group,assemblage,POINTLESS,0
138627,"Calls offspring ""round the bend""!",ringsup,rings up,assemblage,CALLS,0
138876,Like some exercise? I carried back some French wine bottles,aerobic,aerobic,assemblage,AEROBIC,1
142069,"Big deal, right? Won't work - like government's contact-tracing app",worldbeating,world beating,assemblage,CONTACTLESS,0
85975,"Generators died, rotating such a lot",dynamos,dynamos,assemblage,DIEHARD,0
4568,Order article from Gulf State,oman,oman,assemblage,DATE,0
82430,Topless Antipodeans going to Thailand make Greek tense,aorist,aorist,assemblage,AUSSIE,0
115034,Plumpness? Point to retiring aristocrat and me,embonpoint,embonpoint,assemblage,CORPULENCE,0
64601,In charge of opening up the polar regions?,icecaps,icecaps,assemblage,ARCTICS,0
63482,Provide at last half what's due,endow,endow,assemblage,QUOTE,0
51240,Give up supporting Japanese game,forgo,forgo,assemblage,NIKKO,0
17835,Complete section of boxing match cancelled,roundoff,round off,assemblage,CLEAN SWEEP,0
28362,Comment about student's achievement?,remark,remark,assemblage,COMMENT,0
135482,Indicated empty lavatory in a very obvious way,pointedly,pointedly,assemblage,EVIDENTLY,0
58343,Spanish leaders present in province,sphere,sphere,assemblage,ANDALUS,0
84318,Bias isn't commonly seen in cosmetic treatment,warpaint,war paint,assemblage,SKIN DEEP,0
102879,Pitch closed after popular race,intonation,intonation,assemblage,CHAMPIONS,0
25794,Killjoy has loot left,spoilsport,spoilsport,assemblage,KILLJOY,0
109106,Foreign copper gets doctor free,mountie,mountie,assemblage,DOCTOR,0
111482,Source of milk for army medic in capital?,moscow,moscow,assemblage,MILK,0
56084,Crafty move before close of play,shifty,shifty,assemblage,CUNNING,0
76016,"After struggling free, bird makes secure place in the sails",reefknot,reef knot,assemblage,SAFE HAVEN,0
92363,"Second that is to say ""shut up""",stowit,stow it,assemblage,SO DO,0
137221,Row over golf: good golfer admits they don't have balls,geldings,geldings,assemblage,GOLFER,0
25646,Main course for travellers,seapassage,sea passage,assemblage,MAIN DISH,0
99922,Turn defeat into a stroke of luck,windfall,windfall,assemblage,FORTUNE,0
65414,Make repairs to stillage: that is the law's obligations,legalities,legalities,assemblage,STATUTES,0
139478,Horseman and I went off to the north,dettori,dettori,assemblage,CAVALRY,0
47473,Argentinian girl has a row with Araucaria,galtieri,galtieri,assemblage,GIRLFRI,0
31150,Hitch horse to pole,snag,snag,assemblage,HITCH,0
53208,Singular way to ramble,strange,strange,assemblage,SINGULAR,0
80541,Where witches venture,coventry,coventry,assemblage,BROOMST,0
142146,Tendentious bid may be put forward after no end of hesitation,doubled,doubled,assemblage,TENDENT,0
90398,Patron with a legal right in court,client,client,assemblage,PATRON,0
93136,A little bit of geography needs to get a dog,tad,tad,assemblage,MAP,0
56610,Close to urban area without good informal dress,nightgown,nightgown,assemblage,CLOSEOUT,0
85029,Wing's no longer taking the strain,extension,extension,assemblage,WINGSPAN,0
129069,"Combination of sex, love and desire for player",violist,violist,assemblage,SEXAPPEAL,0
40339,Defamatory address to America on line with one phone call,libellous,libellous,assemblage,SLANDEROUS,0
9904,Think tooth - it chewed,cogitate,cogitate,assemblage,THOUGHT,0
58777,Uncontaminated drug extract,puree,puree,assemblage,PURE,0
46301,Swimmer's given beer? Rubbish,codswallop,codswallop,assemblage,SWIMMER'S,0
21120,Mature scripture writer,ripen,ripen,assemblage,MATURE,0
113491,Started touring after struggling to entertain very much,begreatfun,be great fun,assemblage,TOURING,0
16370,Enthusiast is after trunk of tree,chestnut,chestnut,assemblage,ENTHUSIAST,0
88170,Small bicycle accessory - I dropped a tool,spanner,spanner,assemblage,PUMPED,0
87076,Train from Bath East,tube,tube,assemblage,BATH,0
82521,Inform the enemy when most are watching,primetime,prime time,assemblage,CROSS FIRE,0
102334,Splendid adage for one not working against the grain,rippingsaw,ripping saw,assemblage,WORKING CLASS,0
94219,Utter ability for conducting public affairs,statecraft,statecraft,assemblage,SPEAKABILITY,0
87378,A little colour for one idiot pirouetting,tinge,tinge,assemblage,TINT,0
103670,Words of action from the Baker Street enthusiasts?,irregularverbs,irregular verbs,assemblage,SPEAKING VOLUMES,0
1300,Soldier left off train gets late transport . . .,hearse,hearse,assemblage,CARRIAGE,0
128748,"In file, part of script to Pixar film (director's cut)",linedup,lined up,assemblage,PART OF,0
79205,Unfinished second drink,latte,latte,assemblage,SECOND,0
135913,Story with a poor beginning but a capital ending,ragstoriches,rags to riches,assemblage,TALL TALE,0
109046,"Copper pot endlessly cooked nice meal, lacking energy",policeman,policeman,assemblage,CASSEROLE,0
110970,Short column with smooth outline,profile,profile,assemblage,COLUMNAR,0
96867,Fish etc with return of a point in the ground,seafood,seafood,assemblage,TROUTS,0
83950,Break in street with work finished,stopover,stopover,assemblage,BREAKOUT,0
22899,Support the boards - but behind the scenes,backstage,backstage,assemblage,UNDERPIN,0
9557,Flirting gets Penny a relationship,dalliance,dalliance,assemblage,PENCHANT,0
52829,Hats off to county and central Asian city,tashkent,tashkent,assemblage,KAZAKHST,0
47247,Duck keeps quiet: mother acquires top layer of skin,epidermal,epidermal,assemblage,DERMATO,0
59599,Casual worker has time to make emulsion,tempera,tempera,assemblage,TEMPORAL,0
70751,Sausage that's very soft embraced by cooking pioneer,pepperoni,pepperoni,assemblage,SOUFFLE,0
137111,"Abomination of a clue, Paul's first to get the boot!",laceup,lace up,assemblage,GET OUT,0
136216,"Native American at the Alamo, say, quietly getting overinvolved?",missioncreep,mission creep,assemblage,OVERBOARD,0
101619,See what should be on plate by agreement,locarno,locarno,assemblage,PLATEAU,0
140011,"Resistant to change, try ignoring case of piles",stabile,stabile,assemblage,STATIC,0
113354,Drop sign having changed hands,cancel,cancel,assemblage,SIGNAL,0
7628,Finally witnessing US vice leads to Edward Snowden making judgement,guess,guess,assemblage,FINAL,0
92770,"Bush's offensive, unsightly prospect receiving no backing - a mistake",waronterror,war on terror,assemblage,CASE OF MISTAKE,0
118135,Agreed to go round Australia with a back-up instrument,kazoo,kazoo,assemblage,AGREE,0
132132,"Protests, One Direction finally failing to secure top spots",speaksout,speaks out,assemblage,RALLYING,0
75003,Weep over last broken glass,crystal,crystal,assemblage,LAMENTS,0
37373,Cultivation site used by pickpocket?,flowerpot,flowerpot,assemblage,PICKPOCKET,0
63393,Lane found in court by queen's secluded area,cloister,cloister,assemblage,CLOISTER,1
133312,Firm moves into sort of market with no room left,brimfull,brim full,assemblage,COLD CALL,0
67841,Cause of devastation leader in Times newspaper: is Guardian man in pursuit?,tsunami,tsunami,assemblage,CARNAGE,0
88211,One having minor responsibilities in a law journal,legalguardian,legal guardian,assemblage,JOURNALIST,0
127408,This angry expression by fox,crosswordpuzzle,crossword puzzle,assemblage,FURIOUS FACE,0
14343,It's sung a second before New Year in Vietnam,motet,motet,assemblage,AULD LANG,0
10654,Prime murder victim's name left off,abel,abel,assemblage,NAME,0
45524,It's wicked in the dark,nightlight,night light,assemblage,EVIL NIGHT,0
1375,Stranger calling for a big glass,rummer,rummer,assemblage,TUMBLE,0
97921,A nymph like this may be seen in the neighbourhood,arethusa,arethusa,assemblage,DRUIDIC,0
119938,"In succession to throne, oddly, viscount's last",onthetrot,on the trot,assemblage,AT THE END,0
51289,A brave chap gutted about old Greek commander,agamemnon,agamemnon,assemblage,ALEKSANDR,0
118007,Fight with fairy for camera,boxbrownie,box brownie,assemblage,WAR CAMERA,0
27008,Concluding remark in central body,corpse,corpse,assemblage,CLOSING,0
72393,Sarah takes the Roman road to find this plant,salvia,salvia,assemblage,HERB,0
134258,"Horse so sick, tamed and patted on the back",brokenwinded,broken winded,assemblage,SICK HORSE,0
93423,"Skint revolutionary about to knock off, I see",boracic,boracic,assemblage,BUSTED,0
133870,Make fast? On the contrary (one local runner),unbolt,unbolt,assemblage,TIGHTEN,0
10673,Unconscious moments of Spooner's toad-like informers,fortywinks,forty winks,assemblage,FROG PRINCE,0
26860,"About to drop off original Monets, number left inside",somnolent,somnolent,assemblage,ABANDONED,0
91355,"The smart money, not much of it in the county, isn't taking the risk",chickensout,chickens out,assemblage,COUNTY FAIR,0
137332,Lout in black jumper turned up,boor,boor,assemblage,LOUT,0
136808,Odds favouring bishop's competence,probability,probability,assemblage,PROBABILITY,1
132656,Half-square key with a movement in need of oiling,squeaky,squeaky,assemblage,KEYNOTE,0
113485,"Has turned around a variation's start with a new note, it's plain",savannah,savannah,assemblage,SIMPLETON,0
17364,Where Shirley Valentine worked for the Greek state in a National Trust building,taverna,taverna,assemblage,TAVERN,0
139610,Welcomer has installed superior musical device for visitor,houseguest,house guest,assemblage,WELCOME MAT,0
27459,Find oneself nothing French to eat cooked outside,orientate,orientate,assemblage,FOODSTUFF,0
141220,"In general, sedimentary material with nasty smell and coarse",marlborough,marlborough,assemblage,SANDSTONES,0
60769,Where lawyers drink with a major player?,barbara,barbara,assemblage,BARISTA,0
81375,In Scotland they say 'Thicko! Stupid!',dunsinane,dunsinane,assemblage,DUNDERHEAD,0
82723,Confusion that doesn't have one's head in a whirl,tailspin,tailspin,assemblage,HEADLESS,0
80710,Cooler Athenian expression heard to display irrational enthusiasm,fanaticism,fanaticism,assemblage,ENTHUSIAST,0
13858,Note covered in pieces of rice cake,eclair,eclair,assemblage,NOTES,0
2903,Piece of round matter,opus,opus,assemblage,ATOM,0
127846,Dance work substituted for last element of festival,galop,galop,assemblage,SAMBA,0
122833,To dissect a very little matter is easy at first,anatomise,anatomise,assemblage,ANALYSE,0
30670,Crawler gives thanks with natural disposition,tarantula,tarantula,assemblage,THANKSGIVING,0
100423,IOU for time between rivers,debenture,debenture,assemblage,OUTSOURCING,0
95671,"Close to this, flogging belatedly?",sellbydate,sell by date,assemblage,CLOSE TO,0
15837,Trump's unacceptable act,outdo,outdo,assemblage,TRUMP,0
85037,"Reveal Caledonian's very, very short",uncover,uncover,assemblage,UNCOVER,1
91018,German statesman's doctrine dividing king and nipper after uprising,bismarck,bismarck,assemblage,KANTIAN,0
45658,Fleece that is very new,rookie,rookie,assemblage,FLEECY,0
13951,The same set-up applied to company doctor,medico,medico,assemblage,DOCTOR,0
65188,Declared a number was incorrect,averred,averred,assemblage,DENIED,0
75009,Wallenstein his s-spine-tingler,schiller,schiller,assemblage,WALLENSTEIN,0
86620,Man donates freely for memorial,headstone,headstone,assemblage,DONATION,0
9067,Research done initially during study in China,dresden,dresden,assemblage,RESEARCH,0
89411,"Not the cost of living, apparently",deathrate,death rate,assemblage,LIVING COST,0
9663,To tackle the problem yet again called for fortitude,resolve,resolve,assemblage,ADDRESS,0
67783,"King and queen, perhaps, reversed course of action",tack,tack,assemblage,KING,0
118122,Police dogs are trained to detect this number tag,hashsign,hash sign,assemblage,BARKING,0
49448,Pattern formerly sufficient,example,example,assemblage,PATTERN,0
71552,China and Cuba on stony ground,crockery,crockery,assemblage,CUBAN,0
139963,Promoted team's benefit,upside,upside,assemblage,BOOSTED,0
121002,Brilliant combination of the Hebrew and the Spanish,jewel,jewel,assemblage,BRIGHT,0
138740,Time to arrest every person racing cars here,daytonabeach,daytona beach,assemblage,RACE TRACK,0
35123,"King, one to act crazy!",knut,knut,assemblage,KING,0
27761,Principal feature of a leading Roman church,arch,arch,assemblage,PILL,0
124471,"Crude alcohol, good with pickled trout",gutrot,gutrot,assemblage,GIN,0
92169,Very small head teacher stalking McFly?,midget,midget,assemblage,MINI,0
61664,Key duet composition,etude,etude,assemblage,ETUDE,1
72863,Old king kept a hold on the state,agrippa,agrippa,assemblage,KINGDOM,0
66400,Player put on top of the charts,north,north,assemblage,TOPER,0
24111,Clever Dick's alter ego?,smartalec,smart alec,assemblage,DICKENS,0
34972,"Suffer with a bitter feeling, not one that will afflict you for ever",incurable,incurable,assemblage,RESENTFUL,0
116951,Warning that's right about which man's after my own heart?,augury,augury,assemblage,ALARM,0
29631,"Girl, given Chinese food, wanting more",avarice,avarice,assemblage,GREEDY,0
20408,"Country star in Hollywood, not hot single American",estonia,estonia,assemblage,CARRIE,0
16210,"Standard of the Socialist Worker escaped the Daily Mail, according to Spooner",redflag,red flag,assemblage,RED HERRING,0
28802,Thread attaching fringes of lungi and shawl to back of cape,lisle,lisle,assemblage,LACE,0
136896,Line lost in presenting account to posh colleague with forked tongue?,bilingually,bilingually,assemblage,ACCOUNTANT,0
63714,Meditation here from Massenet: ie wasting time once!,thais,thais,assemblage,MEDIT,0
126962,"Ditch soldiers, at first, to make savings",retrench,retrench,assemblage,COSTCUT,0
82715,See a lot of woman getting dressed,clad,clad,assemblage,SEAM,0
101874,"After turbulent stretches of water, express disappointment with cutter",ripsaw,ripsaw,assemblage,DISMAY,0
71904,No Greek character is socially unacceptable,nonu,non u,assemblage,OFA,0
119239,Standard lines of rebuff,parry,parry,assemblage,REBUFF,0
57639,Traveller's ear turns up with internal organ,gulliver,gulliver,assemblage,EARTHEN,0
125940,Shabby dog's two orders?,downatheel,down at heel,assemblage,BARKING,0
121794,Manny R's friend gets stuck into some opposition,antonymy,antonymy,assemblage,MANNERS,0
20573,Repeated point about excerpts leading to obscurity,eclipse,eclipse,assemblage,MYSTERY,0
67362,"Goddess, after film, cried uncontrollably - this is no juvenile trauma!",midlifecrisis,midlife crisis,assemblage,CHILDHOOD,0
80200,Refuse to go back - that's a first,brandnew,brand new,assemblage,FIRST OFF,0
28366,Comment on old currency,remark,remark,assemblage,COMMENT,0
71100,"Pet's to devastate, going on to fiddle?",catgut,catgut,assemblage,PETTLE,0
82236,Inept lads lack involvement in hanky-panky,slapandtickle,slap and tickle,assemblage,LADS IN TOW,0
34498,I ring back about the shrub,lilac,lilac,assemblage,BUSHY,0
108618,Terminate in small place,slay,slay,assemblage,STOP,0
125973,Shoot a north European,german,german,assemblage,SHOOT,0
136729,Spotted leader of batty pressure group,blobby,blobby,assemblage,SPOTTY,0
26200,Make free to follow a relative,auntie,auntie,assemblage,EMANC,0
127270,"Mostly take ferry, say, near northwestern town",crosby,crosby,assemblage,FERRIS,0
116598,Visitor set out to interrupt audibly exasperated type?,sightseer,sightseer,assemblage,VISITOR,0
118398,To install firmly fix in a ring,ingrain,ingrain,assemblage,FIXING,0
33810,Fix a direction indicator,assign,assign,assemblage,ARROWS,0
117657,Irish poet Russell considered effervescent,aerated,aerated,assemblage,RUSSELL,0
94323,A number get away with swindle,delude,delude,assemblage,NUMBER,0
96505,Be in full control of big bag on deck,holdallthecards,hold all the cards,assemblage,HAVE A GO AT,0
112907,Stoker and railway both turned to stone,marble,marble,assemblage,ROCKED,0
25758,British PM ultimately wanting fight,battle,battle,assemblage,BATTLE,1
68414,"Cut of meat, free bait",sparerib,spare rib,assemblage,SIRLOIN,0
41419,"Stop and have a breather, do you hear?",arrest,arrest,assemblage,PAUSE,0
137135,"Note minister provided, written up",fiver,fiver,assemblage,NOTED,0
87863,Associates pass old measures,colleagues,colleagues,assemblage,ASSOCIATES,0
84374,Belgium is in need of Dickensian wrong 'un,blacksheep,black sheep,assemblage,BELGIAN,0
61931,Manipulate lines in German with the appropriate article,gerrymander,gerrymander,assemblage,MANIPULATE,0
106449,Six against a fast bowler of old in a test,vivavoce,viva voce,assemblage,SIX APPEAL,0
106250,Cry o' battle to shift large plant,yellowarchangel,yellow archangel,assemblage,WARTHOGS,0
20427,Last minute gathering to one side,laterally,laterally,assemblage,AFTERNOON,0
47662,It's a drawback having yen for precious stone,ruby,ruby,assemblage,CATCH,0
108637,The Italian regular struggling to become irregular,guerrilla,guerrilla,assemblage,ANARCHIST,0
81149,"Held down slates, we hear, being concealed",keptunderwraps,kept under wraps,assemblage,SLATE GREY,0
137921,Hill discovered the right glands,highland,highland,assemblage,ADRENALIN,0
51077,Officer getting vessel to change direction,subaltern,subaltern,assemblage,OFFICER,0
6454,Lob with spin to go over the same ground and cause destruction,obliterate,obliterate,assemblage,DEVASTATION,0
24784,Saying something clever before telephone operator starts,motto,motto,assemblage,WITTY,0
122261,"Girl to go, about to go to boy",gwendolen,gwendolen,assemblage,GIRLBOY,0
115207,Labels fellow a good shot,marksman,marksman,assemblage,LABELS,0
29950,A return game between two sides in the country,rural,rural,assemblage,MATCH,0
100607,Scrap over dramatist,orton,orton,assemblage,SCRAP,0
110190,"After church, stranger's in better spirits",cheerier,cheerier,assemblage,CHEERFUL,0
114884,Modern flanged arrangement is not what one's used to,newfangled,newfangled,assemblage,UNFAMILIAR,0
16162,Young lady put away discussion,debate,debate,assemblage,LADIES,0
73733,Twice jump a little way for a man on board,bishop,bishop,assemblage,JUMPER,0
67351,Girl in Band A,sasha,sasha,assemblage,BAND,0
104285,Light grey French perfume ingredient,ambergris,ambergris,assemblage,LAVENDER,0
8667,Reveals former attitudes,exposes,exposes,assemblage,REVEALS,0
43958,Assign a key part,award,award,assemblage,ASSIGN,0
17136,Check power of support,reinforce,reinforce,assemblage,CHECKING,0
23879,"Foreman's right missed, proving a mistake",gaffe,gaffe,assemblage,ERROR,0
46863,Democrat leaves MP to sum up,recap,recap,assemblage,TOTAL,0
95313,"Head, not heart, missing - it's obvious",patent,patent,assemblage,EVIDENT,0
83306,Heavy machinery stacked by runner,piledriver,piledriver,assemblage,EXCAVATOR,0
102580,Admitted switching title on,letinto,let into,assemblage,OUT OF,0
78224,"A cake, but not of soap",bathbun,bath bun,assemblage,COLD CAKE,0
74513,Arab question and answer about one desert,qatari,qatari,assemblage,SAND DUNE,0
1054,He will take if the possibility is available,thief,thief,assemblage,TAKE,0
80542,City witches on trial,coventry,coventry,assemblage,SALEM,0
52619,This month worker's dependent on tick,instant,instant,assemblage,MARCH,0
26677,Dressed or turned over on the bed,robed,robed,assemblage,DRESS,0
83614,Bloke has to leave vegetables,mangetout,mangetout,assemblage,CABBAGES,0
82270,"So, prime suspect is to swear oath?",promise,promise,assemblage,OATHED,0
28159,Note uprising ropes in crude strength,brawn,brawn,assemblage,POWER,0
113166,A succession was first raised with Norfolk in Sussex,arundel,arundel,assemblage,DORSET,0
40543,Unplaced Texan horse out of the melee almost,homeless,homeless,assemblage,TEXAS,0
133288,Even in peacetime its members are prepared to fight,regulararmy,regular army,assemblage,PEACEFUL,0
12581,Not against healthy yield,profit,profit,assemblage,FORCE,0
53555,"A cooler turkey, perhaps, is one in the coop?",jailbird,jailbird,assemblage,CAGEBIRD,0
70861,Bully driving animal under carriageway,roadhog,road hog,assemblage,BULLY,0
118397,"Yield small volume you aim, ultimately, to store in reserve",succumb,succumb,assemblage,RESERVE,0
85552,Reader in church always involving ancient Shakespearean,epistoler,epistoler,assemblage,READING,0
2348,Successful deal maker is caught by failure,closer,closer,assemblage,BROKER,0
11057,Shocked Attorney General takes time,aghast,aghast,assemblage,STUNNED,0
30997,Board has positive answers from two European states,ouija,ouija,assemblage,BOARD,0
109120,"Barnard, say, prepares expat for growing tea, say, when I leave",transplanter,transplanter,assemblage,BARNARD,0
140409,Wave away solicitor deciding procedure,shootout,shoot out,assemblage,WRITE OFF,0
85466,"With respect, Ebenezer Scrooge initially has to pay up",esteem,esteem,assemblage,RESPECT,0
38473,Token of love interrupting part of service: touching!,coupon,coupon,assemblage,CUPID,0
108259,Resist having to get up,withstand,withstand,assemblage,RESISTING,0
105125,Sweet Baby Love's ultimate rock,icecube,ice cube,assemblage,HARD DAY,0
85601,"Stole after breaking in, a recurrent disturbance",fracas,fracas,assemblage,STOLEN,0
26681,Consequence of a dad almost without limit,aftermath,aftermath,assemblage,AFTERMATH,1
34007,Stampede over the long grass,onrush,onrush,assemblage,CHARGE,0
10456,Fears loss of opener to slips,errors,errors,assemblage,FEARFUL,0
130657,Therapist calling for sparkling water?,physio,physio,assemblage,SODA,0
116270,Pee on the throne with child,pregnant,pregnant,assemblage,POTTYING,0
82892,Old lady of Turin turns up with car after arrival of the Messiah,annodomini,anno domini,assemblage,SANTA LUCIA,0
52156,Spring collection firmly established,wellset,well set,assemblage,FIRM,0
73926,Spoil King Edward's verse,erode,erode,assemblage,RAVAGE,0
115857,Bone throbbing certain to return,humerus,humerus,assemblage,OSTEOMA,0
5061,Secure backing to break left hand somewhere in Scotland,leith,leith,assemblage,GLASG,0
80049,Present and organise race,donation,donation,assemblage,PRESENT,0
20479,Worker right to be bitter sometimes,beer,beer,assemblage,WRET,0
93815,Delicious nipper takes part,toothsome,toothsome,assemblage,APPETIZER,0
7703,Duck has to be green,olive,olive,assemblage,DUCK,0
35871,Measure vehicle over a period of time,yardage,yardage,assemblage,CALIBER,0
88036,"Utter scoundrels in the ascendant, second-raters excepted",allstar,all star,assemblage,LOW LIFE,0
85932,Retired churl wept buckets,blubbered,blubbered,assemblage,WRETCHED,0
65204,"Preserved them clipped, without hair, without tips of moustache",embalmed,embalmed,assemblage,MUSTARD,0
105539,Be in tears over Italian bird,peewit,peewit,assemblage,BIRDIE,0
47195,"Extra large predicament, when hat's lost by Austen's girl",trilemma,trilemma,assemblage,DILEMMA,0
42939,Direction of type of desktop display system jig?,guidance,guidance,assemblage,MONITOR,0
64979,Midpoint of Romeo and Juliet on radio,november,november,assemblage,MIDPOINT,0
97798,Cuddle close to Cookie Monster,huge,huge,assemblage,HUGS,0
10151,Stupid wombats periodically take stuff,obtuse,obtuse,assemblage,BATONS,0
68871,Interjection of surprise about a right rude sign - made by him?,harvey,harvey,assemblage,GASPED,0
112091,Father has favourite term of endearment,poppet,poppet,assemblage,DADDY,0
47810,Artists apply to notorious preacher,rasputin,rasputin,assemblage,PAINTERS,0
55454,"Just taking starters, André Previn has little desire for food",appetite,appetite,assemblage,APPETITE,1
98157,She runs the meeting I join in daily,chairwoman,chairwoman,assemblage,CHAIRPERSON,0
108841,Everyone stops at point made by president and writer,allende,allende,assemblage,CLINTON,0
124737,Press to give new line about bird taking in the Head of News,returnkey,return key,assemblage,PRESSURE,0
117641,"Production of Cats, say, editor covered haphazardly",littered,littered,assemblage,MUSICALS,0
110593,Soldier lacking papers? Very suspicious!,paranoid,paranoid,assemblage,SUSPICIOUS,0
67805,Wisdom in town with elderly tourists?,sagacity,sagacity,assemblage,WISDOM,0
21656,Again interprets what's right before needing notices,rereads,rereads,assemblage,REINTER,0
85668,Pool giving pleasure to many,fund,fund,assemblage,POOL,0
95242,Home - half of it with furniture - that can't be got down,indomitable,indomitable,assemblage,FLATSHARE,0
12186,See key goes to the agent,espy,espy,assemblage,SEEK,0
24436,"Mean fool, one hears, but well organised",tightknit,tight knit,assemblage,CRUEL JOKE,0
53835,Engineers rejected lad's shattered stone,emerald,emerald,assemblage,GABBRO,0
127831,Drink time - get the carriage,porterage,porterage,assemblage,TAMBOURINE,0
80862,Bone from tail of flightless bird? I'm not sure,sternum,sternum,assemblage,FEMUR,0
107826,"Tip into newspaper, kippers",perk,perk,assemblage,DUMP,0
73003,James's valet joining alien group,quintet,quintet,assemblage,JEEVES,0
2298,Oriental plant festival,easter,easter,assemblage,CHIVES,0
131687,Stupid selfie taken by stupid linesman,masefield,masefield,assemblage,SILLINESS,0
33544,"A rugby player turns up, so accepted as fit",apropos,apropos,assemblage,RUGBYER,0
102597,"Disease caught by pair, lots scattered in terror",spoiltbrat,spoilt brat,assemblage,PLAGUE,0
51841,Exhausted colleague's year off taking everything together,allinall,all in all,assemblage,ALL OF US,0
92649,"Fix case of ulcer, as chemist",pasteur,pasteur,assemblage,CURATIVE,0
96499,Work rare on which date? The fifth of the eighth,catherinehoward,catherine howard,assemblage,ANNIVERSARY,0
120094,Time up for mountaineer disheartened by call,hilaryterm,hilary term,assemblage,SUMMIT CALL,0
124510,Note worried Sikhs in problem with scales,fishskin,fishskin,assemblage,SCALES,0
76617,It's seen running round tree by one on the spot,eyewitness,eyewitness,assemblage,TRESPASSER,0
39108,"Initially promising, like some ground in the story of the sower?",parable,parable,assemblage,PARABLE,1
64078,It's unimaginative of ants to take heart from gulag,formulaic,formulaic,assemblage,STAGNANT,0
61203,View of one of those known to be fully knowledgeable holding good,opinion,opinion,assemblage,SIGHTED,0
88964,Bird left on far side of river,ousel,ousel,assemblage,EAGLE,0
98032,"Place to hang small greasy spoon, antique",scaffold,scaffold,assemblage,CANDLESTICK,0
113016,Utensil for cook with less guile?,opener,opener,assemblage,SPOON,0
141794,Fruit found by animal in the edges of cultivated wood,chipboard,chipboard,assemblage,CLEMENTINE,0
59897,Order a s-stove,arrange,arrange,assemblage,REQUEST,0
122082,Actor who carried on stuffing faces with food,sidjames,sid james,assemblage,JACK BLACK,0
51918,Religious leader from Australia raised on a hot day,zoroaster,zoroaster,assemblage,CARDINAL,0
137004,Sloped writing support aid,backhand,backhand,assemblage,SLANTED,0
95819,"Slow-moving pair of tramps, each admitting cheeky love",bumpertobumper,bumper to bumper,assemblage,SLOWLY,0
116346,"Old boy's now out of bed, maybe, in darkness?",obscured,obscured,assemblage,OBSIDIAN,0
76605,"Clearing borders of blue, spiny plant",lupin,lupin,assemblage,CACTI,0
23132,Manage officer's exercises,cope,cope,assemblage,COPE,1
31729,They're widely grown for eating,broadbeans,broad beans,assemblage,FRUIT TREES,0
132692,Union publication sent round - a series of notes,gamut,gamut,assemblage,UNISON,0
82937,Take planned European seaside trip and find it deadly,seenaplesanddie,see naples and die,assemblage,DEADLY SEA TRIP,0
19183,Backward area provided much fibrous material,raffia,raffia,assemblage,BAMBOO,0
108021,Plucky player gets support following veto,banjoist,banjoist,assemblage,SUPPORTER,0
132919,African city tot is given a yeast cake,addisababa,addis ababa,assemblage,TUNIS TART,0
18000,Pull leg of battleaxe,dragon,dragon,assemblage,PULLS,0
39536,The buzz from the pub?,localcall,local call,assemblage,PUB CRAWL,0
17706,Little man supporting the Spanish woman,ellen,ellen,assemblage,MANLY,0
115780,Packed bus finally pulled away,stowed,stowed,assemblage,BUSY,0
120839,"A boxer normally has one, even if not hungry",secondhelping,second helping,assemblage,BOXING GLOVES,0
52251,Colour I associate with wrongdoing,indigo,indigo,assemblage,VIOLET,0
102221,Try to elicit information on dough that is put on something to eat,fishpaste,fish paste,assemblage,ROLL OUT,0
21957,"State old lady regretted, on reflection",grandeur,grandeur,assemblage,MASSACHUSETTS,0
53666,Brother returned short letter to someone from Brest?,breton,breton,assemblage,BROTHER,0
121664,"A number, for example, press for some form of restraint",legiron,leg iron,assemblage,NUMBERS,0
75272,I shouldn't have said that nothing works,oops,oops,assemblage,MEAN,0
118899,Mock the northern city's affectation,synthetic,synthetic,assemblage,SPOOFING,0
73776,Metal in cable carries live power,cube,cube,assemblage,CABLE,0
80628,"Having to live with hump, a whale",beluga,beluga,assemblage,HUMPBACK,0
117288,"Female, one of the Bee Gees, by forest where special plants grow",herbgarden,herb garden,assemblage,BEECH TREE,0
66154,Highland birds reportedly became victims,fellfoul,fell foul,assemblage,LOCH NESS,0
48023,Hunt with no time to be modest,chase,chase,assemblage,HUNT,0
34736,"One advised to look, first rejecting a rejected person",leper,leper,assemblage,SIGHT,0
83626,Big film in which Spooner makes antelope utter vain boasts,blockbuster,blockbuster,assemblage,SPOOFINGLY,0
114913,"No longer one scolds, but rather frees from blame",exonerates,exonerates,assemblage,EXONERATES,1
55953,Buyers' representatives refuse to go into this hut,cabin,cabin,assemblage,SHACK,0
139,Scottish king able to make a law as well as English king,alexander,alexander,assemblage,ABLEKING,0
140068,Flipping sniffer dog slips lead but doesn't give up,goeson,goes on,assemblage,GIVE UP,0
11761,Colour known as point-blank?,orange,orange,assemblage,CRIMSON,0
55098,Sue set fire to institute entrance,litigate,litigate,assemblage,SUEDE,0
112742,Signed agreement is overturned in Middle East city,sidon,sidon,assemblage,AGREE,0
105019,Duck last couple of punches thrown by champ,eschew,eschew,assemblage,DUCKED,0
35835,"End of August, then a year in Provence? About time for a chat",teteatete,tete a tete,assemblage,END OF,0
115302,"Beneath top of mainmast, cast-iron case for the quarterdeck, perhaps?",minorsuit,minor suit,assemblage,IRON CASE,0
59564,Opponent wins over philosopher,gainsayer,gainsayer,assemblage,ADVERSARY,0
110255,"It's never this cat getting run over, when looking both ways before beginning to walk",tomorrow,tomorrow,assemblage,CAUTIOUS,0
62663,"First of mice and rats he experimented with, creating relative",hamster,hamster,assemblage,UNCLE,0
32810,Long feathers blow over,diedown,die down,assemblage,LONG BOW,0
135609,"Overturning rule ""vulgar to indulge immoderately""",wallow,wallow,assemblage,VULGAR,0
94011,Delivered half a dozen balls - knocked for six,bowledover,bowled over,assemblage,SIX BALLS,0
76692,Padre takes tea without any milk or sugar?,chaplain,chaplain,assemblage,TEALESS,0
141317,Theban king about to rip off trousers,creon,creon,assemblage,OEDIPUS,0
36732,To look one's years requires nobility,peerage,peerage,assemblage,NOBILITY,0
92590,"Misbehave at the ""King's Head"" and disappear",sink,sink,assemblage,KID,0
26146,Hurry! Don't start to get nun-like,haste,haste,assemblage,HASTY,0
104982,Loud bar for Sibelius?,finn,finn,assemblage,FAME,0
87655,Brownie once approached artist,camera,camera,assemblage,BROWSE,0
68931,Sharp tail of garden bird,bittern,bittern,assemblage,ACUTE,0
44986,Name a chess champion from around Pietermaritzburg,natal,natal,assemblage,NAMES,0
125848,Beetle causing a depression in church,cadelle,cadelle,assemblage,BEETLE,0
20019,"""Young _____ is come out of the West"" (Scott). See! See! In China, right?",lochinvar,lochinvar,assemblage,GENTLE,0
137378,Holy Communion finally secure,pin,pin,assemblage,HOLY,0
50455,Declare most substantial capital squandered,attest,attest,assemblage,DECLARE,0
96671,Acceptance of taking our time over choice,adoption,adoption,assemblage,ACCEPTS,0
139063,Chief relaxes car safety features,headrests,headrests,assemblage,SEATBELT,0
72521,Box camera originally taken by volunteer,coffer,coffer,assemblage,KODAKS,0
126583,Injured fliers returned to base,stabbed,stabbed,assemblage,RAFTERS,0
42857,Pitched battle over container holding record,turntable,turntable,assemblage,CONFLICT,0
98454,Primitive scourge is polished,urbane,urbane,assemblage,CURSED,0
116840,They pick up article by current media workers,antidepressants,antidepressants,assemblage,JOURNALISTS,0
119478,To belittle a musical note is ultimately futile,minimise,minimise,assemblage,DEGRADE,0
62351,Flower crower? Piffle!,poppycock,poppycock,assemblage,CARNIVAL,0
142313,Quail flock found in tight plastic binding,shrinkpack,shrinkpack,assemblage,QUICKSILVER,0
96925,Fabric with pattern to read in church?,faconne,faconne,assemblage,CASSOCK,0
140978,Turning out to be the online type,eversion,eversion,assemblage,GAMERISH,0
98010,The magpies left after Tay disaster: extraordinary!,atypical,atypical,assemblage,AMAZING,0
74899,"Showing lack of judgement, so do not try so many!",tasteless,tasteless,assemblage,OVERREACT,0
22281,Beam of light ran somewhere within,transom,transom,assemblage,RADIANT,0
95978,Set record unknown to medical science,radiology,radiology,assemblage,ANALYSIS,0
49083,Lays blame over …,parsnip,parsnip,assemblage,ACCUSSE,0
70432,Row with leader appears in the press,headline,headline,assemblage,COLUMN,0
14327,Advanced on American girl walking the streets,abroad,abroad,assemblage,STREET,0
76311,"Issue of pensions, for instance, needing intelligence",greymatter,grey matter,assemblage,CIVIL SERVICE,0
60541,Many dress with ill intent,malign,malign,assemblage,MALICE,0
45086,Disturb a Parisian on a seat,unsettle,unsettle,assemblage,DISTURB,0
10132,Quoted about an instance in vain,conceited,conceited,assemblage,QUOTED,0
69054,Supremos in the MCC?,overlords,overlords,assemblage,SUPREMOS,0
92458,Best part of smelly pimple,highspot,high spot,assemblage,SORE SPOT,0
53588,"Day, perhaps, for primate to acquire new top",doris,doris,assemblage,MONKEY,0
92716,Standard weapon in conversation,parlance,parlance,assemblage,STANDARD,0
122458,What makes cowards ill?,yellowfever,yellow fever,assemblage,SICKNESS,0
94931,It's OK to keep single and flourish,prosper,prosper,assemblage,THRIVE,0
72700,A particular form of dislike,aversion,aversion,assemblage,AVERSION,1
110662,The hunter hunted for work over a long time,actaeon,actaeon,assemblage,LONGTIME,0
14339,Witticism alien to church music?,motet,motet,assemblage,CANT,0
114438,Wicked relative meanly cutting me off,uncleanly,uncleanly,assemblage,RELATIVE,0
32452,"Initially, cupboard love affair causes uproar",clamour,clamour,assemblage,CUPCAKE,0
54272,One has butcher's shop assistant? First job not started,observer,observer,assemblage,APPRENTICE,0
108140,Worms found by girls crossing lake,annelida,annelida,assemblage,WORMS,0
21049,Dress you and I are shortening,wear,wear,assemblage,DRESS,0
116766,"University state, fifth in Ireland, good and straightforward",unswerving,unswerving,assemblage,STRAIGHTFORWARD,0
8932,See pottery made by conventional character,stereotype,stereotype,assemblage,CONVENTIONAL,0
14843,Settler right behind City institution,boer,boer,assemblage,CITY,0
50365,Ban writer earning money?,proscribe,proscribe,assemblage,AUTHOR,0
102862,EU's regret over drug,europium,europium,assemblage,EUROPEAN,0
97200,Classical runner first seen in US city,atalanta,atalanta,assemblage,ATHLETES,0
138709,Mound of food's ending with drink? Nothing turned up,drumlin,drumlin,assemblage,MOUNTAIN,0
46036,Excessive hesitation of fish-eater,otter,otter,assemblage,TROUT,0
112425,Luminary in performance is euphoric,delighted,delighted,assemblage,CELEBRITY,0
80250,Got better sax part; make new version in the middle?,recovered,recovered,assemblage,REARRANGED,0
70279,"Drink and drink, missing a round - pass one",cocacola,coca cola,assemblage,PASS OUT,0
78956,"""Delicate"" - meaning it's with intravenous injection",sensitive,sensitive,assemblage,SENSITIVE,1
64750,Two African countries I must leave to avoid labour,malinger,malinger,assemblage,MALIWAGE,0
88083,"Speedy bird travelled, say, over river?",roadrunner,roadrunner,assemblage,HARRIER,0
110925,Jet flier?,blackbird,blackbird,assemblage,JETLINER,0
18539,Common sailor boy in train crash,tarpaulin,tarpaulin,assemblage,ABOARD,0
130773,"Director having sex, second pair of smalls discarded",exec,exec,assemblage,CAME,0
5567,Injured hip not long ago in a pursuit,philately,philately,assemblage,CHASING,0
14777,Mentally without help - it's about making one generous,munificent,munificent,assemblage,CHARITABLE,0
32335,State crime and motive after opening of trial,treason,treason,assemblage,CRIMES,0
111149,Dick painting fiddler misses nothing - he's not alone,copartner,copartner,assemblage,DICKENS,0
20587,"Falsify personal documents, though anything but bent",rigid,rigid,assemblage,FORGE,0
94539,Pull vehicle over in a race,attract,attract,assemblage,PULLING,0
15393,Don't tamper with spring,letwellalone,let well alone,assemblage,LET IT BE,0
81320,Top copy with illiterate's signature,apex,apex,assemblage,COPY,0
36926,Animal died after dash,eland,eland,assemblage,ANIMAL,0
35970,Funding a musical that may be fascinating?,aida,aida,assemblage,CASH,0
80554,We hear a recluse takes mineral,ankerite,ankerite,assemblage,GARNET,0
6152,Plug falling out and floating,adrift,adrift,assemblage,FLOAT,0
127133,"Shy old copper, if well outside sanctum",diffident,diffident,assemblage,CLOISTER,0
10706,Time to dress in worthless stuff?,garbage,garbage,assemblage,RUBBISH,0
52322,Understand girl gets made up,digest,digest,assemblage,GIRL,0
73388,Fashionable folk with affected gait carrying offspring,glitterati,glitterati,assemblage,PEDIGREE,0
103756,Mounted on the side of Viva!,upwith,up with,assemblage,ON THE,0
92187,See former pupil do his duty,observe,observe,assemblage,SERVE,0
103723,Miniature bears puff and creep,toady,toady,assemblage,PANDA,0
47945,Artful avoidance of girl is no use,evasion,evasion,assemblage,ARTFUL,0
25447,"Retiring say, after Republican papers fold",ridge,ridge,assemblage,PAPER,0
34158,Network Rail's plum post in London?,victoriastation,victoria station,assemblage,RAILWAY STATION,0
86865,"Siren's signal right, altered wrongly",redalert,red alert,assemblage,RED HERRING,0
48930,Ere's the police college - finally touching ?,endon,end on,assemblage,COP,0
42906,"Copyright it, provided it's served before Christmas dinner, for example",aperitif,aperitif,assemblage,COPYRIGHT,0
121338,Smart lawyer allowed dog to have lead removed,legaleagle,legal eagle,assemblage,CLEVER DOG,0
25042,Individual's underweight: seaside atmosphere needed,ozone,ozone,assemblage,BEACH,0
10898,"Manager is cool, having sun protection",supervisor,supervisor,assemblage,MANAGER,0
51535,Manager is mean to worker,intendant,intendant,assemblage,MANAGER,0
33507,"Daft sheep, a rising bloomer",amaryllis,amaryllis,assemblage,DAFFODIL,0
112297,Youth leader ’appily listens a long time,years,years,assemblage,LEADER,0
54562,My French girl must turn up and that's a sign,monogram,monogram,assemblage,ZODIACAL,0
126731,Seafront is for crew forced to abandon leader,promenade,promenade,assemblage,CREWLESS,0
52524,Redolent of a half-hearted sentimentalist,aromatic,aromatic,assemblage,ROMANTIC,0
82401,Crush tribal leaders with large following,trample,trample,assemblage,CRUSHER,0
14515,Cope with death on the river,endure,endure,assemblage,RIVER,0
83438,Former philosopher has daughter brought to light,exhumed,exhumed,assemblage,ARISTOTLE,0
91083,"Thespian, probably old, as male monarch",stager,stager,assemblage,DRAMA,0
62897,More mature half-hearted serial killer,riper,riper,assemblage,RIPEN,0
127,Knackered retina? Yes.,eyestrain,eyestrain,assemblage,EXHAUSTED,0
8447,"A man short, stuffed by other team",chelsea,chelsea,assemblage,REPLACED,0
40518,Water-carrier died in a never-ending line at court,aqueduct,aqueduct,assemblage,WATERLINE,0
132274,Fan of Spice Girl's biscuit?,gingernut,ginger nut,assemblage,GINGER NUT,1
71379,Character lacking tolerance from great books,bigot,bigot,assemblage,CLASS,0
98446,The way builder's helper joins police,method,method,assemblage,WAY,0
100780,Time for students to collect together,ragweek,rag week,assemblage,END TERM,0
102322,Equal distribution with grand court,quadrangle,quadrangle,assemblage,GRADUATION,0
96466,"Employed around head office, not contracted out",inhouse,in house,assemblage,ON SITE,0
82692,Gunners entered privately,incamera,in camera,assemblage,ARSENAL,0
53567,Newspaper editor forced out,expressed,expressed,assemblage,EDITORIAL,0
114071,Periods Edward rubbed out,erased,erased,assemblage,DECADES,0
265,Crusoe collapsed after run here,racecourse,racecourse,assemblage,UNDERGONE,0
128173,Writer badly mauled (but not dead) getting signal to enter burrow,samuelbeckett,samuel beckett,assemblage,SIGNALING,0
63515,Coming out for measures restricting work unit on church,emergence,emergence,assemblage,MEASUREMENT,0
139358,"A blast from the past, old sanctions supporting Dutch in Australia",odzooks,odzooks,assemblage,REMINISC,0
83261,Soft fall?,rainwater,rainwater,assemblage,PLUMMETED,0
101622,Stars smoke cannabis around queen in feverish condition,sunstroke,sunstroke,assemblage,ASTRONOMY,0
20518,"Yawn at the end of King Kong, for instance",gape,gape,assemblage,YAWN,0
8619,Will is offensive about male organ,testament,testament,assemblage,WILLOWS,0
74882,In old money nearly always there's a queen ...,guinevere,guinevere,assemblage,CROWNED,0
59841,Holidaymaker going after sun getting help to remove coat,stripper,stripper,assemblage,SUNBATH,0
56706,Forgo one's turn - I am frequently appearing,passim,passim,assemblage,FORGET,0
64047,One felt interest in violin,amati,amati,assemblage,FELT,0
55445,"Jails, as opposed to non-custodial penalties",confines,confines,assemblage,IMPRISON,0
121309,Leading division is hot? Clear off!,vanish,vanish,assemblage,CLEAR,0
13215,English beauty losing heart to person of taste,epicure,epicure,assemblage,GOURMET,0
5210,Crack small fruit I pinched,solve,solve,assemblage,CRACK,0
56855,"Report suggesting ""allow notes A-F""?",bang,bang,assemblage,CUES,0
140548,Jaw about everyone before nine in the morning,maxilla,maxilla,assemblage,JAWBONE,0
94692,Bush's networking set-up to beat Osama finally,lantana,lantana,assemblage,BUSHIDO,0
37197,"Something of use after ""black dog""",basset,basset,assemblage,USEFUL,0
110643,Leave reluctantly before society roughnecks appear,tearaways,tearaways,assemblage,DEPARTED,0
2344,US pastor's conclusion about religious instruction starts to come apart,american,american,assemblage,SACRAMENT,0
89296,Arrests sailor starting scraps,aborts,aborts,assemblage,CATCHES,0
111979,Love affair with office work? Not I,fling,fling,assemblage,AFFAIR,0
33505,"Girl, Lily, drunk in a familiar bar",amaryllis,amaryllis,assemblage,LILYBAR,0
127450,Twenty joining club maybe - a record at a sports ground,scorecard,scorecard,assemblage,RECORDS,0
71225,Trouble with rent that could be destructive,tornado,tornado,assemblage,TERRANE,0
85467,"Prize for close of ""Close Encounters"" sent back",esteem,esteem,assemblage,AWARD,0
56715,Advance needing to be paid? Keep quiet,subdue,subdue,assemblage,CREDIT,0
92425,Follow scholar around at teachings,dogmata,dogmata,assemblage,LECTURE,0
89204,"Sark boatless, Jersey or Guernsey getting boat",scow,scow,assemblage,ISLE,0
73808,"Reciprocally, race home after river races for another option ...",pointtopoint,point to point,assemblage,RACE FOR,0
135483,Plant some after a hot spell,feverfew,feverfew,assemblage,HEATWAVE,0
74956,"Third of colony, a thousand sat together",composed,composed,assemblage,COLLATION,0
90421,"Mean to look dangerous, given room",parlour,parlour,assemblage,MEANING,0
38497,Here answer's having no name,anon,anon,assemblage,NOME,0
126938,Throw a tantrum when baby eats plant,playup,play up,assemblage,HAVE A,0
98182,"Contracting, hurried back with work for crew",narrowing,narrowing,assemblage,CONTRACT,0
29137,I start to cry and implore piteously,compiler,compiler,assemblage,CRYING,0
12677,Simpleton is disorderly or amusing,ignoramus,ignoramus,assemblage,SIMPLETON,0
90013,Lord's rebelled over money,rosenoble,rose noble,assemblage,LORD'S REBEL,0
73482,Performing in opera outdoors,openair,open air,assemblage,OPEN AIR,1
16343,"Lizard, one climbing in South American region",iguana,iguana,assemblage,IGUANA,1
102000,"Mad worker was TUC problem, a difficult one to deal with",awkwardcustomer,awkward customer,assemblage,TUC PROBLEM,0
22946,Country with superior border!,canada,canada,assemblage,SUPERIOR,0
92257,North American flower that's disgusting being worn,yukon,yukon,assemblage,NASTY,0
39026,Old retired painter abandons society,aged,aged,assemblage,OLD,0
14831,Criminal alert amid court battle,waterloo,waterloo,assemblage,ALERTED,0
45674,Peruvian stock too hot to handle,incandescent,incandescent,assemblage,POTATOES,0
97506,"About ninety, one exercising, one having done a stretch?",excon,ex con,assemblage,TO DO,0
64665,"To socialise, tramp hugs knight and bishop",hobnob,hobnob,assemblage,MINGLE,0
81086,"Jolly good support and very little opposition, initially",bravo,bravo,assemblage,MINOR,0
15842,County clique after return of corporal punishment,dorset,dorset,assemblage,CIRCLE,0
132313,Order people filling in survey to start again,recommence,recommence,assemblage,REORDERED,0
96885,"Thanks to book, Delia's strangely tormented",tantalised,tantalised,assemblage,GRATEFUL,0
65477,Rod's to continue the innings,baton,baton,assemblage,STAY,0
111308,Consider acquiring inverted nose ring,resonate,resonate,assemblage,CONSIDER,0
126653,"Fish and fruit, right to the end",gaper,gaper,assemblage,SHRIMPS,0
134267,"Pen novel for reclining dictator, some light material",styrofoam,styrofoam,assemblage,LITERARY,0
60001,Right page found by cowboy?,proper,proper,assemblage,RANGER,0
5519,River guide to straighten out fool's garment,coxcomb,coxcomb,assemblage,RAGTIME,0
30356,A sound people have time for making up,atonement,atonement,assemblage,CREATIVE,0
36129,Good god!,okra,okra,assemblage,GODLY,0
56872,Gloomy dean's head and backside,drear,drear,assemblage,DEADEN,0
100616,Leader has worked hard,shah,shah,assemblage,BOSS,0
132004,Bun in oven initially jarred when entering state of matrimony,connubial,connubial,assemblage,ENGAGEMENT,0
73789,"Called into action, when out to lunch",deranged,deranged,assemblage,CALLED,0
141480,"Chekhov, say, heading off from part of Switzerland",anton,anton,assemblage,RUSSI,0
132387,This comedian has got into fiddles,funnybusiness,funny business,assemblage,FIDDLESTICKS,0
58245,Widely shown film of American disaster,cinerama,cinerama,assemblage,DISASTER,0
65806,A revolutionary wall painting that sounds a warning note,alarum,alarum,assemblage,ALARMING,0
111083,Obtained round number in combination,together,together,assemblage,COMBINED,0
94004,A hindrance to marketing of water,adamsale,adams ale,assemblage,BLOCKED,0
6452,"Fellow who can spell: after he's died, remove all traces",obliterate,obliterate,assemblage,EXHUMATION,0
125003,Domestic problem having to tell mother to cut rent,risingdamp,rising damp,assemblage,MOTHERLY,0
73956,Screen reservists assuming outcome for bloody dispute,vendetta,vendetta,assemblage,RESERVIST,0
73296,Old emperor in overlapping desert expedition,rastafari,ras tafari,assemblage,CAESAR'S,0
59918,One's in bed with female from another planet?,sheet,sheet,assemblage,ALIEN,0
128604,Party elected to kill,doin,do in,assemblage,TO DO,0
53297,Meat - reports of lamb - around in islands,bahamas,bahamas,assemblage,LAMBDA,0
119353,Quick steps taken up by old English soldier,gijoe,g i joe,assemblage,A TO Z,0
118034,Expression of approval the Spanish love to come up with,ole,ole,assemblage,OLE,1
127485,Repeated annual check gets the bird,motmot,motmot,assemblage,CHECKS,0
86669,Slim and winning but losing one's hair,thinontop,thin on top,assemblage,HAIR OF,0
71709,"Relative, the aforementioned proposition",thesis,thesis,assemblage,UNCLE,0
26650,Count about eleven ends with South American,census,census,assemblage,COUNT,0
125372,"Major cut to obsolete weapon, with political co-operation",bipartisan,bipartisan,assemblage,DISARMAMENT,0
25024,"Pick up fish, placing first two at the rear",glean,glean,assemblage,CATCH,0
131311,Soprano begs for flower arrangements,sprays,sprays,assemblage,ROSEB,0
63547,Out to the opening ball from a spin bowler,offbreak,off break,assemblage,OFF SPIN,0
6347,Regret head having little time in the centre,bemoan,bemoan,assemblage,REGRET,0
140284,Scavenging insect disturbed deer and shortly bolted,dorbeetle,dor beetle,assemblage,ANTLER,0
30234,Perhaps flies home etc recklessly within seconds,insects,insects,assemblage,DARTING,0
113413,Work ethic following a payment matey's pocketed (thus?),parenthetically,parenthetically,assemblage,COMPENSATION,0
15815,Naval officer and author having destiny on island,loti,loti,assemblage,CAME,0
122794,Single-minded alumni scattering seeds,obsessed,obsessed,assemblage,SINGLEMIND,0
96097,Loose body bits next to science room E?,flab,flab,assemblage,LIMB,0
51565,Way out insect with many a substitute,locum,locum,assemblage,STING,0
127676,Facial feature's pleasantly warm,genial,genial,assemblage,CHEEKY,0
58709,Pacifier to go on trial,dummyrun,dummy run,assemblage,DUMMY RUN,1
28998,"What Jersey did, presumably, banning English humour",mood,mood,assemblage,JOKED,0
117231,"Armstrong and Miller, say, take a quick nap with setter in Jordan's arms",jazzmen,jazzmen,assemblage,SNOOZED,0
85241,"Divine cowgirl, we hear, passed the salt",iodide,iodide,assemblage,GODDESS,0
9915,"Retriever, for example, raised with intelligence to bring bird",godwit,godwit,assemblage,BRAINY,0
41288,Secretly maintain hotel's leafy area,harbour,harbour,assemblage,KEEPING,0
35145,One short meal allocation - and what Oliver would have liked!,iteration,iteration,assemblage,RATIONS,0
126466,Live outside right the same as live outside left? Not likely to last,breakable,breakable,assemblage,SURVIVAL,0
77353,Kid rings sister with unusual problem,conundrum,conundrum,assemblage,KIDNEYS,0
10679,"Skirt backing, say, removed from sign",mini,mini,assemblage,SKIN,0
32981,Accomplished poet loses heart,done,done,assemblage,BARD,0
33104,Former African area in the southwest,exmoor,exmoor,assemblage,SUDAN,0
67305,Bring in organ before Beethoven's Ninth,earn,earn,assemblage,CAME,0
137397,He wrote about brothers in party changing votes - heavens!,dostoevsky,dostoevsky,assemblage,HEAVENLY,0
6184,Foreign city that can't quite offer enough for sect member,essen,essen,assemblage,CANT,0
42244,School report taken in,eaten,eaten,assemblage,GRADE,0
105145,Submissive prodigal son comes first,slavish,slavish,assemblage,SUBMISS,0
89845,Almost too soon after noon,nearly,nearly,assemblage,SOONER,0
123167,Tough pre-development of sixties' bestseller,thegroup,the group,assemblage,HARD BACK,0
44873,Offer to acquire new tie,bind,bind,assemblage,BID,0
18185,One composer chosen for new orchestration ahead of another,schoenberg,schoenberg,assemblage,SCHOENBERG,1
61131,Censor a headline,banner,banner,assemblage,EDIT,0
77376,Intelligence services see note that's taken from a dupe,mickey,mickey,assemblage,AGENTS,0
138361,"Smearing teacher, having deployed a bug outside home",bedaubing,bedaubing,assemblage,SMEARING,0
137385,"Visiting Bergen? That's not right, not at all!",innoway,in no way,assemblage,GOING TO,0
104767,Fish served by second pub on list?,barb,barb,assemblage,PICK,0
2739,Drop - it's the doctor's turn to take it,omit,omit,assemblage,DROP,0
129129,A villain finally turning up on the fifth dimension's fourth hub,nave,nave,assemblage,DIME,0
81634,Zorba in Toledo?,elgreco,el greco,assemblage,EL GRECO,1
90113,Local tour going back up crest of Cheviots breaks into a fight,pubcrawl,pub crawl,assemblage,LOCAL WAR,0
44071,"Rendered a tune, setting up a Spanish drink",sangria,sangria,assemblage,SANGRIA,1
72214,Material found by model in bathroom,toilet,toilet,assemblage,MATERIAL,0
35443,Running water for hire - that's about right,torrent,torrent,assemblage,WATERING,0
91367,Model I stick up? No way,notabit,not a bit,assemblage,NOT A MODEL,0
54961,"Concerned with check holding trial up, heading for gaol",regarding,regarding,assemblage,CONCERNED,0
124098,"Having got in, I've turned to get food - that's certain",inevitable,inevitable,assemblage,DEFINITELY,0
141505,"Noble statesman pursuing grouse for his dinner, perhaps",beefwellington,beef wellington,assemblage,GASTRONOME,0
23072,Go off with retired policeman at conclusion of case,explode,explode,assemblage,DEPARTED,0
49100,A pointless contest for the loser,lovegame,love game,assemblage,LAME GAME,0
70317,"Engagement ring ripped from rampant toad, marriage's ending?",date,date,assemblage,GEM,0
85874,Buffalo Bill is performing - not bad,bison,bison,assemblage,BILLS,0
36860,Serving men and women operate from behind it,baseline,baseline,assemblage,KITCHEN,0
68899,The old man's wife's born a Native American,pawnee,pawnee,assemblage,SIOUX,0
127850,Plant that a woman passes on to another?,ladysmantle,ladys mantle,assemblage,PASSING ON,0
44248,A French flat - that's odd!,uneven,uneven,assemblage,PLATTE,0
22374,Revealing dead princess's emotional resolution,disclosure,disclosure,assemblage,UNVEILING,0
100130,"Polish close borders, more or less",emend,emend,assemblage,CLOSE,0
4232,Prisoner found in wretched cluster of houses,village,village,assemblage,DUNGEON,0
85286,Introduce trendy source of booze - only one left,instil,instil,assemblage,IMPORT,0
103368,Start undesirable group,outset,outset,assemblage,STARTS,0
38053,"Once in the red, the Guardian's going out",exodus,exodus,assemblage,GONE,0
119985,"Stroke little cherub, showing no love",putt,putt,assemblage,CUPID,0
35129,The archdeacon always put on outward show,veneer,veneer,assemblage,DANCE,0
33072,Idiot put on weight - it's the whale diet!,plankton,plankton,assemblage,BALAEN,0
4422,Flower about to be eaten by goat on a mountain?,buttercup,buttercup,assemblage,ALPINE,0
107084,Description of wine: half of it must be swallowed by a topsy-turvy sailor,portrait,portrait,assemblage,CHARDON,0
48282,"Don gets silver, note, in Olympic event",dressage,dressage,assemblage,DECATHL,0
101044,"Like Shelley's poetic spirit, it's mostly babble",blithe,blithe,assemblage,MUMBLE,0
136233,"Trailer, so entertaining TV show gets support",adherence,adherence,assemblage,SUSTAINER,0
15127,The last book to bring joy to the cleric,revelation,revelation,assemblage,ECSTATIC,0
141104,Go from first to second to suspend energy on entering knockout competition?,changeup,change up,assemblage,DROP OUT,0
126791,Pedagogues' league sample heartless crackers,nutty,nutty,assemblage,LEARN,0
61054,"Green track over in west, east of motorway going west",immature,immature,assemblage,OVERGROWN,0
69079,"Mendel, perhaps, was the first French writer here in French street",geneticist,geneticist,assemblage,LITERARY,0
110283,Tense American hits clumps of grass,tussocks,tussocks,assemblage,TURFING,0
84083,Never coming to a vital conclusion,undying,undying,assemblage,NEVER,0
40350,Evidence of a leak? Contact the attendant,seepage,seepage,assemblage,LEAKAGE,0
69940,His forecast originally was wrong,fish,fish,assemblage,HIS,0
28814,Stroke to the pole that long shots require,telephoto,telephoto,assemblage,STROKE,0
89370,Very small river flowing through New York,teensy,teensy,assemblage,NARROW,0
66702,Snake's partner - large snake,ladder,ladder,assemblage,RATTLES,0
90493,Picture my heart at bottom of list,tableau,tableau,assemblage,IMAGE,0
13723,Stay to eat and drink,supporter,supporter,assemblage,RESTAURANT,0
105955,Swimmer giving bottom a good licking,seatrout,sea trout,assemblage,DOG PADDLE,0
21448,Parking by the verge is proper,prim,prim,assemblage,NEAT,0
101162,Open a Bible with love when getting hitched,avowed,avowed,assemblage,WEDDING,0
64602,"Cold peaks, flipping ___ cold one",icecaps,icecaps,assemblage,BEER,0
38117,Copper to upbraid churchman,curate,curate,assemblage,PARCH,0
52101,Father is holding learners responsible for unnecessary embellishments,frills,frills,assemblage,FLAIRS,0
11043,Perhaps Labour blunder turns into potential embarrassment ...,boobytrap,boob ytrap,assemblage,LABOUR,0
114424,It costs nothing to give it a try,freesample,free sample,assemblage,FREE TRIAL,0
117515,"Mate sheepishly, with hurt expression, getting caught - perfect!",touchup,touch up,assemblage,FIT TO,0
141479,No citrus flavour before with balsam? Leave well alone!,nolimetangere,noli me tangere,assemblage,OUT OF MIND,0
49196,Show appreciation of service (official),tipstaff,tipstaff,assemblage,APPRECIATE,0
136411,Bosses putting hand under jumper?,topbananas,top bananas,assemblage,TOP BOSS,0
26306,"Wine, less than half its content given up for soak",claret,claret,assemblage,WATER,0
80688,Giving back the remains: I'm out of place in teaching,restitution,restitution,assemblage,REMAINDER,0
141173,"Derby's filly, kicking out every second, is a lure",dryfly,dry fly,assemblage,CAT FISH,0
97189,Sailor you once left for a poet,pope,pope,assemblage,BARD,0
77522,"Head off old car, producing road rage, for example",anger,anger,assemblage,ANGER,1
140504,Recurrent award shows approval of eco-friendly publishing,ebooks,e books,assemblage,A GREEN,0
40500,High-fliers broadcast on station (not English),aircrew,aircrew,assemblage,AIRLINE,0
134802,"With ultimate skill, collecting finished vehicle",hovercraft,hovercraft,assemblage,AUTOMOBILE,0
47344,Then he should get a good degree,lisbon,lisbon,assemblage,DEGREE,0
17814,Remove protective covering from vessel (wood),dishelm,dishelm,assemblage,HULLING,0
102165,"Scotland starts criticising English fellow, inter alia",caledonia,caledonia,assemblage,SCOTSMAN,0
39944,Transport Gibson in hamper,trammel,trammel,assemblage,SHRINK,0
18294,Cut in the Second XI ...,silverside,silverside,assemblage,DISSECTION,0
65706,New student in resort finds means of getting up to date,refreshercourse,refresher course,assemblage,INFORMATION,0
301,Old big-chested guys' backstreet scraps,oddments,oddments,assemblage,BRAWLERS,0
6792,"Restore what sounds like rule, say",reinstate,reinstate,assemblage,RESTORER,0
95487,"Drill on ship I failed, say. A no-hoper?",pessimist,pessimist,assemblage,DISMALER,0
22017,First couple from Scotland seen on border with English map,scheme,scheme,assemblage,ATLAS,0
52695,Warmer support for cricket in the Dickens canon?,hearthrug,hearth rug,assemblage,WARMER,0
101534,Cheat produced excuse,condone,condone,assemblage,DECEIVE,0
31794,Tricky place to put sexy bottom,hotseat,hot seat,assemblage,HOT SPOT,0
125476,BBC programme's award for meditation technique,qigong,qigong,assemblage,BUDDHA,0
122113,Mythical birds fly at first inside with study of automation,robotics,robotics,assemblage,PHOENIX,0
20225,"Select smart response, finally putting nothing in",choice,choice,assemblage,CHOICE,1
1362,"Say there's point to everything, for example",allege,allege,assemblage,POINT,0
18329,Oscar winner with very brief acceptance speech grabbing award,tomhanks,tom hanks,assemblage,BEST PICTURE,0
34222,Damn dogs chase Charles away,curse,curse,assemblage,CURSE,1
15477,One filly in two hundred backed such a hob,ceramic,ceramic,assemblage,HOBBLED,0
55148,"Ragged-trousered unknown exposed right away, which is skilful",dexterous,dexterous,assemblage,SKILFULLY,0
13631,Infant with hood - that''s the bottom line,total,total,assemblage,HOOD,0
78446,Huge prophet passes slowly through a barrier,osmoses,osmoses,assemblage,BARRIER,0
109386,Naked stills exploited to sell a sordid story,kissandtell,kiss and tell,assemblage,TELL ALL,0
96260,Union supporter's backing declared effective to a certain degree,federal,federal,assemblage,UNIONIST,0
75126,"Brave, old and wise",osage,osage,assemblage,BRAVE,0
98270,Larva found some distance west on the Golden Mile,inchworm,inchworm,assemblage,LARVALE,0
19609,Republican American is turning to one like Putin?,russian,russian,assemblage,KREMLIN,0
60609,Information on everyone's origin,gene,gene,assemblage,DATA,0
84339,Lots of sheets pull somewhere in Cornwall,padstow,padstow,assemblage,CORNISH,0
103814,Campaign around country building to rage,barnstorm,barnstorm,assemblage,CAMPAIGN,0
63999,Second thoughts about offensive jokes played today,pranks,pranks,assemblage,JOKERS,0
75981,Make amends with item reordered previously,atonetime,at one time,assemblage,ATONE,0
59549,Mark of magic when small watch doesn't start,sigil,sigil,assemblage,MARKS,0
68217,"Slump in the intermission, with no one rising",recession,recession,assemblage,DOWNTIME,0
53011,Walk furtively in square with nothing to do,sidle,sidle,assemblage,SNEAK,0
41177,False information by great German chemist,liebig,liebig,assemblage,LIEBER,0
7473,Person serving king's son has maturity,page,page,assemblage,PAGE,1
79554,The spinner's even of the greatest importance,toplevel,top level,assemblage,BIG DEAL,0
122549,Cheese with parent's fish - sole,mascarpone,mascarpone,assemblage,PARENTAL,0
67906,"I am given place at Cambridge finally, gaining credit",impute,impute,assemblage,MERIT,0
54996,"Educated and beautiful, finally made some money",learned,learned,assemblage,LEARNED,1
71513,Scottish beginners furl old manuscript,scroll,scroll,assemblage,FOLIO,0
18104,Row about missing love letters from financial adviser,tipster,tipster,assemblage,BROKER,0
22255,"Took on old English, swapping parts",engaged,engaged,assemblage,TOOK ON,0
35694,Outline a new house title,silhouette,silhouette,assemblage,DRAFTING,0
99857,"Hair colour like Henry James, perhaps, cut by Latin?",ashblond,ash blond,assemblage,RED HAT,0
113281,Nurse keeps rare dog for arbiter of taste,trendsetter,trendsetter,assemblage,CONNOISSEUR,0
78090,Await trouble on North Pacific island,taiwan,taiwan,assemblage,WAITING,0
57699,Corruption in Portugal? A German life depends on it!,protein,protein,assemblage,GAMBIT,0
56629,Loud Mel B raging over a light drink,flambe,flambe,assemblage,BOMBAY,0
57627,Bird just right for old Michaelmas market,goosefair,goose fair,assemblage,GEESE MARKET,0
89124,"Port wine's last to partake of, about right by lake",lehavre,le havre,assemblage,SHERRY,0
18749,"Cool, hot below",neath,neath,assemblage,CHILL,0
84298,Former model makes a revelation,expose,expose,assemblage,UNVEIL,0
92884,"Francis, the writer, a man about town? On the contrary",wheen,wheen,assemblage,MANOR,0
114912,Long to run into class that's coming up? Do they?,teachers,teachers,assemblage,LONGING,0
75086,Row after a youngster appears in panto,aladdin,aladdin,assemblage,AFTER,0
57188,Sources of water selfish protester cut before one,nimbi,nimbi,assemblage,SPRING,0
1922,"It controls drift when Rosie's apathetic, they say",leeboard,leeboard,assemblage,RUDDER,0
58197,"Go together, but back in five minutes: 'Won't _____'",belong,belong,assemblage,AGREE,0
81042,Last Stuart detailed first victim; Ms Lee?,annabel,annabel,assemblage,STUART,0
22461,Volunteers' angular symbol?,theta,theta,assemblage,CROSS,0
130663,Group including copper and bishop run down hill backwards,basemetals,base metals,assemblage,COPPER,0
39725,President may be found here daily about one,chair,chair,assemblage,DAILY,0
130848,Latest society model in media reports,newscast,newscast,assemblage,LATEST,0
58430,Prevent young servant having something deducted from pay,stoppage,stoppage,assemblage,DEDUCTS,0
133686,Good person is stopping fallen woman to give a sermon,evangelise,evangelise,assemblage,PREACHING,0
68246,Eastern s-states in the papers,essays,essays,assemblage,EASTON,0
100060,Fish - consider it in sound,mullet,mullet,assemblage,MACKEREL,0
107383,"Live freely under canvas, which is antisocial",evilintent,evil intent,assemblage,CAMPING,0
35959,Lady-killer cautious about destiny with detective or prosecutor,charlottecorday,charlotte corday,assemblage,COLD CASE,0
97385,Set to leave drink and start driving,congealed,congealed,assemblage,ABSTAINED,0
90243,"Sneer makes you stop short, last thing Pasquale wants",jibe,jibe,assemblage,SNARL,0
22171,Unblinking female lacking features on the head?,fearless,fearless,assemblage,BLINKING,0
54247,Help gambler to choose the odds,abet,abet,assemblage,HELP,0
32998,Puzzle not having a positive value?,nonplus,nonplus,assemblage,PUZZLE,0
89948,Figure in time line,trope,trope,assemblage,FIGURE,0
91358,Writer named Christopher Robin's home after one,isherwood,isherwood,assemblage,WROTE,0
37754,Fan of overlapping Thespians,extractor,extractor,assemblage,FANATIC,0
98400,Air marshal - on his belly?,ventrally,ventrally,assemblage,MARSHAL,0
130629,Rely on capital from Asia to produce growth in Australia,banksia,banksia,assemblage,RELYON,0
10395,Remove rump of Respect?,detail,detail,assemblage,REMOVE,0
10195,Prize artist lifted,reward,reward,assemblage,PRIZE,0
67930,Dot - ultimate character in EastEnders taking a regular drink,stipple,stipple,assemblage,DOTING,0
139193,"Happy getting rich, transferred from a central bank?",uploaded,uploaded,assemblage,HAPPYING,0
46457,"Find guilty on six counts, initially, in court",convict,convict,assemblage,CONVICT,1
16353,"Scrap tasteless name dropping, Fish!",affray,affray,assemblage,SCRAPY,0
49344,Sailor a short distance nearer the stern,abaft,abaft,assemblage,ABOARD,0
98666,"Mythical flier, wacky with vulture and raven wings",wyvern,wyvern,assemblage,AVIAN,0
126895,Checks pitch at pavement's edge,curbstone,curbstone,assemblage,CHECKING,0
74579,Hosiery primarily confiscated by officer in dissolute cabinet,chiffonier,chiffonier,assemblage,CLOTHES,0
15838,Better be enough - dismissed previously,outdo,outdo,assemblage,ENOUGH,0
53056,County evacuated after historic forest fire,ardency,ardency,assemblage,COUNTY,0
69375,Record single does rock event,episode,episode,assemblage,RECORD,0
62234,"Roman, for example. with kind expression",typeface,typeface,assemblage,ROMANES,0
63665,Pure woman? I need to think about that!,sheer,sheer,assemblage,ANGEL,0
23693,Hip (the fruit) taken by European in American book,huckleberryfinn,huckleberry finn,assemblage,CATCHER'S MIT,0
23330,Order given to ignore boner under newspaper - a dreadful rule!,reignofterror,reign of terror,assemblage,RULE OF THUMB,0
101522,The best party over in Saudi Arabia provides drink,creamsoda,cream soda,assemblage,SODA FOUNTAIN,0
102223,Secure hold on a tree,cinchona,cinchona,assemblage,GRASPING,0
107691,April wish - throw bone at dog with Lenin,otobeinengland,o to be in england,assemblage,A TO Z OF,0
17033,Liberal dons feel sorry for king … and queen?,ruler,ruler,assemblage,LIBRA,0
72081,Second person to rule gets a large amount of plastic surgery,skingraft,skin graft,assemblage,KING SIZE,0
134637,"Figure taking off in The Doctor, then want sci-fi film",meninblack,men in black,assemblage,OUT OF THE,0
106907,Brave staff to measure Latin Quarter,totempole,totem pole,assemblage,FRENCH ARMY,0
112430,Leading currency upset economist,keynes,keynes,assemblage,PESO,0
104611,"Brief report, in every way ostentatious",newsflash,newsflash,assemblage,SHOWY,0
10576,Strange oriental lake,eerie,eerie,assemblage,GANGES,0
125157,Abandoned UK province rejected Luther's Reformed Church,inthelurch,in the lurch,assemblage,THE UK OF,0
15766,Boorish attempt to influence the mighty with society leader,slobby,slobby,assemblage,BOORISH,0
114962,"Loveless marriages - good, dangerous, or boring?",uninspired,uninspired,assemblage,UNHAPPINESS,0
21324,Tory spin doctor's aim: a quarter of the revolution,rightangle,right angle,assemblage,DOCTOR WHO,0
53163,So he and I form a strong attachment,adhesion,adhesion,assemblage,BONDING,0
10570,Eastern republic's flipping weird,eerie,eerie,assemblage,STRANGE,0
102631,When women's dress is lifted in divine residence?,asgard,asgard,assemblage,EDENIC,0
2540,"Attend at university, initially optimistic",upbeat,upbeat,assemblage,AUDIT,0
23188,Having space between articles like this is a bloomer,agapanthus,agapanthus,assemblage,DISTANCE,0
141928,Cricket side in match with a certain pitch,tonally,tonally,assemblage,SQUAD,0
111229,Former paying guest partly retained by headless parson to bowdlerise,expurgate,expurgate,assemblage,CENSORING,0
5952,Hunting call originally sets off hounds' onslaught,soho,soho,assemblage,HORN,0
40410,"Land about right, a farmer needing it cultivated",terrafirma,terra firma,assemblage,ARABLE LAND,0
51587,Holy man keeps Jerry in place,spot,spot,assemblage,SEAN,0
28840,Raise help with a long organised line,diagonal,diagonal,assemblage,HELPLESS,0
57436,Possibly last drink is more than brackish,saltwater,salt water,assemblage,LAST CALL,0
124245,Joined item in bedroom - it won't happen again!,onenightstand,one night stand,assemblage,ONE NIGHT STAND,1
86577,Men left work on deck,orlop,orlop,assemblage,MENUS,0
48193,All the same initial odds: below fifty-fifty,evenso,even so,assemblage,ALL OF,0
52038,Begin as he was under leadership of Danish PM,disraeli,disraeli,assemblage,STARTED,0
55804,Most newspapers mostly back a poem,iliad,iliad,assemblage,SONNET,0
81871,Made mistake in discussion before everything's gone belly up - pantomime!,cinderella,cinderella,assemblage,MISUNDERSTANDING,0
87650,Talk about spinachlover's love for cooking ingredient!,oliveoil,olive oil,assemblage,SPINACH,0
43363,"For punishment, keep in and cane, perhaps",penance,penance,assemblage,CANING,0
124101,"What writer seeks, only in small quantity",motjuste,mot juste,assemblage,A FEW,0
52099,Stall society occupying recent feature of arena?,newsstand,newsstand,assemblage,STALLION,0
41605,Unnecessary fuss about weather conditions in vessel,astorminateacup,a storm in a teacup,assemblage,MUCH ADO ABOUT NOTHING,0
55996,Exiled leader overturned by advanced African country and American son,dalailama,dalai lama,assemblage,NAIROBI SON,0
53122,"Perform in pantomime horse, perhaps? That creates interest",behalf,behalf,assemblage,ENTHRALL,0
97450,Obsessive about character in Greek book,annual,annual,assemblage,OBSESS,0
134607,Ambassadors for the French tycoon,legates,legates,assemblage,DIPLOMATS,0
6974,United Nations party is free,undo,undo,assemblage,FREE,0
98809,Sheep quartet's organ sounds bliss!,euphoria,euphoria,assemblage,EUPHORIC,0
85522,Expression of surprise about a project for an airport,heathrow,heathrow,assemblage,SURPRISE,0
31597,Caught us to face this sort of sentence,custodial,custodial,assemblage,CONUNDRUM,0
84835,The goddess of hairstyle heard to have a quirky diet,aphrodite,aphrodite,assemblage,APHRODITE,1
94329,Antipodean's choice between parent and setter?,maori,maori,assemblage,MATEY,0
72294,Manage to get a game of golf by artful deception,runaround,runaround,assemblage,MANIPULATE,0
28978,A sport informally allowing change of centre pairing for series of games,rubber,rubber,assemblage,RUGBY,0
28308,Write in special symbols number on gallery,notate,notate,assemblage,INSCRIBE,0
13941,How much for a horse?,amount,amount,assemblage,PRICEY,0
104184,Henry's bouquet wrapped up small flower,hyssop,hyssop,assemblage,ROSEBUD,0
59249,Mark creates endless panic,scar,scar,assemblage,MARK,0
41268,Animal - one going between well and bottomless pit,okapi,okapi,assemblage,WHALE,0
7513,Soft music for a duet,pair,pair,assemblage,LILT,0
115281,Sticky end in half a ton of essential fluid?,lymph,lymph,assemblage,TONIC,0
81425,Marine received and understood on skeleton staff?,jollyroger,jolly roger,assemblage,SKELETON CREW,0
94341,Concerning learner - changed gear too much,overlarge,overlarge,assemblage,REGULATED,0
86948,"""Tea For Two"" as dance music",chacha,cha cha,assemblage,TOP CAT,0
76163,State call includes study of cultivation,gardening,gardening,assemblage,AGRICULTURE,0
85102,Coach working on American lines,railcar,rail car,assemblage,BUS ON,0
86432,Money is said to breed sorrows,dolours,dolours,assemblage,MISERIES,0
91261,"Bedroom feature, artists' bust?",chestofdrawers,chest of drawers,assemblage,BED SIDE TABLE,0
68443,Desired study reversed after a long time,yearned,yearned,assemblage,DESIRED,0
141862,"One beam, say, brought back to son's old property",agedness,agedness,assemblage,BEAMING,0
24173,Chop stick? Start to chop up sticks,cleave,cleave,assemblage,CHOPSTICK,0
73692,"Topless match, with players from one side in shades",greens,greens,assemblage,TOPIC,0
120796,Dirty saucepan top in its own capacity,squalid,squalid,assemblage,POTENT,0
31495,Composition on sure thing in firm,concerto,concerto,assemblage,ASSURED,0
12172,Catch sight of tail of large mole,espy,espy,assemblage,LOOK,0
67511,Silly ass turned in by another,nitwit,nitwit,assemblage,DONKEY,0
134977,Big farmer typically got a move on and caught the girl,rancher,rancher,assemblage,AGRICULT,0
68435,Number two crosses line - game up!,polo,polo,assemblage,BUST,0
70654,Echo support six-footer cultivated,elegant,elegant,assemblage,ECHOED,0
22544,Best food is fancy,caprice,caprice,assemblage,GOURMET,0
51695,What's on TV? Nothing showing is to prove very compelling,dragoon,dragoon,assemblage,GRIPPING,0
128627,Pour artist small drinks included at beach party by the gallon,raincatsanddogs,rain cats and dogs,assemblage,TROPICAL,0
38330,"Records to order, of course",epsom,epsom,assemblage,TAPES,0
65977,I left command to the artillery,ordnance,ordnance,assemblage,DEPARTED,0
64793,Sauce not right with a prophet,elisha,elisha,assemblage,MORGAN,0
92932,Cut kills fish,topside,topside,assemblage,SLICING,0
111433,"Ease pain, beginning to pump the contents of my stomach?",palliate,palliate,assemblage,RELIEVE,0
22204,Change a place in West London,acton,acton,assemblage,SWAP,0
61306,"Late news, crush on street",stoppress,stop press,assemblage,BREAKING,0
130446,Instrument you fake for listeners? I'm not sure,euphonium,euphonium,assemblage,SPECTATOR,0
71672,Begins hunting like a sea wolf,aspirate,aspirate,assemblage,STARTING,0
138201,Articulate couple foot bill for replacement locks,toupee,toupee,assemblage,ARTFUL,0
83751,Merchant ship from Greek city coming to journey's end,argosy,argosy,assemblage,TRADER,0
37209,Defence in question supporting leaders in remorseless empire,redoubt,redoubt,assemblage,DEFENCE,0
80346,Engineers meeting over a meal,repast,repast,assemblage,DINNER,0
43993,Old tales by posh boy keen to depart for Spain,decameron,decameron,assemblage,SAGAS,0
103797,Encouraging indication of support gifted,favourable,favourable,assemblage,ENDORSE,0
32435,Substandard rice pudding served in the wardroom?,officer,officer,assemblage,RICECAKE,0
106961,"Witch making scholar bleat about inverted ""invert""",babayaga,baba yaga,assemblage,WITCHING,0
33092,"Star turn embarrassed at taking a part, say",sunder,sunder,assemblage,STARRED,0
79775,Caledonian author and his characters,scottish,scottish,assemblage,SCOTTISH,1
98964,Most supermarket food is supplied by agent carrying a gun around,prepacked,prepacked,assemblage,DISTRIBUTOR,0
49090,Cry of joy when husband meets great girl!,hosanna,hosanna,assemblage,HURRAH,0
102307,"Generous whisky bar? Journalist added ""very flexible""",doublejointed,double jointed,assemblage,GENEROSITY,0
25007,"Thorpe's boundaries risked losing all, even being abrupt",terse,terse,assemblage,THOR,0
129277,"Bachelor, defended by two friends with energy, is possibly touched",palpable,palpable,assemblage,BACHELORS,0
38668,Gas worried a very young person,neonate,neonate,assemblage,GASLIGHT,0
93252,Couples playing golf? Female left,fred,fred,assemblage,DUOS,0
41597,Splendid gathering in festivity with two unknowns,galaxy,galaxy,assemblage,EXCELLENT,0
67451,I've got a gal here in Michigan,kalamazoo,kalamazoo,assemblage,MICHIGAN,0
83863,"Painful muscle contraction - runner's problem, primarily",cramp,cramp,assemblage,SPASM,0
24812,Tiny POW? May be observed in a cave,stalagmite,stalagmite,assemblage,MICROSCOP,0
123869,"Infamous, rather theatrical, start of assault on Everest?",basecamp,base camp,assemblage,BAD ACT,0
60152,Possibly fly in group,insect,insect,assemblage,SWARM,0
127567,Guard against splashes from two hurricanes in a storm,showercurtain,shower curtain,assemblage,DODGING,0
129869,Health programme on satellite station?,spacemedicine,space medicine,assemblage,HEALTHY,0
100844,Slough about a month for chef's assistant,fanoven,fan oven,assemblage,SOUS CHEF,0
117682,Prance around - the last way to treat a ball?,tittup,tittup,assemblage,DANCE,0
115506,Private secretary revises books,psalters,psalters,assemblage,SECRETARY,0
105144,Grovelling son's effusive,slavish,slavish,assemblage,OBSEQUIOUS,0
2852,Love English flower,nile,nile,assemblage,ROSE,0
116617,Meatballs acquired among Embassy's wares,faggots,faggots,assemblage,SPAGHETTI,0
27607,About to go home by midnight - is coming back,returning,returning,assemblage,RETURNS,0
2280,"A pair of aces, possibly, held model in Wales, you may say",cetacea,cetacea,assemblage,CARDIFF,0
89555,"Bend under water, perhaps, to judge right deed",refract,refract,assemblage,DEBATED,0
37715,Light displayed in fort or chapel,torch,torch,assemblage,GLINT,0
78999,Ridicules a politician with nothing on amid libidinous extremes,lampoons,lampoons,assemblage,RIDICULES,0
141400,"Record playing in calm, calm water",millpond,millpond,assemblage,RECORDS,0
43762,No action required about coach reservation,restraint,restraint,assemblage,RESERVES,0
45831,One noting details finds shilling on Ken Dodd?,stickler,stickler,assemblage,NOTICING,0
82967,Blushing landlady is remarkable,redletter,red letter,assemblage,RED HERRING,0
116523,Much abbreviated service offered by some councils to motorists' family group,pride,pride,assemblage,MOTEL,0
55684,"As I am presented here, but my last is an in mere?",riddlemeree,riddle me ree,assemblage,AS I AM,0
21748,Record-keeper extremely lovely in uniform,evelyn,evelyn,assemblage,CLERK,0
46485,Traverse black spine,bridge,bridge,assemblage,CROSS,0
101326,"Rock pop, Eve: it's old hat",stovepipe,stovepipe,assemblage,CLASSIC,0
53259,Put on important hat for the races,donkeyderby,donkey derby,assemblage,TOP HAT,0
76115,"Suppose the answer isn't ""a positive Hell""?",inferno,inferno,assemblage,NEGATIVE,0
122359,College getting family groups eviscerated,kings,kings,assemblage,COLLE,0
29952,Country sport really regularly cancelled,rural,rural,assemblage,CRICKET,0
142061,"After comic opera, villager embraces hot bird",mikadopheasant,mikado pheasant,assemblage,CHICKEN CURRY,0
70708,"Starbuck's first found here, healthier and with topping",whaler,whaler,assemblage,LATTE,0
10723,"To one Pope, it spelt danger",alittlelearning,a little learning,assemblage,SIXTH SENSE,0
93984,Enduring wish to retain support,longstanding,longstanding,assemblage,PERSISTENT,0
11750,Put sailors in vessel - they secure wheels on shafts,setscrews,setscrews,assemblage,CROSSBARS,0
27445,Accommodation bit into end of prayer time,apartment,apartment,assemblage,ACCOMMODATION,0
69657,"Set of rules? Something bad, reportedly a burden",syntax,syntax,assemblage,CODE,0
56935,Examine church plant,vetch,vetch,assemblage,CLOVER,0
65606,Treat cruelly journalists at work,oppress,oppress,assemblage,MALTREAT,0
114272,A short jacket is dazzling,ablaze,ablaze,assemblage,SHIMMY,0
99905,Plenty in favour of nuclear energy generation,profusion,profusion,assemblage,PROLIFIC,0
142194,One who's desperate kicks the bucket and swells,dandies,dandies,assemblage,BLOATED,0
85518,"Old Tory contention, where migrants may be entering Britain",heathrow,heathrow,assemblage,TORYISM,0
90494,They'll be there returning thanks over offers made,attenders,attenders,assemblage,THANKSGIVING,0
127633,Frequently short of soft paper in gents,squires,squires,assemblage,PAPERED,0
55519,How you may live if single-minded?,ononesown,on ones own,assemblage,FOR THE,0
136968,Lie about Irish town and county,leitrim,leitrim,assemblage,LIESTER,0
14004,Judge's hooter and saggy jawline,jowl,jowl,assemblage,BANG,0
97979,Drank to the reporter's completion of duty?,deadline,deadline,assemblage,TOOK TO,0
135233,"People like Nero in Rome, always heading back after gold",emperors,emperors,assemblage,ROMANES,0
2788,Wine and cheese: uplifting with a little Gershwin,madeira,madeira,assemblage,CHIANTI,0
135833,Undoing of woman last month involving the opposite sex,annulment,annulment,assemblage,DESTRUCTION,0
124971,A painter is very dry outside,tissot,tissot,assemblage,ARTIST,0
55250,"Man holding, as it may be, a dog",alsatian,alsatian,assemblage,HOLDING,0
93934,Some say pigs crop up to finish cake,police,police,assemblage,SPOILS,0
112860,Starts to tell agriculturalists that King Edward is a local spud,tater,tater,assemblage,TATER,1
18342,"Camels go out here? Hot, missing covers",ashtray,ashtray,assemblage,DESERT,0
97901,Monster that is spotted south of headland,nessie,nessie,assemblage,BEAST,0
93791,Virgin Queen's gone in to communicate,interact,interact,assemblage,ELIZABETH,0
95309,Missile's explosion leads to wild anger,boomerang,boomerang,assemblage,FUROR,0
5438,Spoilt little brat put on display,impaired,impaired,assemblage,BRAT,0
17520,"One of crowd in old, upturned craft",extra,extra,assemblage,CANOE,0
31824,Previously more of a noble character?,earlier,earlier,assemblage,NOBLE,0
90652,A shameful retreat?,denofvice,den of vice,assemblage,CUT TO BLACK,0
42487,Gold goes up when two firms are after it for decoration,rococo,rococo,assemblage,GILDED,0
88375,Good landlord serves spirit,ghost,ghost,assemblage,GHOST,1
63005,"Terrible type leading advance, left to court celebrity",ivanlendl,ivan lendl,assemblage,TYPECAST,0
137206,They try to get opinions among TV audiences,interviewers,interviewers,assemblage,PANELISTS,0
30546,Expression of surprise in Britain with Brit abroad,blimey,blimey,assemblage,GASPED,0
7260,"Brown tin-opener, one intrinsic flaw",taint,taint,assemblage,FAULT,0
32370,Adviser's first to finish plan,idea,idea,assemblage,ADVISE,0
11129,Hairy rebellious Irish broadcaster,risky,risky,assemblage,RTE,0
112693,On for facsimile,repro,repro,assemblage,ON,0
7266,Contamination isn't common,taint,taint,assemblage,RARE,0
34772,"Expand ancient site, removing top and installing home guard",enlarge,enlarge,assemblage,DILATE,0
32702,"After removing hat and Eros's coat, Greek hero gets cold",chill,chill,assemblage,HERO,0
110872,Old-time prospector has gone off with the money,sourdough,sourdough,assemblage,GOLDMINER,0
65732,Look after little girl in squalid place - get a medal for it?,decathlon,decathlon,assemblage,GOLDMEDAL,0
120880,First entry in old book of songs about fish behind ship's stern mid-ocean!,psalmone,psalm one,assemblage,SONG,0
116248,"Support it over debts, being well disposed",propitious,propitious,assemblage,SUPPORT,0
3166,Elevated books exist as a source of inspiration,erato,erato,assemblage,BOOK,0
92496,Entrance money that was sign of quality,hallmark,hallmark,assemblage,ENTRANCE,0
35045,Basket maker that's old raised cash in Brazil once,osier,osier,assemblage,BASKET,0
29412,"V-shaped locks opening, not new, say",widowspeak,widows peak,assemblage,LOCKS OPEN,0
109253,Queen collected books and Queen was an actress,ellenterry,ellen terry,assemblage,BOOK QUEEN,0
138375,"Clean tackles, Premier League headers by blue and red United",purple,purple,assemblage,CLEAN,0
34431,Hector has no right to the insignia,badge,badge,assemblage,HECTOR,0
33030,Small carnivore shortened portico,stoa,stoa,assemblage,PORT,0
51657,Return of fabled bird vexed Scottish pirate,corsair,corsair,assemblage,RETURNED,0
123321,Takeover bid made by the committed buyer,firmoffer,firm offer,assemblage,BID BUYER,0
25173,"Hang around, girl!', we say, in period of inactivity",stasis,stasis,assemblage,HANG,0
135850,Profane girl lacking seriousness,dishallow,dishallow,assemblage,SACRILEGE,0
66350,Poet turns to take semi-fierce part,divorce,divorce,assemblage,TROCHEE,0
128977,Girl losing her head about allowance a nonsense,irrational,irrational,assemblage,BALDERDASH,0
117155,Duty of extra esteem getting volunteers cross,valueaddedtax,value added tax,assemblage,CALLING ON,0
85433,Catch Penny breaking down - love is torture,strappado,strappado,assemblage,PENALTY,0
34410,"Little taste of cheddar cheese, not for game",croquet,croquet,assemblage,CHEDDAR,0
44114,"Distinguishing feature of beauty contest winner: ostentatious walk, one yard short",sash,sash,assemblage,GAIT,0
115906,"Dog and horse amongst this odd collection of animals, reportedly",shihtzu,shih tzu,assemblage,HOG ON,0
26871,Tinker tolerates tripe,fiddlesticks,fiddlesticks,assemblage,TOLERATES,0
128024,Plants model on joint poles,treeferns,tree ferns,assemblage,BONE MEAL,0
55915,River and seafood the French found atrocious,execrable,execrable,assemblage,RIVERINE,0
142348,"Senseless getting Serco, you said - maybe give someone else the job",outsource,outsource,assemblage,SENSIBLE,0
18906,Christmas morning? Quietly do a runner,decamp,decamp,assemblage,PASTEL,0
139866,Native warriors quiet and mischievous,impish,impish,assemblage,SIOUX,0
66369,"Slow starter and touchy, I'm easily knocked down",skittle,skittle,assemblage,TUMBLE,0
129842,First among characters hailed in each fiefdom,chief,chief,assemblage,FIRST,0
81444,"""Sir"", as he is British originally",sahib,sahib,assemblage,SIRRAH,0
110465,Swede gives you wind? Then take a very little!,gustav,gustav,assemblage,GUSTED,0
136192,Party with two runners?,carouse,carouse,assemblage,PARTY,0
84140,Polls about to close with awful fear around,referenda,referenda,assemblage,FEARFUL,0
30868,Rebel leader in isolated uprising is put on record,enrol,enrol,assemblage,BANDY,0
56047,"Beat vicar and ring up, getting firm with me",overcome,overcome,assemblage,PERSUADE,0
141469,"In yet another way, describing queen the greatest example of this?",inequality,inequality,assemblage,PARADIGM,0
35038,Sporting event in which one has to fire on the run,sackrace,sack race,assemblage,RUNNING,0
65005,Larks of Arcadia?,amusements,amusements,assemblage,SINGULARS,0
123423,So long coat is actually outselling tops?,ciao,ciao,assemblage,CLOTH,0
141712,Unexpected twist in US version of Pound: king taking knight,kicker,kicker,assemblage,TWIST,0
79593,"Female in woods is crazy, showing no feelings for male",dryad,dryad,assemblage,FEMME,0
129972,Small gardens here a little bit out of place,skewwhiff,skew whiff,assemblage,HANG GARDENS,0
51683,Season to study ten-cent books,condiment,condiment,assemblage,AUTUMN,0
65061,Letter sent to a remote station?,outpost,outpost,assemblage,LETTER,0
86327,Islands associated with bicentenarian celebration at a lot of temples,galapagos,galapagos,assemblage,ISLANDS,0
105531,Check if son is off school again,retrain,retrain,assemblage,CHECKS,0
114997,"Coin ""river horse"", perhaps, for this large beast?",rhinoceros,rhinoceros,assemblage,HIPPOPOTAMUS,0
139092,Cleaning mess - what's humiliating about that?,shampooing,shampooing,assemblage,CLEANING,0
109750,Lower classes intended mutiny,defiance,defiance,assemblage,UNDERCLASS,0
138552,Set up celebrity with young man from the fifties,started,started,assemblage,SETUP,0
98041,"Outdo ""Vote for Clegg"" on the radio",picnic,picnic,assemblage,OUTDO,0
37240,Dog brought up beer,airedale,airedale,assemblage,DOGBEER,0
37125,"Guided by instinct, did nothing",idled,idled,assemblage,INSTINCT,0
15291,Excessive gushing from paramours wanting large contraceptive,overspill,overspill,assemblage,OVERDOING,0
60913,Scottish city will shortly report finished business,donedeal,done deal,assemblage,EDINBURGH,0
2721,Weird when retiring perfectly fit fighters,samurai,samurai,assemblage,WARRIORS,0
135561,Finished by topping aristocrats,uppercrust,upper crust,assemblage,DONE DEAL,0
134671,"Small range, one in city state",slovenia,slovenia,assemblage,SINGAPORE,0
48118,Stake zero in space rockets,paling,paling,assemblage,ROCKET,0
71470,Dress container found in car,gearbox,gearbox,assemblage,DRESSER,0
95401,"Very busy, being occupied with personal viewers",uptooneseyes,up to ones eyes,assemblage,AT THE MOMENT,0
21212,Moon rocket gets ahead on oxygen,apollo,apollo,assemblage,ROCKET,0
84415,Old bird sitting on pole is grouse,moan,moan,assemblage,GULL,0
422,Posh jerks welcoming qualified person's advance,upgrade,upgrade,assemblage,UPRIGHT,0
803,Topless vicar? That's flaming wrong!,arson,arson,assemblage,VIRAL,0
58106,"Country house like this cut rent, previously",lesotho,lesotho,assemblage,MANOR,0
100954,Check old song picked up in music halls,auditoria,auditoria,assemblage,CHECKER,0
106971,"Stand by, I'm near plastic vessel",submarine,submarine,assemblage,STANDBY,0
137445,Article on women's muscle,thew,thew,assemblage,LADY,0
14617,American saying proper farewell,adieu,adieu,assemblage,ADIEU,1
132963,Something pour le weekend in this?,franglais,franglais,assemblage,BOTTLE,0
21800,A representative is admitted back in the old country,persia,persia,assemblage,EMBASSY,0
19858,A northern port somewhere in Hampshire,andover,andover,assemblage,PORTSMOUTH,0
67530,Wrong application is filed by brood,misuse,misuse,assemblage,BROOD,0
118872,Risk involved with a novice heard playing the bagpipes,skirl,skirl,assemblage,RISK,0
127663,"Double letter with double letters spelled out as ""fraud""",wouldbe,would be,assemblage,DOUBLE,0
106554,Island unknown for being comfortable,cosy,cosy,assemblage,ISLE,0
88124,Writer's love movie,ovid,ovid,assemblage,LOVE,0
96506,"Two deceivers, the second lacking a device with teeth",ratchet,ratchet,assemblage,DECEIVER,0
121383,Perhaps Horace is aware of pronounced facial feature?,romannose,roman nose,assemblage,AWARE,0
132374,"Unconscious chap in parent, wally",dunderhead,dunderhead,assemblage,UNCONSCIOUS,0
85816,Practises and secures top spin,prosecutes,prosecutes,assemblage,PRACTICES,0
121249,"One's bald head at first appearing stupid, very pale on top",ashblonde,ash blonde,assemblage,BALD,0
64466,"Standard loom attached to knitted fabric, briefly",tricolour,tricolour,assemblage,STANDARD,0
24611,"Mother, perhaps first of women in family environment",wife,wife,assemblage,MOTHER,0
63536,"Defector's case dismissed - exercise privilege, ultimately",escapee,escapee,assemblage,EXERCISE,0
49694,Butter up quartermistress,smarm,smarm,assemblage,FLAT,0
43340,"Hard or firm, call commercial breaks shrewd business",horsetrading,horse trading,assemblage,SMART BUSINESS,0
99713,Former dictator's unhappy parent,saddam,saddam,assemblage,PARENT,0
48134,A Labour leader takes many shares out,allots,allots,assemblage,SHARES,0
30044,Entire sprinters' centre led great comeback,integral,integral,assemblage,COMEBACK,0
22605,Growth is said to follow popular demand,insist,insist,assemblage,GROWTH,0
125334,Always chasing black horse,bay,bay,assemblage,ALWAYS,0
94110,"After ten years, North Carolina has the first bit of evidence of corruption",decadence,decadence,assemblage,EVIDENCE,0
128852,Improvement in how sappers are deployed?,reformation,reformation,assemblage,IMPROVEMENT,0
2189,False impression from Conservative: give him time,chimera,chimera,assemblage,CONCEIT,0
102142,"""Victory"" - focus of flagship vessel to find a measure of knots, say?",wingspan,wingspan,assemblage,VESSEL,0
44795,Study bill for dispatch,consign,consign,assemblage,STUDY,0
119160,To drop all value of French artist is English,demonetise,demonetise,assemblage,DEVALUATE,0
122370,"Yields to Julian Clary and Lily Savage, perhaps?",outturns,outturns,assemblage,YIELDS,0
134315,Perfume for female Indian of rank holding an animal back,frangipani,frangipani,assemblage,FRAGRANCE,0
35425,Order thesaurus in online form?,edict,edict,assemblage,ORDER,0
23389,Broad English chronicler,trollope,trollope,assemblage,CHRONICLER,0
9338,Stuff with metal core at bottom of river,taffeta,taffeta,assemblage,SANDWICH,0
55522,"Roots of any really admirable, unusual clue and reliably intriguing answer produce a puzzling growth",araucaria,araucaria,assemblage,ANEMONES,0
36796,Munch: perhaps I start to crunch,artist,artist,assemblage,CRUNCH,0
72106,Sleuth on heroin has no record at the Yard; this shows how it's done,technology,technology,assemblage,DETECTIVE,0
32529,Downhearted little brother kept away,brownedoff,browned off,assemblage,SAD BROTHER,0
137346,Numbers following inverse of a binary number,laudanum,laudanum,assemblage,NUMBERS,0
128511,Colleague's role facing loveless persecutor,partner,partner,assemblage,COLLEAGUE,0
59212,Series of notes for musician to travel around new islands,glissando,glissando,assemblage,SONATAS,0
44010,Left-wing enthusiastic journalists turning up in the grasp of a lord are captive survivors,peredavidsdeer,pere davids deer,assemblage,LEFT-WING,0
39166,Hollywood actress's short dress,garb,garb,assemblage,CUTE,0
10474,Scored quickly with pressure before interval at Oval,presto,presto,assemblage,SCORED,0
69565,"Without warning, calls ""Don't be proud!""",dropsin,drops in,assemblage,CALLS,0
36883,Leave behind away kit,outstrip,outstrip,assemblage,KITBAG,0
53809,Wrangler does without club,debater,debater,assemblage,WRANGLER,0
100137,What dictionaries do about it is quite clear,definite,definite,assemblage,DEFINE,0
137797,Unknown Tory in baffling exposé,exclusive,exclusive,assemblage,UNKNOWN,0
99466,"Return once more in dance, pirouetting etc",reelect,re elect,assemblage,DANCE,0
123147,"He helps priest change, we hear, by holding ring",altarboy,altar boy,assemblage,RINGED,0
82647,Being short of one million on card game,impatience,impatience,assemblage,BRIDGE,0
135298,Worker wants small animal with temper as a variety act prop,handpuppet,hand puppet,assemblage,STAGE PROP,0
126634,Player on the wings fit and well when the Reds struggled in Europe,praguespring,prague spring,assemblage,WINGER,0
32163,Biased team and what may be done about it,onesided,one sided,assemblage,HARD TO,0
19916,Vessel - showing its nationality?,flagon,flagon,assemblage,VESSEL,0
7255,Unlocked and shared out moonshine,balderdash,balderdash,assemblage,SHARED OUT,0
89383,"Fixity of purpose is needed by fast bowler, as before",willis,willis,assemblage,RESOLVE,0
4813,"Relative beginners to needlework, in each case expecting",niece,niece,assemblage,NEPHEW,0
15818,Eclipse brings alfresco party?,outdo,outdo,assemblage,LUNCH,0
92106,Finished with employment involving excessive toil,overwork,overwork,assemblage,EXHAUSTED,0
58205,"Cold, cold belly",craw,craw,assemblage,COLD,0
106261,Write up on the greatest Asian,nepali,nepali,assemblage,GREATEST,0
102430,Flying female monkey call,tinkerbell,tinker bell,assemblage,CALLING,0
109043,Relief on return of special book,psalms,psalms,assemblage,RELIEF,0
12000,Talk flirtatiously to Tom in Paris at university,chatup,chat up,assemblage,TALK,0
61845,Fearful player in a scrum,awestruck,awestruck,assemblage,FEARFUL,0
52525,A nameless sentimentalist - like Basil?,aromatic,aromatic,assemblage,BASILISK,0
39728,Charlie gets a shock from this - fatally so,chair,chair,assemblage,CHARGE,0
57460,"I'd return, say, to ring James in Spain",diego,diego,assemblage,RING,0
94054,Poet Virgil's last letter to head,lear,lear,assemblage,VIRGIL,0
61565,"Though in favour of an offer, say no",forbid,forbid,assemblage,THOUGH,0
47854,Measure record found in sack,depose,depose,assemblage,SACKED,0
127649,"Hard looking after number one, when fellow out back is a renowned labourer",heracles,heracles,assemblage,STALWARTS,0
132391,College oddly calm with undergraduate finally in cell,corpuscle,corpuscle,assemblage,CELLARDOOR,0
86547,"Predator's call reported, that is to say, to court",tuwhittuwhoo,tu whit tu whoo,assemblage,TOO CUTE,0
88809,Western baddie circle,wheel,wheel,assemblage,CIRCLE,0
26821,Dress with the end let out,raiment,raiment,assemblage,DRESSES,0
55772,Comprehensive kid after information,generic,generic,assemblage,KIDNEY,0
125583,Checking people of fashion in English resort,bridlington,bridlington,assemblage,CHECKPOINT,0
141064,Extra appointment for teacher? This could delay notification,secondclasspost,second class post,assemblage,DEFERRED,0
35735,Gallant companion to girl right out of fairy tale,chevalier,chevalier,assemblage,CAVALIER,0
71285,Former cargo ship docked by Russian river outside city walls,extramural,extramural,assemblage,VOLGA RIVER,0
126431,Back plan's no good - upsetting and painful,agonised,agonised,assemblage,EXCRUCIATING,0
78204,A winter in France going topless? A joke everywhere,universally,universally,assemblage,PUNCHLINE,0
115011,Lines in support of love by female author,ohenry,o henry,assemblage,"A, L",0
81074,More or less impartial before a contest,justabout,just about,assemblage,EVEN STEVEN,0
19625,Last to finish with majority,endmost,endmost,assemblage,PLURAL,0
5874,Many a girl in the city,chester,chester,assemblage,MANHATTAN,0
39143,Rubber plant found by the shore,sanderling,sanderling,assemblage,BANYAN TREE,0
114909,Articulate way of speaking is a plus in post,expressdelivery,express delivery,assemblage,ELOQUENCE,0
137517,Old boy dances with wife during Black Sabbath hits,bodyblows,body blows,assemblage,BLACK SABBATH,0
134226,"Coalition supplied balance, ultimately helping?",federation,federation,assemblage,COALITION,0
20306,Creature of air (male) to take to water,bathe,bathe,assemblage,FISH,0
72732,Snake and dog in crafty contest,boatrace,boat race,assemblage,DOG SHOW,0
90347,Account that's due showing effect of inflation,billowing,billowing,assemblage,COSTS,0
43356,Enthusiastic jazz singer behind London theatre,lyrical,lyrical,assemblage,JAZZED,0
96613,Good worker tackling tip of iceberg in Titanic,giant,giant,assemblage,GRAFT,0
96705,"US shooter backing renegade, rogue nation",tarantino,tarantino,assemblage,NATION,0
54768,Girl returned on time with ace - of diamonds?,eustace,eustace,assemblage,DIAMOND,0
87671,Shot decent score in golf? Caddie regularly records ranking,hitparade,hit parade,assemblage,PAR SCORE,0
3115,Trainee lyricist secures a large job,learner,learner,assemblage,CAREER,0
38987,Hawk lifts royal sheep above the tops of elm trees,market,market,assemblage,EAGLES,0
56256,Suspicious bag unopened,iffy,iffy,assemblage,SUSP,0
25421,Grassy meadow provided pasture,leafed,leafed,assemblage,MEADOW,0
13210,Ways artist's lifted up magazine,arsenal,arsenal,assemblage,ARTIST,0
4493,Grim looking under fly in soup,unfriendly,unfriendly,assemblage,SOUPFLY,0
113918,"Small present wife returns, about to end in acrimonious, bitter blows",snowstorms,snowstorms,assemblage,ACRIMONIOUS,0
135739,"Me, by vodka shot (having skipped introductions), put on floor",kayoed,kayoed,assemblage,VODKA,0
98017,Here dragons floor the war department band,komodo,komodo,assemblage,DRAGONS,0
73050,Soccer bosses left in dark opening,fanlight,fanlight,assemblage,SOCCER,0
85597,Father takes on arbitrators in quarrel,fracas,fracas,assemblage,FATHER,0
61117,Speech to put off by replacing silver with a bit of it,discourse,discourse,assemblage,SPEECH,0
102006,Birds avoiding the last half of mighty storms,migrants,migrants,assemblage,HURRICAN,0
69349,God in charge? There's no peace here,panic,panic,assemblage,HEATH,0
118008,"One working with Morse, radio operator in part of London",lewisham,lewisham,assemblage,TELEGRAPH,0
31918,Go on without PR for scary female,ogress,ogress,assemblage,GHOST,0
128975,I am shortly to be taking part in a council election - what an idiot!,imbecile,imbecile,assemblage,IMBECILE,1
96165,Pluck model instrument,spinet,spinet,assemblage,STRUM,0
108341,What's triple-layered? The answer's somewhat coincidental,threeply,three ply,assemblage,THREE'S,0
27477,Players' last practice session covered up,dressrehearsal,dress rehearsal,assemblage,DRESS REHEARSAL,1
16521,Song with a retrospective melody,aria,aria,assemblage,TUNE,0
133497,Make new home right above East Yorkshire town,resettle,resettle,assemblage,REHOME,0
39074,Some regularly flee rising pollution,smog,smog,assemblage,FLEA,0
117727,"Mountain climbing and sailing not hard, so unconvincing performance",playacting,play acting,assemblage,COLD FEET,0
134644,It should be impossible to pick husband largely on chum's tip,chubb,chubb,assemblage,HITCH,0
43180,Joke with a lady?,gaga,gaga,assemblage,GAG,0
93781,Land makes outlaw happy and he's reformed,bangladesh,bangladesh,assemblage,HAPPINESS,0
50020,Stops at a nice part? How wicked!,satanic,satanic,assemblage,SINISTER,0
104711,Firm with policies making home safer?,insurer,insurer,assemblage,SECURE,0
129008,"Atmosphere Longfellow captures in no time, poetically",erelong,erelong,assemblage,ATMOSPHERE,0
122942,Islander initially shot a grouse,samoan,samoan,assemblage,SCOUSE,0
18442,The Queen right or wrong?,error,error,assemblage,QUEEN,0
109077,"Slowly shift PC and get Apple, good but oddly deficient",plod,plod,assemblage,CREE,0
90377,Journalist's one man that could be a leader,editorial,editorial,assemblage,REPORTER,0
74985,Greek island with hot club,cosh,cosh,assemblage,RHOS,0
83069,Old robbers ignoring opening for recreational drugs,opiates,opiates,assemblage,STIMULI,0
62470,First bit of chapped skin? Tear off a strip,chide,chide,assemblage,PEEL,0
121596,Great place for thieves cased by bent police officer,superintendent,superintendent,assemblage,SPOILERS,0
14514,"Last runner through Yorkshire, last",endure,endure,assemblage,SIXTH,0
42584,Group to get off when torched?,setalight,set alight,assemblage,FIRE EXIT,0
84765,Flower given to darling creates effect,execute,execute,assemblage,IMPACT,0
96588,Drug joint's menu item?,potroast,pot roast,assemblage,HASH BROWN,0
15635,Oval jugs made by a former foreign hand,jugoslav,jugoslav,assemblage,GOBLETS,0
7383,There's little shelter from drink - one needs the poison,portico,portico,assemblage,BOTTLE,0
75638,Boy attending a musical performance,sonata,sonata,assemblage,BOYCHO,0
110062,City presenting huge temptation for gardener,bigapple,big apple,assemblage,BIG APPLE,1
29751,Cardboard saint upset in Kent?,whitstable,whitstable,assemblage,CARDINAL,0
57830,Arctic rocks unmoved,icecold,ice cold,assemblage,ICE CAP,0
59751,Shrub from which bee pursues mum,madrone,madrone,assemblage,BEECHES,0
85781,I'm not sure young scientist should be in cast - it's torture,thumbscrew,thumbscrew,assemblage,MALPRACTICE,0
14029,Fine-tune vehicle,goodstrain,goods train,assemblage,TUNE CAR,0
116431,Alternative stock market's not so unpredictable,aimless,aimless,assemblage,ALTERNATE,0
67865,Readiness to lose belief without very good deed,defeatism,defeatism,assemblage,FAITHLESS,0
127081,"Where, in London, dozens of tradesmen are generous?",bakerstreet,baker street,assemblage,COVENT GARDEN,0
29064,Transport of fury (or vice versa),roadrage,road rage,assemblage,FURY ROAD,0
130578,Week remains Doris's cleaning time?,washday,washday,assemblage,DUSTING,0
114917,Nationalist in touch with affection's tumult,patriot,patriot,assemblage,NATIONAL,0
49551,Check straps of underwear,scanties,scanties,assemblage,CHECKING,0
47584,Fruit producer on a poultry-farm?,eggplant,eggplant,assemblage,CROPPEER,0
50043,A male doctor's rounds,ammo,ammo,assemblage,MALE,0
70240,Supposed origin of president's diary in taxi at home,logcabin,log cabin,assemblage,PRESIDENT,0
52162,Report of a couple of fruits producing disease,beriberi,beriberi,assemblage,TOMATOES,0
62221,"Plain menu appearing all fancy, finally",ugly,ugly,assemblage,MENU,0
15486,A lake fed by a river (more like the Dead Sea?),aral,aral,assemblage,DEAD,0
137989,Male with a zip cut old wooden bowl,mazer,mazer,assemblage,BOWLS,0
97024,"Left in after this time, so upset clovers",ladinos,ladinos,assemblage,CLOVERS,0
4940,Consternation at sweet potatoes I'd brought up,dismay,dismay,assemblage,DISMAY,1
102763,One with obsessive interest about fish,tuna,tuna,assemblage,NUTS,0
9918,"Carriages to inflict damage on joints, we hear",hackneys,hackneys,assemblage,CARRIAGES,0
40661,The craft of dressing?,sauceboat,sauceboat,assemblage,TAILORING,0
36991,Infection around spot needs cream applied regularly,cholera,cholera,assemblage,NEEDLE,0
135031,"You, on boat's capsizing, may give something less than three cheers",yesbut,yes but,assemblage,HAIL FELLOW,0
37134,Pick holes in garment with a run in it,carp,carp,assemblage,PITS,0
59280,Wise duke upset top drawer,degas,degas,assemblage,WIDED,0
35533,Run and puff - clergyman required,administer,administer,assemblage,RUNNING,0
18901,Run off with a politician after last month,decamp,decamp,assemblage,RANDE,0
59202,"Governed by air, its function is to give resilience under foot",underlay,underlay,assemblage,AIRFOOT,0
83356,A suitable sucker?,tailorsdummy,tailors dummy,assemblage,SUCKER,0
47816,Politicians get the point first in these jokes,stories,stories,assemblage,PUNS,0
21827,"Outline result, if arsenic mixed with oxygen",scenario,scenario,assemblage,OUTLINE,0
83852,Material point to occupation,linen,linen,assemblage,POINT,0
106205,Sick records written up by week,spew,spew,assemblage,SICK,0
104388,"New proof is put to ninety-nine, half-asleep",soporific,soporific,assemblage,SLEEPING,0
6561,Would you see railwaymen as a result of taking this approach?,runup,run up,assemblage,GET ON,0
61685,Shows great confidence with props and one's material,strutsonesstuff,struts ones stuff,assemblage,STAGE FRIGHT,0
115277,School actors downloaded recording,podcast,podcast,assemblage,STUDENTS,0
88418,Servitude when the majority take everything,thrall,thrall,assemblage,SERVANT,0
32709,Bird cooked around noon for correspondent,penfriend,penfriend,assemblage,NIGHTINGALE,0
141586,"Breaking hand, return to a bit of carpentry",mitrejoint,mitre joint,assemblage,HANDSAW,0
104822,"Second double entendre, perhaps, suggests going for a slash?",swordplay,swordplay,assemblage,SUGGESTION,0
16678,"Union leader is more confident, having taken much interest",usurer,usurer,assemblage,UNIONIST,0
17571,Too much of pals to finish off with round of golf,also,also,assemblage,OVER,0
99753,Agent is fine performer,factor,factor,assemblage,AGENT,0
72061,"Teach a king English, with an hour off for a bite?",teacake,teacake,assemblage,SNACKS,0
79580,Wait for time in bathroom,bidet,bidet,assemblage,WAIT,0
46726,"Enigmatic, keen and in charge, set about exercising",cryptic,cryptic,assemblage,KNEELED,0
134722,"They hang from the neck of special friend, married on the rebound",dewlaps,dewlaps,assemblage,MEDALLION,0
45152,"Darkness is short, but not far away",nigh,nigh,assemblage,DUSK,0
80480,En voyage without information and refusing accommodation,intransigent,intransigent,assemblage,UNINFORMED,0
8748,Conclude there's no getting out of hell,infer,infer,assemblage,DEATH,0
20503,Girl cuts end off trousers,jean,jean,assemblage,GIRL,0
108803,Dud and Pete's initial prominence,bump,bump,assemblage,DUST,0
84311,Time to request church to provide a working party,taskforce,task force,assemblage,WORK TEAM,0
88152,"Breakdown in relations for tabloid, which is charged having pursued princess",disunion,disunion,assemblage,TABLOIDED,0
77398,Better order meal before I make a speech,ameliorate,ameliorate,assemblage,SPEECHIFY,0
20651,Back massage by Norse causes skin injury,burn,burn,assemblage,NICK,0
88936,Sweet that's lavish in nuts,bananafritters,banana fritters,assemblage,CANDY FLOSS,0
76353,Return note with grass blade,knife,knife,assemblage,GRASS,0
16581,Long snake put down with anger,aspire,aspire,assemblage,ANGUIS,0
138683,"Constantly reproducing, much like anti-abortionists, I see",prolific,prolific,assemblage,REPRODUCING,0
125406,Dispose of at a higher price,sellup,sell up,assemblage,SELL FOR,0
110389,"Nobleman to bail out in a metropolis, having to carry can",accountability,accountability,assemblage,ARISTOCRAT,0
65952,Expert locks up old books without delay,pronto,pronto,assemblage,EXPERT,0
87935,Poor ascent is difficult,hardup,hard up,assemblage,HARD TO,0
138291,Up to date on focus again,recentre,recentre,assemblage,UPDATED,0
60488,"US polar explorer - and aviator, by the way",byrd,byrd,assemblage,AMUND,0
80487,Hate journalist over investigation,detest,detest,assemblage,DETEST,1
62078,Guided minister of German blood to devour poor Kent,blunkett,blunkett,assemblage,GUIDING,0
26882,The French fellow at match gets space to manoeuvre,legroom,legroom,assemblage,ELOQUENCE,0
78612,Place in a mess with habit of every character,alphabetic,alphabetic,assemblage,CHARACTER,0
57293,Balance regarded as fit by French banker,equipoise,equipoise,assemblage,EQUILIBR,0
78783,A sign of emotional entanglement,loveknot,love knot,assemblage,LOVE HATE,0
106316,Work of Da Vinci remains superior,lastsupper,last supper,assemblage,LAST SUPPER,1
78687,Cook cabbage - it's said to be a scientific principle,boyleslaw,boyles law,assemblage,LAW OF NATURE,0
105839,Island puts down pets,cossets,cossets,assemblage,PUPPETS,0
78023,Road surface touched a river from behind,macadam,macadam,assemblage,TARMAC,0
34848,First man to be a mother,adam,adam,assemblage,ADAM,1
24738,Sort of entertainment seen as turning weary,satire,satire,assemblage,WEARY,0
26618,"Stone me! Belonged to you a long time ago, in a way",amethyst,amethyst,assemblage,YOURSTONE,0
114871,What is written in the first half of November?,shortstory,short story,assemblage,NOVEL IDEA,0
86972,"Crack cocaine's heading into US city, providing financial stability",solvency,solvency,assemblage,CUSHIONS,0
17818,Providing back-up when company is a failure,fiasco,fiasco,assemblage,BACKUP,0
20824,Contradict Yankee after study,deny,deny,assemblage,BALK,0
133143,"Insult the sovereign, say, when changing sides at the front like a traitor",disloyal,disloyal,assemblage,SLANDER,0
38740,Old Shakespearean wino denied victory - this to add flavour?,oregano,oregano,assemblage,VINTAGE,0
63733,Low sound and soft to carry with difficulty,hump,hump,assemblage,MUTE,0
101932,Winter trip?,fallover,fall over,assemblage,COLD FRONT,0
89522,Desolation of writer coming to a head,wilderness,wilderness,assemblage,DEVASTATION,0
53290,Consumer zone sounding like Biblical charity gig?,arcade,arcade,assemblage,MANGER,0
114429,Strike supported by a devout Buddhist,lama,lama,assemblage,HIT,0
75025,Went round green filling in two holes in order,overtook,overtook,assemblage,CIRCLED,0
73213,American bar with players - tense meeting at the end,abutment,abutment,assemblage,BARSTOOL,0
54849,"Win over Germany is a romp, oddly",disarm,disarm,assemblage,CONQUER,0
42188,"A medic attending university student, six-footer not confined to bed",ambulant,ambulant,assemblage,HOSPITAL,0
108615,Perhaps banks lending capital make a killing,slay,slay,assemblage,LOAN,0
105325,Cold tops in container for ice or snow,cocaine,cocaine,assemblage,FROSTED,0
90781,Bread's an inflationary force on US money,pumpernickel,pumpernickel,assemblage,BREADLINE,0
50869,Bookish American must leave - that's flat!,studio,studio,assemblage,PLATONIC,0
19438,Top sculptor's god?,odin,odin,assemblage,GOD,0
82087,One may retire in this close match,nightie,nightie,assemblage,TIE,0
31527,Community programme involves university lecture about electrical resistance,outreach,outreach,assemblage,OUTREACH,1
79338,Declare numbskull never stopped eating,asseverate,asseverate,assemblage,ANNOUNCED,0
78111,"Test place for Benaud, say, evokes free style compositions",capricci,capricci,assemblage,SONGBOOK,0
121595,Is a solicitor involved in resumption?,importunes,importunes,assemblage,SOLICITOR,0
100512,Frightened editor has a wound that's healed,scared,scared,assemblage,SCARED,1
91383,To understand nearly all of Italy is a drug,digitalis,digitalis,assemblage,AMPHETAMINE,0
20173,A hundred too old to get press write-up?,coverage,coverage,assemblage,CENSORED,0
79730,"Noted man being taken to court, this the result?",verdict,verdict,assemblage,VERDICT,1
30662,"Cosily small, given space eventually",intime,in time,assemblage,IN TOW,0
89173,"Tooting, formerly, also housed branch of husbandry",beekeeping,beekeeping,assemblage,TOOTING,0
136200,Tastelessness of cod Iceland found in Arctic,indelicacy,indelicacy,assemblage,INSIPIDITY,0
109846,Decisive blow with a bit of a strike for money,kopeck,kopeck,assemblage,STRIKE,0
21538,Enthusiastic about the French and their country - female lacking bigotry,intolerance,intolerance,assemblage,FEMINISTIC,0
28441,See Moor's scabbard,sheath,sheath,assemblage,SHEATH,1
53970,Diabolical ally is dropping King Henry the First,fiendish,fiendish,assemblage,HELLISH,0
23928,Issue half of them before a race,emanation,emanation,assemblage,ISSUE,0
116019,Certainly no malt house get away up North,hooch,hooch,assemblage,NORTH,0
37925,He killed a couple of fools in the end,assassin,assassin,assemblage,MURDERER,0
108965,Home with police turning up to get rebellious youth charged,indicted,indicted,assemblage,HOMELESS,0
11177,Hollow bishop with a thing to be confessed?,basin,basin,assemblage,BISHOP,0
33548,A support thus returned is appropriate,apropos,apropos,assemblage,THUS,0
34746,Apologising for oriental thingumajig in competent dish,eatinghumblepie,eating humble pie,assemblage,SORRY FOR,0
101881,Might girl's back be her best attribute?,mainasset,main asset,assemblage,BEST ASSET,0
16441,Put cap on after knocking back drink of Pale,pallid,pallid,assemblage,TOPPED,0
137212,Wherewithal to cut music man's topknot,knives,knives,assemblage,RESOURCES,0
83519,A campanologist is late - or something very like it,deadringer,dead ringer,assemblage,BELL TOWER,0
132350,Start again and again in the event,triplejump,triple jump,assemblage,START OVER,0
59112,It's an offence to go to a part of Putin's Russia,crimea,crimea,assemblage,OFFENCE,0
61024,Operatic prince to leave in unending anger,igor,igor,assemblage,PRINCE,0
36407,"Belt designed by teacher without a wife, so it's said",surcingle,surcingle,assemblage,BELT BUCKLE,0
100650,Little copy from single credit in second class,microform,microform,assemblage,SUBSCRIPT,0
96770,Old craft displayed by great striker keeping City up,arkroyal,ark royal,assemblage,OLD CITY,0
116589,Just keeps going when credit's no longer available,ticksover,ticks over,assemblage,CREDIT CARD,0
55314,Drunk given prison sentence none too soon,hightime,high time,assemblage,LATE BAR,0
72992,Group for the clever chaps observed losing weight,mensa,mensa,assemblage,GAMER,0
48036,Case of Julia ignoring odd parts after film,etui,etui,assemblage,JAIL,0
104137,"It's cheek to require money first, even for an essential part of Christmas dinner",breadsauce,bread sauce,assemblage,BRUSSEL SPROUTS,0
6873,Ripped up one chapter with a steamy line,erotic,erotic,assemblage,RIPPED,0
50529,Exhibit plastered and completely sealed,airtight,airtight,assemblage,DISPLAYED,0
33967,Piece of branch with shoot on it,firearm,firearm,assemblage,BRANCHES,0
50384,Fool gets all Yorkshire to make hard cases,nitridings,nitridings,assemblage,FOOLPROOF,0
119520,Drop feathers in trash,teardown,tear down,assemblage,DROP OUT,0
96046,Relative to help people out - a social worker around university,maidenaunt,maiden aunt,assemblage,SOCIAL WORKER,0
100352,"It's possible, without hesitation, to produce puzzles",posers,posers,assemblage,PUZZLE,0
91024,Suggestion for objective in union amalgamation,innuendo,innuendo,assemblage,SUGGESTION,0
120097,Popular cops in Paris secure square deals,inflicts,inflicts,assemblage,COPPERFIELD,0
4906,Number for five-a-side? Any number is required for game,tennis,tennis,assemblage,NUMBER,0
112065,Theatres where they now indulge in games of bingo,playhouses,playhouses,assemblage,BINGO HALLS,0
106969,At sea as number one in warship,submarine,submarine,assemblage,WARSHIP,0
91456,Swine on time for part of pig,trotter,trotter,assemblage,PIGLET,0
100450,Little old lady close to Russian revolutionary,minuteman,minuteman,assemblage,LENINIST,0
75576,"Heart of the metropolis, is it?",citycentre,city centre,assemblage,CITY HEART,0
81555,Leg bound to be broken by heavy stick,bludgeon,bludgeon,assemblage,CLUBBED,0
118879,Ways to convert weapons,turnpikes,turnpikes,assemblage,METHODS,0
107746,Hitting the monarch with a turned-up nose,knocking,knocking,assemblage,SNUBBING,0
128496,One that's played with Pelé and Lukaku recalled a King Power outing,ukulele,ukulele,assemblage,FOOTIE,0
56756,Gets the impression my return passage started yesterday - pity!,feelsympathy,feel sympathy,assemblage,LASTING,0
127189,Pickled cucumber not hot in food sent back - here?,burgerking,burger king,assemblage,SOURDOUGH,0
15832,Obsolete function is better,outdo,outdo,assemblage,SUPER,0
115918,Treetop bats round lake practise thought transference?,teleport,teleport,assemblage,PSYCHIC,0
65935,Issue about drug that's exactly right,spoton,spot on,assemblage,HIT TO,0
133738,She oversaw agriculture before entering civil service,ceres,ceres,assemblage,AGRIC,0
44126,Flirt offering a kiss after thirty seconds?,minx,minx,assemblage,FLIR,0
60669,Last drink of the day with a bird,nightjar,nightjar,assemblage,NIGHTCAP,0
96527,Slack dandy stealing Helen's heart with heartless ploy,floppy,floppy,assemblage,DANDY,0
123103,It's about a pound in English money,decusettutamen,decus et tutamen,assemblage,"FIVE, TWO, SEVEN",0
130106,"Flower arrangement of Eliza Doolittle's second to be interrupted by school, twice",eschscholzia,eschscholzia,assemblage,DAISIES,0
16638,Fight for way to reign over horse,struggle,struggle,assemblage,STRUGGLE,1
60751,"Where barcarolle may be heard by ""The King and I"" singer?",rialto,rialto,assemblage,BARCAR,0
17680,Take a double role in part of play,acttwo,act two,assemblage,"ACT, ACT",0
140989,"Expressed regret for euro, say",roo,roo,assemblage,REG,0
100528,A catch in the neighbourhood,around,around,assemblage,CATCH,0
141023,"Grouse stew a strong, rancid dish",beefstroganoff,beef stroganoff,assemblage,HAGGIS,0
12321,Share everything the writer put into book collections,allotment,allotment,assemblage,ANTHOLOGY,0
123890,"Runner with some excellence, or one just as good",coequal,coequal,assemblage,RUNNER,0
122715,One-time royal command variety show performer,jester,jester,assemblage,EX-ROYAL,0
60625,"For starters, naturally I'm nimble - Japanese assassin?",ninja,ninja,assemblage,NINJA,1
97781,Knucklehead and blockhead join together,knit,knit,assemblage,DUNCE,0
40498,Company of high-fliers,aircrew,aircrew,assemblage,COMPANY,0
96826,"Setter's at work, doubled up, backing onto cool, filthy beasts",hippopotami,hippopotami,assemblage,CARNIVOROUS,0
126729,Graduate as a footballer?,halfback,halfback,assemblage,GRADUATE,0
6804,English spirit? Little left in a Scottish place,elgin,elgin,assemblage,GHOST,0
56863,Suppress government's initial report,bang,bang,assemblage,CENS,0
38625,Punk playing loud interrupts household no end,hoodlum,hoodlum,assemblage,HOUSE,0
76104,Surrounded by a dwarf endlessly somersaulting,among,among,assemblage,DWARF,0
118543,Sheep enclosure collie emptied for a little bread,tuppence,tuppence,assemblage,BAGUETTE,0
121885,European river labelled American?,tagus,tagus,assemblage,RHINE,0
46807,Space at front of border for plant,embed,embed,assemblage,PLANT,0
65408,"Head down south, be away - it's painful!",achy,achy,assemblage,ACHE,0
59634,Get shot of Sun model after turning over papers,dispose,dispose,assemblage,PAPERS,0
111329,Basis of sweet course in times past: a lot of ale,sconce,sconce,assemblage,ALE,0
56988,"Popular, like Jersey-Ibiza return?",demotic,demotic,assemblage,JERSEY,0
104193,Western in which sharp or flat blood group's altered,occidental,occidental,assemblage,WESTERLY,0
90760,Leave it houseroom for the doctor's hearing aid?,stethoscope,stethoscope,assemblage,HEARINGAID,0
136024,Stop fighting egghead in glasses!,stemware,stemware,assemblage,CEASEFIRE,0
110881,Mini taken by environmentalist crew (imagined threat to our planet?),littlegreenmen,little green men,assemblage,DANGEROF,0
133434,"What a sidekick plays, using spare racket",secondfiddle,second fiddle,assemblage,SIDEKICK,0
50149,Little woman and officer get a shock,1o1t,1o1t,assemblage,JOLT,0
68130,"Frantic having to survive, far from great",lastminute,last minute,assemblage,LITTLE,0
135011,"Bush, as graduate, really confused about university",baylaurel,bay laurel,assemblage,BUSHY,0
90591,Odysseus's ambit? That is a case for over one solution,ioniansea,ionian sea,assemblage,HOMER,0
119709,"American fliers not happy on jumbo jets, initially",bluejays,blue jays,assemblage,JETS,0
112444,Final disaster for some furnishings displayed in window,netcurtains,net curtains,assemblage,FINAL CURTAIN,0
83888,Man closely wrapped up in himself,knight,knight,assemblage,MANSELF,0
60571,"University applauded, so lifted",upraised,upraised,assemblage,UNIVERSITY,0
5352,Place on the border needing a sign of security,pledge,pledge,assemblage,NEEDLE,0
76362,National President meets king,hollander,hollander,assemblage,PRESIDENT,0
29776,Spoil a little rascal with a bit of music,impair,impair,assemblage,RASCAL,0
33391,"For all to see (about time, too)",overtly,overtly,assemblage,VISIBLE,0
31049,Does the dismissed athlete take it running?,jump,jump,assemblage,MEAL,0
49613,Soldier sitting on favourite wall,parapet,parapet,assemblage,FAVOURITE,0
26438,Procrastinate when it's time to get up,temporise,temporise,assemblage,PROCRASTINATE,0
123309,"Compound, maybe nitrous, you say: I say different, it's a flower",oxeyedaisy,ox eye daisy,assemblage,PANSY,0
140591,"Covering up claim, wins contests",gainsays,gainsays,assemblage,COVERING,0
79385,Attempt to appear PC - it's OK men getting shafted!,tokenism,tokenism,assemblage,APPEAR,0
93189,Exploit on last routine flight,milkrun,milk run,assemblage,TAKE OFF,0
108717,Bring back capital punishment?,rehang,rehang,assemblage,ABOLISH,0
25830,Player with piece of wood gets up to holding a French one,oboist,oboist,assemblage,STRIKER,0
18588,Space for timber on course,entree,entree,assemblage,SPACEY,0
43119,Flowers wilt when left in the centre,corsage,corsage,assemblage,WILDFLOW,0
68873,A physicist and his Nobel work on source of radiation,nielsbohr,niels bohr,assemblage,CURIE,0
81921,Right-handed key,trebleclef,treble clef,assemblage,RIGHT KEY,0
76866,Ought children tuck into cheese and bread?,brioche,brioche,assemblage,FETTUCHE,0
46423,Toper's first into liquor-producing plant - liquor's an immuniser,antiserum,antiserum,assemblage,VACCINATE,0
128656,No friendly blaze to give soldiers a warm welcome,enemyfire,enemy fire,assemblage,COLD SHOULDER,0
33389,Hit with something contentious in part of foundation,whalebone,whalebone,assemblage,CONCRETE,0
66071,Farceur fails to close a Scottish theatre,travers,travers,assemblage,COMEDIAN,0
9801,Greek island associated with a savoury snack,samosa,samosa,assemblage,SKOPELOS,0
96616,Where scientists applied to leave their cars?,technologypark,technology park,assemblage,PARKING LOT,0
120289,"My preferred transport conveys head, being efficient",businesslike,businesslike,assemblage,TRANSPORTER,0
88369,Plot in mainly undesirable environment,seedbed,seedbed,assemblage,PLOTTER,0
56498,State day centre,average,average,assemblage,NEVADA,0
23865,Hesitantly stated colour of Santa's hat and was wrong,erred,erred,assemblage,GREEN,0
43257,Bird parts with a pound for a nut,pecan,pecan,assemblage,WINGS,0
138852,Very good trip is taken round outskirts of Llanelli,saintlike,saintlike,assemblage,EXCELLENT,0
101629,Arab money raised by part of factory,toolroom,toolroom,assemblage,DINAR,0
98334,"Artist rejecting ""name of the game""",hockey,hockey,assemblage,ARTIST,0
44033,Thomas puts dried grass over road,hardy,hardy,assemblage,THOMAS,0
93712,It's seen in gardening girl's hat,annelid,annelid,assemblage,GARDEN,0
24036,Game bird's third almost assured of success?,brag,brag,assemblage,GAME,0
60307,Couple hire out jewellery,bracelet,bracelet,assemblage,COUPLES,0
10550,Theatrical term for one leaving harvester at a party,repertory,repertory,assemblage,CINEMATIC,0
14792,Decisive blow to a party audience native to Australia,koalabear,koala bear,assemblage,KNOCKOUT,0
105936,"Bloodsucker politician: ""I bare swindle in tax""",vampirebat,vampire bat,assemblage,VAMPIRE,0
71905,A sceptic shortly on holy mountain,athos,athos,assemblage,SKEPTIC,0
81522,"In a slurred fashion, regret the passing of a cult US TV series and variety",mishmash,mishmash,assemblage,NOSTALGIA,0
3952,One-time domain of French drink agents,mercia,mercia,assemblage,BORDEAUX,0
32507,Huge islet over in old Roman port,ostia,ostia,assemblage,CIVITAS,0
62003,Primitive church's backcloth,ecru,ecru,assemblage,ALTAR,0
77055,Sound delightful? You utter poser!,euphony,euphony,assemblage,SOUNDLY,0
64296,Shorter time for teaching? That's not on,less,less,assemblage,LESS,1
5707,Listener bruised and put aside,earmarked,earmarked,assemblage,LISTENER,0
64029,"Impudence, sacking good-for-nothing? On the contrary",all,all,assemblage,NERVE,0
43833,Angry young man briefly accompanied returning book,rebecca,rebecca,assemblage,REBEL,0
112741,"Old city, about what's as good as a wink",sidon,sidon,assemblage,URBAN,0
130885,Flyer rejected assignment in space during project,jumbojet,jumbo jet,assemblage,SPACE RACE,0
129508,"Principal thing for a poser to say: ""It's all brawn in LA""",headcheese,headcheese,assemblage,PRINCIPAL,0
71170,Moses' or John's works seen here?,picturegallery,picture gallery,assemblage,BIBLICAL,0
55638,May initially stimulate when swallowing your old mix with alcohol,methylate,methylate,assemblage,MAYONNAISE,0
57526,"Typically working, say, a long time",onaverage,on average,assemblage,IN OFFICE,0
9902,Think of building one cottage,cogitate,cogitate,assemblage,COTTAGE,0
129011,Polish lawman's advanced listening device,earphone,earphone,assemblage,POLICEMAN,0
79078,"Model put on a slipper, displaying charm",amulet,amulet,assemblage,GLAMOR,0
26584,"Little women, never disheartened, about to begin again",renew,renew,assemblage,LITTLE,0
4059,Remove poster found in Morecambe by end of June,eradicate,eradicate,assemblage,DEPOSTER,0
48257,Meet in French bar,encounter,encounter,assemblage,RENCONTRE,0
61433,"Big sport, nothing to add?",sumo,sumo,assemblage,GAME,0
80142,Painful separation of church architect and church?,wrench,wrench,assemblage,RUPTURE,0
36400,"A French precipitation, they say, is hardly the thing",undue,undue,assemblage,RAIN,0
100988,"Appeal for a partner issued by vociferous, triumphant chess player?",matingcall,mating call,assemblage,CHECK MATE,0
6491,Dutch painting is flash,dart,dart,assemblage,FLASH,0
123260,"Offended, in France, very old-fashioned duke",trespassed,trespassed,assemblage,DISPLEASED,0
33080,Petroleum producer offers inducements well,oilshale,oil shale,assemblage,OIL RIG,0
108861,"Protected by a climber, one was in contention",ivied,ivied,assemblage,ALIVE,0
126413,"Before ruler, fathers and sons have to meet the standard",passmuster,pass muster,assemblage,FATHER FIGURE,0
83529,What may be in this sauce? May a duck's egg,mayo,mayo,assemblage,MAYO,1
29385,State the classical way to imbibe Irish drink,virginia,virginia,assemblage,STATELESS,0
100284,"Lawyer to call, wanting old plant",daphne,daphne,assemblage,BARRISTER,0
92336,Classified status protects English constitution,topsecret,top secret,assemblage,CLASSIFIED,0
12742,Start with carbon sequestration - it's lacking,scarce,scarce,assemblage,CARBON,0
35177,He could be interested in the bar and a glass,weatherman,weatherman,assemblage,BARKEEPER,0
7259,Smear of snot (minus apostrophes),taint,taint,assemblage,SLOTH,0
113063,It sometimes makes the day a little longer to have a recess in French class before bed at last,leapsecond,leap second,assemblage,SLEEPING BAG,0
47485,Wear is a result of puncture in America but not Florida,attire,attire,assemblage,WEARER,0
68143,"In Montmartre, a joint seldom found",uncommon,uncommon,assemblage,MONTMARTRE,0
92086,City doctor and writer,lamb,lamb,assemblage,CITY,0
71993,Highway inducing nervous disorder in the beloved,mistress,mistress,assemblage,HIGHWAY,0
20201,Middle part of classic family film,skin,skin,assemblage,CARS,0
64953,Swimmer's hi-vis jacket?,goldfishbowl,goldfish bowl,assemblage,LIFESAVING VEST,0
93908,Insolent manner of singer Smith knocking off piano duet badly,attitude,attitude,assemblage,INSOLENCE,0
140388,Liberal and left wings to allow end to onerous property legislation?,landlaws,land laws,assemblage,LAND LAW,0
41826,Pale start for sodium flares,lights,lights,assemblage,SODIUM,0
80108,African flower lasts without endless resin for one,zambezi,zambezi,assemblage,AFRICAN,0
111363,Is ground-breaking TV pilot I missed returning?,rotavates,rotavates,assemblage,MILESTONE,0
65996,Cold bird caught by young people,children,children,assemblage,CHILDBIRD,0
83304,Climber said to be a legal term,hilary,hilary,assemblage,LEGAL,0
91794,Loved wandering round city stadium,velodrome,velodrome,assemblage,DOLLOP,0
5232,State of a student gaining a couple of degrees,alabama,alabama,assemblage,STATUS,0
59848,Cumbrian town like the Fatherland?,aspatria,aspatria,assemblage,CUMBRIA,0
139229,Shelter acceptable for some Rwandans,hutu,hutu,assemblage,HOME,0
127122,Critical business discussion in house of ill repute,knockingshop,knocking shop,assemblage,BACKROOM,0
78098,"In power, a restitution is most unusual",rarest,rarest,assemblage,UNUSUAL,0
130515,"Calculating at this rate, say, fear to fail",teraflop,teraflop,assemblage,CALCULATE,0
126861,Admire a speaking dog from Russia,laika,laika,assemblage,RUSSIAN,0
24393,Charge for digs to split with a student,rental,rental,assemblage,CHARGE,0
123771,Female monarch given the Spanish monetary unit,shekel,shekel,assemblage,PESETA,0
54184,Gymnastic equipment sees work flipping between rails,trampoline,trampoline,assemblage,PARALLELS,0
56497,Typical woman in decline,average,average,assemblage,WOMANLY,0
115069,"End of a canal destroyed ’em, they say",rectum,rectum,assemblage,CANAL,0
12078,High lighting is torment for top players,starshell,star shell,assemblage,TOP NOTCH,0
110962,He had to get American group restricted and managed thriftily,husbanded,husbanded,assemblage,THRIFTY,0
58925,"Not up yet, extremely lazy at home with drink",lyingin,lying in,assemblage,LATE TO,0
3241,Soldier returns to scene of mutiny and neglect,ignore,ignore,assemblage,DESERT,0
44979,More than one shot in shoulder after commencement of battle,broadside,broadside,assemblage,BARRAGE,0
20097,Travel for miles the wrong way in US city,fargo,fargo,assemblage,SALEM,0
37838,Fool at hostelry getting round for poet,sappho,sappho,assemblage,HOSTEL,0
44720,Supplies spin round seller in US,provender,provender,assemblage,SUPPLIES,0
4118,In class it's hard to be virtuous,chaste,chaste,assemblage,CHASTE,1
58444,For now I hate myself?,meantime,meantime,assemblage,HATEFUL,0
23512,Mark's tense opening letter from Crete,stigma,stigma,assemblage,MARKED,0
121477,Royal sultanate has nothing against royal family,romanov,romanov,assemblage,SULTAN,0
2086,State accord is a disaster,calamity,calamity,assemblage,CATASTROPH,0
33212,Comeuppance for Theresa May and a Conservative party,camp,camp,assemblage,PAYBACK,0
98199,"Powerful family with old soap, extremely dirty and unpleasant",dynasty,dynasty,assemblage,POWERFUL,0
18275,"Architectural style acquired spasms, not trophies",gothic,gothic,assemblage,GOTHIC,1
66602,Sales publicity for poet?,promotion,promotion,assemblage,ADVERTISING,0
64405,Check on car time,audit,audit,assemblage,CHECK,0
81175,Love things to be settled right away,onsight,on sight,assemblage,TOO LATE,0
37155,Oil is obtained from this Italian city by the ton,bergamot,bergamot,assemblage,GENOA,0
67430,Heavenly choir's first seen after DIY mishap leads to bad back,idyllic,idyllic,assemblage,ANGELIC,0
43596,"Superficial variety in Bath and Wells, say, and first of all in Portishead",skindeep,skin deep,assemblage,SHALLOW,0
121166,"King, for example, and brave jester",facecard,face card,assemblage,CLOWN KING,0
136426,Mother gets about on a horse,mare,mare,assemblage,MARE,1
39368,Ringers with excellent musical technique,doublestopping,double stopping,assemblage,RINGERS,0
107428,The last place you would expect to find someone,deathbed,deathbed,assemblage,OUTLIER,0
117171,One critical of French farmer's tower,detractor,detractor,assemblage,CRITIC,0
119010,"Achilles' heel taking some days, say, to find",weakspot,weak spot,assemblage,SOFT SPOT,0
51815,Hold sway over go-getter claiming what's not yours,domineer,domineer,assemblage,USURPER,0
8266,"Court resolution on gang leader given ""time"" or ""bird""",woodpigeon,woodpigeon,assemblage,COURT CASE,0
31458,Worked without leader so that all should go smoothly?,oiled,oiled,assemblage,EASED,0
62266,Scottish group promotes special talent to gain victory with independence,travis,travis,assemblage,SCOTCH,0
135354,Double starts to take wonder drug,twice,twice,assemblage,DOUBT,0
90686,Teams in the market for more than a left-winger,marxist,marxist,assemblage,TEAMS,0
11404,Zero standard of wartime prison,oflag,oflag,assemblage,ZERO,0
61214,"Form to mark with an ""X"" for seats for independent parliamentarians",crossbench,cross bench,assemblage,FORMAL,0
130673,Flash behind TV when satellite disappears,moonset,moonset,assemblage,FLASHER,0
132057,Party? Bender? Turned up with this box?,birthdaypresent,birthday present,assemblage,PARTYBOX,0
53553,Parrot with head of myna and a cry of rook,macaw,macaw,assemblage,MYNAH,0
86895,Accommodation's low rent initially raised,room,room,assemblage,LATE,0
64621,Spite displayed by archdeacon about to quit Rome,venom,venom,assemblage,SPITE,0
90821,Bash delivery van with stones after entertaining ride,dodgems,dodgems,assemblage,BASHFUL,0
117730,Familiar name for the stern - um!,breastbone,breastbone,assemblage,FAMILIAR,0
51291,"Greek character, a bold man born at odds",agamemnon,agamemnon,assemblage,ALPHABET,0
102186,"Crash into back of convertible near to stop-light signalling ""stop""",rearend,rear end,assemblage,BUMP IN,0
140386,Emptiness shown in Victory with sharpness of vision,vacuity,vacuity,assemblage,VACUITY,1
128426,Second before day's end took a heartbeat,systole,systole,assemblage,SECOND,0
36291,Gold coin finally found under fruit machine,automaton,automaton,assemblage,PENCE,0
74561,Managed to get detectives' rank …,rancid,rancid,assemblage,COPED,0
136249,Rock to hit sheltering bug or insect,tigermoth,tiger moth,assemblage,ROCK BUG,0
131529,Park employee called King Edward?,ranger,ranger,assemblage,GARDEN,0
14505,"Rotter's love, great mistake",toerag,toerag,assemblage,ERROR,0
128641,Definite deception inherent in strong promotion,hardsell,hard sell,assemblage,COLD CASE,0
15513,Wrong when on salver,astray,astray,assemblage,WRONGS,0
38483,Cathedral priest does not begin promptly,anon,anon,assemblage,DEAN,0
89434,Begin without beginning to be sweet and sour,tart,tart,assemblage,SOUR,0
44018,Element adding aura to army officer,halogen,halogen,assemblage,AURORA,0
39902,A second son for the prophet,amos,amos,assemblage,AMOS,1
28864,Daddy gets girl a fine coat,patina,patina,assemblage,DADDY,0
117605,"McDonald's given foot, one gathered, on every strip in Florida",miamibeach,miami beach,assemblage,FRENCH FRIES,0
57809,Deck me up rather like a Brontë sister?,embellish,embellish,assemblage,EMILYBRONTE,0
48666,Complete meal for the road,thoroughfare,thoroughfare,assemblage,COMPLETEMEAL,0
58637,Old key for lift,exalt,exalt,assemblage,OLDKEY,0
96865,"Capsize, following report of one seen flying, a sea creature",turnturtle,turn turtle,assemblage,DOLPHIN,0
10140,Misery does not start when you get the sack,ejection,ejection,assemblage,DISMAL,0
98063,What's seen at the course makes kind of sense on TV,horsebox,horsebox,assemblage,SENSES,0
66110,"Cold food - pray to follow, say?",lettuce,lettuce,assemblage,COLDISH,0
100068,One can tell how much resistance there is,ohmmeter,ohmmeter,assemblage,OHMETER,0
7384,One company supporting drink: it's regularly supported,portico,portico,assemblage,CIDER,0
103472,Simple tart dressing in the field,basicslag,basic slag,assemblage,TARTAN,0
93652,Avidly ask for naughty fairy tales that educate?,implore,implore,assemblage,READING,0
79513,Sausage sandwiches with it in drink? Thanks!,chipolata,chipolata,assemblage,SANDWICH,0
37931,When special army group is retired with new killer?,assassin,assassin,assemblage,ASSASSIN,1
108445,"Dot's follower, safe fellow about fifty, gives help in solving crossword",completer,completer,assemblage,CROSSWORD,0
115193,City: the latest to accept gold list,neworleans,new orleans,assemblage,THE LIST,0
62767,Look into crash at downhill race,slalom,slalom,assemblage,RACERS,0
91395,"Part of leg keeps one on air, dancing, in a state",california,california,assemblage,BALLETIST,0
131121,A long time since Agnes lost heart with an attempt,agesago,ages ago,assemblage,LONG TIME,0
100543,Setting in theatre to support medic before operation,backdrop,backdrop,assemblage,AUDITORIUM,0
119344,"Planet, very cold, with over half of the rich in power",plutocratic,plutocratic,assemblage,NEPTUNIAN,0
46449,Partner of A. Lloyd Webber pulls hollow muscle,triceps,triceps,assemblage,MUSICAL,0
118934,Forgo excitement with chance of a point or three,dropkick,drop kick,assemblage,PASS OUT,0
103508,Setter's a dog - a point to challenge?,impugn,impugn,assemblage,DOGGED,0
78969,Noticing alumnus’s help,observant,observant,assemblage,OBSERVING,0
28533,Noted explorer making name once in US politics and sport,marcopolo,marco polo,assemblage,NAMESAKE,0
104439,"Saying ""beef"", say, can be supporting timber",sawhorse,sawhorse,assemblage,LUMBERED,0
136404,Pontiff backing even bits of polemical epic poem,epopoeia,epopoeia,assemblage,EPISCOPAL,0
92168,Stupid climbing to reach someone not so high,midget,midget,assemblage,DUMBLY,0
42698,Fixer at first backed for the National,italian,italian,assemblage,REPAIRER,0
77130,"Barrier long gone, go and dive",turnpike,turnpike,assemblage,BARRIER,0
68762,Pleased with G-man in the making?,glad,glad,assemblage,GLAD,1
62566,"Make happy, as is what Babs would be if so?",bless,bless,assemblage,ELATED,0
54360,Remove spell of good fortune when sitting on one's bottom,uproot,uproot,assemblage,CURSE,0
27144,A brawl without anyone facing charges?,freeforall,free for all,assemblage,CIVIL WAR,0
30524,Party policy won't be one's main interest,sideline,sideline,assemblage,AGENDAS,0
125370,Mother childishly left animal,mammal,mammal,assemblage,MAMMAL,1
134154,Chemical expert sits on the deadly liquid,acetaldehyde,acetaldehyde,assemblage,CHEMIST,0
41270,Beast is all right - Pia isn't!,okapi,okapi,assemblage,BEAST,0
115038,"Sister of Moses says: ""I'm following border the wrong way""",miriam,miriam,assemblage,SISTER,0
6730,Drop off small logs,slumber,slumber,assemblage,DROPLOG,0
70064,"Bring up tripe, a bit of fish, a snapper",alligator,alligator,assemblage,UPBRING,0
112830,Nails the shade to the odd cask,tintacks,tintacks,assemblage,NAILS,0
57497,These days a French lover is very hard,adamant,adamant,assemblage,DURABLE,0
20947,Tall and slender - not overweight,longton,long ton,assemblage,LEAN,0
112115,Coloured light for final cargo item,tintray,tin tray,assemblage,RED HERRING,0
36970,Fall short fleeing high-pitched battle,setto,set to,assemblage,RUN AWAY,0
59684,Cut line by knot's end,filet,filet,assemblage,CLIP,0
19492,"Force cutting signal, energy maintained",impel,impel,assemblage,FORCE,0
105596,Charge less than German joiner and truce breaker,undercut,undercut,assemblage,CHARGER,0
119043,Soggy pitch with damage on top,marshy,marshy,assemblage,SLOSH,0
72897,"Swede separated by third of carrot, say, pulled up, root around",scavenge,scavenge,assemblage,CARROT,0
120997,Write study of Ulster in Thackeray's history,pendennis,pendennis,assemblage,WRITE UP,0
42375,"When batting, duck's broken by boundary drive",ambition,ambition,assemblage,OUTFIELD,0
138413,Discontented social worker knowing one's inclined to appear thus,slantwise,slantwise,assemblage,DISCONTENT,0
121350,Swimming pool without running water - Cameron's controlled environment,cleanroom,clean room,assemblage,CLEAN AIR,0
50470,Popular numbers I have detailed,intensive,intensive,assemblage,NUMERALS,0
50569,"Trick unionists' alliance, ultimately",dupe,dupe,assemblage,TRICK,0
54274,Network hub underpins heart of global paper,observer,observer,assemblage,NODELINK,0
26180,"Fed up, having to stop on guard",defend,defend,assemblage,FEDUP,0
18829,Come very close to a qualification,abut,abut,assemblage,NEAR,0
100549,Nameless town with church music extract,stretto,stretto,assemblage,TOWNHALL,0
13968,"Prove right, merely by changing book to Kipling poem",justify,justify,assemblage,PROVE,0
67140,"A magistrate disrobed after firstly cursing, out of hearing",acoustic,acoustic,assemblage,CURSING,0
66529,Person on tour admitting The Smiths finally will make comeback,response,response,assemblage,HOMECOMING,0
129435,See one old woman in game win lousy money that could be better,minimumwage,minimum wage,assemblage,BINGO GAME,0
82661,Pot manufactured for ointment,pomade,pomade,assemblage,POTION,0
114552,Antagonist returns to vehicle at this address,careof,care of,assemblage,CAR TO,0
81057,"Eye on a car, perhaps? When do you get your Christmas bonus?",onceayear,once a year,assemblage,EYE ON A,0
118257,Wreck two containers,basketcase,basket case,assemblage,WRECKAGE,0
88135,Pilot's life's ending in ravine,george,george,assemblage,PILOT,0
32619,New style navy,modern,modern,assemblage,NEW STYLE,0
128806,"Neoclassical architect, say, reveals sacred mountain",adamspeak,adams peak,assemblage,SACRED MOUNTAIN,0
22396,The Continental fashion suits British singer,elton,elton,assemblage,SUITS,0
46445,Last words on instant muscle,triceps,triceps,assemblage,LASTING,0
96278,"Deeply draw in the highest air, when rough",sketchy,sketchy,assemblage,DRAUGHT,0
111699,Drink with Kansas leaders in Kansas,topeka,topeka,assemblage,DRINKS,0
136004,Media editor not oddly involved in his work,oldmacdonald,old macdonald,assemblage,EDITING,0
77025,Hard rock echoing in street in Argentina,granite,granite,assemblage,ARGENTO,0
103793,"Spooner's plan to attract mods to Bordeaux store, perhaps",winecellar,wine cellar,assemblage,WINE BAR,0
133739,Manchester United manager once upset substitute with …,busby,busby,assemblage,FERGIE,0
9561,Fiddle somehow led to stand with legs apart,straddle,straddle,assemblage,STANDAL,0
18519,Extreme sports club lacks capital,utter,utter,assemblage,XSPORT,0
100362,Garrison's inner retreat with revolutionary turn to it,reduit,reduit,assemblage,RETREAT,0
40011,Trifle contains divine alcoholic drink,toddy,toddy,assemblage,NEGRI,0
64386,"Musical would be fine, if shortened",oklahoma,oklahoma,assemblage,MUSICALS,0
131445,Link established quite recently with a sort of kangaroo found down under,eurotunnel,eurotunnel,assemblage,LINKS,0
77635,"One rebelling is transformed by books of Bible, becoming peaceful",nonbelligerent,non belligerent,assemblage,PEACEFUL,0
62069,Mother's hole that wasn't there,macavity,macavity,assemblage,MOTHERHOOD,0
3483,Limited form of credit after period of unemployment,restricted,restricted,assemblage,LIMITED,0
73930,"On ’orse, what man did wear",erode,erode,assemblage,HORSE,0
127800,Badges almost intended to take a hundred: that's being petty,insignificance,insignificance,assemblage,PETTIFOGGING,0
128470,First wife ousted by priest in dramatic drawing,eliciting,eliciting,assemblage,CARTOONIST,0
23852,Bring up a time and a place for spectacle,arena,arena,assemblage,STAGE,0
7462,More oblique kind of pin,skewer,skewer,assemblage,PINCH,0
86474,"Obnoxious person was in the van, refusing to bend",pigheaded,pigheaded,assemblage,CANTANKEROUS,0
27829,"China, say, for ""good girl"" plates",eggshell,eggshell,assemblage,CHINAWARE,0
99522,"Forth Rail express starts at York - train finally arriving, when not bound to be so?",freeborn,freeborn,assemblage,UNRESTRICTED,0
142113,"Doctor accepts being dismissed, so stops being heard",drownsout,drowns out,assemblage,DEAF TO,0
81093,Sticky situation backing non-extremist Tory PM,major,major,assemblage,STUCK,0
137861,Truth backed by notes of confession making one quarrelsome,factious,factious,assemblage,TRUCULENT,0
70055,Extremities of nail broken in certain conditions,terminals,terminals,assemblage,ALTERNATIVE,0
64031,A couple of pounds for the lot,spy,spy,assemblage,ALL,0
36741,Killing game,bloodsport,blood sport,assemblage,BLOOD SPORT,1
133603,Firm taken in by swindles gets the police,constables,constables,assemblage,CONSTABLE,0
69242,Line of peaks and points,andes,andes,assemblage,RIDGE,0
16461,Late morning paper,exam,exam,assemblage,NEWS,0
9558,Fling ending in bed with coupling,dalliance,dalliance,assemblage,THROWING,0
109705,Stroke uncle with a ruptured spleen,petulance,petulance,assemblage,STROKED,0
31799,Now I see container from the south for Tex-Mex food,nacho,nacho,assemblage,NACHO,1
106124,"Essential couple of coins, one not English",central,central,assemblage,CENTRAL,1
103264,"A bit like part of Birmingham, creating surprise?",astonish,astonish,assemblage,ASTOUND,0
11599,"Man with vessel, a skiff",sampan,sampan,assemblage,MANAGE,0
7820,German state's leader's gone somewhere further east,russia,russia,assemblage,HESSEN,0
87709,Cheat to secure point in card game,cribbage,cribbage,assemblage,CHEATERS,0
7339,One needing exercise wants female,unit,unit,assemblage,WOMAN,0
131316,Fastens covers over farm animals,boars,boars,assemblage,TIES,0
37325,Make a fuss about Robert Owen initially being remote,faroff,far off,assemblage,TOO FAR,0
131466,Singer acquired good piece of drum kit,bongo,bongo,assemblage,SCOFF,0
115952,"Munch nosh all up, out eating good pub fare",ploughmanslunch,ploughmans lunch,assemblage,GASTROPUB,0
37557,"Forbidding champion to moo, say",grimace,grimace,assemblage,DREAD,0
78423,Groom quiet about knight pinching bride's bottom,preen,preen,assemblage,GROOM,0
39545,Seat unfinished in part of curve is antique,archaic,archaic,assemblage,ANTIQUA,0
82777,Not being on the side of the angels? That's prohibited,forbad,forbad,assemblage,SINNING,0
62956,Wine for king on the move,astir,astir,assemblage,MERLOT,0
23443,Type of onion ring found in the promised land,scallion,scallion,assemblage,COVENANT,0
95030,Undertaking pilot's last request,task,task,assemblage,TASK,1
58403,Set-to with Sex Pistol in a London park,rottenrow,rotten row,assemblage,PUNK ROCK,0
110128,Contest picture at altitude,fight,fight,assemblage,RALLY,0
84689,Asylum given over to pauper,havenot,have not,assemblage,HOSPITAL,0
110229,"Brad, while on Universal set, ignoring film star group",pegasus,pegasus,assemblage,BRADLEY,0
14545,Artist's state of being a rogue,rascal,rascal,assemblage,ARTFUL,0
120669,Backwards family with sheep triggered the space race,sputnik,sputnik,assemblage,FAMILY,0
53659,Awkward-looking group of people sitting on heather,gangling,gangling,assemblage,GATHERING,0
110275,"Watch over so many finalists in beauty contest, say",eightbells,eight bells,assemblage,FINALISTS,0
79825,Nitty-gritty of piles below underwear,brasstacks,brass tacks,assemblage,UNDERPANTS,0
20798,Entrenched element in party to raise security,rearguard,rearguard,assemblage,SECURITY,0
81342,Insect wings of white and black,weevil,weevil,assemblage,WINGS,0
78767,Man gets the Castilian into place of worship,chapel,chapel,assemblage,MANSE,0
96858,Mid-off's just terrible,frightful,frightful,assemblage,OFFICIAL,0
67467,"Excel, getting gold in some sort of sports",outdoor,outdoor,assemblage,GOLDEN,0
35888,Unable to rest in peace for a spell,cantrip,cantrip,assemblage,RESTLESS,0
139638,"One name of prophet, as I repeatedly recollected",isaias,isaias,assemblage,ISAIAH,0
25057,Gas ring section,ozone,ozone,assemblage,RING,0
58752,Drudgery producing academic chef d'oeuvre?,donkeywork,donkey work,assemblage,LABOUR OF LOVE,0
70275,"It's great to spoil French solvers, keeping distance",marvellous,marvellous,assemblage,DELETERIOUS,0
82846,Racket due to fourth or fifth engagement?,battledore,battledore,assemblage,DISRUPTION,0
47389,"""Watch With Mother"" interrupts bath-time negotiator",diplomat,diplomat,assemblage,INTERLOPER,0
99075,Feature extra large trousers,chinos,chinos,assemblage,FEATURE,0
65418,Gas lamp's terminal whirring sound,prattle,prattle,assemblage,GASLIGHT,0
95185,Start a fight with man in shearing shed,rouseabout,rouseabout,assemblage,CONFRONTATION,0
38534,Let person open it? Maybe better not,poisonpenletter,poison pen letter,assemblage,LET IT BE,0
10553,Contemptuously treat group going to break up,disband,disband,assemblage,DISPARAGE,0
58257,Rouse Scots cry to dismiss London leader?,awaken,awaken,assemblage,SCOTCH,0
124223,"Jack lost set again, beginning to expect small crowds",jostles,jostles,assemblage,JACKPOT,0
96341,"Woman at court, people with backstreet laws",enactments,enactments,assemblage,WOMANIZER,0
21038,Condition of French teenager in trouble?,degenerate,degenerate,assemblage,ADOLESCENCE,0
46159,"Punishment for most of this cake being spongy, right?",thickear,thick ear,assemblage,SLICE OF,0
114374,Informal greeting by smart type without it having to get friendly,hititoff,hit it off,assemblage,HOW DO YOU,0
76005,At Houston they usually lead to nothing,countdowns,countdowns,assemblage,HOUSTONIA,0
133709,"People to take out on this bash, mostly drunk on street",hitlist,hit list,assemblage,OUT ON THE,0
75679,"Lacking aspiration, they listened to Genesis etc - but that was a long time ago",theyeardot,the year dot,assemblage,OUT OF IT,0
119603,Gas restricts endless fruit service for babies at Christmas,capricorns,capricorns,assemblage,EGGNOGS,0
44287,Scoop race entrants' urge to make love,eggspoon,egg spoon,assemblage,SCOOP UP,0
24159,Favourite soft centre?,sweetheart,sweetheart,assemblage,CHOCOLATE,0
113423,Transport both sides of a line in the desert?,caravan,caravan,assemblage,CAMELLA,0
139230,Most glad with you finally getting some kind of sleep in this medical condition,glaucoma,glaucoma,assemblage,INSOMNIA,0
34706,Irish author's sister inhaling smoke,stoker,stoker,assemblage,SISTER,0
314,"In short, there's no female candidate for board?",brie,brie,assemblage,MALE,0
66597,Advertising for poet,promotion,promotion,assemblage,ADVERTISER,0
128993,Remaining board members (one third gone) promise too much,overcommit,overcommit,assemblage,OVERPROMISE,0
94793,Bony duck - cheap buy,osteal,osteal,assemblage,BARGAIN,0
85248,Tacks away from earth with little motion,snailspace,snails pace,assemblage,SPACE DUST,0
61100,Girl I'm upsetting with religious book,missal,missal,assemblage,GIDEON,0
120228,Like some entertainment in the Globe? Then call back,balletic,balletic,assemblage,RETROFIT,0
71900,"Lively man, children's entertainer?",bouncycastle,bouncy castle,assemblage,MERRY MEN,0
15947,Obvious hole in mission statement,manifesto,manifesto,assemblage,EVIDENCE,0
127515,Cycling cape's under dog meat,muttonchop,mutton chop,assemblage,BULL DOG,0
50242,Take top off packing case for a price,rate,rate,assemblage,COST,0
79659,"Shipyard worker in a state, having to change direction over time",riveter,riveter,assemblage,WELDER,0
81003,Uncommonly haughty,lordly,lordly,assemblage,ARROGANT,0
114617,Panics finding a gangster with guns?,alarms,alarms,assemblage,FRENZY,0
87434,Feature informed on Delft art,chinaware,chinaware,assemblage,FEATURES,0
97130,Calling for a parish priest before joining type of comedy,appealing,appealing,assemblage,CALLING,0
132348,"Impractical to team up with short, smart clothing?",quixotic,quixotic,assemblage,FANTASY,0
22059,Man about to return home,ernest,ernest,assemblage,MANOR,0
82560,Albert to contemplate a mountain range,watchchain,watch chain,assemblage,ALPINE,0
94334,"Novel report, the whole thing",shebang,shebang,assemblage,REPORTS,0
116066,Where educational forms are filled?,schoolroom,schoolroom,assemblage,REGISTRATION,0
122379,Security devices needed as a dodo flies?,deadbolts,deadbolts,assemblage,DETECTORS,0
14476,"Before start of race, punter is richer",betteroff,better off,assemblage,RICHER,0
81480,"Settling down with advance team, getting directions to capture castle, initially",subsidence,subsidence,assemblage,CONQUERING,0
36037,Again take on study - choose to pursue it,readopt,readopt,assemblage,UNDERTAKE,0
74196,Lines in church choir work curtailed by a bloomer,chrysanth,chrysanth,assemblage,CLOTHES,0
57491,Girl meets chap and starts talking - but doesn't yield,adamant,adamant,assemblage,RESISTS,0
61893,"To economise, Frenchman is introduced to bonus shares",scrimp,scrimp,assemblage,SAVING,0
78803,Where there's an even chance to bring back the cat,tossup,toss up,assemblage,CAT ON,0
98774,Bill gets fitting from tailor,adapt,adapt,assemblage,INVOICE,0
76985,Old-time singer and performers meeting retired sailor at end of oratorio,castrato,castrato,assemblage,BARDOLPH,0
110657,This month every edition is set up,installed,installed,assemblage,DECEMBER,0
70024,A stock Guardian figure?,storedetective,store detective,assemblage,GUARDIAN,0
39608,"English composer finding another ""Unfinished"" antiquated",arnold,arnold,assemblage,ELGAR,0
98947,"Boats being slimmer, bow to stern",lighters,lighters,assemblage,NARROWS,0
141939,Exercise right to sit on panel - that's a crime,perjury,perjury,assemblage,ASSAULT,0
21807,Fellow turning round on the way to fall asleep,nodoff,nod off,assemblage,SLEEPY,0
24431,It may be a mistake to express despair in public,oversight,oversight,assemblage,DISPERSION,0
44325,Collector equipped with buzzer,honeybee,honey bee,assemblage,BUZZER,0
87492,Capital sort of roll with nowt taken out,bridgetown,bridgetown,assemblage,CARNIVAL,0
36121,Submarine was first with rust protection,undersealed,undersealed,assemblage,CORROSION,0
93956,Enter Gordon: nearly all tremble in the Southeast,greaterlondon,greater london,assemblage,GORDON,0
71338,Frequently unwarranted intruder presenting a job for the right workman?,apostrophe,apostrophe,assemblage,INTERLOPER,0
38622,Rough cover for chimney,hoodlum,hoodlum,assemblage,COVER,0
46561,Victor loses head going round the bull,inner,inner,assemblage,BULL,0
37324,"Lifting service inaccurate, well out",faroff,far off,assemblage,OUT OF,0
39798,Taylor enjoys entertaining another actress,loren,loren,assemblage,SWIFT,0
15392,Substitute crêpe filling with something dainty,replace,replace,assemblage,FILLER,0
21254,Rebel king I turn to,riot,riot,assemblage,REBEL,0
124345,Projection in present article not being filmed,offcamera,off camera,assemblage,CINE MA,0
78991,To enlarge silver and a bit of gold currency is ecstasy,aggrandise,aggrandise,assemblage,EUPHORIA,0
127658,Philosophical scientist understood graduate's trick,rogerbacon,roger bacon,assemblage,SCHOOL BOY,0
79981,Cover story finished first,overlie,overlie,assemblage,COVERED,0
79187,Seem likely to be devoured after god drops round,threaten,threaten,assemblage,SEEMING,0
5890,Turn the Guardian blue and it will stop functioning,suspend,suspend,assemblage,GUARDIAN,0
99269,English coastal visitor changes colour,turnstone,turnstone,assemblage,CHAMELEON,0
33687,Where a storm leaves copper positive?,teacup,teacup,assemblage,CLOUDS,0
133135,Charles writing for openings,chasms,chasms,assemblage,CHARMS,0
124643,Ruin meal at university,messup,mess up,assemblage,DINE IN,0
33091,Split up left-wing union,sunder,sunder,assemblage,DIVIDE,0
23232,"Bush in suitable place, one assumed originally",gardenia,gardenia,assemblage,BUSHING,0
66636,Furious to find rat in fast food,hotdog,hot dog,assemblage,FAT RAT,0
62291,Loaf taken from wrapper and chewed noisily,baguette,baguette,assemblage,MUNCHES,0
68886,Preserve style for old photo,tintype,tintype,assemblage,RETRO,0
64815,Swish sort of four-by-two?,froufrou,froufrou,assemblage,SWISHES,0
122468,London district with no healthy bank,camber,camber,assemblage,CHELSEA,0
63979,Deck trouble with sailors,adorn,adorn,assemblage,DECKS,0
100629,Lie about receiving German director's directions to Welsh town,llangollen,llangollen,assemblage,ABERYSTWYTH,0
37163,Reporter's got a point that's cutting,hacksaw,hacksaw,assemblage,POINTS,0
30943,Falls over a painter - get up!,niagara,niagara,assemblage,TUMBLER,0
140976,Woman's right to a German address?,herr,herr,assemblage,LADY,0
110490,"Shrub becomes coated, so they say",furze,furze,assemblage,SHRUB,0
2758,There are two points he can possibly raise,enhance,enhance,assemblage,POINTS,0
74429,Legend on king providing shelter for best friend,dogkennel,dog kennel,assemblage,BEST MAN,0
137345,Minister initially supporting Tory party member's cover-up?,condom,condom,assemblage,COVER,0
57244,"Large, fleshier all round, but not so curvaceous",flatter,flatter,assemblage,ROUND,0
136787,Worst type of underground heating?,hellfire,hellfire,assemblage,RADIATOR,0
80590,Sailor's spirit and extremes of gallantry are staggering,groggy,groggy,assemblage,GUSTY,0
138412,Uplifting piece of text set to music for annual examination,mottest,m o t test,assemblage,A LITTLE BIT,0
33255,"View from air over London, say",looksee,look see,assemblage,HIGH UP,0
59034,Performed in a group that's dissolute,abandoned,abandoned,assemblage,SINFUL,0
65630,Fine food old hooligan leader gets in Yorkshire,flamboroughhead,flamborough head,assemblage,GASTRONOMIC DELIGHT,0
41140,Find out Heath harboured this royal knight,learn,learn,assemblage,HEATH,0
140155,Fancy chaps gripping pot sideways?,turnoffs,turn offs,assemblage,FANCY DRESS,0
46808,Son boasted of wages commonly,screw,screw,assemblage,SONNY,0
92610,Being pleased with a group of news gatherers demonstrating,approving,approving,assemblage,SATISFIED,0
60050,Affected foreign aid from the French department,ladida,la di da,assemblage,DE LA,0
101120,Composer fomenting revolutionary friction in Italy,cherubini,cherubini,assemblage,MALABAR,0
92718,"Strike back with weapon, so to speak",parlance,parlance,assemblage,RETALIATE,0
96077,Strange boy steals college money,eccentric,eccentric,assemblage,BOYSCOUTS,0
37015,Quick drink about teatime?,alive,alive,assemblage,TEA,0
99756,"Miss sporting result, being dull",lacklustre,lacklustre,assemblage,LACKLUSTRE,1
69960,First volume in account of a sort of number,atomic,atomic,assemblage,DIGITS,0
97092,"A character at the end? Nothing, almost frozen lifeless",azoic,azoic,assemblage,ALIVE,0
66427,Palace in place that has its own clue,elysee,elysee,assemblage,PALACE,0
93432,Kings in medical setback almost sent up firework,sparkler,sparkler,assemblage,KABOOM,0
28168,"With this therapeutic device one's home and healthy, right?",inhaler,inhaler,assemblage,HEALTHY,0
123819,"With more than one unknown verse, song dividing taste",bivariate,bivariate,assemblage,SAVOURY,0
74896,"City worker rejected socialist realism, say",trader,trader,assemblage,ARTIST,0
33608,"Pudding gobbled, drawback later",afterwards,afterwards,assemblage,DESSERTS,0
126964,Arbitrator in mad dance borrowed from Peter to pay Paul,refinanced,refinanced,assemblage,MEDIATOR,0
91335,A fiend and a half are going to take place,impend,impend,assemblage,HAPPEN,0
58409,Batman and Joker turning up for kids in Hollywood?,dracula,dracula,assemblage,KIDDOES,0
96374,Sea beast's to dine and spread upward,grampus,grampus,assemblage,NARWHAL,0
111846,Pump-action's isolated shot,diastole,diastole,assemblage,SHOTGUN,0
15087,Ace with stunt almost comes to grief - the fool!,nutcase,nutcase,assemblage,CLOWNED,0
46735,German girl's telescope,glass,glass,assemblage,LUPIN,0
35965,Help one to form this operatic name,aida,aida,assemblage,HELP,0
23745,Airline left India for island,bali,bali,assemblage,ISLE,0
35157,"Bunking off, sailor and nurse get to church",absence,absence,assemblage,CHURCH,0
82932,Bearer of wine giving a service in church,carafe,carafe,assemblage,SERVER,0
94797,Make contact with head to establish suitability,meetness,meetness,assemblage,CONTACT,0
63424,Chance upon an idea: be there with a little drink to introduce slender Annan,cometothinkofit,come to think of it,assemblage,HAVE A DRINK,0
139123,"Shoe, shocking pink, that is for a dish",pumpkinpie,pumpkin pie,assemblage,PINK SHOE,0
23861,"Military vehicle studied, they say, by crusader",tancred,tancred,assemblage,TANKER,0
102535,African ruler to assault US president,mugabe,mugabe,assemblage,KING,0
2442,Dispute is only half on an equal basis,spar,spar,assemblage,TILT,0
37280,"Ridin' with minimum of insurance, very little cover",bikini,bikini,assemblage,RIDER,0
102852,"Taken in the wrong direction, one sliding down the motorway?",misled,misled,assemblage,SLIPPER,0
111763,City judge putting line through revoked law,jerusalem,jerusalem,assemblage,CINCINNATI,0
37527,Provided raised dicky seat for vehicle,fiesta,fiesta,assemblage,SEATON,0
10867,Sappers twice raised the stakes in bridge,redoubled,redoubled,assemblage,BRIDGE,0
131490,"Pretend to be ill, we hear, to get a drink",champagne,champagne,assemblage,IMPOSTER,0
24563,Binge in which Bess's partner loses head,orgy,orgy,assemblage,BINGE,0
24134,"A saint from head to toe, the continental European. (What a plonker!)",ukelele,ukelele,assemblage,DUNCE,0
4046,State two answers: scores missing first rounds,arkansas,arkansas,assemblage,STATES,0
114982,Students should draw on his advice,artmaster,art master,assemblage,HIS ADVICE,0
11449,When AA members need clarification of a way forward?,lightinguptime,lighting up time,assemblage,WAY OF AA,0
139203,Old Dalmatian in bad rain barking around yard,illyrian,illyrian,assemblage,DRAINAGE,0
131850,Operatic production interrupted at intervals by hard left teddy bear fan,arctophile,arctophile,assemblage,CARTOONIST,0
109242,Prays for urchins without learning,implores,implores,assemblage,PRAYERS,0
6219,Early stages in thought,infancy,infancy,assemblage,THOUGHT,0
28041,"Shopkeeper, for example, exchanges staff",tradesman,tradesman,assemblage,SHOPKEEPER,0
62070,Join the ranks and down may follow,fallin,fallin,assemblage,RANKS,0
31268,Fare to be cooked over first part of Sunday?,roastbeef,roast beef,assemblage,SUNDAY FARE,0
102575,Or no movement is without sound of this short musical piece,rondino,rondino,assemblage,SONATINA,0
71551,China has many an ornamental garden,crockery,crockery,assemblage,PAVILION,0
20524,"Heavy stuff, say, with little marks coming up",stodge,stodge,assemblage,LEADEN,0
33189,Observe present and past in child's play,seesaw,seesaw,assemblage,PLAYED,0
97640,Discover endless source of love,hear,hear,assemblage,FIND,0
44080,Sharp boozer needs a place to sleep,barbed,barbed,assemblage,HOSTEL,0
38905,European engineer found home in States laboratory,tesla,tesla,assemblage,ELECT,0
55629,It offers protection from French criminal,defence,defence,assemblage,SHIELD,0
135313,Money well spent on hearing aids?,soundinvestment,sound investment,assemblage,SPENDING,0
32129,In time deserter will make mistakes,errata,errata,assemblage,ERRANT,0
17113,"Article more unlikely, it being unproven?",theorem,theorem,assemblage,UNPROVEN,0
43590,Artist to draw travelling merchant,tiepolo,tiepolo,assemblage,ARTISAN,0
18675,Hide the king outside,leather,leather,assemblage,SHROUD,0
99123,Accomplished foot soldier switched with journalist,gifted,gifted,assemblage,SOLDIER,0
7519,Duet for piano with melody,pair,pair,assemblage,DUET,0
140083,Hospitality workers with fine hair,waitresses,waitresses,assemblage,WAITERS,0
65360,"Friend backs golfer, then folds",lapels,lapels,assemblage,FRIEND,0
97329,"Roughly clean son, to accompaniment of cursing",sandblast,sandblast,assemblage,SONGBOOK,0
986,"Leading captain and upstanding fellow, eh? Must be Cook",chef,chef,assemblage,COOK,0
104366,Photograph college to make money,pickings,pickings,assemblage,PHOTOCOPY,0
76366,A bluebird? No! One in exaltation,skylark,skylark,assemblage,ELEVATE,0
12298,A singing bank teller?,countertenor,counter tenor,assemblage,SINGING BANK,0
122731,Girl in the middle of wearing very large animal's head,rosa,rosa,assemblage,WHALE,0
31669,A time to support tendency towards the environment,habitat,habitat,assemblage,TENDENCY,0
44160,Left crew cuddling queen? Exactly!,quiteright,quite right,assemblage,LEFT CREW,0
9454,That's keeping a nasty type angry,irate,irate,assemblage,ANGRY,0
134838,Pedant from start to finish on position by compilers,fusspot,fusspot,assemblage,PEDANT,0
114767,Parent's half as old as us - following?,entourage,entourage,assemblage,PARENTAL,0
75081,To marry is hard when following second language,swedish,swedish,assemblage,MARRYING,0
74368,The one chosen has run out of plate,electro,electro,assemblage,PLATEAU,0
77882,Chief eastern state,maine,maine,assemblage,CHIEF,0
114073,Times editor's removed,erased,erased,assemblage,EDITED,0
110868,One arranges to get setting up of bank under way?,styler,styler,assemblage,DESIGN,0
11328,Bird's mate approaching ducks,cockatoo,cockatoo,assemblage,MATEY,0
25898,Monk doesn't start tackling piano like Thomas,sceptic,sceptic,assemblage,THOMAS,0
104836,"Pancake gives sprite with no ""go"" independence",blini,blini,assemblage,SPADE,0
103775,Withdrawal of drawing following note,retraction,retraction,assemblage,DEPARTURE,0
141174,Share memory about old pots here,poolroom,poolroom,assemblage,SHARE,0
62523,Note: see about part of speech I'm withdrawing,semibreve,semibreve,assemblage,ADVERB,0
3429,What at Versailles left Queen grand honour,ennoble,ennoble,assemblage,HONOUR,0
85497,Bit of dampness seeping up in the house,dwelling,dwelling,assemblage,DAMPISH,0
112204,"Father's musician, mother's poet - spin off is pig nicker",tomthepipersson,tom the pipers son,assemblage,PIG IN A POKE,0
97966,Croatian boxers reportedly bringing carp,splithairs,split hairs,assemblage,CROATIAN BOXERS,0
92774,Dove very softly into a quiet river,appeaser,appeaser,assemblage,DOVES RIVER,0
125935,Chance meeting of priest and criminal after murder almost backfired,likelihood,likelihood,assemblage,CHANCE MEETING,0
112890,Outlaw put a strain on Irish town,bantry,bantry,assemblage,OUTLAW,0
15627,When he was fated to die horribly: Julius' finale,ides,ides,assemblage,JULIUS,0
80663,Fiddle with glass covering hotel - you can see through it,cellophane,cellophane,assemblage,FIDDLE,0
134856,Aristocrat to protest over troublesome noises,marchioness,marchioness,assemblage,ARISTOCRAT,0
61172,Medical professional has the assailant on film,psychotherapist,psychotherapist,assemblage,MEDICAL PROFESSIONAL,0
84808,Performed ditty about lady's teeth,gnashers,gnashers,assemblage,PERFORMED DITTY,0
40201,States small change in school is doubtful,suspect,suspect,assemblage,UNCERTAIN,0
51643,Noisy reveller for whom dawn herald gets one for nothing,roister,roister,assemblage,BAGPIPER,0
117791,"Scrap with new head, French politician",giscard,giscard,assemblage,SCRAPED,0
128393,Want to go after a fifty-pound kiwi,allblack,all black,assemblage,HAVE A,0
139493,Part of organ not quite audible around old church,cochlea,cochlea,assemblage,AUDIBLE,0
66498,Study shows doctor is English,treatise,treatise,assemblage,LEARNING,0
96821,No little girl reported to have special knowledge,gnosis,gnosis,assemblage,LITIGANT,0
13166,French stop over in getting the lie of the land,terrain,terrain,assemblage,STOPOVER,0
53457,Go through battle without army suffering reverse,comb,comb,assemblage,PASS,0
120056,Alternative name held by island archipelago,orkney,orkney,assemblage,ALTERNATE,0
97107,Party in which lovely lass is injected with drug,finegael,fine gael,assemblage,DANCE HALL,0
121984,Crosspiece with front for model,perfection,perfection,assemblage,TRANSOM,0
67755,Tree associated with one king,acer,acer,assemblage,OAK,0
118625,Cruel followers of a so-called marquis,sadists,sadists,assemblage,CRUELTY,0
80412,Shabby trio carrying plug and soap?,threadbare,threadbare,assemblage,SOAP OPERA,0
99179,Spread arranged by oil producer - the aggressive goat!,peanutbutter,peanut butter,assemblage,BILLY GOAT,0
85229,Perhaps Cherie starts to write lampoons and satirical verse,clerihew,clerihew,assemblage,PARODISTS,0
90719,"Neon in its natural state, element initially inferior to fellow element",manganese,manganese,assemblage,NEONATES,0
106762,"Attractive person on a poster, primarily exposed in a state of undress",dishabille,dishabille,assemblage,PINUP GIRL,0
21980,Like to strip off when retiring or having a snooze,asleep,asleep,assemblage,UNCLAD,0
2569,Leave opera singer for naked lady,godiva,godiva,assemblage,LEAVES,0
25255,Thou - quietly - not upright?,grandpiano,grand piano,assemblage,THOU-SAND,0
18713,"Happy with goal, flip",upend,upend,assemblage,HAPPY,0
133714,Part of American train track's fine,taillight,tail light,assemblage,FINE-ART,0
100966,Point out drunk has answer to clue,highlight,highlight,assemblage,INDICATE,0
45758,"Wearing fewer clothes, for example?",lesson,lesson,assemblage,BARING,0
79348,China supporting offensive game,badminton,badminton,assemblage,CHINA-SET,0
105842,Opening date that is desperate,doordie,do or die,assemblage,TO-DO-IT,0
77545,Like going over Guardian leaders after a fight with spears,asparagus,asparagus,assemblage,SPEARHEAD,0
117883,Film on Aussie experts - they help keep the wheels of industry turning,greaseguns,grease guns,assemblage,MOTION-PIC,0
134727,A quantity of drink is both good and bad,gill,gill,assemblage,MEAD,0
88446,Points to one of several children as being bright,sequin,sequin,assemblage,POINTS,0
40925,Piece of music has to carry a sound,toccata,toccata,assemblage,SONG,0
90840,Pioneer showed the way in a state of shock,startled,startled,assemblage,STUNNED,0
23491,Portable power source for teetotal assault,drybattery,dry battery,assemblage,POWER BANK,0
139259,Removes difficulty with brief direction,rubsout,rubs out,assemblage,EASE UP,0
61620,Those vanquished by the Spanish head east as a precaution,incase,in case,assemblage,EL PASO,0
24469,Lose control at breakfast? Have a drink!,eggflip,egg flip,assemblage,LET GO,0
29932,Room can be found for plonk,chambertin,chambertin,assemblage,CAVERN,0
141270,Arms trade leaders entertained by numerous delegates,legation,legation,assemblage,DELEGATE,0
102969,Screamer used the current hustings - the tops!,sutch,sutch,assemblage,SHOUT,0
124309,Turtle's head fit for consumption - on this?,teatable,tea table,assemblage,SHELLFISH,0
62090,Party unknown to a foreign country,libya,libya,assemblage,PARTY,0
70926,"Friendly, am I? - Vince",amicable,amicable,assemblage,AMICABLE,1
38475,Officer knowledgeable about voucher,coupon,coupon,assemblage,OFFICER,0
29226,Standard artillery pistol held up,regular,regular,assemblage,STANDARD,0
68503,Author on track of plants,greenery,greenery,assemblage,AUTHOR,0
112624,Accommodation unlet - perhaps it's windy,flatulent,flatulent,assemblage,BREEZY,0
15585,Would it take another like him to be of one mind?,halfwit,halfwit,assemblage,CLONE,0
83590,Thus honour deceased invalid's support,sickbed,sickbed,assemblage,THUS,0
7191,Mythological princess performed with nothing on,dido,dido,assemblage,DIDA,0
103040,Antonio's vessels from ancient city that is to south,argosies,argosies,assemblage,TARANTO,0
127098,"Legendary royal butt raised in support of performance by Callas, say?",ariadne,ariadne,assemblage,SOPRANO,0
66853,Plot to blow up prison in church,conspire,conspire,assemblage,CONSPIR,0
93592,A sweet girl's name for a flier,airman,airman,assemblage,CANDY,0
39544,"Even question being in Europe; from set of data, it's time to leave",equable,equable,assemblage,LEAVING,0
1878,"Lecherous man with sex appeal - despot, not half",satyr,satyr,assemblage,LECH,0
30903,Partner going off when there's no going on,stalemate,stalemate,assemblage,PARTNER,0
93748,"Refreshing place, Newgate Forest",teagarden,tea garden,assemblage,NEW FOREST,0
46247,Flower girl is seen in time,daisy,daisy,assemblage,ROSE,0
106331,Legal successor heard to gain from flying hazard,airpocket,air pocket,assemblage,HEIR APPARENT,0
38854,Hairstyle covers very retro crew member,bosun,bosun,assemblage,BUN,0
54865,"Being completely taken aback, girl admits the sport's attraction",allure,allure,assemblage,GIRL,0
1424,Cut for a game of cards,abridge,abridge,assemblage,CUT,0
64559,Hermit endlessly rejected Indonesian buyer's furs,ermines,ermines,assemblage,FUR,0
67571,Railway served by Scots police?,metro,metro,assemblage,RAIL,0
36402,Extreme Right following United Nations,undue,undue,assemblage,RIGHT,0
94582,"Pack, card player works out, lacking spades",wolves,wolves,assemblage,PACKER,0
117659,A scolded bishop ignored bubbly,aerated,aerated,assemblage,BISHOP,0
34605,Transport for Conservative replacing miners' leader in union,carriage,carriage,assemblage,TRANSPORT,0
29506,Control shown as others fall,restrain,restrain,assemblage,CONTROL,0
14377,Reportedly bright criminal devised means of support,livelihood,livelihood,assemblage,ALIMONY,0
1999,Honour account company''s to deal out,accolade,accolade,assemblage,DISTRIBUTE,0
107131,Work on an island operation,manoeuvre,manoeuvre,assemblage,OPERATION,0
65306,"Sweet, flat fish",pomfret,pomfret,assemblage,DOLPHIN,0
25462,Want symbolic home to have entrance changed,dearth,dearth,assemblage,DESIRE,0
66238,Thus I list Rodin's silent retrospective of noted works,oratorios,oratorios,assemblage,LISTENING,0
8277,Bird seen on street in pushchair,stroller,stroller,assemblage,KITEBIRD,0
99813,Hefty cow loses firm figure,weighty,weighty,assemblage,COWBOY,0
116022,Support for hovercraft's vent shield,aircushion,air cushion,assemblage,AIR SHIELD,0
70638,"Went off and again stood around, say",retreated,retreated,assemblage,DEPARTED,0
23035,Dutch Redcoat on board,edam,edam,assemblage,DUTCH,0
111998,"Different girl, one in Italy, to approve of",unalike,unalike,assemblage,DIVERSE,0
88238,Mean to entertain Indian poet,pindar,pindar,assemblage,MEANIE,0
3715,Utterly base and gruesome moral tale,allegory,allegory,assemblage,NARRATIVE,0
117783,Irregular design - zigzag on reverse,wayward,wayward,assemblage,RAGGEDY,0
20586,Penny puts on weight in spring,pounce,pounce,assemblage,PENNY,0
121490,"Eager to embrace quarrel with some elders all about tattooing, say",needlework,needlework,assemblage,TATTOOING,0
137104,They're presently taking up space,stockingfillers,stocking fillers,assemblage,STORAGE,0
4911,"Game, part of it inspiring local backs",tennis,tennis,assemblage,CRICKET,0
45949,Poppy's first piece has some musical backing,opium,opium,assemblage,OPERA,0
88323,Fire starting on haystack engulfs busted dam of European monarch,frederick,frederick,assemblage,EDWARDIAN,0
137631,"Out of uniform, mark down artist for head of state",devalera,de valera,assemblage,HEAD OF STATE,0
119878,"Henry joins in expression of disapproval, missing nothing",catchall,catch all,assemblage,HENRY VIII,0
117993,Physicist has current going to earth cut short,dirac,dirac,assemblage,CURIE,0
29966,Hide away from the French and American tax service,lair,lair,assemblage,FISC,0
46941,"Priest leaving church leader a true tale translated for Alfred, Lord Tennyson once",poetlaureate,poet laureate,assemblage,IN MEMORIAM,0
140921,Pharaoh dips into sea and a lake in the morning,matutinal,matutinal,assemblage,NILE,0
73557,Ban citation right away,except,except,assemblage,ABANDON,0
119552,Musicians' dosh reportedly censored,brassband,brass band,assemblage,MONEY TALKS,0
43928,Swallow single drink,martini,martini,assemblage,GULPING,0
139778,Conservationists with the confidence of the country?,nationaltrust,national trust,assemblage,NATIONAL PARK,0
124816,"Cryptically, what might one do with a Cornish pasty and where? That's bliss!",beatitude,beatitude,assemblage,PASTYNESS,0
128450,One advocates love with it on tart,hippie,hippie,assemblage,LOBBY,0
76111,On strike? Pass!,overhit,overhit,assemblage,DEMOING,0
123861,Salt that may be extracted from china clay?,sodiumchloride,sodium chloride,assemblage,SALT CLAY,0
102194,Some protection for annoying person with paramilitary involvement,cuirass,cuirass,assemblage,SHIELD,0
107925,"Fake left behind lorry: if pinched, one heading for auction",artificial,artificial,assemblage,SPOILAGE,0
109401,Child torturing mice is symbolic,totemic,totemic,assemblage,MICE,0
110656,This month every edition is placed,installed,installed,assemblage,MONTHLY,0
111929,"Intermediary's game gamble with small gain, ultimately",gobetween,go between,assemblage,MIDDLEMAN,0
18563,Teams in drinks break after last pair dismissed,elevens,elevens,assemblage,TEAAMATE,0
131737,Grabbed one McDonald's in a hurry,impressed,impressed,assemblage,SNATCHED,0
123563,Completely virtuous plus ’aving the wherewithal to make tricks?,goodand,good and,assemblage,GOODY TWO,0
111069,"Show best speed, perhaps?",topgear,top gear,assemblage,TOP NOTCH,0
75502,Plant in a vertical line at back,plumbago,plumbago,assemblage,COLUMNAR,0
54394,"Atypical girl, grave with minimal yen to admit love",tomboy,tomboy,assemblage,STRANGE,0
2592,"Action of a lowdown, gutless cowboy",agency,agency,assemblage,ACTION,0
54186,Silver ring on the floor,aground,aground,assemblage,SILVERED,0
104607,Opera house chap that was lauded by Betjeman?,metroland,metroland,assemblage,SIR JOHN BETJEMAN,0
65705,Further instruction in drinking?,refreshercourse,refresher course,assemblage,DRINKING IN,0
92775,One offers concessions in a shopping centre to wipe out first of retailers to go back,appeaser,appeaser,assemblage,DEALER,0
32041,Shipmates upset on the Queen Elizabeth?,steamer,steamer,assemblage,CREWMATES,0
70552,A trail that leads to the summit,ascent,ascent,assemblage,ASCENT,1
122312,The lady writer short on ideas may inhibit growth,herbicide,herbicide,assemblage,STIFLING,0
126445,Leading at snooker - a conspiracy?,frameup,frame up,assemblage,IN ON,0
67268,Communist statesman spread gold around,castro,castro,assemblage,STALIN,0
54922,It's strange in Scotland and is found around lake where it winds down,uncoils,uncoils,assemblage,LOCHNESS,0
96483,Signal that could be great help,telegraph,telegraph,assemblage,SIGNALING,0
67801,"The little devil! Telling stories, making insinuations",implying,implying,assemblage,DEVILISH,0
64232,"One supporter stands for Judas, but not one judge",arbitrator,arbitrator,assemblage,APOSTATE,0
37376,Charm in French song,enchant,enchant,assemblage,CHARME,0
65388,Transported sheets by tube? It doesn't have much hope,pipedream,pipe dream,assemblage,PIPE DREAM,1
100024,Seen and heard in a Kentish garden?,canterburybells,canterbury bells,assemblage,SIGHT UNSEEN,0
5964,Sort of rate boy's bad behaviour,goingson,goings on,assemblage,RATE OF,0
139443,"Legless man, one goes into pub to participate",joinin,join in,assemblage,GO TO,0
50161,A small bird's behind,astern,astern,assemblage,BIRDIE,0
98673,Greek citizens' interjections to take notice over voting?,hoipolloi,hoi polloi,assemblage,DEMOS,0
67328,"Import teak, say, brought in by sea",driftwood,driftwood,assemblage,KNOTTY,0
35806,Name backing European exit,gate,gate,assemblage,NAME,0
98588,Unnecessary words? Not about bear,paddington,paddington,assemblage,VERBIAGE,0
83158,Nameless bone in substance virtually like another,fibular,fibular,assemblage,OSTEUM,0
131950,Kind offer to pick up Edward,tenderhearted,tender hearted,assemblage,NICE OFFER,0
27748,Difficult universal and timeless tale is deceptive,illusory,illusory,assemblage,MYSTICAL,0
55022,Furnishing periodical with set of figures,occasionaltable,occasional table,assemblage,FURNITURE,0
15566,French and German articles appear below,under,under,assemblage,ETAL,0
119427,Look into top player's huge pulsating body,xraystar,x ray star,assemblage,TO THE TOP,0
40174,Man without shape having a little defect?,malformed,malformed,assemblage,AMORPHOUS,0
24165,Many get permission to unite,cleave,cleave,assemblage,MANY,0
22136,"Paul, perhaps, threw wobbly - blimey!",strewth,strewth,assemblage,PAULINE,0
77077,Material in test given to secretary?,temporal,temporal,assemblage,TESTING,0
103136,Supply a team reserve,putononeside,put on one side,assemblage,SUPPLY,0
118824,Ought queen to enter plump and slumped?,roundshouldered,round shouldered,assemblage,SQUASHING,0
14291,Stop a squad playing,abandon,abandon,assemblage,STOPPED,0
13137,Disrupt current London theatre offensive,intrude,intrude,assemblage,DISRUPT,0
5181,Two monarchs giving sovereign's first greeting in long ago county,yorkshire,yorkshire,assemblage,KENTUCKY,0
84948,Beginning of the Hindu festival in round buildings,tholi,tholi,assemblage,DIWALI,0
126563,"Composer putting king in check, brought back knight alongside queen",bruckner,bruckner,assemblage,BACHKENT,0
32296,Mother puts a fellow in the shade,magenta,magenta,assemblage,MOTHER,0
32982,Heartless poet performed,done,done,assemblage,READ,0
110534,Small section of church upset theatrical dame,evans,evans,assemblage,CHANT,0
125845,Native close to joining argument in pub,ingrown,ingrown,assemblage,NATIVE,0
68110,"Without lid, drain jug",ewer,ewer,assemblage,CUP,0
28089,Mathematician starts to expand upon Lagrange's extraordinary results,euler,euler,assemblage,EULER,1
97412,A party opening up a temple,pagoda,pagoda,assemblage,GATHER,0
92599,A reason to corner the woodchuck,groundhog,groundhog,assemblage,EXPLANATION,0
77645,Snow vehicle to slide out of control into ducks,skidoo,skidoo,assemblage,SLEIGH,0
13464,Stop New York baseball team getting turned over,stem,stem,assemblage,STOP,0
88776,Hooligan displays sheer audacity on part of the golf course,roughneck,roughneck,assemblage,GOLFERS,0
87055,Horse sick around the withers initially; get a cloth!,cavalrytwill,cavalrytwill,assemblage,HANDKERCHIEF,0
138607,"After study, no women find time for revision",readjustment,readjustment,assemblage,REVISIONS,0
92598,Light reveals sick bird looking up,illume,illume,assemblage,LIGHT,0
66950,Everyone bound to be properly organised,alltiedup,all tied up,assemblage,ALL IN ALL,0
140232,"Flipping dull, echoing gong",tamtam,tam tam,assemblage,DULL GONG,0
47033,Monkey's beginning to pick apples up,scamp,scamp,assemblage,MONKEY,0
105188,"Foolish American boy, who makes you think of Wallis?",simpson,simpson,assemblage,FOLLY,0
58982,"Cave in Spain, base for one male tramp",implode,implode,assemblage,CAVEMAN,0
76857,Women's work in underground river in Wales,distaff,distaff,assemblage,WOMEN'S,0
82605,Club gets tennis champion further,everton,everton,assemblage,CLUBBED,0
99187,"River grass encircling path, not a river grass",deepthroat,deep throat,assemblage,RIVERBANK,0
123466,Pacific republic drink tipped to get gold,palau,palau,assemblage,TONGA,0
135266,Formal protests about gifts,representations,representations,assemblage,DEMONSTRATIONS,0
48851,Listlessness can make one reject help,acedia,acedia,assemblage,APATHY,0
81200,Stir a large watercourse,canal,canal,assemblage,STIR,0
51763,Rock band followed by American uncle telling folk stories,remus,remus,assemblage,FABLE,0
134676,Again Emperor's given order - Congress won't be restricted by it,openmarriage,open marriage,assemblage,FREE TRADE,0
37720,It secures a superior item for ladies,hatpin,hatpin,assemblage,SECURE,0
62992,Delegate seen briefly by river to get rid of insects,delouse,delouse,assemblage,DELEGATE,0
61792,Refuse to reply at notorious flash point,balkans,balkans,assemblage,IGNORE,0
49709,Love writer accessible to everyone,open,open,assemblage,LOVE,0
21627,Payment going up - aim to adjust paperwork,origami,origami,assemblage,RECEIPT,0
68427,"Leaving home, freeloading daughter made ungracious remarks, all concluding",egress,egress,assemblage,LEAVES,0
1599,Drop in standards scratching head in church,apse,apse,assemblage,DROP,0
67742,Engineering graduate is an elaborate fraud,besancon,besancon,assemblage,ENGINEER,0
48614,Fool has faith leader hold recruits' capital,moron,moron,assemblage,FOLKS,0
122587,Advocate appearing for a Venetian explorer gains essential point,apologist,apologist,assemblage,CABOTAGE,0
105606,Shocking word repeated in error,booboo,booboo,assemblage,SHOCKS,0
28996,Audibly voiced low spirits,mood,mood,assemblage,BLUES,0
35728,Strongly experienced entre-left alignment,heartfelt,heartfelt,assemblage,EXPERIENCED,0
83340,André Gide initially appears in quiet street in French capital,prague,prague,assemblage,PARIS,0
16654,"Bareheaded, going after crooked horse",skewbald,skewbald,assemblage,HEADLESS,0
135840,Worker restores ends in new building,stonedresser,stone dresser,assemblage,BUILD WORK,0
116500,Ferocious avian charge on hill,raptor,raptor,assemblage,RAVENOUS,0
104990,"Much of day is left, leaving remaining horses happy",satisfied,satisfied,assemblage,EQUINE,0
135444,Dryden character in a note on work he left,achitophel,achitophel,assemblage,CHARACTER,0
54128,Idol given name of bird,heron,heron,assemblage,IDOL,0
114276,Unimportant part of indicator at motorway junction,minor,minor,assemblage,MINOR,1
80680,Blameless watering hole given zero cash in US,innocent,innocent,assemblage,INNOCENT,1
31047,Water with jolly blue colour,aquamarine,aquamarine,assemblage,WATERCOLOUR,0
24037,Supporter's grand boast,brag,brag,assemblage,EGOS,0
124574,Fix up starter of pilau with reduced packaging. Spices strong with it?,girlpower,girl power,assemblage,SPICE RACK,0
107823,Emptied cocktail over the dress,clothe,clothe,assemblage,DRESSY,0
61989,The way people talk of miracle food,manna,manna,assemblage,TOFU,0
120129,Looking to understand card,seeking,seeking,assemblage,CARDINAL,0
112244,Ecological group plant northern vegetable in a Mediterranean country,greenpeace,greenpeace,assemblage,CROATIA,0
95995,Reluctant to have a port with philanderer,lothario,lothario,assemblage,CYNICAL,0
24382,Hero achieves eminence amongst top men,achilles,achilles,assemblage,HEROISM,0
16075,Weapon did its job on maiden,cutlass,cutlass,assemblage,SWORDMAID,0
63484,Note down new present,endow,endow,assemblage,NOTED,0
77958,"Make merry, as lyricist bags English girl",rejoice,rejoice,assemblage,GIRLFRIEND,0
41007,English tea break keeps US workers involved,elaborate,elaborate,assemblage,TEA BREAK,0
63400,Leading Republicans' euphemism naively downplaying illegal torture in other nations,rendition,rendition,assemblage,CLEANING,0
67987,Fighter pilot with boat crew,flyweight,flyweight,assemblage,SQUADRON,0
31326,"King Lear's opening, rubbish",offal,offal,assemblage,LEAR,0
44343,One is well rid of it,illhealth,ill health,assemblage,IT'S GONE,0
80036,A lot of filth by leader of Lords causes brief storm,squall,squall,assemblage,TIDAL WAVE,0
77968,Hollywood's top director exhibiting arrogance,hauteur,hauteur,assemblage,CINEMATIC,0
90158,Soldiers follow one in specialist trial,experiment,experiment,assemblage,EXAMINATION,0
22793,Left before recess - a blunder,lapse,lapse,assemblage,ERROR,0
58597,"Cloak for wife, South African style",capedutch,cape dutch,assemblage,WIFE BEATER,0
109433,"Doing backstroke, swim round lake with fish - such as this",pilchard,pilchard,assemblage,TROUTS,0
54368,Sound beast carrying rubbish carrier,orthodox,orthodox,assemblage,BEASTIE,0
123944,People wanting a new landlord,publican,publican,assemblage,TENANTS,0
55185,Meet with elected scoundrel,incur,incur,assemblage,MEET,0
53082,"Talented Lib Dem, no longer the leader",able,able,assemblage,LID,0
124133,"Impure, I quietly run away and sleep at home when he calls",muezzin,muezzin,assemblage,SLEEPER,0
989,Revolutionary with fish head to cook,chef,chef,assemblage,FISH,0
5855,Unwanted growth has proceeded round the whole street,gallstone,gallstone,assemblage,WILDFLOWER,0
105452,Criminal underground starts many a feud in America,mafia,mafia,assemblage,CRIME,0
6344,Team given extra exam,elevenplus,eleven plus,assemblage,FINAL TEST,0
43035,Strikers going round pit take a dip,pickpocket,pickpocket,assemblage,DIVERSIONS,0
118953,Something added on the end of affectionate princess's letter?,annex,annex,assemblage,POSTS,0
4515,Seed that's old removed from a loch,almond,almond,assemblage,SEEDY,0
136938,Billionaire's first to not offer tip in bar,blacklist,blacklist,assemblage,BARTENDER,0
16704,Aim by listener to win affection,endear,endear,assemblage,DESIRE,0
102993,Irish operator is such a person in trade,shopkeeper,shopkeeper,assemblage,TRADESMAN,0
60087,"Robson beating Williams, for example, winning at least six games",upset,upset,assemblage,BREAK,0
89120,"Likely to give an answer, especially in revised version",responsive,responsive,assemblage,RESPONSIVE,1
133412,Bluish-grey bench one removed from row,pewter,pewter,assemblage,DUNNEST,0
79822,Supporters with lots of hard facts,brasstacks,brass tacks,assemblage,FACTSHEET,0
123901,You'll find me introducing very French measures,metres,metres,assemblage,METRES,1
78895,"Time to give the ticker a boost, having it off with Gladys",daylightsaving,daylight saving,assemblage,HEARTS IN,0
57659,"Just once, do put one out!",exactly,exactly,assemblage,ONCE,0
87570,Daughter's body clock determines when to have food,dinnertime,dinner time,assemblage,DINNER TIME,1
16044,Old king of note,offa,offa,assemblage,EDEN,0
130077,Journalists who keep saying cutting things,hacksaws,hacksaws,assemblage,CUTTING EDGE,0
117543,Boatman gets his first crop on the wagon,boatswain,boatswain,assemblage,CARTOGRAPH,0
103296,Pressing suit with the devil,impaction,impaction,assemblage,DEVIL'S ADVOCATE,0
101548,Like warning Liberal about vote,forexample,for example,assemblage,OUT LOUD,0
15125,"Curved member made of wood, say",bowleg,bow leg,assemblage,BOW LEG,1
18191,Annoyed that shirt's missing from counterfeit Man U strip,upinarms,up in arms,assemblage,AT A LOSS,0
90110,Zero return after call for capital,dublin,dublin,assemblage,LONDON,0
460,Instrument causing damage when attached to one short whip,harmonica,harmonica,assemblage,SAXOPHONE,0
44171,Parody old Bob's clothing,skit,skit,assemblage,BARD,0
77136,Repeated knocks make Irish twins retreat,taptap,tap tap,assemblage,TWO BY,0
115907,Dog dirt on park for animals picked up,shihtzu,shih tzu,assemblage,PARKING,0
124513,"Excuse a little colour without energy, maybe, on box",pleating,pleating,assemblage,EXCUSE ME,0
1273,Dealing with urgent checking,repressing,repressing,assemblage,CHECKING,0
28458,Final appearance of US actress - good!,swansong,swansong,assemblage,APPEARANCE,0
14737,Get to the top on Tyneside?,scalene,scalene,assemblage,ASCEND,0
33309,Rowan's character: nothing comic,beano,beano,assemblage,ROWAN,0
71376,"""Heart of Midlothian"" follows radical dogmatist",bigot,bigot,assemblage,RADIO,0
38657,Woman in torment shows spirit,banshee,banshee,assemblage,WOMANLY,0
50376,Give name with nothing in it to fool with old gold coin,doubloon,doubloon,assemblage,DRACHMA,0
107588,"Soap found under bum, which is sweet",spongecake,sponge cake,assemblage,BUBBLEGUM,0
69792,Tilts at hint on drink,tipsup,tips up,assemblage,GOES,0
116016,"Well I'm blowed! Bald, shaved and pink!",coral,coral,assemblage,BLUSH,0
137028,Head of government to OK thoroughfare stopping short of scaffold,gallowstree,gallows tree,assemblage,GOVERNOR,0
48249,Old instrument needs the sphere to ring,theorbo,theorbo,assemblage,BELL,0
86793,It's grand to make many holes in a hot plate,griddle,griddle,assemblage,GRANDLY,0
96526,Disk that's not a hit with artless party,floppy,floppy,assemblage,DISKET,0
117872,"Religious leader (a healer) cured flesh, receiving credit as a teacher",mohammed,mohammed,assemblage,RABBIHE,0
113200,Old skin disease liable to drain confidence,sapego,sapego,assemblage,LEPROSY,0
15131,Dissipated girl in confinement,misspent,misspent,assemblage,DISSIPAT,0
91831,Lifting a great weight is false,notso,not so,assemblage,LIFTING,0
89024,"High frequency range, say, penetrating mum - is sore in the ears",megahertz,megahertz,assemblage,HEARING,0
123817,"Lively end to working week, heaven",frisky,frisky,assemblage,FRIDAY,0
31567,Expectant boy and European girl set about stir-crazy night hunter,pipistrelle,pipistrelle,assemblage,NIGHTHAWK,0
112794,Game controller's about to take a quick look up,keeper,keeper,assemblage,LOOKING,0
96120,Always right in story about trouble arising,infallible,infallible,assemblage,STORYTELL,0
105007,Ride off a little way to old city in time to get led up the aisle,marriedinchurch,married in church,assemblage,BRIDE'S MAID,0
121371,"Corrects paperwork, putting top of house on in flats",proofreads,proofreads,assemblage,AMENDMENTS,0
53700,"Like china after the bull, shop being gutted when he's gone",strewn,strewn,assemblage,BULLY,0
34214,Pepper's top music arrangement,capsicum,capsicum,assemblage,PEPPERCORN,0
103805,"Vexed about European tree such as beech, from what we hear",seashore,seashore,assemblage,EXASPERATE,0
13705,"Bar providing energy (sustained energy), almost other-worldly",estaminet,estaminet,assemblage,BAROMETER,0
124729,Astronomical scale of opening novel,analemma,analemma,assemblage,COSMOLOGICAL,0
86193,Inspector gives opinion with hesitation,viewer,viewer,assemblage,INSPECT,0
130415,"Set fire to one reptile in sewer, according to reports",litigator,litigator,assemblage,INCINERATE,0
21082,Sort of spin one thus put on an issue,isotopic,isotopic,assemblage,SPIN-OFF,0
128679,"Fellow clean, having removed soft muck",manure,manure,assemblage,MATEES,0
75968,"Come down heavily, when gathering of hunters is set up",teem,teem,assemblage,DEER,0
80354,I cut out the hard stuff when at work,stonemason,stonemason,assemblage,EXCAVATE,0
82313,Body meeting to pledge help to golfers?,committee,committee,assemblage,COMMITTEE,1
88362,Never return to issue concerning former volunteers,atnotime,at no time,assemblage,BACK TO THE,0
72051,Plot developer,schemer,schemer,assemblage,PLOTTER,0
83215,Elaborate ornament to hang on ventilator,fandangle,fandangle,assemblage,ORNAMENT,0
101613,English writer hits cart track backing motor,turbine,turbine,assemblage,CHANDLER,0
140061,Silly argument over half a small pigeon,squab,squab,assemblage,ARGUE,0
90877,Wild flower round by border,oxlip,oxlip,assemblage,WILDFLOWER,0
15283,Main follower in France with projector,tenon,tenon,assemblage,LANCE,0
63244,I'm given picket duty,impost,impost,assemblage,IMPOSE,0
85419,Novice's a person stupid in the head,loaf,loaf,assemblage,DUNCE,0
69373,Record poem about island event,episode,episode,assemblage,ISLANDS,0
125914,Fold party clothes,dogear,dog ear,assemblage,TIE UP,0
125578,Many a playground prank ties knot around Maggie's bottom half,wedgies,wedgies,assemblage,GAGGING,0
34292,Overwork Bob's followers,strain,strain,assemblage,BURNOUT,0
141476,NYPD case to get resolved having been shortened,syncopated,syncopated,assemblage,DETECTIVE,0
27334,"Expression of compliance, almost trendy?",righto,righto,assemblage,ACCORD,0
53660,"Tall and skinny, first to go fishing",gangling,gangling,assemblage,SKELETAL,0
22110,Hardy presents most of hoary tale,ollie,ollie,assemblage,STORY,0
38670,Priestess is one Greek character Angie confused,iphigenia,iphigenia,assemblage,SIBYLLES,0
86654,"Calls sailor back, one's docked",names,names,assemblage,CALLS,0
56339,The man leading Earth's revolution is a god,helios,helios,assemblage,MARS,0
53508,Live as a bird and take off,beatit,beat it,assemblage,TAKE OFF,0
59873,Friday's child makes you shiver,frisson,frisson,assemblage,SHIVER,0
141631,"Defenders greeted, sloping off from the front",backswept,backswept,assemblage,DEFENDERS,0
46001,Wartime enemy heading off for the firing line,oche,oche,assemblage,WART,0
130770,"In Devon, a current company leader is business manager",exec,exec,assemblage,BOSS,0
134419,Hobo's besotted with bling and spirits,hobgoblins,hobgoblins,assemblage,HOBGOBLIN,0
77747,Aim for gold? I disagree,objector,objector,assemblage,TARGETS,0
59788,Young female FBI agent now gone private employed by Nelson?,glasseye,glass eye,assemblage,AGENT 0,0
111582,"We object, being placed in improper abode. Why? It's of ill repute!",bawdyhouse,bawdy house,assemblage,MORALITY,0
83921,"It's of assistance to shepherd or miner, but not king",collie,collie,assemblage,SERVICE,0
128438,Produced rising bill and butcher sued,caused,caused,assemblage,SUBSIDY,0
54449,They feel it's time to have castle refurbished,tentacles,tentacles,assemblage,CASTLE,0
78883,Maiden possibly left port with too much luggage,overladen,overladen,assemblage,LADYSHIPS,0
28654,Bypass (ring road) crumbling - such a state!,colorado,colorado,assemblage,RINGROAD,0
54161,Philosopher managed last of apple crumble,diderot,diderot,assemblage,CRUMBLE,0
13101,This address caters for love on the allotment,oration,oration,assemblage,COTTAGE,0
23405,Discount English book with set standard jacket,rebate,rebate,assemblage,RECESS,0
106788,Shrub grew on river in a month,rosemary,rosemary,assemblage,GROVE,0
96234,"Book about principal, not a strong head maybe, yet beginning",remainsoftheday,remains of the day,assemblage,BOOK OF THE MONTH,0
12071,"Low gear involved, finding place to park?",moorage,moorage,assemblage,GARAGE,0
76701,"Left and left again, lorry finally gets round",portly,portly,assemblage,LEFTY,0
83727,Distress at leaving embassy man following judge,heartache,heartache,assemblage,DISMAYING,0
32364,Clue short of perfect,idea,idea,assemblage,CLUE,0
82856,"Polish fruit, cored, is chewy",rubbery,rubbery,assemblage,SOUR,0
57005,Turn aside right after the avenue,avert,avert,assemblage,AVERT,1
32670,No time for checking maxim,saying,saying,assemblage,MAXIM,0
80728,Travel in time beyond it and back from Rome,itinerate,itinerate,assemblage,TIMEWARP,0
121676,Combine to restrain a temper,allay,allay,assemblage,STEM,0
84957,Clerical doctor has a bit of a scheme concerned with aspect of language,syntactic,syntactic,assemblage,GRAMMARS,0
75083,Head of Sheffield Wednesday is meeting Hillsborough's first Scandinavian,swedish,swedish,assemblage,SWEDISH,1
100715,Performance in which the middle section gets the twitch,bellydance,belly dance,assemblage,MIDDLE ACT,0
94065,Doctor can back old GP site,monaco,monaco,assemblage,CANOPY,0
5968,The Queen needs foreign money for the mission,errand,errand,assemblage,QUEEN,0
82472,Good place for baby with loop,picot,picot,assemblage,GOOD,0
20340,Chief island's headgear,topis,topis,assemblage,CROWN,0
95135,Giveaway lines?,freeverse,free verse,assemblage,FREE LINES,0
40049,Trollop allowed a pie,tartlet,tartlet,assemblage,SLUTTY,0
77809,White boy finds nearest man in blue,skinhead,skinhead,assemblage,WHITEST,0
112968,"When retired, managed share account",narration,narration,assemblage,MANAGED,0
73262,"Judge - typical, though not posh - producing a rejection",refusal,refusal,assemblage,JUDGEY,0
3955,Result of dropping the charge?,pricecut,price cut,assemblage,FINE ART,0
4506,Duck has suffered on island,borneo,borneo,assemblage,DUCKS,0
96316,"Paper's written about conclusion to inquiry, little being an inward reference",myself,myself,assemblage,PAPERS,0
126949,Monstrous party on the up through Gulf War not all bad,godawful,godawful,assemblage,WORSTED,0
57628,Setter finds shelter from fight,melee,melee,assemblage,FIGHT,0
51375,"Consents, but will be a long time coming round again",agrees,agrees,assemblage,AGREES,1
105020,Pets regularly bite? Avoid!,eschew,eschew,assemblage,ABSTAIN,0
133314,Produce charged particles and celebrate topless,ionise,ionise,assemblage,IONISE,1
83264,Look after the ruddy whiskey!,redeye,redeye,assemblage,NURSE,0
94199,"Guided the unholy Tannhäuser on Rome expedition - devastated, primarily",tutored,tutored,assemblage,LEDGER,0
114206,Greek island with a cat that's externally weightless,ithaca,ithaca,assemblage,KOS,0
101298,Short skirts tempt the clergy!,ministry,ministry,assemblage,MINISKIRT,0
123748,Plans where PM lives without owning - tense?,intends,intends,assemblage,RESIDENCE,0
50900,Like a mother could lose a point and gain one - it's seriously relevant,material,material,assemblage,RELEVANT,0
90550,"Hide fortune, making run for Cuba",lurk,lurk,assemblage,HIDE,0
110569,Indications of a lot of hard drinkers going on spree,harbingers,harbingers,assemblage,SIGNALING,0
4903,"Game, or six of them, holding local up",tennis,tennis,assemblage,SIXERS,0
52831,Facial hair reported to county's capital,tashkent,tashkent,assemblage,MUSTACHE,0
3357,A French field with sailors: cancel the lesson,unlearn,unlearn,assemblage,DEFERRED,0
125797,Bribe a cricket side - or just one fielder,squareleg,square leg,assemblage,SIX-ONE,0
133476,They provide poor accommodation,almshouses,almshouses,assemblage,HOSTELING,0
128816,Language used in theatre by Lawrence director tailored to fit again,readapted,readapted,assemblage,REHEARSAL,0
784,Women's quarters and hospital are by motorway,harem,harem,assemblage,WOMEN,0
46469,Commotion curtailed on American burial place,tumulus,tumulus,assemblage,CEMETERY,0
29423,One good with relief work for delicate ornamentation,filigree,filigree,assemblage,GARNISH,0
43829,Old instrument: state feminine name,rebecca,rebecca,assemblage,CLAVICHORD,0
29321,Amusement park fails to open - how dishonest!,unfair,unfair,assemblage,UNFAIR,1
29253,Weighty communication cut by a lawyer,notable,notable,assemblage,HEAVIER,0
59680,There's nothing stupid in Denmark,odense,odense,assemblage,DANISH,0
131619,Criminal acts at house in the middle of Trieste,villainies,villainies,assemblage,CRIMINALS,0
113859,Expecting a delay in start of games,awaiting,awaiting,assemblage,ANTICIPATE,0
109706,Favourite uncle hurt about aunt's initial pique,petulance,petulance,assemblage,UNCLEARED,0
71281,Old transport on river outside the city walls,extramural,extramural,assemblage,BARGEBOARD,0
136821,Key workers?,locksmiths,locksmiths,assemblage,KEYSTROKE,0
42117,A rugby player thus taken by surprise,aback,aback,assemblage,FLIER,0
108118,They believe further education for sailor one solution,unitarians,unitarians,assemblage,THEORETIC,0
129142,Instant calls blocked by new PM's predecessors,mornings,mornings,assemblage,DIALTONE,0
28452,Gloria's great at the final curtain,swansong,swan song,assemblage,FINAL ACT,0
53225,"Sharpen pen, but retain candour",honesty,honesty,assemblage,PENCHANT,0
29486,Duck below bedcover,eiderdown,eiderdown,assemblage,DUVETTED,0
27600,Record awful lies about model in writing,epistle,epistle,assemblage,LITIGAN,0
66578,Cook insufficiently good: not a likely winner,underdog,underdog,assemblage,UNDERDOG,1
56945,Treating people that are out to make New York happy about alien,hypnotherapy,hypnotherapy,assemblage,HAPPINESS,0
120004,"It's instinctive with a good many, all called George",automaticpilots,automatic pilots,assemblage,NATURAL INSTINCT,0
125044,Moved in secret and went ahead after complacent start to game,smuggled,smuggled,assemblage,GAMBITED,0
30696,A measure without point,galleon,galleon,assemblage,MEASURED,0
140862,"After briefly not working, a head is in school again",reteach,reteach,assemblage,REENTER,0
6717,"Express approbation of last rose, perhaps",endorse,endorse,assemblage,ENDORSE,1
65586,Be quick to appear in fashion,looksmart,look smart,assemblage,FAST FASHION,0
93894,"Dancers on stage refrain, in part",chorusline,chorus line,assemblage,BALLET DANCERS,0
75329,Quickly read second novel,skim,skim,assemblage,SCAN,0
63800,Sailor getting damaged kept dry,abstained,abstained,assemblage,SAILOR,0
104535,Test alcohol-free beer at the end (European one),dryrun,dry run,assemblage,BAR TAB,0
22372,Look certain after record brings revelation,disclosure,disclosure,assemblage,DISCOVERY,0
116661,"Line in scrap, which might be cut for a cockpit",flightdeck,flight deck,assemblage,PILOT LINE,0
30157,Old teaching assistant demonstrating pronouns,usher,usher,assemblage,TUTOR,0
59237,Mark of small vehicle,scar,scar,assemblage,SIGN,0
141907,Property of trees in meadows: healthy inside with sun,leafiness,leafiness,assemblage,PROPERTY,0
105222,Artist for the underground?,lowry,lowry,assemblage,PAINTER,0
66782,Attila upset retired nut gatherer,headhunter,headhunter,assemblage,HUNTER,0
1972,Conciliate a parish priest with creature comforts,appease,appease,assemblage,PACIFY,0
5510,Criticise long dash,panache,panache,assemblage,CRITIC,0
108121,Greek-speaking orator as guide (not to Tyneside),cicero,cicero,assemblage,STOIC,0
65420,Spin prime minister's endless talk,prattle,prattle,assemblage,SPIN,0
122686,"Sofa, perhaps, where Torode's first broadcast rejected by diner",twoseater,two seater,assemblage,CUSHION,0
80669,One like Napoleon artist gets to pose,strategist,strategist,assemblage,ARTIST,0
90579,"As an old hand, reverse-called on a semiconductor device",gnarled,gnarled,assemblage,DIODE,0
71166,Leaver no longer a soft touch,expat,expat,assemblage,LEAVE,0
20485,Devon resort's improved with non-drinking element gone,beer,beer,assemblage,BIDE,0
99648,Travel plan means one can take time on the railway,itinerary,itinerary,assemblage,ITINERARY,1
14712,"Previous state of party, originally backed by old Soviet leader",prussia,prussia,assemblage,FORMER,0
138451,"Walked like a confined prisoner in stockinged feet, which prevents self-harm",paddedcell,padded cell,assemblage,SHUFFLED,0
111297,"Dramatist, needing work shortly, taking partners on as past peak",benjonson,ben jonson,assemblage,PLAYWRIGHT,0
99294,Woman holding magazine cover,sheathe,sheathe,assemblage,WOMAN,0
7336,"One in poor health, not strong",unit,unit,assemblage,WEAK,0
23020,Outlay of former writer extracting Greek character from muse,expense,expense,assemblage,OUTLAY,0
39161,Mean to have home care,intend,intend,assemblage,MEANER,0
14196,"About to suffer from alcohol consumption, seeing shrink",wince,wince,assemblage,DRUNK,0
89459,Main inhabitant's lidless coal store placed at angle,cuttlefish,cuttlefish,assemblage,MAINSTAY,0
41271,"Like a giraffe, it's all right to have one half pint",okapi,okapi,assemblage,TALL,0
2097,"Guts, or heart lost in loved one",daring,daring,assemblage,GUTTED,0
103755,"Fliers like trees in winter (sunless, but retaining temperature)",leaflets,leaflets,assemblage,FLIGHTY,0
5548,Support for member to pay balance,footrest,footrest,assemblage,SUPPORT,0
5087,Lamb put on string for princess,cordelia,cordelia,assemblage,LAMBDA,0
94935,Standing of French Queen and significantly smaller,teenier,teenier,assemblage,PETITE,0
110889,Bill and Edward played,acted,acted,assemblage,BILLY,0
42770,Motive concerning an endless strain,reason,reason,assemblage,MOTIF,0
76813,Two support the church,brace,brace,assemblage,TWINS,0
62505,Little boy with a metre-wide hole,chasm,chasm,assemblage,BOYHO,0
48876,A final note about a fabulous writer,lafontaine,la fontaine,assemblage,LITERARY,0
97545,Talk garrulously (rabbit on) in part of France,gascony,gascony,assemblage,RABIDLY,0
86968,If German is supporting overthrow of EU policy he won't use violence,pacifist,pacifist,assemblage,PACIFIST,1
103224,"Providing funds, though die in the red?",endowing,endowing,assemblage,FUNDING,0
23234,"In a difficult situation, use hose on grass",tightspot,tight spot,assemblage,CATCH 22,0
36147,Garments Carthaginian leader introduced to African city,tunics,tunics,assemblage,CLOTHES,0
77553,Flag with a tale of heroism,saga,saga,assemblage,BAND,0
39924,Large old ship is broad and slow,largo,largo,assemblage,BARGE,0
108211,About to get severe cramp,restrict,restrict,assemblage,CRAMPED,0
40465,"Fragile thing, problem leading to fault",teaservice,tea service,assemblage,SANDWICH,0
1230,Talented leading counsel at the bar,clever,clever,assemblage,ARTIST,0
121320,Office worker casually visiting old city to get a deep-fried dish,tempura,tempura,assemblage,PIZZA,0
36340,Weeping mother returned popular award,niobe,niobe,assemblage,MOTHER,0
107957,"African warriors, revolutionary yet showing irreverence",impiety,impiety,assemblage,ZULUS,0
104237,Canary has number - there's energy in numbers,tenerife,tenerife,assemblage,NUMBERS,0
93438,"Native American in prog rock group, wearing relative's shoes",brothelcreepers,brothel creepers,assemblage,SANDWICHES,0
8242,"Eat from river, as bird",grouse,grouse,assemblage,EAGLE,0
43682,Before Man exists … before that? An article of faith,theism,theism,assemblage,DOGMA,0
7908,Name one Greek island: one with a divided capital,nicosia,nicosia,assemblage,RHODES,0
47330,Clean out container on top - it's got a needle in it,binnacle,binnacle,assemblage,CLEANER,0
37657,"Son was visibly moved, did some housework",swept,swept,assemblage,SWEEP,0
7598,Place for researching our party,labour,labour,assemblage,LIBRARY,0
141678,"Attacks with a 'furious fastidiousness', ultimately - fine to ignore flaws",assaults,assaults,assemblage,CRITICIZE,0
42338,Origins of terrific hubbub below and terrific hubbub above,thunder,thunder,assemblage,HUBBUBS,0
86698,"Extremes in heavy drinker, overpowering even, producing gas",hydrogen,hydrogen,assemblage,HELIUMS,0
126362,"They may be sarcastic, when press is across the street",ironists,ironists,assemblage,REPORTS,0
36262,Head of stable clipped tail,scut,scut,assemblage,BASH,0
135837,Closely follow master's beliefs,dogmas,dogmas,assemblage,ADHERE,0
106878,Coke party that's thrown by children,snowball,snowball,assemblage,KIDPARTY,0
24375,"Emotionally detached, as football stadiums this year, completely empty inside",fancyfree,fancy free,assemblage,SHELL SHOCKED,0
75662,Turnabouts in vessels,uboats,u boats,assemblage,A BOAT,0
51199,Pay raise - it's Pasquale's premier objective,stipend,stipend,assemblage,OBJECTIVE,0
75381,A woman's remains,ashes,ashes,assemblage,WOMAN,0
21072,Titled gentleman losing right to go underground,maquis,maquis,assemblage,BARONET,0
69895,"Change ending to hit, one's up for success?",thumb,thumb,assemblage,THRIVE,0
129180,Revolutionary semi-proletarians stink with doctor's fiery cocktail,petrolbomb,petrol bomb,assemblage,PROFESSIONAL,0
59825,Background music to be cut to size?,wallpaper,wallpaper,assemblage,SOUNDCUT,0
83207,"King Edward was exploitative, in the royal habit",ermined,ermined,assemblage,EDWARD,0
97509,"Sittings needing many smalls? One, I suspect",sessions,sessions,assemblage,SITTING,0
15827,Beat cheat that's passed away,outdo,outdo,assemblage,BEAT,0
47619,Army unit call intended as a cure,remedial,remedial,assemblage,CALLING,0
116376,"Yesteryear's bloke? If Mandela's that, there's a crooked deal",forgottenman,forgotten man,assemblage,OLD BOY,0
104640,"Writer on computer matters, unknown expert",authority,authority,assemblage,AUTHOR,0
30154,This official must take us with her,usher,usher,assemblage,USHER,1
91846,Top level backing for element in royal revolution,overlay,overlay,assemblage,LEVELS,0
82290,Language of one set to wear back-to-front collar,latvian,latvian,assemblage,LATIN,0
113167,To comment on the repulsive - that's a hard thing,toughie,toughie,assemblage,COMMENT,0
140072,Makes crazy demand to begin with - called in to get it overturned,deranges,deranges,assemblage,DEMANDS,0
135387,"Doctor, get up and heal this deathly disease",theplague,the plague,assemblage,GET WELL,0
71585,Call ship after capitalist?,dubliner,dubliner,assemblage,CAPITAL,0
130332,Swedish chef's starter: an order for food,sandwiches,sandwiches,assemblage,CATERING,0
12,Completely lost voice and note from anaesthetic,ether,ether,assemblage,LOST,0
36255,Sounded as if they are in agreement and went in order to look,eyesleft,eyes left,assemblage,SOUND,0
102482,Vision of motorway madness,mirage,mirage,assemblage,VISION,0
126007,"Comprehend female, in short",fathom,fathom,assemblage,GRASP,0
1199,Get rid of Catholic king in play,clear,clear,assemblage,CLEAN,0
6650,Fancy Luxembourg as Utopia?,ideal,ideal,assemblage,FANCY,0
38932,Purge over-excited fool within time limits,decontaminate,decontaminate,assemblage,EXTERMINATE,0
72601,Urban work by sanctimonious boy,oppidan,oppidan,assemblage,WORKBOY,0
40999,"Package turned up, given address with added detail",elaborate,elaborate,assemblage,APPENDAGE,0
134943,Knocked back soft drink and spirits in drinking bowl,jorum,jorum,assemblage,BOWL,0
21793,Call for resignation causes uproar,outcry,outcry,assemblage,OUTCRY,1
16523,Leading girl in musical doesn’t start solo,aria,aria,assemblage,LEAD,0
13370,A situation troubled dissenter,apostate,apostate,assemblage,SITUATION,0
15275,Diver caught one coming up for something to eat,iceberg,iceberg,assemblage,DIVER,0
15725,European caught in this system of morality,ethics,ethics,assemblage,ETHICS,1
7881,"Cause friction blowing top, around you calm",assuage,assuage,assemblage,FRICTION,0
79357,Printer's employee being kind to dog,typesetter,typesetter,assemblage,PRINTERS,0
130968,Itinerant magician's prop turned King Edward into Queen Elizabeth!,wanderer,wanderer,assemblage,WANDERER,1
87626,"Paint cheese without semicircle, half of cheese",gouache,gouache,assemblage,BRIE,0
111683,A disease exists on account of rodents,agoutis,agoutis,assemblage,RATS,0
9482,A crack about the aim to be in vogue,trendy,trendy,assemblage,FASHION,0
76257,What was written on role filled by church workers?,parchment,parchment,assemblage,SCRIPT,0
62317,"They're scaled by companions, but not at first",adders,adders,assemblage,SCALES,0
24452,A mountain that's good to climb,alpha,alpha,assemblage,ALPS,0
40781,Aristocrat right to receive monarch,duke,duke,assemblage,LORD,0
22527,Male sheep producing cross,hetup,het up,assemblage,RAMS,0
78738,One drunkard turns up to see another,tosspot,tosspot,assemblage,ALCOHOL,0
70065,"A bit of spirit needed to climb a peak, which is dangerous and must be scaled",alligator,alligator,assemblage,ADRENALINE,0
65885,It's said to pacify one getting a duplicated present,nownow,now now,assemblage,TOO TOO,0
83151,"Check when one's gone past you, having come to grief",autopsy,autopsy,assemblage,CHECKED,0
66353,"Capital sum a lender's first withdrawn from Italy, or Monaco?",principality,principality,assemblage,CAPITALISM,0
97875,Complaint of writer about the British clearing banks,nephritis,nephritis,assemblage,BANKRUPTCY,0
50079,"River runs back, almost reaching top of estuary",rhine,rhine,assemblage,RIVER,0
51124,Ulster backing diplomacy without a break,intact,intact,assemblage,PEACE,0
119756,"Holding up the Guardian, for instance, is Rusbridger, with efficiency",organised,organised,assemblage,EFFECTIVE,0
140751,"One metre down, plant foolish hoax",piltdownman,piltdown man,assemblage,FAKE PLANT,0
37502,Pay to take residence at university?,settleup,settle up,assemblage,PAY UP,0
32690,Time off for a craftsman,shoreleave,shore leave,assemblage,TIME OFF,0
121020,Dress for presentation?,giftwrap,gift wrap,assemblage,GALA DRESS,0
67809,Representation of one small party,icon,icon,assemblage,ICON,1
102881,Address of the woman's joint,ladyship,ladyship,assemblage,ADDRESS,0
138803,Good time to change sides with spirit,ghoul,ghoul,assemblage,SPIRIT,0
83256,Evidence of railroad plant,groundsel,groundsel,assemblage,EVIDENCE,0
118560,Tucker's best mate put on the covers of large sacred text,bible,bible,assemblage,TUCKER,0
83684,Superlatively fine art suffering,smartest,smartest,assemblage,ARTISTIC,0
14398,"Fools wasting time on North Carolina headland? Spanning the years, this is characteristic",idiosyncrasy,idiosyncrasy,assemblage,CHARACTERISTIC,0
55741,"To a certain extent, the scoundrel wants that woman",rather,rather,assemblage,THAT,0
543,Hurt the billman,ache,ache,assemblage,HURT,0
27545,It's shown in diatonic modulation,indication,indication,assemblage,MODULATION,0
83646,"""Look at tax"", says a Green",lovat,lovat,assemblage,GREEN,0
10341,A party bloomer - providing mineral!,alabaster,alabaster,assemblage,BLOOMER,0
116024,Boatman's report on whale found in the Mediterranean,mallorca,mallorca,assemblage,REPORT,0
18902,Make off with bits of deck and amplifier,decamp,decamp,assemblage,DECK,0
120440,Choose industrial chemists' solution: we deal with …,opticians,opticians,assemblage,CHOOSING,0
65562,Bow and scrape when news is broadcast between balls,danceattendance,dance attendance,assemblage,SCRAPE,0
54270,She watches old boy with computer,observer,observer,assemblage,COMPUTER,0
94952,"Expectation of rush hour delays, an empty promise?",jamtomorrow,jam tomorrow,assemblage,FALSE HOPE,0
107270,Politician given party lodgings,condo,condo,assemblage,BOARD,0
91577,Briefly that extra distance that brings evidence of happiness,smile,smile,assemblage,EVID,0
126052,Revolution Road's dedicated track,cycleway,cycleway,assemblage,CROSSING,0
121537,Do without minims in the middle bar,banish,banish,assemblage,ABSTAIN,0
62295,Injury puts years on mother,damage,damage,assemblage,AGEING,0
129639,Short of three lots of supporters in the cemetery?,sixfeetunder,six feet under,assemblage,DIGGING UP,0
27958,"First-class book about leading entertainer, of course",aintree,aintree,assemblage,CLASSIC,0
27977,"Repeat one time, then another, one short of ten",iterate,iterate,assemblage,REPEAT,0
129940,"Give up crime in Oz, reportedly, and wield pen anonymously",ghostwrite,ghostwrite,assemblage,ABANDONING,0
32375,Fancy a fish first?,idea,idea,assemblage,AIDE,0
94043,"Farad's an SI unit, but not of this",flux,flux,assemblage,FARAD,0
76131,Plain or flash coat for detective on street?,modest,modest,assemblage,MACOON,0
60727,Bow out of second-rate finale,bend,bend,assemblage,BOWS,0
132053,Order costumes for cases,lawsuits,lawsuits,assemblage,COSTUMES,0
50207,Side needing actual capital,realmadrid,real madrid,assemblage,SIDE,0
139736,Securing army officer to rise against one he swore to serve?,locking,locking,assemblage,REBEL,0
115706,Page wearing drunkard's hat,topper,topper,assemblage,PAGE,0
41359,Has manoeuvred an end to the contest: cap that!,shako,shako,assemblage,CAPS,0
77141,Something to eat and it's time for a fool to go to bed,apricot,apricot,assemblage,SOMETHING,0
50407,Famous sons delay leaving,starry,starry,assemblage,STALKS,0
85763,A number left on a trip for the pottery,delft,delft,assemblage,CLAY,0
109308,Previous charge in court bringing feeling of uncertainty,coldfeet,cold feet,assemblage,DOUBT,0
27861,"Bit of blusher, without changing foundation",basis,basis,assemblage,BLUSH,0
30211,Guerrilla starting to enrage king with insolence,cheek,cheek,assemblage,RANKS,0
58331,"Pleasure resort, unknown on a poster, very classy",xanadu,xanadu,assemblage,SWANKY,0
113368,Part of member's time wasted,thigh,thigh,assemblage,WASTED,0
6290,"Something to lay, given end of life, laid in anger",wreath,wreath,assemblage,LIFTER,0
11597,Oriental vessel is a mile in length,sampan,sampan,assemblage,JUNKER,0
11668,Eastern loch side,eleven,eleven,assemblage,EASTON,0
49320,Spread out hat that's turned over and put away,dilate,dilate,assemblage,HATRED,0
116934,"Insect on cacti circling round, right where it's very cold",antarctic,antarctic,assemblage,ANTARCTIC,1
106599,Is a crane needed for this theft?,shoplifting,shoplifting,assemblage,LARCENIST,0
63251,Artificial means of communicating a spiritual talent by Muse without name,esperanto,esperanto,assemblage,TELEPATHY,0
103551,Stiffener and preservative in court,starchamber,star chamber,assemblage,BONESETTER,0
117694,Part of army base is run down,revile,revile,assemblage,DOWNTROD,0
120819,"New start for magician, one who refuses to swear",nonjuror,nonjuror,assemblage,CLEANSLATE,0
75468,Direction providing no way without conflict,norward,norward,assemblage,DIRECTION,0
47644,Flair shown when skill is added to effort,artistry,artistry,assemblage,FLAIRING,0
101933,Someone very fond of a Cornish river trip?,fallover,fall over,assemblage,RIVER RUN,0
63991,Retaliation concerning April's odd tricks ultimately,reprisals,reprisals,assemblage,REPRISAL,0
19447,Early reading-desk found in back furrow with drum,tambour,tambour,assemblage,DESK,0
141430,Journalist stayed in Parisian stone flats,piedsaterre,pieds a terre,assemblage,STONE,0
14231,"Good person, a laugher showing resilience",stamina,stamina,assemblage,SAINTLY,0
28529,Merchant and traveller displays the spirit o' the game,marcopolo,marco polo,assemblage,GAME SPIRIT,0
91393,Wilder top of fallen flower,faster,faster,assemblage,WILDER,0
77642,Runs coming with one big hit more likely to get you caught out,riskier,riskier,assemblage,RUNS,0
81338,Unknown quantity as missile plant,yarrow,yarrow,assemblage,UNKNOWN,0
107676,Notify primate about capital abbot originally left,apprise,apprise,assemblage,NOTIFY,0
23803,Middle Eastern fuel qualifier when refined,iraqi,iraqi,assemblage,FUEL,0
37287,Look round for a way to throw a fight,castabout,cast about,assemblage,LOOK OUT,0
23507,Dump resident on old lady - shame,stigma,stigma,assemblage,DISGRACE,0
41593,Pamper commander's circle,cosset,cosset,assemblage,CIRCLE,0
112631,Run to earth with the lines set in place?,trackdown,track down,assemblage,HUNT DOWN,0
61266,Stock complaint from canonised cricket commentator?,staggers,staggers,assemblage,GROANING,0
6683,Rued looking up Miss Smith's recipe network,bewailed,bewailed,assemblage,RECIPE,0
113358,"Tale's beginning, in fact, in touching way",tactually,tactually,assemblage,AFFECTING,0
102600,"Showed determination when couldn't complete puzzle, then home",gotstuckin,got stuck in,assemblage,TRYING TO,0
6986,Story told to encourage when caught in this?,tailback,tailback,assemblage,CAUGHT UP,0
100975,"Court crime officer is after ""Cat"", once a champion driver",tigerwoods,tiger woods,assemblage,RACER CAT,0
117806,Clubs unknown - iron or wood?,cypress,cypress,assemblage,CLUBS,0
105069,Cannabis grown by extremely hirsute politician,hemp,hemp,assemblage,HASH,0
42004,Northern sister nursing young sow breaks perfumier's connection with mainland,channeltunnel,channel tunnel,assemblage,NORTHERN,0
131402,Snake-like creature's undiscerning malignant software,blindworm,blindworm,assemblage,WORMHOLE,0
84960,Time for virgin to return and break out,erupt,erupt,assemblage,TIME,0
120057,"Ignore wife in labour, longing to be back in Scottish islands",orkney,orkney,assemblage,ISLAND,0
118080,Not much distance between spectators at either end: Celtic goes down at the start of extra time,closeset,close set,assemblage,CLOSE,0
39147,Get company in to cork the bottle?,screwtop,screwtop,assemblage,CORKING,0
86869,Clinton was here (nothing wrong with former President),oxford,oxford,assemblage,CLINT,0
61834,Overturned vehicle on Cyprus with snout,baccy,baccy,assemblage,CYPRUS,0
137693,"Between back walls, stack and line up masonry",brickwork,brickwork,assemblage,BATTLEMENT,0
136217,Little fellow in conflict with car - this will provide comprehensive support,welfarestate,welfare state,assemblage,LITTLE GUY,0
44668,"One in three-D version: King Stephen, say",dethroner,dethroner,assemblage,DRESDEN,0
130331,US district and country trades duck for uranium,columbia,columbia,assemblage,DISTRICT,0
120495,Confiscate one thousand quid,impound,impound,assemblage,SEQUEST,0
111384,Justify clash and tirade,warrant,warrant,assemblage,RATION,0
27070,Star lacking core providing speed,celerity,celerity,assemblage,ASTRONOMY,0
76983,"Find someone to play the scoundrel, old singer",castrato,castrato,assemblage,FINDLAY,0
84378,Veronica is OK after drug use,speedwell,speedwell,assemblage,VERONICA,0
95823,School's back-up (reserve) computer,notebook,notebook,assemblage,BACKUP,0
96478,Detective story - read end!,astudyinscarlet,a study in scarlet,assemblage,THE END,0
95713,"A blast this, room shelled in sound of mild explosion",atishoo,atishoo,assemblage,EXPLOSION,0
30634,"Fix You, Coldplay's left on box",cure,cure,assemblage,COLD,0
103725,To enthral a malicious woman we held back,bewitch,bewitch,assemblage,ENTHRAL,0
62370,First to read new Little Miss Punk children's book,rumpelstiltskin,rumpelstiltskin,assemblage,LITTLE MISS PUNK,0
13770,"Backbone needed by Campbell, an amateur in the city",birmingham,birmingham,assemblage,CAMPBELL,0
74631,Boy in charge of sound …,sonic,sonic,assemblage,BOY,0
101972,"Hysteric, overstretched soprano heard as La Bohème?",screamingmeemie,screaming meemie,assemblage,HYSTERICAL OPERA,0
82784,Support for clergy in theatrical setting,backcloth,backcloth,assemblage,SUPPORT,0
88900,"A maiden over the top, about to be hugged - I must go after chubby boys",amoretti,amoretti,assemblage,MAIDEN,0
91338,Threaten one member's demise,impend,impend,assemblage,MENACE,0
90897,Movable feasts?,mealsonwheels,meals on wheels,assemblage,TABLE FOR,0
141456,Skin delicate originally on Queen Mother,derma,derma,assemblage,THIN,0
62409,Touch bird gently by design,pattern,pattern,assemblage,TOUCHE,0
8588,Ethiopian leader opening tournament,event,event,assemblage,HAILE,0
86197,Island where the pub doesn't charge?,innisfree,innisfree,assemblage,FREEHOUSE,0
72865,Roman general had a hold on father,agrippa,agrippa,assemblage,CAESAR,0
31754,It was hell before transport came,erebus,erebus,assemblage,DANTE,0
113406,Private correspondence means nothing to the landlord,loveletter,love letter,assemblage,RENT BOOK,0
100952,"Miss cheese, served up with wine about one",mademoiselle,mademoiselle,assemblage,MASCARPONE,0
100373,Indifference of company led by international organisation,unconcern,unconcern,assemblage,APATHY,0
95764,Change popular stimulant for analgesic,morphine,morphine,assemblage,PARACETAMOL,0
25625,Left words for bride and groom in Venice,lido,lido,assemblage,NUPT,0
138837,Race around holding letter finally found at back of study in a cupboard,credenza,credenza,assemblage,CABINET,0
33070,Support heavyweight sea creatures,plankton,plankton,assemblage,BACKING,0
123259,This is spinning plus a source of radiation,pulsar,pulsar,assemblage,RADIO,0
111833,Homer's first poncy hairdo can produce neurosis,hypochondria,hypochondria,assemblage,NEUROSES,0
50888,Tell king to cheer up,relate,relate,assemblage,KINGLE,0
40578,"Though English, it's Scottish",bute,bute,assemblage,KILT,0
21897,Executor's first to divulge what's left in the will,estate,estate,assemblage,RESIDUE,0
57481,"Hostile incursions into Greek island, say",inroads,inroads,assemblage,INCURSIONS,0
47216,Confused tot given guidance,addled,addled,assemblage,GUIDED,0
96723,Condition of lush sauces by Arab American,dipsomania,dipsomania,assemblage,CONDITION,0
37601,"Turns to go off at quarter to six, nine short",rotates,rotates,assemblage,TURNS,0
141571,"Initially so passive, I perk up as spring goes on",spirally,spirally,assemblage,SPRING,0
129300,Exploded with fury when there's commission to pay,brokerage,brokerage,assemblage,EXPLODED,0
11987,Nark gets clear before legal eagle starts,nettle,nettle,assemblage,NARK,0
122798,Bask with leader in tabloid articles,sunbathe,sunbathe,assemblage,BASKING,0
61738,Friendly address is cold without its first effect on the skin,oldchap,old chap,assemblage,COLD,0
97891,Drops put underground in the West Riding,dewsbury,dewsbury,assemblage,DROPS,0
1812,Body in vehicle trunk?,carcase,carcase,assemblage,CORPSE,0
82861,Meadow has first of primroses in spring,leap,leap,assemblage,MEAD,0
111658,Fix a business chap a drink,pinacolada,pina colada,assemblage,BAR CHAP,0
39400,If darling gets left out in dance that's unbecoming,infradig,infra dig,assemblage,OUT OF,0
134050,Boy to instruct officer over deceit? The dog!,bordercollie,border collie,assemblage,BULL TERRIER,0
90176,"Particle gives spy clue, perhaps",molecule,molecule,assemblage,MOLECULE,1
36826,"Walk, finding way to turn",stroll,stroll,assemblage,STROLL,1
131403,A bit of rubbish Les cast outside,snaffle,snaffle,assemblage,LITTER,0
50671,An artist takes in abandoned ships,armada,armada,assemblage,ARTIST,0
47412,"Design takes month, with gold",decor,decor,assemblage,MONTH,0
129750,"It was honourable, for Japanese double-decker was open-top?",bushido,bushido,assemblage,NOBLEST,0
135548,Entertainer who needed a get-out clause?,harryhoudini,harry houdini,assemblage,STAGE FRIGHT,0
84137,Votes about further education? About Desperate Dan!,referenda,referenda,assemblage,VOTERID,0
79774,Royal meeting leaderless immigrant finally changed his nationality,scottish,scottish,assemblage,NATIONAL,0
39340,Beam first on roof then,rafter,rafter,assemblage,BEAMED,0
121324,One studying most of ancient Britons observes publicans,licensees,licensees,assemblage,OBSERVANT,0
114240,"Fighting, setter gets dessert back out of the oven again",warmedup,warmed up,assemblage,FIGHTING,0
83571,"Live author, hard to follow like the Jabberwock slayer",beamish,beamish,assemblage,SLAYER,0
137299,Quarter aspiration after jet engine starts,jewish,jewish,assemblage,DESIRE,0
141527,Born to Run in tights? Journalist is very drunk,bladdered,bladdered,assemblage,BORN TO RUN,0
101487,Be charitable to soldier leading calf by hand,givealms,give alms,assemblage,HAND OUT,0
102997,Words initially put together in a piece of writing about friend,acronyms,acronyms,assemblage,COMPANION,0
59333,Bird needs heart with wings clipped,erne,erne,assemblage,TERN,0
88119,Real gunfire shot having taken turn here?,riflerange,rifle range,assemblage,GROUND ZERO,0
23126,Tea licence for Swiss Cottage,chalet,chalet,assemblage,TEA ROOM,0
138759,Accompanying date naked? Absent yourself!,withdraw,withdraw,assemblage,ACCOMPANY,0
52567,Church leader in Ireland not in favour of red,chianti,chianti,assemblage,CARDINAL,0
81064,Referee with his belt turning to cow?,whistleblower,whistle blower,assemblage,REFEREE BEEF,0
44881,"Welcome to Cleveland, darling!",redcarpet,red carpet,assemblage,HELLO DOLLY,0
109124,Guy on shed from town in Somerset,taunt,taunt,assemblage,BATH,0
130504,Gym users taking oxygen for energy are arguably a dispiriting lot,exorcisers,exorcisers,assemblage,MALAISE,0
28260,Lively son to be nosy,spry,spry,assemblage,EARS,0
96587,Corporation has pan for meat dish,potroast,pot roast,assemblage,POT ROAST,1
132607,Positive attitude in small company letters,cando,can do,assemblage,YES TO,0
52570,Vital energy versus wine,chianti,chianti,assemblage,VITALS,0
15439,"Out of curiosity, one's raised by English twins ordered on line",eyebrow,eyebrow,assemblage,INQUISITIVE,0
115272,"Joining the Globe, aim to be a writer",ballpoint,ballpoint,assemblage,GLOBE TROTTER,0
73328,Twin Cities captured by first-rate artist? That's capital,accra,accra,assemblage,STPAUL,0
88932,Person wobbling had to shilly-shally,humandha,hum and ha,assemblage,HAD TO,0
138987,Qualification from writing about movement in European arts,masters,masters,assemblage,CREDENTIAL,0
109011,"Party taking knock about European Union, following victory",raveup,rave up,assemblage,KNOCK ON,0
69663,Get Margaret off the line?,unpeg,unpeg,assemblage,MARGA,0
140682,Does rascal show on TV small round bottom?,impersonates,impersonates,assemblage,RASCAL SHOW,0
48178,"American guys, they deal with business",agents,agents,assemblage,AMERICAN,0
110745,"A lunatic, crazy about the sea",nautical,nautical,assemblage,LUNATIC,0
99495,French novelist working for Biblical judge,gideon,gideon,assemblage,NOVELIST,0
28811,Be in the first parts of contest - that's where it's at,battleground,battleground,assemblage,CONTEST,0
130260,Opportunity for murder? Nothing else to do,timetokill,time to kill,assemblage,MURDER,0
83348,Schedules mean items will be thrown overboard,timetables,timetables,assemblage,SCHEDULES,0
140132,Accounts by modern-style English lawmaker,isaacnewton,isaac newton,assemblage,ACCOUNTS,0
57145,Bar call demanding response,counterclaim,counter claim,assemblage,CALL TO ARMS,0
32849,Peak shortly after taking professional qualification,proviso,proviso,assemblage,PEAKED,0
9342,River swallowed up fine material,taffeta,taffeta,assemblage,SANDWICH,0
40261,Round the Cape and turn in late,overdue,overdue,assemblage,CAPE COD,0
136050,Was a disheartened Dave Cameron his work?,boccaccio,boccaccio,assemblage,DAVE CAMERON,0
76801,The crew went sick and died in misery,wretched,wretched,assemblage,CREWED,0
36563,West Country project in part of Scandinavia (not the south-west),eden,eden,assemblage,ISLE,0
118346,Tiny little advertisement Sky used five times,weekdays,weekdays,assemblage,LITTLE AD,0
91888,"Fan finds a fish, say, at island party",aficionado,aficionado,assemblage,ISLANDER,0
8497,Small island turning black,sable,sable,assemblage,ISLE,0
54793,One church's method of entertainment,iceshow,ice show,assemblage,THEATRE,0
33315,Emphatically he who could be Flemish...,himself,himself,assemblage,HECTOR,0
86983,Holy record found in European community - English message of a religious nature?,epilogue,epilogue,assemblage,SCRIPTURE,0
5326,Song with piece of lyric that uplifts and moves lots of people,airline,airline,assemblage,ANTHEM,0
3533,Provide two servings of dry wine in a jiffy,bisect,bisect,assemblage,DASHED,0
107453,Bruce's namesake's got one a plant,forsythia,forsythia,assemblage,CASSAVA,0
41317,Stumble on crude oil in Africa,tripoli,tripoli,assemblage,STUMBLE,0
91390,Superficial drawback to being frank about one's orientation,outward,outward,assemblage,OUTWARD,1
40437,Salt one had put on bird's tail,titanate,titanate,assemblage,SALTINE,0
16028,Made redundant by a cross editor,axed,axed,assemblage,EDIT,0
86042,"Made an obeisance - on the short side, perhaps",curtsied,curtsied,assemblage,BOWING,0
30147,Not allowed cheers? I don't like that!,taboo,taboo,assemblage,BANNED,0
66744,Expenditure on song that's no longer popular,outlay,outlay,assemblage,OUTLAY,1
60169,Free call-back in charge reversal by the crown,emancipate,emancipate,assemblage,CROWNED,0
90399,Applicant's hostile answer struck out in court,client,client,assemblage,DEFEND,0
114979,"Like an egg from duck, empty",ovoid,ovoid,assemblage,DUCKY,0
104059,Man met end making revision,amendment,amendment,assemblage,AMENDMENT,1
9065,Initially desirable residence for study of china,dresden,dresden,assemblage,DORMITORY,0
86853,Filth in America is up - it's past the time to be chirpy,stridulate,stridulate,assemblage,SLOPPINESS,0
62008,Last of the vintage in the shade,ecru,ecru,assemblage,VINE,0
64161,Blade's about to become increasingly promiscuous?,claymore,claymore,assemblage,SWORDSMAN,0
26779,A point made about old railway network needing to be up-to-date,abreast,abreast,assemblage,MODERN,0
11051,Any number going round in one's head,noggin,noggin,assemblage,NUMBER,0
105237,Get second chicken from this butcher,slayer,slayer,assemblage,BUTCHER,0
101734,I provide maintenance for previous winner that doesn't start,upholder,upholder,assemblage,MAINTAIN,0
42860,Record holder's go on board,turntable,turntable,assemblage,HOLDER,0
88110,Bird to stain vessel,martin,martin,assemblage,BIRDIE,0
99982,Publishing house introducing historian to journalists,clarendonpress,clarendon press,assemblage,PUBLISHING,0
76346,Heard lots about garrison town,aldershot,aldershot,assemblage,HEARDLOTS,0
23159,"Inn evidently fully booked? On the contrary, atmosphere charming",debonair,debonair,assemblage,INNOCENT,0
103918,"Latin scholar makes note on ship in italics, perhaps",classicist,classicist,assemblage,HUMANIST,0
84529,Potential risk one in France may take in winter,skirun,ski run,assemblage,ICE AGE,0
27021,Composure of bishop getting a puncture,balance,balance,assemblage,CALMNESS,0
132506,"Going like a rocket, when fitted with carbon tip",ascending,ascending,assemblage,SPEEDING,0
140755,High level of the gender problem,nthdegree,nth degree,assemblage,HIGH ART,0
99261,Position of mystic meeting transmuting energy into time,stance,stance,assemblage,MYSTIC,0
123215,Orchestra gets direction to its venue,halle,halle,assemblage,ORCHE,0
14086,"Kiss a number, coming back round after that",next,next,assemblage,KISS,0
56590,Calamitous reverses with no time for a smoke,cigar,cigar,assemblage,CIGAR,1
28312,Write music: a little number for the gallery,notate,notate,assemblage,SONATA,0
77729,"Plum wine, we hear, which flies off the shelves",bestseller,bestseller,assemblage,PLUM WINE,0
104907,"Revolutionary cardinal imprisoned at Queen's address, perhaps for leftwing ideology",marxism,marxism,assemblage,RED,0
85629,Famous person's family title,householdname,household name,assemblage,CELEBRITY,0
29935,Parliament has money for the wine,chambertin,chambertin,assemblage,PARLIAMENT,0
68411,"Porky? It is something cutting through little sister, say",sparerib,spare rib,assemblage,PORKY,0
127254,Sun has to be demeaning to women?,sexist,sexist,assemblage,SUN,0
57400,A number without the ability when rising to get on,entrain,entrain,assemblage,NUMBER,0
139064,Police team having wildly exciting time?,riotsquad,riot squad,assemblage,POLICE,0
8851,Worker first gets requests to be agreeable,pleasant,pleasant,assemblage,WORKER,0
60975,"Dance with hat out west, nothing more",bolero,bolero,assemblage,DANCE,0
79891,"In prayer, deified sun, gazing up a little",agnusdei,agnus dei,assemblage,SAY A PRAYER,0
57366,Temporarily dismiss person who's paid villain,prorogue,prorogue,assemblage,TEMPORARY,0
73757,"Guide rope finally put in place, ton secured",escort,escort,assemblage,ROPEWAY,0
79545,God's in love with Punch,carthorse,carthorse,assemblage,GODFATHER,0
55827,"Before victory, South led amazing trick",swindle,swindle,assemblage,SLEDGE,0
121004,Prize for sexagenarian finding spring in a kiss,buspass,bus pass,assemblage,OLD AGE,0
118935,Plate inserted in stomach to sense craving for food,gluttonous,gluttonous,assemblage,APPETITE,0
34957,Noble game in song reflected by precocious score,earlygoal,early goal,assemblage,NOBLE GAME,0
137428,Realign energy in turn with love across the channel,reorientate,reorientate,assemblage,REORGANIZE,0
127290,Garden tools bound to go after opening of spectacular retail outlet,shoeshop,shoe shop,assemblage,GARDEN SHOVEL,0
129362,Light source attached to heel of glass slipper?,sled,sled,assemblage,LAMP,0
48969,"Card trick involving ace, the same being turned over in advance",comedian,comedian,assemblage,CARTOMANCY,0
111973,Sporty types in pub or South Devon railway?,dartsteam,darts team,assemblage,RAILWAY PUB,0
70537,Fractured if ice grips building,edifice,edifice,assemblage,ICEBOUND,0
29054,Colour of Sherlock's study?,scarlet,scarlet,assemblage,BROWN,0
107762,Mature student good for English in two advertisements,postgrad,postgrad,assemblage,POSTGRAD,1
9749,Surrender the French way,leave,leave,assemblage,DONNE,0
131674,"Bad weather that's most cold, right?",icestorm,ice storm,assemblage,COLD RAIN,0
133019,Put a foot wrong doing right about turn,err,err,assemblage,ERR,1
116935,Propeller of jumbo jet?,elephantstrunk,elephants trunk,assemblage,JET ENGINE,0
135061,Moment when these birds became extinct,moas,moas,assemblage,DODO,0
48804,Language used for little entrance in Scotland,lingo,lingo,assemblage,GAELIC,0
67063,"Ultimately golf, not cricket, is a source of entertainment",funfair,funfair,assemblage,GOLFING,0
59820,Bank right to reject payment,reef,reef,assemblage,CASH,0
28659,State how Trump refers to race? Trouble follows,colorado,colorado,assemblage,RACISTLY,0
72634,"Somewhere in Germany, solid wood splits",cologne,cologne,assemblage,BIRCHES,0
47587,"Tropical vegetable, say, design in high performance car",eggplant,eggplant,assemblage,ZUCCHINI,0
62997,Old Peruvian potentate writing two articles about Utah's poor mountain climbing,atahualpa,atahualpa,assemblage,INCAEMPER,0
121636,Order to breeder coming round after time assumed,postulated,postulated,assemblage,DECREASING,0
96934,Great snake suffering 'eat loss - comprehend?,grasp,grasp,assemblage,EEL,0
66370,Knock over sketch and get let off,skittle,skittle,assemblage,DISMISS,0
107134,Policy covering aliens and some of their homes,planets,planets,assemblage,POLICY,0
812,Call to account for a weather report,arraign,arraign,assemblage,REPORT,0
96524,What Coleridge's wedding guest did with suspect bones,metatarsus,metatarsus,assemblage,GAMBOLLED,0
75099,Take courses in French and Armenian initially,eat,eat,assemblage,ART,0
136333,"Time to get mixed up letters, but not advanced puzzles",tangrams,tangrams,assemblage,MYSTERIES,0
11035,Nebraska upset over appeal result,ensue,ensue,assemblage,BASIS,0
68482,"Naughty child to lie when in trouble, being insolent",impolite,impolite,assemblage,IMPUDENT,0
48649,French setter keeping various echelons for hotelier Basil,johncleese,john cleese,assemblage,DEPART,0
135594,Esteem shown for those that are fit,healthyrespect,healthy respect,assemblage,REGARDING,0
112972,Boy raised hand entirely for his own indulgence,selfist,selfist,assemblage,BOYISH,0
46968,Three-minute warning before breakfast?,eggtimer,eggtimer,assemblage,OMNIBUS,0
32575,Instrument for a pound a point,althorn,althorn,assemblage,PENNY,0
110591,Churchman's rendering of waterway,decanal,decanal,assemblage,CLERGY,0
34632,"Bobby's unhappy, in need of courage",bluebottle,bluebottle,assemblage,COWARDLY,0
126227,Hairy man's sanctimonious daughter,hispid,hispid,assemblage,SINNER,0
65166,Smart attempt to encircle a city,chicago,chicago,assemblage,SMARTY,0
20423,Eleventh hour revival from the side,laterally,laterally,assemblage,RESURRECTION,0
4040,Origin of colourful designs? Just a tissue of lies,fairisle,fair isle,assemblage,TISSUE,0
89830,Bouquet for patient fellow's work on hooter,nosejob,nose job,assemblage,FLORAL,0
476,Day's impression sees pack down,datestamp,date stamp,assemblage,PACK DOWN,0
86528,Program gives computer company trouble initially,applet,applet,assemblage,TROUBLE,0
84333,Appropriate cut-out for a computer,laptop,laptop,assemblage,CUTOUT,0
28815,Long shot at pachyderm dropping insect in toto,telephoto,telephoto,assemblage,LONGSHOT,0
131987,"Put cover over well, like an old hand",capably,capably,assemblage,COVERED,0
43557,Make love at opening of door in cave,wookeyhole,wookey hole,assemblage,MAKE LOVE,0
74467,Even cleaner shows delicacy,rollmop,rollmop,assemblage,CLEANER,0
123825,Hoarder - gentleman collecting right and left,squirrel,squirrel,assemblage,HOARDER,0
14875,Fish raised temperature so correct,edit,edit,assemblage,FISH,0
100946,Rank play by forwards,lineout,line out,assemblage,PLAY,0
90828,Half-heartedly remedy smell in street,crescent,crescent,assemblage,CUREALL,0
35090,Gets in information about object of savings policy,nestegg,nest egg,assemblage,BANK ON,0
114649,Conclude the meeting of French and Italian leader,deduce,deduce,assemblage,FINISH,0
76753,Fail to qualify and get the bird,pipit,pipit,assemblage,FLYER,0
17708,"Girl from outer parts of London, we hear",ellen,ellen,assemblage,LASS,0
27170,Protect college from criticism,ensure,ensure,assemblage,SHIELD,0
129970,Frank lugs Elsie around,guileless,guileless,assemblage,SLEAZILY,0
35083,Cope with pub that's used by bikers,handlebar,handlebar,assemblage,CONTEND,0
126049,"With hot drinks, listen out for the largest fish",whaleshark,whale shark,assemblage,WHALE SONG,0
87390,Love a fair helping of bother?,adoration,adoration,assemblage,OVERLOAD,0
71965,Reportedly pedal president's buggy,pushchair,pushchair,assemblage,TRICYCLE,0
