Index,Clue,Solution,Spaced_Solution,gemma_predicted,llama_solved_answer
112931,Dames popular with sailors?,broads,broads,double definition,LADIES,0
39500,A weightwatchers' congress?,diet,diet,double definition,DIET,1
47168,"Very cutting, but inviting riposte",twoedged,two edged,double definition,RAP ID,0
25643,Academic sinecures?,easychairs,easy chairs,double definition,IVY LEAGUE,0
47761,It's suitable in public,exoteric,exoteric,double definition,DECENTLY,0
66596,Advertising in advance,promotion,promotion,double definition,PREVIEW,0
104275,No good at making pudding,duff,duff,double definition,BADU,0
124178,Mason's fermented juice?,perry,perry,double definition,ALESS,0
30402,One of the Stones appearing worn - affected by the drink?,pebble,pebble,double definition,ROLLS,0
53157,What Mrs Sprat might do with rabbit,chewthefat,chew the fat,double definition,EAT A TIN,0
36723,Carry on in the theatre,operate,operate,double definition,ACTING,0
26394,Temporarily relocate help,second,second,double definition,RELOC,0
51064,Coming to no conclusion,endless,endless,double definition,ENDLESS,1
2115,Bird of prey,raven,raven,double definition,EAGLE,0
112643,Found out such appliances are dangerous,unearthed,unearthed,double definition,DISCOVER,0
40199,Doubt one may be apprehended,suspect,suspect,double definition,SUSPECT,1
41758,Second in importance,moment,moment,double definition,NECKTO,0
137544,Grouped together with a retired joiner,banded,banded,double definition,UNITED,0
75815,Make an effective stab at providing a short survey,runthrough,run through,double definition,TRY AT,0
26973,"Subscribed to the ""Listener"" and the ""Pantheon"", say",rotunda,rotunda,double definition,READTO,0
87379,"A slippery customer, the winter sportsman!",skier,skier,double definition,ICERS,0
63736,Knock cap off sleeping policeman,hump,hump,double definition,SLEEP,0
27894,Reportedly waited around grave,staid,staid,double definition,MAUSO,0
47499,Put up rainwear in a swindle,scam,scam,double definition,DUPE,0
33300,"Write, for instance, ""to rise"" as your answer?",getup,get up,double definition,TO BE,0
134309,Holder and others sounded greatly impressed,slayed,slayed,double definition,AWEDLOT,0
51733,Where accidents are affecting the roses,blackspot,black spot,double definition,GARDEN,0
91152,"In tight spot, swear!",plight,plight,double definition,PINCHES,0
46199,Cooked potato with cold joint,chip,chip,double definition,MASHY,0
134666,"God's dog and ten animals I slam in a net, perhaps?",palindromes,palindromes,double definition,MESHUGGA,0
35372,Enormous scratch by the ear,great,great,double definition,MASSY,0
60290,Secure forward position,lock,lock,double definition,ABET,0
98299,It is difficult being so sensitive,ticklish,ticklish,double definition,TOOSENS,0
116464,"Having broken a personal record, though on the decline",pastonesbest,past ones best,double definition,ON THE WANE,0
6256,Scandal in the sluice,watergate,watergate,double definition,SKANDAL,0
45346,Relish an Indian addition to the meal,chutney,chutney,double definition,CHUTNEY,1
121944,Quoted poet sounds like Mary's garden,shelly,shelly,double definition,MARLOW,0
50807,A reward for the taking?,priceononeshead,price on ones head,double definition,A BIT OF FLAIR,0
134682,Cheers solvers are barred from getting,youshouldnthave,you shouldnt have,double definition,AND A HOLE,0
91690,Performance of capital detachment,execution,execution,double definition,SEPARATION,0
50572,Free husband,save,save,double definition,EXEM,0
38373,Small and delicate,slight,slight,double definition,DAINTY,0
29441,Calm North Yorkshire town,settle,settle,double definition,MALTON,0
34965,Jack's screwdriver?,propeller,propeller,double definition,LADLEBIT,0
3128,"Clifftop home creepy, we hear?",eyrie,eyrie,double definition,EYRIE,1
119926,Warning to speculators on gravy train ?,mindthegap,mind the gap,double definition,"GET ON, THE",0
98100,A marvellous idea taking off in dream,aspiration,aspiration,double definition,SUBCONSCIOUS,0
46325,It's cryptic woman's paper,tissue,tissue,double definition,TIMES,0
40368,Make new arrangements for the holiday place,resort,resort,double definition,RESORT,1
41398,Acts as executor - some teachers want to,beheads,beheads,double definition,WILLING,0
22648,The end of the New Testament,amen,amen,double definition,RENT,0
52288,Rubber reported by my sister in Paris?,masseur,masseur,double definition,ERASER,0
2591,A representative business,agency,agency,double definition,AGENCY,1
62314,Snakes top their opposites,adders,adders,double definition,ADDERS,1
51626,A hard thing to catch,nail,nail,double definition,COLD,0
93701,Where people go in for charms,entrances,entrances,double definition,JEWELRY,0
102896,Soul music?,spiritual,spiritual,double definition,PSALMS,0
30758,The keynote to good health?,tonic,tonic,double definition,TONIC,1
12774,Dragged to the altar?,towed,towed,double definition,RAVEL,0
87168,Confinement which sounds yellow?,custody,custody,double definition,CUSTODY,1
28479,A building in Slough,shed,shed,double definition,HUTS,0
129531,Emission - tax to the limit,exhaust,exhaust,double definition,EXHAUST,1
78366,Factory philosopher,mill,mill,double definition,MARX,0
117834,Order a course,sequence,sequence,double definition,COMMAND,0
46683,Where Horatio asked for the kiss of death?,trafalgar,trafalgar,double definition,ELSINORE,0
74952,Made up a number,composed,composed,double definition,FABRICATE,0
108257,Be punctilious having to get back for the fish,stickle,stickle,double definition,MINNOW,0
77048,Deliver a blackbird,bowl,bowl,double definition,TURT,0
78770,Uncalled for correspondence,deadletter,dead letter,double definition,UNSENT,0
1543,Community to pay workers overtime,settlement,settlement,double definition,COMPENSATE,0
112931,Dames popular with sailors?,broads,broads,double definition,LADIES,0
39500,A weightwatchers' congress?,diet,diet,double definition,DIET,1
47168,"Very cutting, but inviting riposte",twoedged,two edged,double definition,RAP ID,0
25643,Academic sinecures?,easychairs,easy chairs,double definition,IVY LEAGUE,0
47761,It's suitable in public,exoteric,exoteric,double definition,DECENTLY,0
66596,Advertising in advance,promotion,promotion,double definition,PREVIEW,0
104275,No good at making pudding,duff,duff,double definition,BADU,0
124178,Mason's fermented juice?,perry,perry,double definition,ALESS,0
30402,One of the Stones appearing worn - affected by the drink?,pebble,pebble,double definition,ROLLS,0
53157,What Mrs Sprat might do with rabbit,chewthefat,chew the fat,double definition,EAT A TIN,0
36723,Carry on in the theatre,operate,operate,double definition,ACTING,0
26394,Temporarily relocate help,second,second,double definition,RELOC,0
51064,Coming to no conclusion,endless,endless,double definition,ENDLESS,1
2115,Bird of prey,raven,raven,double definition,EAGLE,0
112643,Found out such appliances are dangerous,unearthed,unearthed,double definition,DISCOVER,0
40199,Doubt one may be apprehended,suspect,suspect,double definition,SUSPECT,1
41758,Second in importance,moment,moment,double definition,NECKTO,0
137544,Grouped together with a retired joiner,banded,banded,double definition,UNIONED,0
75815,Make an effective stab at providing a short survey,runthrough,run through,double definition,TRY AT,0
26973,"Subscribed to the ""Listener"" and the ""Pantheon"", say",rotunda,rotunda,double definition,READTO,0
87379,"A slippery customer, the winter sportsman!",skier,skier,double definition,ICERS,0
63736,Knock cap off sleeping policeman,hump,hump,double definition,SLEEP,0
27894,Reportedly waited around grave,staid,staid,double definition,WAITS,0
47499,Put up rainwear in a swindle,scam,scam,double definition,DUPE,0
33300,"Write, for instance, ""to rise"" as your answer?",getup,get up,double definition,TO BE,0
134309,Holder and others sounded greatly impressed,slayed,slayed,double definition,AWEDLOT,0
51733,Where accidents are affecting the roses,blackspot,black spot,double definition,GARDEN,0
91152,"In tight spot, swear!",plight,plight,double definition,PINCHES,0
46199,Cooked potato with cold joint,chip,chip,double definition,MASHY,0
134666,"God's dog and ten animals I slam in a net, perhaps?",palindromes,palindromes,double definition,DEITYTRAP,0
35372,Enormous scratch by the ear,great,great,double definition,MASSY,0
60290,Secure forward position,lock,lock,double definition,ABET,0
98299,It is difficult being so sensitive,ticklish,ticklish,double definition,TOOSENS,0
116464,"Having broken a personal record, though on the decline",pastonesbest,past ones best,double definition,ON THE WANE,0
6256,Scandal in the sluice,watergate,watergate,double definition,SKANDAL,0
45346,Relish an Indian addition to the meal,chutney,chutney,double definition,CHUTNEY,1
121944,Quoted poet sounds like Mary's garden,shelly,shelly,double definition,MARLOW,0
50807,A reward for the taking?,priceononeshead,price on ones head,double definition,A BIT OF FLAIR,0
134682,Cheers solvers are barred from getting,youshouldnthave,you shouldnt have,double definition,TA TA FOR NOW,0
91690,Performance of capital detachment,execution,execution,double definition,SEPARATION,0
50572,Free husband,save,save,double definition,EXES,0
38373,Small and delicate,slight,slight,double definition,DAINTY,0
29441,Calm North Yorkshire town,settle,settle,double definition,MALTON,0
34965,Jack's screwdriver?,propeller,propeller,double definition,LADLEBIT,0
3128,"Clifftop home creepy, we hear?",eyrie,eyrie,double definition,EYRIE,1
119926,Warning to speculators on gravy train ?,mindthegap,mind the gap,double definition,BEWARE THE,0
98100,A marvellous idea taking off in dream,aspiration,aspiration,double definition,ONEDREAM,0
46325,It's cryptic woman's paper,tissue,tissue,double definition,TIMES,0
40368,Make new arrangements for the holiday place,resort,resort,double definition,RESORT,1
41398,Acts as executor - some teachers want to,beheads,beheads,double definition,WILLING,0
22648,The end of the New Testament,amen,amen,double definition,EVES,0
52288,Rubber reported by my sister in Paris?,masseur,masseur,double definition,ERASER,0
2591,A representative business,agency,agency,double definition,AGENCY,1
62314,Snakes top their opposites,adders,adders,double definition,ADDERS,1
51626,A hard thing to catch,nail,nail,double definition,ELMS,0
93701,Where people go in for charms,entrances,entrances,double definition,NECKLACE,0
102896,Soul music?,spiritual,spiritual,double definition,PSALMODY,0
30758,The keynote to good health?,tonic,tonic,double definition,TONIC,1
12774,Dragged to the altar?,towed,towed,double definition,TRAIN,0
87168,Confinement which sounds yellow?,custody,custody,double definition,CUSTODY,1
28479,A building in Slough,shed,shed,double definition,HUTS,0
129531,Emission - tax to the limit,exhaust,exhaust,double definition,EXHAUST,1
78366,Factory philosopher,mill,mill,double definition,MARX,0
117834,Order a course,sequence,sequence,double definition,COMMAND,0
46683,Where Horatio asked for the kiss of death?,trafalgar,trafalgar,double definition,ELSINORE,0
74952,Made up a number,composed,composed,double definition,FABRICATE,0
108257,Be punctilious having to get back for the fish,stickle,stickle,double definition,MINNOW,0
77048,Deliver a blackbird,bowl,bowl,double definition,TURT,0
78770,Uncalled for correspondence,deadletter,dead letter,double definition,UNSENT,0
1543,Community to pay workers overtime,settlement,settlement,double definition,COMPENSATE,0
1478,Snick a boundary,edge,edge,double definition,EDGE,1
75508,"A day in dopey stupor, endlessly like t-h-i-s?",spacedout,spaced out,double definition,IN A DAZE,0
28758,"A stroke by a batsman going for a run, perhaps?",ondrive,on drive,double definition,ON RUN,0
98043,Occasion to eat a piece of cake,picnic,picnic,double definition,BIRTHD,0
77843,Sailors sought by TV producer,ratings,ratings,double definition,SAILORS,0
121029,Sydney's landmark before building works?,operahouse,opera house,double definition,OPERA HOUSE,1
102328,Not even a soldier,irregular,irregular,double definition,CIVILIANS,0
72759,"To be lying here, it's serious!",grave,grave,double definition,ICUER,0
32745,A-class grass,alfa,alfa,double definition,ELIT,0
44642,How ill was the reviewer?,critically,critically,double definition,CRITICALLY,1
88477,"To the bride', perhaps, in German (Browning)",toasting,toasting,double definition,MEINSCH,0
30462,It's supposed to prevent travellers' bags getting in a snarl-up,bfcycleclip,bfcycle clip,double definition,PORTERAGE,0
64648,Spare fire,letoff,let off,double definition,SPA FARE,0
32909,Be nippy? Not a lot!,dash,dash,double definition,BITE,0
53033,Said to be the story's end,tail,tail,double definition,TALE,0
14106,"Not wanted at the feast, best left in the cupboard",skeleton,skeleton,double definition,PARIAH,0
10926,Act as an agitator and get jail,stir,stir,double definition,STIR,1
104766,Spike has doll that is missing,barb,barb,double definition,BARB,1
6110,Close check,stop,stop,double definition,EYED,0
40179,Peculiar game,rummy,rummy,double definition,ODDLY,0
25486,Violinist's private room,bower,bower,double definition,STUDIO,0
34853,He designed a water container,adam,adam,double definition,ARNO,0
57863,Carry on in summary fashion,resume,resume,double definition,ABRIDG,0
96014,Sharp stone for the remaining persons,alltherest,all the rest,double definition,FLINT AND STEEL,0
50761,"Telephone bell starting off, but not so loud",lower,lower,double definition,TINKS,0
109072,Something dentist may have to do with lineage,extraction,extraction,double definition,FAMILYTREES,0
123726,Vegetable essence,marrow,marrow,double definition,FLAVOUR,0
93892,Solid grasp of company case?,firmgrip,firm grip,double definition,FIRM BOX,0
8968,What's got out of bed?,rose,rose,double definition,RISE,0
10829,Religious house is too much for this priest,abbe,abbe,double definition,EREM,0
114956,"Exciting book, ""The Musician's Aide""",pageturner,page turner,double definition,PAGE TURNER,1
33947,Law suit finally disposed of - for a figure,statue,statue,double definition,FIGURE,0
74212,"What maintenance staff should do at points, etc",checkrails,checkrails,double definition,CHECKPOINTS,0
103221,One seen in a hanging basket?,balloonist,balloonist,double definition,GARDENER,0
38183,Monster fish,troll,troll,double definition,PIRANHA,0
18838,Danger for sailors in popular music,rock,rock,double definition,RIFF,0
101788,West Indian play groups,steelbands,steel bands,double definition,STEEL BANDS,1
13695,Grim prospect for yachtsman trying to catch rival,stern,stern,double definition,SHARKS,0
27162,Books for more than one opera,libretti,libretti,double definition,LIBRETTI,1
82252,Bit of a gut for Goon (pronounced),caecum,caecum,double definition,BELLY,0
8270,Safe place to let out the clutch?,nest,nest,double definition,NEST,1
52928,Regulated state - alternative to Red Revolution?,order,order,double definition,WHITE,0
84492,Quarryman's key picked up,miner,miner,double definition,KEYED,0
131897,He takes obstacles in his stride,hurdler,hurdler,double definition,HURDLE,0
39535,Devil's tie?,deuce,deuce,double definition,KNOT,0
53980,Setting maybe at Watford Gap?,milieu,milieu,double definition,MOTOR,0
100802,Footwear hamper,clog,clog,double definition,SHOE,0
64869,"Tender, relatively speaking",sister,sister,double definition,SOFTER,0
66402,Governor that entertained PM once,north,north,double definition,REAGAN,0
17537,Run one of the film crowd,extra,extra,double definition,CREWS,0
123097,"It's unhealthily damp but not too confined, as they say",rheumy,rheumy,double definition,CLAMMY,0
11501,What Cupid bears audibly for lover,beau,beau,double definition,EROS,0
93618,Red-hot stuff,cayenne,cayenne,double definition,RADICAL,0
141286,Work units heard of in Holland,joules,joules,double definition,ERGONS,0
29573,The kind of Constable that's out of the ordinary,special,special,double definition,UNUSUAL,0
90612,Compellingly kind,obliging,obliging,double definition,IRRESIST,0
23967,It's probably not steam and possibly not electric,oldiron,old iron,double definition,GAS FI,0
60725,Traffic hazard could be sinister,bend,bend,double definition,CURB,0
63370,"A show-off, the bounder",prancer,prancer,double definition,EXHIBIT,0
63299,"Lacking respect, notwithstanding",regardless,regardless,double definition,REGARDLESS,1
16884,A lawless thief: I was once one myself,pirate,pirate,double definition,OUTLAW,0
116114,Sporting barrier that generates pots?,backstop,backstop,double definition,NETTING,0
23944,Sounds like place is an eyesore,sight,sight,double definition,EYES,0
85188,"An equal to Earl Peel, the last of the shire",count,count,double definition,PEERS,0
90916,Fly biting,sharp,sharp,double definition,STING,0
60138,The old starting signal falls without delay,atthedropofahat,at the drop of a hat,double definition,ON YOUR MARK,0
57018,Silence in jail!,shutup,shut up,double definition,IN AD,0
391,Food item for one's heart-throb,pulse,pulse,double definition,STEAK,0
79976,Post of interest,stake,stake,double definition,STAKE,1
107087,Lots of money given to fools,masses,masses,double definition,MONEY,0
122860,Issue not raised naturally,adoptee,adoptee,double definition,BREEDS,0
64292,Agree the score,tally,tally,double definition,SCORE,0
135159,The very thing I do?,oneandthesame,one and the same,double definition,THE REAL THING,0
49676,"Lancashire dish, one to produce a tricky problem",hotpotato,hot potato,double definition,HOT POT,0
72527,Where to find chaps undressed?,bath,bath,double definition,MENS,0
133193,"Thud may be heard, but not on a rug down there?",onomatopoeia,onomatopoeia,double definition,DOWNSTAIRS,0
101910,Cut grass?,awn,awn,double definition,MOW,0
32760,Letter delivered with a becoming conclusion,delta,delta,double definition,EPITH,0
119662,Marathon in which we are all dead?,longrun,long run,double definition,RAT RACE,0
65354,Charges for original film shots,rushes,rushes,double definition,FEESFOR,0
7095,Fellow of no practical use?,academic,academic,double definition,USELESS,0
23111,Very verily,really,really,double definition,TRULY,0
98393,"It's not cheap, making legal documents sound",ritz,ritz,double definition,DEAR,0
77941,You'll be lost without these,bearings,bearings,double definition,BEARINGS,1
42893,Young man inexperienced with a gun,colt,colt,double definition,GREEN,0
55756,Seize an egg collection,clutch,clutch,double definition,OVOLET,0
53018,Insure sign?,underwrite,underwrite,double definition,POLICIES,0
93905,Singular Anglo-Saxon orientation,attitude,attitude,double definition,NORTHMAN,0
42960,Sweet lumps on hat,gobstopper,gobstopper,double definition,ICINGSUGAR,0
138426,Who would bother a runner?,harrier,harrier,double definition,MARSHAL,0
95618,Yank involved in weightlifting,jerk,jerk,double definition,TONY,0
49096,"A favourite of ""Gardeners World""",cosmos,cosmos,double definition,PETUNA,0
87026,Lightweight worker in goods packing?,boxer,boxer,double definition,PACKS,0
28177,Disunity shown in the former Yugoslavia?,split,split,double definition,BALKS,0
113631,One is better out of it,sickness,sickness,double definition,TROUBLE,0
109664,One expecting to hear broadcast,heir,heir,double definition,EARO,0
106448,What may be spoilt by daisies and big rats?,supergrasses,supergrasses,double definition,LAWNCARE,0
98251,Supreme international body,missworld,miss world,double definition,UNITED NATIONS,0
81357,Maybe Franklin's backer switched poles,inventor,inventor,double definition,ELECTRIC,0
68792,It's what Barry and Gary do,rhyme,rhyme,double definition,SINGS,0
34802,Weapon held up by a corporal?,lance,lance,double definition,SPEAR,0
1441,Margin of error in general practice,leeway,leeway,double definition,MARGIN,0
62697,A drop of ice,icicle,icicle,double definition,ICICLE,1
77414,"Guns against water, not including storm",barrage,barrage,double definition,ARMADOS,0
52011,Where the less important fishes learn?,secondaryschool,secondary school,double definition,MINNOWS SCHOOL,0
50645,Tablet's coating causing harm in mouth,plaque,plaque,double definition,POISON,0
74150,Saul's blowers?,bellows,bellows,double definition,TRUMPETS,0
1522,Inferior articles that don't last long,seconds,seconds,double definition,SHODDY,0
56537,"Looking annoyed, wanting power trip",outing,outing,double definition,ASPIRE,0
46171,Weather required for electric fires,elements,elements,double definition,DRAUGHTS,0
97441,Flower one sees periodically,annual,annual,double definition,DAISY,0
46226,Old soldier taking flight,archer,archer,double definition,VETER,0
104891,Reminds one that it's time for church?,ringsabell,rings a bell,double definition,TELLS YOU,0
124062,"Shout and dance, say",bawl,bawl,double definition,YELL,0
31538,Not a mod chair,rocker,rocker,double definition,ROCKS,0
811,"Complain about a rule, we hear",arraign,arraign,double definition,GROUSE,0
134760,Put your foot down as a plantsman,heelin,heel in,double definition,TOE IN,0
16633,Cut a dash,drop,drop,double definition,SLAB,0
30630,Make better pickle,cure,cure,double definition,DILL,0
4204,A child of necessity is given to falsehood,invention,invention,double definition,PROGENY,0
103705,Sent money and relaxed,remitted,remitted,double definition,REMITTED,1
48333,Noel's tower of strength,reindeer,reindeer,double definition,NOELLES,0
2152,Accommodation with hot water in Yorkshire,house,house,double definition,TEAROS,0
38440,Kids drink it,goatsmilk,goatsmilk,double definition,MILKSHAKE,0
70138,Jumbo pilot?,mahout,mahout,double definition,MAHOUT,1
38080,Car benefiting driver leaving river behind,ford,ford,double definition,TAXI,0
119431,Savage as Dracula,bloodthirsty,bloodthirsty,double definition,VAMPIRIC,0
39556,State where the keys are,florida,florida,double definition,TENNESSE,0
11074,Inventor who dynamited half belongings?,nobel,nobel,double definition,NOBEL,1
2165,Key to the mess?,hash,hash,double definition,ALE,0
122163,An old joke?,jest,jest,double definition,YORE,0
110655,Historian's report of Cumbrian city,carlyle,carlyle,double definition,CARLIS,0
105488,Announced fruit's value,gauge,gauge,double definition,PRICES,0
28061,Empire-building queen and cabinet maker,premier,premier,double definition,VICTOR,0
53713,Sordid details,lowdown,lowdown,double definition,DIRTYLA,0
67636,"Like Old Marley, unproductive as a stud",deadasadoornail,dead as a doornail,double definition,"AS COLD, BARREN",0
31042,Dialect that comes from the mouth,estuary,estuary,double definition,LANCASH,0
44990,Related to one's origin in South Africa,natal,natal,double definition,AFRIKA,0
12330,Weed the bed,couch,couch,double definition,HOEING,0
89970,Turning points in making purchases,fulcra,fulcra,double definition,TILLS,0
28167,It might help a serious smoker,inhaler,inhaler,double definition,FILTER,0
5241,As curtains might be tied,drawn,drawn,double definition,KNOTS,0
101891,Folk hero's bonnet,hood,hood,double definition,ROBIN,0
36093,On a plank,aboard,aboard,double definition,ABOARD,1
125333,Window leaves producer on the coast,bay,bay,double definition,SEA,0
69641,A Merry Christmas is often likely,onthecards,on the cards,double definition,IS TO BE,0
22058,This fellow sounds serious,ernest,ernest,double definition,GRAVER,0
45412,After which one's in the majority,seventeen,seventeen,double definition,MAJORITY,0
43609,How Keats wrote upside down,inverse,inverse,double definition,INVERS,0
99012,"Was evasive, having received hot property",fenced,fenced,double definition,BEATEN,0
100911,Refuse to go through all the cases,decline,decline,double definition,DECLINE,1
135976,Measures the mast beams,yards,yards,double definition,METRE,0
110525,Imagines being ordered into uniform,calledup,called up,double definition,DREAM ON,0
54276,One doesn't want to do this at a bank,loseonesbalance,lose ones balance,double definition,MAKE A WITHDRAWAL,0
53280,Warming drink that takes some beating,eggnog,eggnog,double definition,HOTDOG,0
13073,The devil to come up to?,scratch,scratch,double definition,RISEABL,0
116380,Perhaps some of those at the company meeting don't have their own cases?,shareholders,shareholders,double definition,SHAREHOLDERS,1
134887,Principle of not striking?,pacifism,pacifism,double definition,NONSTRIKE,0
30481,"Replacing of ""ruth"" by ""quarter""",fourth,fourth,double definition,QUARTER,0
72186,"People being treated, say, with forbearance",patience,patience,double definition,PATIENTS,0
113647,Put in charge? Quite the opposite,unload,unload,double definition,DEMOTE,0
71680,Snobs? Rubbish!,cobblers,cobblers,double definition,TOFFS,0
51757,No longer greeting completely frozen rain,allhail,all hail,double definition,NO LONGER,0
131170,"Not precious stones, but possibly worn",pebbles,pebbles,double definition,PEBBLES,1
120800,"Source of milk shake, not quiet",udder,udder,double definition,NOISE,0
80163,"I'm la-di-da but, healthwise, not benign",affected,affected,double definition,MALADIA,0
30954,Get Tom's goat? That's the last thing one would do!,putoutthecat,put out the cat,double definition,GET ON SOMEONES GOAT,0
50002,Boating clothes in Durham?,riverwear,river wear,double definition,ROWING,0
2401,Donkey and another old one,noodle,noodle,double definition,BURROS,0
126028,Look for the men of Smithfield,butchers,butchers,double definition,BUTCHERS,1
31596,A sentence to be penned?,custodial,custodial,double definition,CONDEMNED,0
111160,Among atheists he is pink,leftofcentre,left of centre,double definition,IN THE RED,0
21493,Johnny's ready?,cash,cash,double definition,ONTO,0
10039,"Silence, please, for the game",whist,whist,double definition,SHUSH,0
40470,What's meant by the end of Salem’s Lot?,mass,mass,double definition,OTTO,0
115610,But they're not clerks of the course,turfaccountants,turf accountants,double definition,NOT RACING,0
20772,Passage from a booklet,extract,extract,double definition,EXCERPT,0
113164,Not having been given a good enough hiding?,visible,visible,double definition,UNBEAT,0
14663,Pleasant resort,nice,nice,double definition,IDYL,0
20133,Fireside bower,nero,nero,double definition,IGLO,0
498,"Easily portable lamp, for example",light,light,double definition,LAMPS,0
86656,"Did the ""lumpen proletariat"" show signs of this plague?",bubonic,bubonic,double definition,PESTILE,0
59793,The legend of Arachne? That's a tall story!,myfoot,my foot,double definition,YARN,0
42247,Dined in college by the sound of it,eaten,eaten,double definition,HALLS,0
107011,Take whatever's offered - it could make you party on!,anyportinastorm,any port in a storm,double definition,ANY OLD PARTY,0
81643,Will settlement,determination,determination,double definition,LASTWILLANDTESTAMENT,0
65154,Find flesh by the ear,meet,meet,double definition,MEAT,0
21774,Number to facilitate and inspire truce,ceasefire,cease fire,double definition,PEACE PIPE,0
101447,Trousers designed for passing water,drainpipes,drainpipes,double definition,WETTINGPANTS,0
16765,First half of the big game,rhino,rhino,double definition,HALFTS,0
131583,Men found underground cathedrals? No way!,miners,miners,double definition,MINERS,1
963,Stop rowing on the street,easy,easy,double definition,CESE,0
141248,Order repeatedly issued by them for audio equipment?,speakers,speakers,double definition,SPEAKERS,1
67401,Brunel seen as a diplomatic type?,bridgebuilder,bridge builder,double definition,BRUNEL IS,0
9887,The French index is not right,left,left,double definition,TABLE,0
40864,Holds one's own ceremonial robes,copes,copes,double definition,KEEPS,0
98851,Went without saying,absconded,absconded,double definition,UNSPOKEN,0
72712,More fiction ...,utopia,utopia,double definition,FABLED,0
86297,What a traveller pays for a meal in a dining car?,trainfare,train fare,double definition,MEAL TICKET,0
41082,It could result in deflation being on the way,puncture,puncture,double definition,PUNCTURE,1
35323,Unusual police function,arresting,arresting,double definition,BEAT DUTY,0
27707,Business statement,profession,profession,double definition,LEDGERS,0
136100,Capital invested in model planes,mosquitos,mosquitos,double definition,AIRBASES,0
95332,First class house room?,reception,reception,double definition,MANSIONS,0
71001,"Out of danger, sailing past Holland",offthehook,off the hook,double definition,SEA SAFE,0
18446,Howler monkey shaking head,error,error,double definition,LEMUR,0
24840,Said to be family,related,related,double definition,RELATED,1
94167,Green alcoholic drink,lush,lush,double definition,TEAS,0
69176,The bill offenders may have to face in court,beak,beak,double definition,FINE,0
57871,Get back to CV,resume,resume,double definition,RESUME,1
118978,Resolve to have some exercise,workout,work out,double definition,ME TO,0
2201,Able to pay for a form of abuse,solvent,solvent,double definition,SOLVENT,1
7689,Twist a bit off the tree,olive,olive,double definition,BRANCH,0
62980,Host got up for this,elevation,elevation,double definition,BANQUET,0
47966,Forget how to take charge,overlook,overlook,double definition,FORGETS,0
90368,What they are is difficult to say,tonguetwisters,tongue twisters,double definition,HARD TO SAY,0
53040,"Was not all there, as Greeks claim?",lostonesmarbles,lost ones marbles,double definition,NOT ALL THERE,0
104299,Start court proceedings,serve,serve,double definition,SUE IT,0
119086,"No tricks, that's a promise",misere,misere,double definition,NOVICE,0
65514,"Drop suddenly, missing the first thrust",lunge,lunge,double definition,FALLS,0
18967,It's used to catch small river fish,reel,reel,double definition,NETS,0
102988,Lots of entrances for Father Christmas,stacks,stacks,double definition,CHIMNE,0
98889,Bristol sounds like a French port,breast,breast,double definition,HAVENS,0
53960,Temper heard by the side of the road,kerb,kerb,double definition,ROAR,0
29718,"Funeral lament in cathedral, for example",elegy,elegy,double definition,DIRGE,0
76468,Means of raising a flag,jack,jack,double definition,ROPE,0
59792,I can't believe it when my bottom shows!,myfoot,my foot,double definition,INCREDULITY,0
30031,Mother of Paris seen in lake,mere,mere,double definition,NERE,0
66442,"Justly won as Ashes eventually were, it's said",earned,earned,double definition,FAIRLY,0
21343,Fruit from this on hand,palm,palm,double definition,LIME,0
14409,"Sell out, as it might?",shop,shop,double definition,BETS,0
46550,Champion releases arrow ending just outside the bull,inner,inner,double definition,HEROS,0
129441,Welcome cry up North,greet,greet,double definition,HIYAS,0
3491,Ocean's water departed on a rising tide?,deep,deep,double definition,SEAS,0
140362,Such as would suit you down to the ground? Only half,kneelength,knee length,double definition,SHOES,0
73772,Third power block,cube,cube,double definition,CUBE,1
30418,Laws that can only be broken by an expert,code,code,double definition,AXES,0
3787,Scottish battlefield's rumoured to have a ghost,wraith,wraith,double definition,CULLO,0
81095,One-time premier rank,major,major,double definition,PRIME,0
26701,Improvement of action due to training,education,education,double definition,SKILLING,0
74669,Criticise achievement at cards,slam,slam,double definition,SLAM,1
135519,Crafts based on fundamental duplicity,catamarans,catamarans,double definition,DOUBLECROSS,0
91960,A natural aptitude is present,gift,gift,double definition,FLAIR,0
34502,Tree providing shade,lilac,lilac,double definition,ELMS,0
64112,Piece of music unsuitable as voluntary?,obbligato,obbligato,double definition,COMPULSORY,0
60435,This provides the main prospect,porthole,porthole,double definition,PANDEMON,0
89212,Fitted with a groove,slotted,slotted,double definition,GROOVED,0
134748,"Sun etc in before this, brightness ends",popularpress,popular press,double definition,STARS IN,0
46146,Improve one's bust line?,uplift,uplift,double definition,ENLACE,0
34903,It's designed for handicapped drivers to do the rounds,golfcourse,golf course,double definition,HAND CAR,0
48413,They meet in the centre of the ring,radii,radii,double definition,REFES,0
102106,Shy soldier getting worn out,retiring,retiring,double definition,BASHFUL,0
19581,Bob put forward an idea,float,float,double definition,POSER,0
125738,Flying in Hackney's hair-raising?,airlifting,airlifting,double definition,HANGGLIDER,0
109949,Short dominatrix may have done this,strappedforcash,strapped for cash,double definition,WHIP LASHED,0
100397,"Power outage, possible source of conflict",generationgap,generation gap,double definition,BATTLE LINES,0
109944,Standard performance,routine,routine,double definition,PARFORM,0
108474,Help one gets in this day and age,aid,aid,double definition,AID,1
135441,"Diamond, did you say? Prepare to propose!",kneel,kneel,double definition,RING,0
100039,Rubbish food with chips?,cod,cod,double definition,MRE,0
44359,Colour to leave alone,maroon,maroon,double definition,IGNORE,0
35803,Scandalous conclusion to entry,gate,gate,double definition,ENDS,0
82220,Data in notebook,facts,facts,double definition,NOTES,0
131749,Big business street must be this for Scot,holdingcompany,holding company,double definition,WALL STREET,0
117593,Somewhat equally? Exactly,fiftyfifty,fifty fifty,double definition,MORE OR,0
61034,It can be hell for criminals,underworld,underworld,double definition,PRISONER,0
14044,"In that case, flights won't be covered",quiver,quiver,double definition,OPENLY,0
28490,Crossword setter dropped,shed,shed,double definition,EROS,0
10888,Awful person with no end of affectation?,poser,poser,double definition,BRAT,0
31590,Biting trill is heard,mordant,mordant,double definition,RASPING,0
76484,Old coins providing conversation,exchange,exchange,double definition,CHATTELS,0
54831,Answer to be found in chemistry lab,retort,retort,double definition,EQUIPT,0
36216,Paul's respect,revere,revere,double definition,ESTEEM,0
108705,Attribute of one flying fortress,fastness,fastness,double definition,AIRWORTH,0
108890,"Of course, it's sweet",pudding,pudding,double definition,NATURALLY,0
109861,"Getting forks out to skewer books, those unpleasantly dry?",splitends,split ends,double definition,DRY BOOK,0
20596,"Tap: tell me, what do you do if it's stuck?",faucet,faucet,double definition,TURNON,0
90357,Theatre of war?,operationsroom,operations room,double definition,OPERAHOUSE,0
5879,Percussionist circles,ringo,ringo,double definition,DRUMS,0
43700,"Sailing vessel, clipper",cutter,cutter,double definition,CUTTER,1
110102,Employment in which workers were paid to unpick seams,coalmining,coalmining,double definition,UNRAVELLER,0
69067,Go away to get in with no contest,shoo,shoo,double definition,LEAV,0
31387,Watch over instructions,remit,remit,double definition,EYESA,0
10303,Firm plan,intent,intent,double definition,INTENTS,0
24800,Extend towards heaven as breakdown vehicle?,tower,tower,double definition,PRAYS,0
12325,Does this imply sharecropping?,allotment,allotment,double definition,TENANCY,0
112667,"For a start, it's essential",ignitionkey,ignition key,double definition,INITIALLY,0
112589,"Office workers sign in invisible ink, perhaps?",secretaries,secretaries,double definition,CLERICAL,0
71498,Ceremony appropriate for audience,rite,rite,double definition,RITE,1
133920,Ban on the very people who frequent this dating venue?,singlesbar,singles bar,double definition,BAR NONE,0
40889,Revolting individual given a step up,riser,riser,double definition,ROTTER,0
71902,Successfully managed a kidnapping?,carriedoff,carried off,double definition,COPED WITH,0
134440,Female character of enduring quality?,manofiron,man of iron,double definition,SHE IS,0
112379,He leads speakers on march: an order goes out,anchorman,anchorman,double definition,CHAIRMAN,0
135713,It's plain stupid for a mountaineer,alpinist,alpinist,double definition,PLATEAU,0
9975,One falling for acrobat,tumbler,tumbler,double definition,TUMBLER,1
141237,Most elevated dizzy heights,highest,highest,double definition,ALTITUDES,0
59898,Score runs in a series,arrange,arrange,double definition,BATSMEN,0
90451,Big shock absorber,bumper,bumper,double definition,SPRINGS,0
65301,Misfortune that TV repairman may bring?,setback,setback,double definition,BADLUCK,0
16047,Refuse stopping short old king,offa,offa,double definition,DENY,0
82695,Where to find film not for public viewing,incamera,in camera,double definition,AT HOME,0
137827,No head on Nick's mop,wipe,wipe,double definition,NICK,0
91370,"Slab, board, list? It ends in a square",threetimestable,three times table,double definition,BLACK BOARD,0
117060,Lexicographer wearing underpants?,johnson,johnson,double definition,DICTION,0
14238,Sketch of partial rail strike?,outline,outline,double definition,DRAWING,0
90206,Percher from the nuthatch family by the sound of it,sitter,sitter,double definition,NUTTER,0
43203,British capital,sterling,sterling,double definition,LONDON,0
10324,Not the best way to beat an opponent,worst,worst,double definition,CHEAT,0
137314,"Money problems, no capital",roubles,roubles,double definition,FINANCE,0
50501,Remedy may be to change gear,redress,redress,double definition,CUREALL,0
74443,Topless in bed - so what might be on?,pyjamatrousers,pyjama trousers,double definition,TOP SHEET,0
18777,Strap may follow report of some difference,thong,thong,double definition,BELTS,0
43277,Discussion at board level,tabletalk,table talk,double definition,MEETING,0
74818,Lizards that may be using a double disguise,iguanas,iguanas,double definition,GECKOS,0
103790,Hal stopped with him,ted,ted,double definition,ELI,0
46126,Strap that goes on a bit,rein,rein,double definition,BIT,0
141025,One unable to make a killing getting fired?,blankcartridge,blank cartridge,double definition,POOR LOSER,0
49208,One disparaged for working for a crust?,scab,scab,double definition,LOAF,0
13506,Bear accepting stakes,tote,tote,double definition,WAGER,0
20441,Heater once used by people approaching retirement,bedwarmer,bedwarmer,double definition,RADIATOR,0
133384,Stressed but having fewer wrinkles than you should?,underlined,underlined,double definition,UNDERSTRESSED,0
92737,Becomes engaged in predicaments,plights,plights,double definition,ENTANGLED,0
124619,Psychiatrists? They're all savages,headshrinkers,headshrinkers,double definition,HEADSHRINKERS,1
53843,Type of green,emerald,emerald,double definition,EMERALD,1
76662,"Bob Marley, for example, could be a star",rasta,rasta,double definition,REGGAE,0
104740,"Order, mostly seen in this clue",comma,comma,double definition,SORTA,0
133352,Butterfly to emulate uroboros?,swallowtail,swallowtail,double definition,MONARCHBUTTERFLY,0
92822,What are you doing here?,crossword,crossword,double definition,INTERLOPER,0
35910,Wonderful boss,super,super,double definition,SUPERB,0
50041,"""Bullets""",ammo,ammo,double definition,AMMO,1
126552,Dried fruit shapes,prunes,prunes,double definition,RAISIN,0
125526,You'd feel better without them!,gloves,gloves,double definition,FEVERS,0
76641,Way to get through Fathers and Sons,pass,pass,double definition,READ,0
69559,Once a public transport industry,diligence,diligence,double definition,BUSINESS,0
89861,Small town dropout,dorp,dorp,double definition,OTTER,0
988,French master responsible for courses,chef,chef,double definition,ESSE,0
58426,Such tolerance may be a matter of degree,latitude,latitude,double definition,LATITUDE,1
25638,It may be put on disc,identity,identity,double definition,RECORD,0
105529,"Come on, tell me what to do with unpalatable food!",spititout,spit it out,double definition,EAT IT,0
3287,"It's OK, there's no one left",allright,all right,double definition,ITS OK,0
13896,They have small parts in a big picture,insets,insets,double definition,EXTRAS,0
132352,Youngsters bound to get along with them,pogosticks,pogo sticks,double definition,TEEN IDOLS,0
120088,Wicked woman caught using traps,witch,witch,double definition,HAGGA,0
60856,Thatcher's a nonentity,society,society,double definition,MAGGOT,0
27953,African leader is number one in France,moi,moi,double definition,IBO,0
64672,Triumvirate running the tundra?,troika,troika,double definition,TRIOLE,0
53302,"Where stout, diet?",local,local,double definition,BEERS,0
18125,Underactive German worker is no longer needed,redundant,redundant,double definition,UNDEREMPLOYED,0
42363,Answer to this clue should be clearly stated,putacross,put across,double definition,THE ANSWER,0
91692,Performance killing act,execution,execution,double definition,CURTAIN,0
76471,Flag lifting device,jack,jack,double definition,HOIST,0
78383,Another setback as the result of stiff breeze?,freshblow,fresh blow,double definition,STEP BACK,0
40987,Stone provides a barrier,agate,agate,double definition,ROCKS,0
5824,Get up in a lift,raise,raise,double definition,RISES,0
19265,Not carrying anything one shouldn't? Absolutely!,clean,clean,double definition,CLEAN,1
19108,Submit a return,yield,yield,double definition,ENTER,0
99538,"Prune - or another fruit, we hear",pare,pare,double definition,PEAR,0
4159,Bird (not strong) found on Scottish island,inch,inch,double definition,IBIS,0
37775,In theory he wants the best,idealist,idealist,double definition,IDEALIST,1
82222,On which to stick the sick brick,stretcher,stretcher,double definition,PLASTER,0
77887,State in Midwest,maine,maine,double definition,OHIO,0
115110,Finger the back of a book,index,index,double definition,INDEX,1
108316,He removes his customers,taxidriver,taxi driver,double definition,BARBER,0
26733,"Senior slip, perhaps, dropping two",elder,elder,double definition,ELDER,1
31641,Made to smile by a thought?,amused,amused,double definition,AMUSED,1
41438,Baptismal name(s) given to an invader,norman,norman,double definition,NOMAD,0
119320,Numbers among European aristocracy,counts,counts,double definition,TITLES,0
98356,Army command prepare for war,orderarms,order arms,double definition,MARCH,0
111565,Critical point of eating a biscuit,crunch,crunch,double definition,CRISIS,0
133055,Fisherman who does will be more pleased than the boatman,catchesacrab,catches a crab,double definition,NET GAIN,0
129846,"Openings to dressers, offices or rooms, say",doors,doors,double definition,DOORS,1
26988,"No point, darling",love,love,double definition,NILS,0
4157,Little distance from island,inch,inch,double definition,ALEE,0
76036,Mail steamer,packet,packet,double definition,LINER,0
86099,Drinking song?,round,round,double definition,TOAST,0
2888,Indicator of some aggravation,needle,needle,double definition,IRATER,0
62988,Architect's plan for advancement,elevation,elevation,double definition,BLUEPRINT,0
32660,Dance? Did I step on your foot?,excuseme,excuse me,double definition,TAP TOE,0
127431,Are they responsible for many bad things?,devils,devils,double definition,DEVILS,1
12859,Share in concern,interest,interest,double definition,CARETAK,0
111817,"Lady's disease, lacking exercise",hers,hers,double definition,EDMA,0
82626,Hot spot in Sheffield for those needing a break,crucible,crucible,double definition,TEAROOM,0
4193,Book is in stock,reserve,reserve,double definition,ONHAND,0
20361,Even scores -- could it straighten out oneês hang-ups?,levelpegging,level pegging,double definition,LEVEL HEAD,0
72647,Gem?,twin,twin,double definition,OPAL,0
44224,Show picture of riddle,screen,screen,double definition,ENIGMA,0
41402,"Once it's used, part remains",section,section,double definition,REMAINS,0
141252,"Clarets, perhaps, or their Premiership rivals?",reds,reds,double definition,REDS,1
6077,Footholds in the financial world,stocks,stocks,double definition,STEPS,0
111748,One whose existence depends on dripping,stalactite,stalactite,double definition,ICICLE,0
110105,Oil producers under pressure have hearts of stone,olives,olives,double definition,OLIVES,1
44920,Sneeze said to be in dispute?,atissue,at issue,double definition,AT IT,0
64526,"To get cheaper travel, he avoids paying",flybynight,fly by night,double definition,HE HITCHES,0
95200,The greatest length spanned by trunk road,ali,ali,double definition,MILE,0
23310,Old address of Turkish civil service,effendi,effendi,double definition,SUBNET,0
141627,"The Boys in Blue, or Blur?",fuzz,fuzz,double definition,COPS,0
125676,Appeared to be soundly joined,seemed,seemed,double definition,ASEAM,0
109288,Cultural inheritance of egotist's refrain?,meme,meme,double definition,GENE,0
78170,"Given time, perhaps, on Judgement Day",sentenced,sentenced,double definition,DOOMSDAY,0
56213,How this word goes in,downwards,downwards,double definition,INSERTED,0
6135,"Blunder, if this worn in summer?",muff,muff,double definition,ERRS,0
134857,Jumps on fools,mugs,mugs,double definition,RIDES,0
886,"Being this, he is leaving the land",testate,testate,double definition,EMIGRANT,0
41693,Cats in the pound?,ounces,ounces,double definition,FELINE,0
15666,"He hits you, you're smitten!",eros,eros,double definition,SUER,0
6093,Stops goals,ends,ends,double definition,BARS,0
33636,Reason traditionally lost at Oxford,cause,cause,double definition,SENSE,0
71765,Belts from old clothes,clouts,clouts,double definition,STRAPS,0
59149,Give a signal and slow down,flag,flag,double definition,HALT,0
104855,"Squandered University award, we hear",blew,blew,double definition,URSA,0
32618,Picture not painted by Landseer?,seascape,seascape,double definition,LANDSCAPE,0
27647,"Showed respect for an old lady, but insulted a young one",stoodup,stood up,double definition,GRANNY,0
116881,Generous party member …,liberal,liberal,double definition,LIBERAL,1
129417,Natural dwarfishness?,undergrowth,undergrowth,double definition,NATURALIS,0
91722,Crew said it's likely to be passed at Chiswick,eyot,eyot,double definition,BYEA,0
809,Charge call to account,arraign,arraign,double definition,DEBIT,0
105691,Part of town public steers clear of,outskirts,outskirts,double definition,SUBURBS,0
8931,Cliché of a hi-fi buff,stereotype,stereotype,double definition,STEREOTYPE,1
44673,Programming language that's good at compression?,python,python,double definition,LISPED,0
46248,Female subject of an old song cycle,daisy,daisy,double definition,LIEDS,0
99632,Please let's have a non-CFC deodorant!,rollon,roll on,double definition,SPAY,0
128691,Again ask for employment to gain work,reapply,reapply,double definition,REAPPLY,1
6084,Suspends only half of one's objectives,ends,ends,double definition,AIMS,0
48140,"Disreputable, extremely short, wasn't standing up straight",louche,louche,double definition,SEAMY,0
41487,Use the office keys?,type,type,double definition,TYPE,1
47654,To drill can be tedious,boring,boring,double definition,BORES,0
81411,Wine to show a bit of leg,hock,hock,double definition,PORT,0
92516,Pass on:,colon,colon,double definition,RELAY,0
15272,"In the main, this calf is dangerous",iceberg,iceberg,double definition,VEALIS,0
44251,"Bumpy, therefore odd?",uneven,uneven,double definition,ROUGH,0
88280,Getting to the end of this exhausts one's patience,tether,tether,double definition,LENGTH,0
115632,Uncommon feature of British society,royalty,royalty,double definition,TITLEDE,0
131794,Coolers designed to hold a small criminal?,minibars,minibars,double definition,ICEBUCK,0
29972,Big name appears nightly,star,star,double definition,STAR,1
73611,Matched and dispatched?,mated,mated,double definition,PAIRED,0
80766,He'll tak ye tae the quarry,gillie,gillie,double definition,STONER,0
60056,"A match for ""Thus Spake Zoroaster""",avesta,avesta,double definition,ZENITH,0
84729,Demolish Humpty-Dumpty's so convincing argument,knockdown,knock down,double definition,EGGS ON,0
13542,Whip used to enforce this community service?,partyline,party line,double definition,CORPS,0
31134,Land on one's head?,panama,panama,double definition,COUNTRY,0
35792,Target someone who is relatively friendly?,auntsally,aunt sally,double definition,AIM AT,0
10330,"Paradoxically, it could be best!",worst,worst,double definition,WORST,1
12387,"Bound by discretion, one is silent",tacit,tacit,double definition,TACIT,1
9758,They're used to create curls and waves,rollers,rollers,double definition,TONGS,0
64733,"Lacking inspiration, he goes for a walk",pedestrian,pedestrian,double definition,UNINSPIRED,0
508,Stage directors in groups,boards,boards,double definition,PRODUCERS,0
4537,"Fuzzy, not very fit",ague,ague,double definition,FLAB,0
21741,"Male/female, evenly distributed",evelyn,evelyn,double definition,ANDROGYN,0
68296,Take encouragement in comfort,cheerup,cheer up,double definition,TAKE IT,0
137739,Lock worker's increase in scale,friseur,friseur,double definition,HAIRPIN,0
83739,Legislation that went against the grain,cornlaws,corn laws,double definition,ACTS OF,0
27101,Pretty short message,twee,twee,double definition,EPIC,0
14967,Oxford banker,isis,isis,double definition,ISAA,0
133402,Set one's sights higher and improve,lookup,look up,double definition,UP TO,0
57233,Communicating off the field,intouch,in touch,double definition,ON AIR,0
110247,Not much to drink (much less than a full finger in fact),thimbleful,thimbleful,double definition,SMALLBEER,0
17936,Re-used cover of previous issue?,handmedown,hand me down,double definition,RE RUN COVER,0
5317,"Carriage axle bush, for instance",bearing,bearing,double definition,BEARING,1
125627,Alpine flower,glacier,glacier,double definition,EDELWEISS,0
87658,Painter appeared first - this followed!,camera,camera,double definition,ARTIST,0
5991,Dog without lead finding some balls,over,over,double definition,TENN,0
119570,Boatman's a little troubled in the head,salt,salt,double definition,COXP,0
127217,Fruits singularly not given by uncaring types,figs,figs,double definition,PEAS,0
102111,What gets to stick when one's terribly hot in it?,clothing,clothing,double definition,SWEATY,0
13732,Golfing connections,links,links,double definition,TEES,0
85032,Annexe's relieved state?,extension,extension,double definition,EXTENSION,1
12436,Nervous performing at the Fringe?,onedge,on edge,double definition,ON EDGE,1
18488,Literary props,bookends,book ends,double definition,BOOK ENDS,1
19315,Flight departure,retreat,retreat,double definition,TAKEOFF,0
19277,"Change sides, which is a bad thing",defect,defect,double definition,DEFECT,1
115311,"Divorced, eh? Good news for one in for the long term",freepardon,free pardon,double definition,ON THE UP,0
74020,Age span,period,period,double definition,TEENAGE,0
78925,Naturally good leg-spinners,spiders,spiders,double definition,NATURES,0
575,Fixed quantity in firm,constant,constant,double definition,STAFFER,0
94721,Ruth left Bedlam,babel,babel,double definition,RUINS,0
29337,Ventilation for the gallery,louvre,louvre,double definition,AIRING,0
98413,Black rhyme for Greene's coloured boy,inky,inky,double definition,EBON,0
35599,Bird with no head for danger?,ostrich,ostrich,double definition,OSTRICH,1
2518,Longs for young ladies,misses,misses,double definition,YEARNS,0
133690,What Newgate is for Dickens,oldnick,old nick,double definition,PRISON,0
7962,Where reels of film may be seen - or heard,cannes,cannes,double definition,CINEMA,0
137560,Line clippers?,clothespegs,clothes pegs,double definition,HAIRDRESSERS,0
118779,Have a go at bird,snipe,snipe,double definition,EMUPT,0
52450,Late train?,cortege,cortege,double definition,FUNERAL,0
56767,Training vessel for aspiring officers?,cadetship,cadetship,double definition,CRUISER,0
38460,Tells these jokes,cracks,cracks,double definition,JOKERS,0
44921,Sounds like what you might need,atissue,a tissue,double definition,AN AID,0
51340,Sort of policy for the Lib-Dems?,thirdparty,third party,double definition,THIRDWAY,0
16990,A certain success is not affected …,natural,natural,double definition,UNFAZED,0
3727,Dickensian dance,twist,twist,double definition,HORNS,0
21115,"Mature, or mature to a point",ripen,ripen,double definition,RIPES,0
80854,Prince with more cats and dogs?,rainier,rainier,double definition,PETRO,0
140039,What snooker player does when past his best?,goestopot,goes to pot,double definition,POTS ON,0
140315,"Not much attire, going topless",abit,a bit,double definition,A BRA,0
53729,Instructions once written on tablets?,tencommandments,ten commandments,double definition,TEN COMMANDMENTS,1
94685,"Tom, on date, sought sexual contact in public",cruised,cruised,double definition,CRUISED,1
67502,"Covering bottom of utensil, often slippery - is it?",teflon,teflon,double definition,HANDLE,0
4272,Girl with little money - and that obsolete,anna,anna,double definition,LASS,0
16420,"A look-alike, sometimes dead",ringer,ringer,double definition,DOUBLE,0
35067,A paid informer,teacher,teacher,double definition,INFORM,0
70420,Swimmer looking miserable,bleak,bleak,double definition,OTTER,0
28322,Most unlikely model to endure weight,last,last,double definition,SLIM,0
39870,Rude to squander,blue,blue,double definition,WAST,0
81691,Test we hear? A river,aural,aural,double definition,EXAM,0
56166,Guard gives a warning,lookout,look out,double definition,ON ME,0
33115,No heart of stone,diamond,diamond,double definition,SOFTHE,0
58690,Keen to have one foot in the grave?,dying,dying,double definition,EAGER,0
62462,Lands on the sheltered side,leeshores,lee shores,double definition,LEE SIDE,0
15881,Once the highest position for an Afghan was a space station,amir,amir,double definition,SPUT,0
87869,Not a scrap of bias,fairfight,fair fight,double definition,NO FAVOUR,0
72524,Clean citizens here?,bath,bath,double definition,LAWS,0
25763,Thinner is better,finer,finer,double definition,SLIM,0
30495,Offer rented accommodation,tender,tender,double definition,LETOUT,0
122557,There's no good in Mayday melodies,songs,songs,double definition,SIGNAL,0
138347,"Ravel, go away",getknotted,get knotted,double definition,UNRAVEL,0
67884,Smell fine reserve,book,book,double definition,ODOR,0
24151,Wellington's section showing how soldiers should march,instep,instep,double definition,DRILLER,0
52612,Disputed frontier,borderline,borderline,double definition,BOUNDARY,0
5677,Barge carrying less cargo?,lighter,lighter,double definition,LIGHTER,1
129634,Maintain the same policy?,reinsure,reinsure,double definition,STAYPUT,0
9392,Initiate Israeli leader,begin,begin,double definition,DAVID,0
110329,"Fish eggs, fruit of the deep",seagrapes,sea grapes,double definition,ROE ROE,0
64847,Posing like deposed ruler,king,king,double definition,TSAR,0
787,A pound of sultanas?,harem,harem,double definition,ALLOT,0
69540,Innocent abroad?,naif,naif,double definition,NAIF,1
127548,Detachment of soldiers holding clubs in card game,picquet,picquet,double definition,PLATOON,0
32540,Some ladies drink,bevy,bevy,double definition,MAID,0
41014,Complex to explain,elaborate,elaborate,double definition,HARDTOP,0
65918,Biscuit produced in a mass,wafer,wafer,double definition,WAFER,1
83510,Blocking promotion,plugging,plugging,double definition,STOPPERS,0
39731,"Rocker, say, meeting conductor",chair,chair,double definition,ELVIS,0
42159,Go it to date - not so fast!,steady,steady,double definition,HASTEN,0
10312,Determined where nomads live?,intent,intent,double definition,TENTED,0
19516,Service provider,priest,priest,double definition,SERVER,0
38758,"Relatively speaking, one's kept under wraps",mummy,mummy,double definition,ALIAS,0
117600,Rock group's third,tertiary,tertiary,double definition,TRIOLET,0
40625,Deal with entertainment paid for by another,treat,treat,double definition,TREAT,1
55385,"Surprise article, something you may get lost in ?",amaze,amaze,double definition,MAZE,0
57790,Argues over part of the make-up of crosswords,rows,rows,double definition,ROWS,1
122642,Let Jack be seen to supply a military presence,showtheflag,show the flag,double definition,SEE PATROL,0
123859,They serve older boys cigarettes,fags,fags,double definition,VALE,0
19406,Proverbially hard on one's toes?,nails,nails,double definition,TOESY,0
5003,Prevail in pronounced bad weather,reign,reign,double definition,WEATHER,0
75784,A good one is important to one bowling from end to end,length,length,double definition,RUNUP,0
3742,What the chef uses in a tense situation?,knifeedge,knife edge,double definition,EGG TIMER,0
141359,Commonly about to hear one who's had it,gonna,gonna,double definition,DEAF,0
107844,Condemned equal rights dispute,quarrel,quarrel,double definition,SENTENCE,0
107321,Dip? You might need such a heater,immersion,immersion,double definition,IMMERSER,0
89109,The astronomer is such a dreamy individual!,stargazer,stargazer,double definition,STARGAZER,1
28739,Personal impressions that are very individual,fingerprints,fingerprints,double definition,FINGERPRINTS,1
137628,Catch the sheep?,dolly,dolly,double definition,HEARS,0
84584,Duck reported on mount,ida,ida,double definition,EMU,0
75424,Spell a word,term,term,double definition,READ,0
21542,"Author of ""Tom Jones"" is not in",fielding,fielding,double definition,FIELDING,1
67161,"It's not, they say, something of mine",gordian,gordian,double definition,NOTMINE,0
46336,A camp whisper,aside,aside,double definition,ASIDE,1
22342,Girl waits for its performance,carol,carol,double definition,RECIT,0
70594,"Finish, though not Finnish?",polish,polish,double definition,ENDINGS,0
27614,We probably can put up with his plans,architect,architect,double definition,TOLERATES,0
126347,Eminently suitable to be excluded,cutout,cut out,double definition,FIT TO,0
65784,"Bowled out, possibly leg it for boundary",limit,limit,double definition,RUNUP,0
62669,Company relationships in public transport,business,business,double definition,BUSINES,0
44951,"Boots, perhaps, given red film",chemist,chemist,double definition,REDFACE,0
39450,Lady's maid found showing off in the kitchen,dresser,dresser,double definition,ABROAD,0
72297,Get hairy before court appearance?,bewig,bewig,double definition,ARRAIL,0
53996,Running away to join up?,elopement,elopement,double definition,ENLISTS,0
20037,Fish on a fat-free diet,sprat,sprat,double definition,SOLEA,0
126746,"Inspecting, unannounced, what teenagers get up to in bathroom?",spotchecking,spot checking,double definition,ON THE SPY,0
44283,Growing row over a speaker,moustache,moustache,double definition,ESCALATE,0
106169,One who refused to accept tyranny to work as a bank clerk,tell,tell,double definition,TELL,1
63500,The bill is here,copshop,cop shop,double definition,ON US,0
60291,Officer returned to cocktail bar,lock,lock,double definition,ELMO,0
59828,Bone from the centre?,radius,radius,double definition,STERNUM,0
46985,Survival is regarded with reverence,relic,relic,double definition,LIVES,0
88235,Tom Jones's coiffeuse?,delilah,delilah,double definition,BARBER,0
90544,Support restaurant in which one has been raised,brassiere,brassiere,double definition,UPHOLDS,0
89894,Presents for volunteers,offers,offers,double definition,DONORS,0
130765,Suitable work for a lay reader?,songbook,songbook,double definition,LEISURE,0
4851,Understanding Norman?,wisdom,wisdom,double definition,SENSIBLE,0
31569,Type of paper placed face up,laid,laid,double definition,ONES,0
50289,Detailed short note seen in time,minute,minute,double definition,ANNOT,0
13462,Stop and shoot,stem,stem,double definition,HALT,0
39230,"More colourful, though less experienced",greener,greener,double definition,GREEN,0
10993,Left in France? That's rather awkward,gauche,gauche,double definition,GAUCHE,1
96043,A schoolboy howler?,crybaby,crybaby,double definition,SCHOOL,0
24852,Calling for speed,career,career,double definition,URGING,0
57111,Narrow escape after cutting it fine?,closeshave,close shave,double definition,NEAR MISS,0
105836,"Nincompoops, many losing face",asses,asses,double definition,IDIOT,0
116294,What the finicky cleaning lady did: something in the groundsman's shed,sawdust,sawdust,double definition,WEEDING,0
84759,Finish off the job?,execute,execute,double definition,COMPLETE,0
69567,What the poor man has and the rich man wants,nothing,nothing,double definition,NOTHING,1
69084,River comes to a halt in the sound,styx,styx,double definition,DEAD,0
127990,"Engineer, did you say? Please repeat!",what,what,double definition,REPEL,0
35832,A meeting of Continental heads,teteatete,tete a tete,double definition,A LA MODE,0
34190,Is one's engagement a head-turner?,reversegear,reverse gear,double definition,IS THAT A RECORD,0
40788,Impressive time of year,august,august,double definition,EASTER,0
97097,Encouragement to perform for very little money once,doit,doit,double definition,PLAY,0
60880,"Possibly asleep, certainly inactive",dormant,dormant,double definition,DORMANT,1
44218,Hide or show,screen,screen,double definition,CONCEAL,0
115928,Begins to show such order,alphabetical,alphabetical,double definition,COMMENCEMENT,0
105063,Temporary structure in the Sun's building,nissenhut,nissen hut,double definition,GREEN HOUSE,0
86860,Sick to a great degree?,aegrotat,aegrotat,double definition,ILLNESS,0
112873,Eighty-eight flaws to date? I will have to make some changes!,twofatladies,two fat ladies,double definition,I AM TO FIX,0
92815,Antithesis of flare as source of light,taper,taper,double definition,EMBER,0
53412,Pleasing as a lollipop that's calorie-free,likable,likable,double definition,SWEETS,0
124064,The favourite that's in form,teacherspet,teachers pet,double definition,DARK HORSE,0
57030,Preserve predicament,pickle,pickle,double definition,JAMMED,0
87148,He may counsel the sexual offender,therapist,therapist,double definition,RAPPORTER,0
12895,Go to pieces in card game,snap,snap,double definition,GOAT,0
21260,"""Singin' a song ____"", in concert",sidebyside,side by side,double definition,IN HARMONY,0
124871,Steps taken in yards or metres,measures,measures,double definition,PACESET,0
3896,Where there's often a gap in character formation,stencil,stencil,double definition,KEYPAD,0
113547,"Value force, from what we hear",prize,prize,double definition,WORTH,0
10389,Small part of military detachment,detail,detail,double definition,SQUAD,0
28320,Model's bottom,last,last,double definition,REAR,0
4270,"Having spoken with vision, is accorded a position",sited,sited,double definition,SEEN,0
117918,A way for Steps to cover material lacking copyright,path,path,double definition,WAYS,0
48262,"Now Epiphany, as if any were needed",newyear,new year,double definition,NOW TWELVE,0
103826,"Put one's foot down, as a matter of duty",stamp,stamp,double definition,STAMP,1
9177,Compass cover,spread,spread,double definition,CASES,0
9659,Conviction that can be reversed?,tenet,tenet,double definition,OPINE,0
123098,"It's said capacious hanky's needed, if you're like this",rheumy,rheumy,double definition,SNIVEL,0
45553,They are taken slowly at the Proms,adagios,adagios,double definition,SONGAS,0
118599,Enlightenment for the masses?,slimming,slimming,double definition,AWAKENING,0
34097,Indulge in conspicuous consumption?,eatlikeahorse,eat like a horse,double definition,LIVE IT UP,0
89495,Let everyone outstanding be audibly spoken,allowed,allowed,double definition,DECLARE,0
102086,Second retreat?,back,back,double definition,ECHO,0
690,Holiday bay,recess,recess,double definition,INLET,0
118763,Clooney talk?,chatter,chatter,double definition,GEORGE,0
60166,You can read this document whichever way you like,deed,deed,double definition,DEED,1
24540,Blue flower?,danube,danube,double definition,FORGET,0
127121,Want to pen new book to reminisce,lookback,look back,double definition,MISS YOU,0
12978,Garden design,plot,plot,double definition,EDEN,0
7524,Couple stealing gold from home helper,pair,pair,double definition,LOOT,0
50253,Ghost in sunglasses?,shades,shades,double definition,SPECTRE,0
140727,Provided for Ellie splashing out - why one's very easily led,lifeofriley,life of riley,double definition,IN FOR A PENNY,0
129882,One quick to advance caress?,softtouch,soft touch,double definition,FAST LANE,0
24938,Encourage to use ears for special understanding,insight,insight,double definition,LENDANEAR,0
78940,Might cod be assaulted?,battered,battered,double definition,CODICILL,0
30635,The appropriate jug for punch?,toby,toby,double definition,MUGS,0
77158,"Partisans on hand, or soldiers on foot",phalanx,phalanx,double definition,INFANTRY,0
64845,"Head of family, note",king,king,double definition,PAPA,0
25271,Pass for a mere youngster,chit,chit,double definition,PASS,0
107821,Dress for Dumbo? What's up?,clothe,clothe,double definition,ELEPHANT,0
38772,Kind of Western food that's long in the cooking,spaghetti,spaghetti,double definition,CHILLIES,0
94904,Able to see where it's said to be placed,sighted,sighted,double definition,EYESPOT,0
26764,Present or past president,grant,grant,double definition,REGAL,0
89768,The minority? Yes indeed,nothalf,not half,double definition,AYE MINOR,0
118993,Prepare for take-off?,unbutton,unbutton,double definition,DEPLANES,0
80810,Wheeled carriage beginning to move when this is provided?,ramp,ramp,double definition,AXLE,0
103462,Leaving open,outgoing,outgoing,double definition,UNLOCK,0
25224,"Something needed by horse or mule, perhaps",shoe,shoe,double definition,REIN,0
112942,They monitor recreational activity for Americans,checkers,checkers,double definition,MARSHALS,0
101502,Feature of cartographers in Northumberland,nose,nose,double definition,MAPS,0
82743,"Hacks no more, say",express,express,double definition,RETIRED,0
57129,Close relative of the walrus,seal,seal,double definition,SEAL,1
103724,Saint Benny?,goodman,goodman,double definition,STBENED,0
85868,Budget sweetener?,brownsugar,brown sugar,double definition,BROWN SUGAR,1
118722,Tale of mystery to undo with difficulty,whodunit,whodunit,double definition,UNRAVELS,0
120297,"Small mammal with horn, active at sea",chevrotain,chevrotain,double definition,NARWHALS,0
15978,When to see the moon near the end of August,night,night,double definition,NEWMO,0
125649,"Breathe in, when gone to sleep in winter",hibernate,hibernate,double definition,INHALETHE,0
29158,Call for something to confirm marriage,ring,ring,double definition,IEDO,0
80040,Official statement concerning volte-face,return,return,double definition,UTURN,0
51600,Identify the precise location,spot,spot,double definition,SITE,0
20865,"Bird, the satirist",swift,swift,double definition,IBIS,0
35724,"One of five, one may feel",sense,sense,double definition,SENSE,1
56157,"Screw is attached, then not - one assessing the cost to secure it?",prisonofficer,prison officer,double definition,NUT AND BOLT,0
41278,Unsuccessful editor's complaint?,badcirculation,bad circulation,double definition,THE END,0
13938,Middle-aged English travel writer,chaucer,chaucer,double definition,BILLBRY,0
25481,"Jack Ketch's security device, perhaps",bower,bower,double definition,NOOSE,0
123331,"Supposedly lucky types, fair people who never speak well of one another (Johnson)",theirish,the irish,double definition,THREE WISE MEN,0
105678,It's not really intended to be read on the surface in a lounge environment,coffeetablebook,coffee table book,double definition,COUCH POTATO,0
75931,Discharge from the Royal Artillery,salvo,salvo,double definition,GUNNER,0
64639,Inferior theme,subject,subject,double definition,SUBPLOT,0
19280,Desert fault,defect,defect,double definition,SANDER,0
139880,"Unable to proceed in recession, king offloaded shares",cuts,cuts,double definition,ASAP,0
64972,Swift sentence?,bird,bird,double definition,LASH,0
16785,Small foreign instrument,piccolo,piccolo,double definition,VIOLIN,0
39571,Understands fares,makesout,makes out,double definition,KNOWS FARES,0
96786,Top contestants' top shots,aces,aces,double definition,BEST,0
113719,Property like flats,assets,assets,double definition,ESTATE,0
86317,Waste which takes a battering?,fritter,fritter,double definition,RUBBISH,0
24205,Songs the Führer sang?,lieder,lieder,double definition,HITLER,0
49124,Tiny thing bagged for a nicker?,tealeaf,tea leaf,double definition,WEE BAG,0
68377,Wooden handle,deal,deal,double definition,HAFT,0
106304,His or her model beneficiary,their,their,double definition,HEIR,0
9317,Demand to be precise,exact,exact,double definition,INSIST,0
31508,Catch Fitzgerald's disease,rubella,rubella,double definition,CATCHIT,0
47339,Bowler getting out,oldhat,old hat,double definition,HAT TRICK,0
6059,Many have soft feathers,down,down,double definition,DOWN,1
87380,Highball on a slope?,skier,skier,double definition,SKIER,1
60045,Ruined but not executed,undone,undone,double definition,UNDONE,1
89222,Caesar's forty said to perform well,excel,excel,double definition,XLNTS,0
84799,Peterhouse represented at Westminster?,safeseat,safe seat,double definition,PETE RO,0
5066,Goalkeeper's bung,stopper,stopper,double definition,GLOVES,0
11779,Like an Oompa-Loompa's house,orange,orange,double definition,TINYHO,0
101282,They end up winning against the odds,bookmakers,bookmakers,double definition,OUTSIDERS,0
22691,"Be unlucky in raffle, but lucky at Russian roulette",drawablank,draw a blank,double definition,LOST A,0
22691,"Be unlucky in raffle, but lucky at Russian roulette",drawablank,draw a blank,double definition,LOST A,0
22691,"Be unlucky in raffle, but lucky at Russian roulette",drawablank,draw a blank,double definition,LOST ONE,0
6411,An inclination to use jargon,cant,cant,double definition,SLANT,0
15311,Fruit served in the harem,sultana,sultana,double definition,ORANGES,0
585,Blunt point,direct,direct,double definition,BLUNTS,0
67284,Express derision at meal,scoff,scoff,double definition,SNEERS,0
32986,Shakespearean promoter of love first transferred into plant,valentine,valentine,double definition,CUPIDITY,0
96508,Set of teeth chatter uncontrollably,ratchet,ratchet,double definition,GIBBER,0
69796,Guide on the ranch?,steer,steer,double definition,COWBOY,0
117649,It's bloody hard to spell!,haemorrhage,haemorrhage,double definition,PHONETICS,0
37789,Not subject to protest,object,object,double definition,UNION,0
19078,Kind disposition,nature,nature,double definition,NATURES,0
30633,French priest sought in Lourdes,cure,cure,double definition,CURS,0
63349,Worthies revealing why schoolchildren are innumerate?,notables,notables,double definition,NUMBERS,0
40892,A rebel one got out of bed,riser,riser,double definition,RISEN,0
3615,Halt contest,game,game,double definition,STOP,0
35506,"Speeches are permitted, as spoken",aloud,aloud,double definition,ORALS,0
73936,A terrible mess follows a meal,dogsdinner,dogs dinner,double definition,AFTER MESS,0
3617,Plucky people may have to pluck this,game,game,double definition,NERD,0
56534,Sally's exposure,outing,outing,double definition,SALVO,0
2034,Regularly check computer screen,monitor,monitor,double definition,MONITOR,1
98397,"Legal documents, reportedly, for Swiss hotelier",ritz,ritz,double definition,INNS,0
37316,Second mate who raises the issue?,stepmother,stepmother,double definition,DEPUTYSHIP,0
94114,Secure report of a congregation that's little more than gross?,clinch,clinch,double definition,PARISH,0
109957,"Grouse shooting imminent, so surrender!",thegamesup,the games up,double definition,GIVE UP ARMS,0
70918,"Work of a forger, bent but possibly lucky",horseshoe,horseshoe,double definition,COUNTERFEIT,0
39930,"Broadly similar, gold cups",largo,largo,double definition,AKIND,0
34344,Rip off clothing item,fleece,fleece,double definition,TEAROFF,0
114861,Isolation: it could be found in an old apple orchard,quarantine,quarantine,double definition,SEPARATED,0
107783,Having a choice makes them cross,electors,electors,double definition,TICKEDOFF,0
28621,The leg properly positioned to receive ball?,onside,onside,double definition,STANCH,0
118218,Expression used to attract attention,look,look,double definition,PSST,0
50860,A Broadcasting House workshop?,studio,studio,double definition,STUDIO,1
98614,Big brother?,abbot,abbot,double definition,ATLAS,0
75661,"Is dismissed, but doesn't go",playson,plays on,double definition,IS IN TO,0
32434,"Member of the police force, if qualified",officer,officer,double definition,OFFICER,1
29626,Furniture with seats?,cabinet,cabinet,double definition,CHAIRS,0
44267,Bottom employing this spacecraft?,shuttle,shuttle,double definition,SHUTTLE,1
82735,Paper train,express,express,double definition,NEWSPAP,0
103633,Row of houses,domestic,domestic,double definition,TERRACES,0
48310,Hold a show trial,rehearse,rehearse,double definition,STAGEING,0
139512,"Young producer, calculating type",multiplier,multiplier,double definition,ACCOUNTANT,0
108607,Harry Potter,niggle,niggle,double definition,WEASLY,0
134171,They leave their coats on the wall,plasterers,plasterers,double definition,CLOAKROOM,0
91507,Flat rate?,rent,rent,double definition,RENT,1
71069,One with woad maybe heard applied to straits,dyer,dyer,double definition,BOSA,0
62109,Such a one may need concerted pain treatment,accidentprone,accident prone,double definition,CHORUS LINE,0
87511,One with a box in the nursery?,arboriculturist,arboriculturist,double definition,PLAYBOXES,0
119028,Where to find a paid informer?,classroom,classroom,double definition,PAYPHONE,0
53845,"An isle - Greenland, perhaps",emerald,emerald,double definition,ICELAND,0
10936,Mix porridge here,stir,stir,double definition,OATS,0
105355,An amount of rye from the nursery?,pocketful,pocketful,double definition,MOTHERIE,0
79097,Dispose of foolish nonsense in contrasting volumes,polishoff,polish off,double definition,RUBBISH,0
60329,Having lately joined a certain choir? Absolutely,dead,dead,double definition,AMEN,0
68726,Results are usually laughable when this missile is launched,custardpie,custard pie,double definition,PIE IN THE FACE,0
118402,The Dogs of War?,terriers,terriers,double definition,GREYHOUNDS,0
119590,Solidly built bunch of idiots?,thickset,thickset,double definition,BRICKBATS,0
135970,"It's deceitful - ""hat"", if clued cryptically?",badfaith,bad faith,double definition,THE LIE,0
26911,The ABC of literature?,letters,letters,double definition,ALPHABET,0
75971,One used to avoid getting the ticket,parkingmeter,parking meter,double definition,SEASON TICKET,0
85018,Dismiss one on the register,cashier,cashier,double definition,EXCISE,0
64851,"Religious leader, follower of Martin Luther",king,king,double definition,CALVIN,0
126657,Member employed to split the opposition?,swordarm,sword arm,double definition,LABOR,0
69789,"Of course, part is in apple-pie order",straight,straight,double definition,NEATNESS,0
77308,A cricket captain may do so and confess,declare,declare,double definition,OWNUP,0
8236,Birds presented with bill for geranium,cranes,cranes,double definition,FINCH,0
74593,"Comprehensive description of ""The Three Blind Mice""?",detailed,detailed,double definition,MUSICAL,0
93660,A writer Kipling never expected to meet,twain,twain,double definition,RUDYARD,0
33995,Record appearance of full moon,disc,disc,double definition,MOON,0
74709,Stockings getting runs in clothes drier,horse,horse,double definition,LACES,0
52667,"High jumper to run, it's announced",flea,flea,double definition,ATHO,0
45755,"Definitely short and sweet, perhaps",course,course,double definition,BRIEF,0
102462,Complete extrovert,unreserved,unreserved,double definition,OUTGOING,0
67604,Writing crosswords is getting hard,setting,setting,double definition,STRICT,0
19308,Go back to pay for another round,retreat,retreat,double definition,REPLAY,0
54712,Close a make-up case,compact,compact,double definition,SHUTUP,0
134354,Finished digging? My congratulations!,welldone,well done,double definition,WELL DONE,1
29637,Publication showing current changes,tidetable,tide table,double definition,TIDE TABLE,1
96427,What could indicate a limited number being really excited,turnedon,turned on,double definition,FEW RAH,0
37646,They are wound and screwy,wingnuts,wing nuts,double definition,SPRING,0
84220,Beer bottle for Brecht's mother,courage,courage,double definition,FLASKE,0
26528,Here to make an introduction,present,present,double definition,HEREIN,0
11096,Shed a little off the perpendicular?,leanto,lean to,double definition,AT IT,0
59362,Bob's actress,sleigh,sleigh,double definition,GARBO,0
139304,Reporting for work,journalism,journalism,double definition,ON DUTY,0
73548,Demonstration of spiritual strength,proof,proof,double definition,PRAYER,0
112047,Dated and removed,tookout,took out,double definition,OUT OF,0
33601,Specialist in stocktaking?,rustler,rustler,double definition,CATTLE,0
74328,Pervade conundrum,riddle,riddle,double definition,PERMEAT,0
29758,Judge an instrument,recorder,recorder,double definition,EVALUATE,0
42087,In which one should certainly hear a pin drop,bowlingalleys,bowling alleys,double definition,LIBRARY ROOM,0
4107,Declare support,maintain,maintain,double definition,AVOWALS,0
118829,Observer Magazine,spectator,spectator,double definition,SPECTATOR,1
37813,Source of Columbus's sail,genoa,genoa,double definition,CANES,0
131083,They were once responsible for the mail,armourers,armourers,double definition,POSTMEN,0
47680,Fights that dogs enjoy,scraps,scraps,double definition,SETTOS,0
68661,Ways to be heard on an island,rhodes,rhodes,double definition,ISLETS,0
76928,Clothes one changes in the car,gear,gear,double definition,GARB,0
15885,A little peck is seen here,kiss,kiss,double definition,CHEEK,0
129442,Hail or drops of water in Scotland,greet,greet,double definition,RAINS,0
71443,Defeat makes no difference to mum or dad,reversal,reversal,double definition,PARENTS,0
17029,Drawing instrument found amongst dividers?,ruler,ruler,double definition,PENCIL,0
121287,It's kept in banks but also found in circulation,blood,blood,double definition,MONEY,0
46177,How the weather can heat kettles,elements,elements,double definition,ATMOSP,0
56893,Arab chief's tremor when speaking,sheikh,sheikh,double definition,SHEIKH,1
83667,Variety of yellow crackers? Not quite,banana,banana,double definition,CANARY,0
76640,Decline to respond to come-on,pass,pass,double definition,NUDE,0
76712,"Box, for instance",case,case,double definition,CASE,1
103474,The point of a quarrel?,arrowhead,arrowhead,double definition,NEEDLE,0
46657,Growth for production?,plant,plant,double definition,CROPS,0
15031,"Married to eleven men, perhaps?",united,united,double definition,BRIDES,0
78454,Walk unsteadily at different times,stagger,stagger,double definition,STAMMER,0
91356,Is unable to face the situation with free-range poultry?,chickensout,chickens out,double definition,CHICKEN OUT,0
61812,Lord of a Belgian town,liege,liege,double definition,BARON,0
73048,The first notes of a French artist,dore,dore,double definition,DEBU,0
138907,Shorten journey to and from work,commute,commute,double definition,COMMUTE,1
44962,Ineffective exhortation to inveterate consumer,useless,useless,double definition,INEPTLY,0
21606,Like the Swiss between shifts,neutral,neutral,double definition,NEUTRAL,1
14137,Settled in a resolute way,determined,determined,double definition,DECISIVELY,0
68341,The best workmen,optimal,optimal,double definition,TOPHAND,0
75995,Old English district sounds wet,soke,soke,double definition,SHIRE,0
57082,Piped music is groovy,fluted,fluted,double definition,FUNKY,0
44965,Economise in vain,useless,useless,double definition,SAVEON,0
129620,Not knowing how to mend a fuse?,inthedark,in the dark,double definition,AT A LOSS,0
4656,Runners organised in some schools,streams,streams,double definition,RACERS,0
46488,Game constructed by snooker player?,bridge,bridge,double definition,BILLIARD,0
8130,Join forces?,enlist,enlist,double definition,UNITE,0
55758,Eggs used for a change?,clutch,clutch,double definition,CHANGE,0
21697,Relation may be related on the other side,anti,anti,double definition,AUNT,0
113161,Order to freeze work on fortifications,keepstill,keep still,double definition,HOLD FIRE,0
41350,Beethoven's fifth penguin?,emperor,emperor,double definition,EMPEROR,1
38285,Playtime in January,twelfthnight,twelfth night,double definition,LEISURE TIME,0
43049,A measure of port,acre,acre,double definition,TONS,0
6924,Expensive honey,dear,dear,double definition,DEAR,1
32127,When across the street it may need to be wet,whistle,whistle,double definition,PAVING,0
25318,Castles in the air?,rooks,rooks,double definition,SPAS,0
120255,US port's wind-powered structures,mobiles,mobiles,double definition,MIILLS,0
100099,Improbable? No fear!,notlikely,not likely,double definition,NO BIG DEAL,0
23274,We're told sea bird shows a bit of a habit,cowl,cowl,double definition,ERNES,0
23893,Anger - a feature of high church ritual,incense,incense,double definition,IRENIC,0
103849,Deadly connection,terminal,terminal,double definition,MORTALCOIL,0
2504,Struggle in which the services prove decisive,tiebreak,tie break,double definition,WAR OF,0
84802,Bishop of a foreign cathedral,chartres,chartres,double definition,ARCHBISH,0
79230,Scorn for amorous behaviour causing trouble with the judge,contemptofcourt,contempt of court,double definition,IN CONTEMPT,0
128939,Under-the-table activity is said to be a financial indicator,ftse,ftse,double definition,SLIP,0
34565,Frustrate check on tax,scotch,scotch,double definition,THWART,0
117829,Which is unlikely means of capturing a crowd scene on film?,longshot,long shot,double definition,ON SET,0
98025,Group is for capital punishment,scaffold,scaffold,double definition,HANGMAN,0
89953,"Except for its head, river is brown",umber,umber,double definition,TAWNY,0
18122,Surplus to requirements and turned off,redundant,redundant,double definition,REDUNDANT,1
19792,Piece of paper for erratum,slip,slip,double definition,SLIP,1
109644,"Coppers, obsolete money?",oldbill,old bill,double definition,COP PER,0
76494,Supplier is the plaintiff,issuer,issuer,double definition,SUITOR,0
62622,Which comes as no shock to those who have it,alopecia,alopecia,double definition,INSULTS,0
29479,Coach to cut short corner,tutor,tutor,double definition,TRAMS,0
54976,Are you Ben? Apparently not,arthur,arthur,double definition,ARENTU,0
4007,Potato sound in the orchestra,tuba,tuba,double definition,SPUD,0
47739,Lower in a mathematical scale,abase,abase,double definition,DEBIT,0
38980,"They hurl brickbats at the Prince of Wales, perhaps",critics,critics,double definition,WELSHER,0
75635,Plays records and is greatly affected,putsonairs,puts on airs,double definition,SPIN OUT,0
25227,"Saying ""scat!"", you put your foot in it",shoe,shoe,double definition,SHOE,1
102784,Put on the rack to extract information?,drawoneout,draw one out,double definition,PUT TO TORT,0
123909,One showing appreciation of tongue,clapper,clapper,double definition,LINGUIST,0
74929,The family's failure makes a wretched story,poorrelation,poor relation,double definition,TALES OF WOE,0
87568,Tattoos on Mark's legs,drumsticks,drumsticks,double definition,MARKSMANS,0
31399,Sharp decline in air traffic,nosedive,nosedive,double definition,FALLOFF,0
38825,It's a traditional English pursuit,trade,trade,double definition,HUNT,0
82885,Old car in a pile-up,heap,heap,double definition,WREO,0
129816,Art of sewer decoration?,embroidery,embroidery,double definition,DRAINAGE,0
76727,"Teacher mounting trapeze, swinging both ways",rabbi,rabbi,double definition,DONOR,0
42700,What it means to a barman,italian,italian,double definition,MEANING,0
65868,This book is bound to last,hardback,hardback,double definition,CLASSIC,0
31652,"When it leaks, it's hard to stop",brakefluid,brake fluid,double definition,TAP FAUCET,0
52395,"Merciless sun, perhaps, leading to peeling",unsparing,unsparing,double definition,SOLARIA,0
27427,Safe company?,firm,firm,double definition,FIRM,1
18832,Neighbour has an objection,abut,abut,double definition,NAYS,0
66954,Old woman tickled to death?,trout,trout,double definition,CRONE,0
1472,The advantage of keenness,edge,edge,double definition,EDGE,1
58969,Spanish men's accent,tilde,tilde,double definition,SENOR,0
5827,Rebel without a cause,raise,raise,double definition,ENEMY,0
74209,"World leader, so-called",bush,bush,double definition,TSAR,0
135829,Where royal profile is exactly right,onthemoney,on the money,double definition,ON THE MONEY,1
16655,Spotted horse that's white - not black,skewbald,skewbald,double definition,PIEBALD,0
32115,This sort of request legal? It might not be,solicit,solicit,double definition,APPEAL,0
30492,Sympathetic proposition,tender,tender,double definition,EMPATH,0
16624,Creditor possesses coins,crowns,crowns,double definition,OWNEST,0
70211,One's words may lead to action,slanderer,slanderer,double definition,SPEAKING,0
138003,Crowd security?,safetyinnumbers,safety in numbers,double definition,IN THE CROWD,0
16574,Sadly there's not enough,alack,alack,double definition,ALACK,1
117553,A French maid,joanofarc,joan of arc,double definition,A FEMME,0
68671,An individual consumer,cannibal,cannibal,double definition,ENDUSER,0
43849,"Mountains called ""Earth""",range,range,double definition,SIERR,0
116020,Spirited Dutch painter?,hooch,hooch,double definition,REMBR,0
8688,Useful kind of tool in film classification,universal,universal,double definition,RATINGS,0
22955,One may be paid for taking your life,biographer,biographer,double definition,INSURERS,0
51037,What surgeons do with stunted growths,scrub,scrub,double definition,REMOVE,0
106033,They listen to Chequers …,auditors,auditors,double definition,USHERS,0
4947,First thing that sparks interest,principal,principal,double definition,IGNITION,0
31118,Recovered gambler,better,better,double definition,RECANT,0
33604,Thief who can be heard going through papers,rustler,rustler,double definition,FILCHER,0
51364,Nash cut out to be faithful,staunch,staunch,double definition,OGDENNA,0
121131,Silly men,infielders,infielders,double definition,IMBECILES,0
135397,How future date might be announced? Never!,thatllbetheday,thatll be the day,double definition,TILL DATE,0
44876,How bounders are caught unawares?,onthehop,on the hop,double definition,IN DEED,0
113186,What fell off a lorry with a direct hit?,goodshot,good shot,double definition,LOOTED,0
31922,Programme expressing the broad view,panorama,panorama,double definition,BROADCAST,0
29454,Means of severing wrestler's hold,scissors,scissors,double definition,GRAPPLING,0
4415,Fall out of love and languish,droop,droop,double definition,WANE,0
90038,"Audible, quiet man",piece,piece,double definition,HEARD,0
48158,Almost regretting destruction,ruin,ruin,double definition,RUE,0
76889,False hat?,porkpie,pork pie,double definition,FAKE ID,0
81621,Anglo-Italian port? Sounds foul!,leghorn,leghorn,double definition,LIVORNO,0
84248,Clay died in Nigerian port,hardcourt,hard court,double definition,LAGOS,0
98391,"This may be put on legal documents, we hear",ritz,ritz,double definition,SEAL,0
30162,Experiment on patients may set precedents,testcases,test cases,double definition,TESTS,0
106731,St Wenceslas's feast day?,stephen,stephen,double definition,SEPTEMBER,0
75220,Banks can stop advances,earthworks,earthworks,double definition,EMBARGO,0
61298,High-rise central block,massif,massif,double definition,SKYSCR,0
136089,Accounts written across blackboards,tables,tables,double definition,LEDGER,0
52048,Love child,baby,baby,double definition,EROS,0
42093,Batty Ms Flint announcing her resignation?,heighho,heigh ho,double definition,FLITS,0
20818,Painter/drawer taking in river,durer,durer,double definition,MONET,0
85462,Good reputation to consider,esteem,esteem,double definition,ESTEEM,1
78230,A great liking for disorder,affection,affection,double definition,CHAOSPHILE,0
139798,Calm down and don't put too much money on that horse!,keepyourshirton,keep your shirt on,double definition,EASE UP AND DO NOT OVERBET,0
19203,"Sacked, no doubt",inthebag,in the bag,double definition,NO DOUBT,0
66419,Letters on keyboard can be low,depressed,depressed,double definition,KEYBOARDS,0
47436,Ideal stage for Pinafore?,apron,apron,double definition,OPERA,0
33343,They mark boundaries down,hahas,ha has,double definition,TO ES,0
132075,"Boxer, a former heavyweight on the left?",benn,benn,double definition,PORT,0
130126,Leisure period gets cancelled,timeoff,time off,double definition,REST,0
73335,A poem can be something positive,anode,anode,double definition,ODESA,0
84852,What's in a vacuum? It's unimportant,nomatter,no matter,double definition,SPACE,0
108062,Blair's stint said to have progressively deteriorated,decade,decade,double definition,TENURE,0
44960,To be frugal is futile,useless,useless,double definition,STINTS,0
43765,Strain of a grave commitment?,dirge,dirge,double definition,OMERT,0
29788,Look both ways,peep,peep,double definition,EYES,0
86433,Dent made by sniper does damage,depression,depression,double definition,BULLETIN,0
20921,Gets rid of bad habits and schemes,devices,devices,double definition,REFORMS,0
123107,Light-headed lady?,platinumblonde,platinum blonde,double definition,AIRHEAD,0
87827,It need not give rise to punishment,detention,detention,double definition,MERITING,0
44095,Type of window where it gets quiet!,sash,sash,double definition,LANE,0
46507,"Male peon, say?",hymn,hymn,double definition,MANE,0
90616,Menswear or ladieswear bedecking Anglicans,braces,braces,double definition,CLERIC,0
97315,Main animal that replaced agricultural labourers,thresher,thresher,double definition,TRACTORS,0
91720,Sees fruit cooked instead?,dates,dates,double definition,SEESU,0
57576,Mug had with tart,turnover,turnover,double definition,TEACUPS,0
110918,"Stays, as of old, for a drink",stiffener,stiffener,double definition,BOARDING,0
126008,Sound measure,fathom,fathom,double definition,DECIBEL,0
81044,"Authoritarian, dehumanising and oppressive: like Blair?",orwellian,orwellian,double definition,ORWELLIAN,1
31762,It's the vicar's place to sound like an ass ...,bray,bray,double definition,DONA,0
2685,It's built as an ocean container,groyne,groyne,double definition,BARREL,0
133706,Disease: could it be linked to thrush?,birdflu,bird flu,double definition,ILL BE,0
27002,Very much like duck,love,love,double definition,ANAS,0
31014,One barely appreciates the outdoors,naturist,naturist,double definition,NATURE,0
27851,Reassurance expressed; but not here,there,there,double definition,NOYES,0
97716,Period of maritime decline,lowwater,low water,double definition,LOW EBB,0
51343,Sort of policy that threatens both government and opposition?,thirdparty,third party,double definition,MIDDLE GROUND,0
9732,Right for which Muhammad Ali often fought,title,title,double definition,TITLE,1
2556,Tedious drill?,bore,bore,double definition,BITS,0
97822,In their own fields the French are unbeatable,champs,champs,double definition,CHAMP,0
36578,Communication from landlord,letter,letter,double definition,LETTER,1
31078,Augustus who painted an evangelist,john,john,double definition,ELGA,0
118228,Finally decide,conclude,conclude,double definition,SETTLED,0
124387,"Elected foreign leader, repeatedly",putin,putin,double definition,REELE,0
72471,"Appliance for the unsound? If dead, a mistake",deafaid,deaf aid,double definition,DEAF AID,1
45220,August: put gold back,royal,royal,double definition,AGOST,0
45260,What an MP has to beat in a car?,seatbelt,seat belt,double definition,BEAT BOX,0
77765,Expecting to be like Incey Wincey Spider,upthespout,up the spout,double definition,IN THE FAMILY WAY,0
112656,Hail lovely ground,volley,volley,double definition,SALUTE,0
23211,Soul mate of Eros,psyche,psyche,double definition,PSYCHE,1
9989,"Minimum piece, simple as that",least,least,double definition,ATOMS,0
13921,Perpetual child's play,peterpan,peter pan,double definition,PETER PAN,1
99743,Thinking about the nature of narcissistic love?,reflective,reflective,double definition,SELFLOVE,0
48836,A bridal path?,aisle,aisle,double definition,AISLE,1
91953,Key words?,opensesame,open sesame,double definition,KEY BOARD,0
53925,One way of underlining a decision,ruling,ruling,double definition,UNDERS,0
63142,Animal finding snake in the grass,weasel,weasel,double definition,ADDERS,0
106495,Particularly the highest,aboveall,above all,double definition,TOP NOTCH,0
140738,Elaborate situation created by streaker?,fleshout,flesh out,double definition,RED HERRING,0
59120,Distinctive smell of seaweed,tang,tang,double definition,KELP,0
70575,Lice in the back room? Don't worry!,nevermind,never mind,double definition,NITS OUT,0
98030,A spot of capital punishment,scaffold,scaffold,double definition,HANGING,0
70403,"How oral evidence is presented, apparently",itissaid,it is said,double definition,ASIS,0
24403,"Middle of the road, like Britain?",island,island,double definition,CENTRE,0
85700,The sound of the bullring,torus,torus,double definition,TORRO,0
75736,Riding apace,astride,astride,double definition,CANTER,0
14217,Lad in a whirl,eddy,eddy,double definition,LADY,0
129446,Intermittent rain penetrating blind not a trickle,drizzle,drizzle,double definition,SPRINK,0
3406,He gains nothing from his activities,amateur,amateur,double definition,NEUTER,0
106859,"Deck chair on the Titanic, as they say",recliner,recliner,double definition,DECKCHA,0
69747,Capital investment for father?,biretta,biretta,double definition,PATRIM,0
123651,"They are heard in the garden, or seen on the phone",tweets,tweets,double definition,BEESOR,0
54242,Condone taking a gamble,abet,abet,double definition,OKAY,0
90359,They nick money,coppers,coppers,double definition,POLICE,0
65715,Recipient of national bus pass?,newagetraveller,new age traveller,double definition,THE QUEEN,0
61092,Domestic flights,staircases,staircases,double definition,SQUABBLE,0
15407,Have a mind to have a party,entertain,entertain,double definition,INTENDTO,0
26343,It may be of untold value,secret,secret,double definition,PRICELESS,0
60575,I'm surprised Kay's on fiddle,cook,cook,double definition,IKAYO,0
55129,Test requirement that's set too high?,overrate,overrate,double definition,BARSETTING,0
15780,Sign of too much discipline,bull,bull,double definition,SIGN,0
64861,A lot of money that's forced into the ground,pile,pile,double definition,WADS,0
13075,Withdraw with a slight injury,scratch,scratch,double definition,RECOIL,0
97843,"Joined up, but went on a military campaign without one",soldered,soldered,double definition,ENLISTS,0
66292,One of the Beach Boys?,lifeguard,lifeguard,double definition,LIFEGUARD,1
83013,He's engaged in outdoor pursuits,hunter,hunter,double definition,RAMBLE,0
31737,What gunrunners take part in?,armsrace,arms race,double definition,ARMS DEAL,0
63963,Affected type from the Paris model agency?,poseur,poseur,double definition,POSEUR,1
40370,Last possible holiday destination?,resort,resort,double definition,TIMBUK,0
3289,There's nothing left? That's hunky-dory!,allright,all right,double definition,NIL BY,0
97968,Canvassed views,landscapes,landscapes,double definition,POLLEDOPINIONS,0
77944,Engineer's responsibility taken by the navigator,bearings,bearings,double definition,PILOTAGE,0
10439,Give birth to animal,bear,bear,double definition,CALF,0
11490,Show progress? Don't exaggerate!,comeon,come on,double definition,KEEP IT,0
21349,China's money tree,palm,palm,double definition,YUAN,0
91453,Transitive heel and foot,trotter,trotter,double definition,VERBAL,0
114905,Gear case?,kitbag,kitbag,double definition,GEARS,0
8551,Sort of nerve through which spirit?,optic,optic,double definition,OPTIC,1
95543,"Take action against Twycross, perhaps, after loss of larynx",sue,sue,double definition,SUE,1
24863,"Worry? I'm thinking: ""Job""",career,career,double definition,FRETAT,0
3288,Nothing left is safe,allright,all right,double definition,NO GO,0
85732,Size up a house plant?,repot,repot,double definition,MEASE,0
98433,"Once called the universal doner, reportedly a mistake",typo,typo,double definition,ERAS,0
41595,Delays and keeps at a distance,holdsoff,holds off,double definition,HANGS BACK,0
46230,Protester topped bowman,archer,archer,double definition,OBJECT,0
98897,In where they tend to get you out,hospitalised,hospitalised,double definition,PRISON SENTENCE,0
128981,"They have no choice, poor chaps",beggars,beggars,double definition,PAUPERS,0
138175,Like a tree? Dog may have,barked,barked,double definition,BARKED,1
111192,Honestly devoid of cant?,onthelevel,on the level,double definition,AS IT IS,0
120808,"Preacher, or reciter of poetry?",layreader,lay reader,double definition,MAN OF LETTERS,0
107223,Plan for land corps?,rotationofcrops,rotation of crops,double definition,TERRITORIAL ARMY,0
16264,Key to the London dogs' home,isle,isle,double definition,KENS,0
8395,Expedition set off,trip,trip,double definition,TREK,0
64728,Place for eating dog's dinner,mess,mess,double definition,PLATE,0
95537,Pin-up of uncovered tart,cheesecake,cheesecake,double definition,NAKEDMODEL,0
55225,Accept a proposal in Gretna Green,agree,agree,double definition,ELOPE,0
58030,"He may play a part in panto, great in size",ogre,ogre,double definition,GIANT,0
86950,Wake up at the back?,slipstream,slipstream,double definition,REARAWAKEN,0
33402,Correctly ascertaining one's railway connections?,ontherighttrack,on the right track,double definition,ON THE RIGHT TRACK,1
108015,Those in society on form,workingclass,working class,double definition,UPPER CLASSES,0
112089,Play area feature? Not exactly,roundabout,roundabout,double definition,SWINGSETPIECE,0
128545,Longfellow's poem this girl won't conceal,evangeline,evangeline,double definition,EVADESCENT,0
20658,"It's an indication for drivers, by the way",roadsign,road sign,double definition,SIDE ROAD,0
92117,What an indulgence!,pardon,pardon,double definition,TREATME,0
102897,"""Song of Songs"" initially associated with religious ceremonies",spiritual,spiritual,double definition,CANTICAL,0
136942,Most recent points,newest,newest,double definition,LATESTS,0
108183,She has promised to give a hand,fiancee,fiancee,double definition,BRIDES,0
32906,A mild imprecation - here's an example,dash,dash,double definition,DRAT,0
36700,Bill's after that woman from EastEnders,poster,poster,double definition,PATTIE,0
4172,Secret soldier,private,private,double definition,SPYING,0
4338,Take advantage of a bold stroke,exploit,exploit,double definition,CAPITAL,0
88852,Back seat,posterior,posterior,double definition,REARSEATS,0
36461,Keep away from a vacuum,avoid,avoid,double definition,AVOID,1
126639,Stimulating postcard?,sparking,sparking,double definition,LETTERS,0
125901,Marble passageway,alley,alley,double definition,HALLS,0
68533,"Capped for Ulster, are they?",knees,knees,double definition,TAMPS,0
51357,Reliable way to limit bloodshed,staunch,staunch,double definition,STANCH,0
54591,Japanese growth threatening our country?,knotweed,knotweed,double definition,INVASION,0
42854,Go overboard for a record,turntable,turntable,double definition,OVERPLAY,0
12162,"Original ""back to nature"" author?",thoreau,thoreau,double definition,ADAMIST,0
77803,Description of Els's scores,lines,lines,double definition,PARS,0
98700,Primate and friar,capuchin,capuchin,double definition,MONKEYS,0
26103,Such a thumb to stick out?,sore,sore,double definition,RUDE,0
92426,Where noodles may end up?,inthesoup,in the soup,double definition,IN THE SOUP,1
15562,"Bored, it's suggested? Take down Waterloo",defeat,defeat,double definition,ENNUI,0
56752,Drinks lacking body?,spirits,spirits,double definition,SPIRITS,1
87586,Rocks found in prospectors' sieves,cradles,cradles,double definition,GRAVELS,0
30164,Young ladies at Lord's?,maidens,maidens,double definition,LASSIES,0
85116,He doesn't catch it. But will he later?,butterfingers,butterfingers,double definition,BACHELOR,0
90455,Big part of car,bumper,bumper,double definition,ENGINE,0
121802,Better qualified as someone to provide a welcome,meeter,meeter,double definition,WARMER,0
96552,Bays of victory,laurels,laurels,double definition,INLETS,0
2964,Jug can clink,prison,prison,double definition,JUGGLE,0
49667,Provoke audible discord,rouse,rouse,double definition,IRATE,0
66014,Tackle English bird,kite,kite,double definition,TACK,0
52805,Clue found in a drawer,lead,lead,double definition,CLUE,0
35471,What's Espagnol to one Russian composer is Italien to another,capriccio,capriccio,double definition,SPANISH,0
21678,Gamble heavily in dive,plunge,plunge,double definition,BETTER,0
102721,"Happily, one can look down from here",oncloudnine,on cloud nine,double definition,ON TOP,0
61735,Picture effort,shot,shot,double definition,OPUS,0
30494,One who cares to make an offer,tender,tender,double definition,BIDDER,0
95429,Hedge featured in abstract painting style,hardedge,hard edge,double definition,ART NOUVEAU,0
19949,Nippers reported other nippers,pinchers,pinchers,double definition,PINCERS,0
23635,Lobby for charm,entrance,entrance,double definition,CANVASS,0
104732,Campaigning for a straight delivery?,onthestump,on the stump,double definition,ON THE LEVEL,0
103855,"Edge under top of boater, perhaps?",brim,brim,double definition,BRIM,1
47682,Fights waste,scraps,scraps,double definition,DUKITS,0
112485,Gallery in the Pantheon?,gods,gods,double definition,APSE,0
4381,It can ruin a good deal,dryrot,dry rot,double definition,BAD DEAL,0
70321,See fruit,date,date,double definition,LEMON,0
61728,Bullet snapped,shot,shot,double definition,PEAS,0
64725,Dirty canteen,mess,mess,double definition,MESS,1
47334,Small amounts put on horses,bits,bits,double definition,ODDS,0
90383,"Column leader, for example",editorial,editorial,double definition,CAPTAIN,0
85957,All the way down to hell and flung away when love's lost,fulllength,full length,double definition,DOWN TO HELL,0
114637,Your health is of least importance? Drink!,bottomsup,bottoms up,double definition,YOUR ELSES,0
106780,Badger runs through mown grass,harry,harry,double definition,BADGER,0
111711,Its builders caused a stir,prisonhouse,prison house,double definition,THE TOWER,0
5625,Winger starred with flankers in blue pants,redbreast,redbreast,double definition,WINGBACK,0
88173,Ingenious sting,smart,smart,double definition,STING,0
20685,"Sure about supporting football club during no-score draw? Yes, sure",ofcourse,of course,double definition,SO SO,0
48995,Level of wit in this group,clique,clique,double definition,ESPRIT,0
125102,"Lady, not totally square, wanting bit of adventure",nina,nina,double definition,DAME,0
19737,Various trees but no great variety,bonsai,bonsai,double definition,SPROUT,0
73680,Informer who framed his mother?,whistler,whistler,double definition,NARCOS,0
51505,"Stole cattle, but made little noise",rustled,rustled,double definition,RUSTLE,0
104578,"Again, but for the last time?",oncemore,once more,double definition,LAST TIME,0
21290,Preparation against the offensive,deodorant,deodorant,double definition,DEFENSES,0
9521,This ticket is ideal for elections,dream,dream,double definition,VOTES,0
23292,Wooden smile?,beam,beam,double definition,GRIN,0
57023,Reduce to silence when imprisoned,shutup,shut up,double definition,SHUT UP,1
88468,Stock support,hoof,hoof,double definition,BEAM,0
39439,Its report should stimulate athletic progress,startingpistol,starting pistol,double definition,GUNFIRE,0
109496,Choke or accelerator?,throttle,throttle,double definition,THROTTLE,1
23637,Delight in appearance,entrance,entrance,double definition,PLEASING,0
75436,Order retreat,monastery,monastery,double definition,REVERSE,0
82317,Wolf in the valley?,gorge,gorge,double definition,LOBOES,0
114702,Escort lady and gentleman,squire,squire,double definition,ESCORT,0
92936,Male musician's first appearance on radio,mike,mike,double definition,DJEM,0
11861,Work with fingers said to be requirement,need,need,double definition,KNIT,0
54328,Opening a shop?,outlet,outlet,double definition,UNBAR,0
56737,"Removing jacket, runs in tights in summer",adder,adder,double definition,SKIRT,0
23947,Vision may be jolly,sight,sight,double definition,EYESA,0
119494,They may lead to quick ducks for any batsmen,bouncers,bouncers,double definition,YORKERS,0
85119,Table used by moneychangers?,readyreckoner,ready reckoner,double definition,EXCHANGE,0
87430,Dishonest mason?,chiseller,chiseller,double definition,FREEMASON,0
95069,He may be looking for the catch in further insurance,extracover,extra cover,double definition,CLAIMANT,0
6075,Investor's holdings in punishment,stocks,stocks,double definition,STOCKS,1
66676,Began by being made a member,initiated,initiated,double definition,ENROLLED,0
114125,One in post bearing stamp of credibility,official,official,double definition,POSTMARK,0
116890,One stops for the advertisement,plug,plug,double definition,ADDS,0
36031,Earth healing heart?,clay,clay,double definition,SOIL,0
50395,"Poet, one who is recklessly wasteful",spender,spender,double definition,POETRY,0
106847,Quarters that are a bishop's responsibility,see,see,double definition,SEE,1
46655,Design end product using machines,plant,plant,double definition,PLANS,0
70962,Bill's good at singing,invoice,invoice,double definition,SWANSONG,0
42755,Sights for sore eyes?,spectacles,spectacles,double definition,EYEWASH,0
46127,"Control what causes flooding, we say",rein,rein,double definition,DAMS,0
42538,Protagonist taking drugs,heroine,heroine,double definition,HEROIN,0
109412,An acceptable phrase for one making a purchase?,illbuythat,ill buy that,double definition,I BUY NOW,0
201,The last of the home games,omega,omega,double definition,FINAL,0
44229,Blind test?,screen,screen,double definition,TRIALS,0
35009,A league match,union,union,double definition,AMATCH,0
40076,LDO cocktail?,oldfashioned,old fashioned,double definition,LONG ISLAND,0
114654,Worn after rowing?,pullover,pullover,double definition,FROCKED,0
7969,Labourer with an old bicycle,hercules,hercules,double definition,NAVVIES,0
91350,Sentimental time for bird sound,tweet,tweet,double definition,TEARYS,0
53146,Played trick?,fiddle,fiddle,double definition,ACTED,0
107790,Virtuous student?,novice,novice,double definition,GOODES,0
121193,Siberian nation outspoken?,chilly,chilly,double definition,RUSSIA,0
140164,Flash unfashionable attire - reduced!,flare,flare,double definition,TARTS,0
14050,Criticism directed at military aircraft?,flak,flak,double definition,FLAK,1
66070,Playwright is very nearly cross,travers,travers,double definition,IRATES,0
3377,Agriculture only possible for younger people?,tillage,tillage,double definition,FARMED,0
129391,Order one still refuses to obey,keepmoving,keep moving,double definition,ORDER OF,0
55927,A thrice-cooked kind of biscuit?,richtea,rich tea,double definition,WAFF LE,0
79496,If this were you wouldn't get it,insoluble,insoluble,double definition,IGNORANT,0
66700,Run to raise money and totter,ladder,ladder,double definition,SPONSOR,0
65232,French style of cooking,cuisine,cuisine,double definition,LYONNAISE,0
137336,Was one of a team of surgeons?,cooperated,co operated,double definition,IN OPER,0
20170,"Enough to live on comfortably, given fitness",competence,competence,double definition,INCOME FIT,0
96563,Infantry?,babesinarms,babes in arms,double definition,FOOT THE BILL,0
107407,Long tree,pine,pine,double definition,PINE,1
5813,Exodus follows this for band,genesis,genesis,double definition,LEVITE,0
33171,A vehicle drawn up in accordance with the law,conveyance,conveyance,double definition,LEGISLATOR,0
29429,Light bench,settle,settle,double definition,SEATON,0
1749,A small piece of wood - pine?,fret,fret,double definition,SLAT,0
50310,A rebel's get-up?,rising,rising,double definition,OUTFIT,0
60165,It's done up and down,deed,deed,double definition,TIED,0
47639,Trim tree,spruce,spruce,double definition,PRUNE,0
109289,Sheds uninherited characteristic?,meme,meme,double definition,SHED,0
125832,Where varnish gets paid for in cash?,onthenail,on the nail,double definition,IN CASH,0
9508,One at home in an oyster bed,native,native,double definition,PEARL,0
75354,Poet's weapon,browning,browning,double definition,PENMIGHT,0
46732,Talent that outshines all others,brilliance,brilliance,double definition,STARDOM,0
74093,Vitamin B for Bevan,aneurin,aneurin,double definition,NIACIN,0
18355,Generally at sea,inthemain,in the main,double definition,AT SEA,0
36501,Result in charming words,spell,spell,double definition,SPELL,1
141777,Popularly priced and in vogue - load up,goodvalue,good value,double definition,IN STYLE,0
88661,It's fully in order; make nothing of it,nullify,nullify,double definition,NEATENS,0
34019,Extremely ragged,frayed,frayed,double definition,TATTER,0
30433,He had a stable job with mounting prospects,ostler,ostler,double definition,JOCKEY,0
28367,"Constant nag, guest who won't go?",stayer,stayer,double definition,GUEST,0
8169,Warning what a misandrist wants?,omen,omen,double definition,HATE,0
42888,Put off when nearly through,onhold,on hold,double definition,ALMOST,0
90964,Trees with bark close to leaves,bays,bays,double definition,ELMS,0
33046,Bridge player left the game,sport,sport,double definition,ELOPE,0
127924,Musical box for a sailor?,ditty,ditty,double definition,CRATE,0
121133,One frightened by outlandish sixties' show,beyondthefringe,beyond the fringe,double definition,HIPPY SQUARE PEG,0
25366,The fashion trade,custom,custom,double definition,MODEST,0
29521,Conformity to treaty,agreement,agreement,double definition,HARMONIES,0
116568,Payback time here?,debtorsprison,debtors prison,double definition,REVENGE,0
134653,Providing people with different occupations,rehousing,rehousing,double definition,PROFESSIONS,0
90911,Recover from visit,comeround,come round,double definition,HEAL FROM,0
32546,Females gathered for drink,bevy,bevy,double definition,HENS,0
52614,TNT - as in explosive flash,instant,instant,double definition,DYNAMITE,0
130159,Send rude online message to lover,flame,flame,double definition,TEXTS,0
46918,Worn-out shoe?,galosh,galosh,double definition,SOLELY,0
69808,Impart knowledge free from superstition,enlighten,enlighten,double definition,ENLIGHTEN,1
83665,"It can be wrapped round head or neck, but not heart or part of hand",banana,banana,double definition,SCARF,0
3469,English film star gets rid of wrinkles,irons,irons,double definition,HURST,0
18492,Beyond redemption? What rotten luck!,toobad,too bad,double definition,BAD LUCK,0
31389,Suspend the terms of reference,remit,remit,double definition,TABLE,0
52796,Such trees are barely recognisable in winter,deciduous,deciduous,double definition,DECIDUOUS,1
21885,What is left in the car,estate,estate,double definition,RESIDUE,0
33163,"Regal office shed, we hear",throne,throne,double definition,MONARCH,0
34983,"Ball, possibly square",dance,dance,double definition,ORBS,0
4051,Musical grunts?,gigi,gigi,double definition,EROS,0
40748,Cheers for model,prosit,prosit,double definition,TOASTS,0
29609,More tasteful port,tangier,tangier,double definition,REFINED,0
47923,Anxiety for business,concern,concern,double definition,TRADEWS,0
33140,Commanding individuals with important roles to play,leadingmen,leading men,double definition,LEADERS,0
80394,Current providing insulation,thermal,thermal,double definition,LOFTINS,0
94590,Green still on remand,untried,untried,double definition,LIMEST,0
39257,"""Vidi"" in speech and sight",eyesore,eyesore,double definition,IVIEDO,0
36532,Fair punishment,fine,fine,double definition,FAIR,0
105764,Bird checked the call of another,coo,coo,double definition,EMU,0
96999,Due opinion?,owing,owing,double definition,DEBT,0
8636,"One's girl-child, perhaps",issue,issue,double definition,DAIS,0
33820,Quarters provided by the bank,houseboat,houseboat,double definition,HABITAT,0
124562,Great success? No sir,goodwin,goodwin,double definition,HITORS,0
101174,Has old-fashioned style,hath,hath,double definition,OLDO,0
138623,Electronic sound in live record,beep,beep,double definition,ALSO,0
40988,An entrance of ornamental stone,agate,agate,double definition,PORCH,0
92273,"Find luggage missing, but fail to get legal redress",loseonescase,lose ones case,double definition,CASES FAIL,0
60249,Have a fag to improve one's mood,lightup,light up,double definition,PERK UP,0
58167,Another messenger reveals himself,hermes,hermes,double definition,ANGEL,0
93094,"Dirty and gross, the man in the family ’ome?",grubby,grubby,double definition,FILTHY,0
42081,Question put by examiners? Fancy that!,whatdoyouknow,what do you know,double definition,WHAT A TEST,0
91550,Source of present-day jingles,sleighbell,sleigh bell,double definition,RADIO AD,0
27772,I'm playful - and the month hasn't even started!,arch,arch,double definition,MAYO,0
118494,They may be taken lying down,restcures,rest cures,double definition,PILES,0
34926,Open a drink,ajar,ajar,double definition,OPED,0
51923,Drunk needing shuteye for counter ...,tiddly,tiddly,double definition,BARTER,0
24177,"Split second in Scotland, then split!",cleave,cleave,double definition,NEEDLE,0
30485,Match-fit?,eligible,eligible,double definition,MARRIED,0
55104,Young male crab?,nipper,nipper,double definition,LADDER,0
79565,BG made of water,pool,pool,double definition,BRIG,0
51830,Refrain from encumbrance,burden,burden,double definition,UNLACE,0
35551,One who does good turns,acrobat,acrobat,double definition,ROTATOR,0
122699,Cheerless - wet and rainy without a break,wintery,wintery,double definition,DREARIL,0
5832,Speak highly of no power boost,raise,raise,double definition,PRAIS,0
51891,Quite pleasing,pretty,pretty,double definition,PLEASE,0
78365,Philosopher in fight at factory,mill,mill,double definition,SAGE,0
72536,"New arrival at the docks, we hear",birth,birth,double definition,SHIPS,0
125592,People in pubs do this for a hen night,barmen,barmen,double definition,STAGDO,0
104434,Secures pieces of mistletoe,sprigs,sprigs,double definition,KISSES,0
8473,Slip on slip?,erratum,erratum,double definition,SKIDROW,0
43626,"""Time for a word"" is unAnglican",nonce,nonce,double definition,LATIN,0
123325,The purpose of the visor is to avoid humiliation,saveface,save face,double definition,SAVE FACE,1
38561,Part of the UK maybe found even in India,northernireland,northern ireland,double definition,GREATBRITAIN,0
120999,Old musical student at start of play in Liverpool street,lilactime,lilac time,double definition,LIVER POOL,0
93091,"Losing consciousness, so making an exit",passingout,passing out,double definition,FAINTING,0
114635,"Tops down, then, bringing cheers",bottomsup,bottoms up,double definition,HATS OFF,0
72386,Part of Greater Manchester - an extra bit?,bolton,bolton,double definition,OLDHAM,0
18880,A Frenchman's charge for electricity,coulomb,coulomb,double definition,IONISE,0
136872,"In conversation, discretion is nailed",tacked,tacked,double definition,TACTFUL,0
6209,"Thorough, constant but not firm",efficient,efficient,double definition,PERMANENT,0
39973,Rover plant,rambler,rambler,double definition,LANDROVER,0
71878,A treat for which I yell out loud,icecream,ice cream,double definition,ICE CREAM,1
75221,Banks that can stop advances,earthworks,earthworks,double definition,RIVERBANKS,0
15962,It's nearly time for bed,night,night,double definition,NEARS,0
22961,The story of my uncle?,relation,relation,double definition,ANECDOT,0
77896,Drawing instrument traditionally boxed,compass,compass,double definition,PENCIL,0
56857,Report of narcotic,bang,bang,double definition,OPED,0
103566,Who knows? Take that secret to your grave!,younevercantell,you never can tell,double definition,I KNOW NOT,0
76081,"Show, we hear, to look back on",revue,revue,double definition,REVIEW,0
34549,Sounding chivalrous whenever it's dark?,nightly,nightly,double definition,KNIGHT,0
65019,Writer of illicit love letters?,correspondent,correspondent,double definition,BLACKMAILER,0
141229,Short musical performance,gig,gig,double definition,SET,0
8547,Shot in the eye!,optic,optic,double definition,BEAMS,0
8919,A meeting that seeks spiritual guidance,seance,seance,double definition,SEANCE,1
38251,Patience has very bright flower,solitaire,solitaire,double definition,VIOLETS,0
108632,Appeal in two ways,refer,refer,double definition,APPEAL,0
15355,Jury's comment on horse,rider,rider,double definition,VERDY,0
64876,Relationship between matron and nurse,sister,sister,double definition,SISTER,1
98565,Would they issue stardust in Hollywood?,crematoria,crematoria,double definition,OSCARSNO,0
66903,Reduce rent,slash,slash,double definition,ABATE,0
57430,"Provide grub, but not support",cater,cater,double definition,FEEDS,0
50381,One way to get inspiration,inhale,inhale,double definition,INHALE,1
118675,Fish posture of diver,pike,pike,double definition,ERGS,0
55066,Plant G higher then?,flower,flower,double definition,GRADES,0
65535,Old-fashioned place in France,square,square,double definition,LYONNE,0
135119,Picked up torch in Swiss city,bern,bern,double definition,LUGO,0
33920,Order something to eat,applepie,apple pie,double definition,ORDER FOOD,0
41300,Personal predilection in art or diet,amatteroftaste,a matter of taste,double definition,TASTE BUD,0
89211,Where easy riders have their say?,expressway,expressway,double definition,SADDLESOCK,0
74171,In which punishment is likely (held by copper in the old days),hotwater,hot water,double definition,AT STAKE,0
93212,Expresses hostility to military accommodation,barracks,barracks,double definition,BARRACKS,1
95398,A club - or a spade?,blackjack,blackjack,double definition,GOLFCLUBS,0
85964,It's a shame having to eat it,humblepie,humble pie,double definition,HUMBLE PIE,1
5604,What a promising bowler has to do?,deliver,deliver,double definition,OVERARM,0
4184,"A further time, deliver book",reserve,reserve,double definition,AGAINST,0
4444,Former pupil wasted away,late,late,double definition,ERST,0
79291,"Spicated, you say, otherwise barbed",cuspidate,cuspidate,double definition,PRICKLED,0
85735,"Can't find words for ""helps in the kitchen""",driesup,dries up,double definition,AIDS TO,0
7033,Duck a l'orange,mandarin,mandarin,double definition,PLATDUCK,0
23754,Charitable group,kind,kind,double definition,ALMS,0
45323,One's boots may be licked,tongued,tongued,double definition,TONGUE,0
53148,Work in a band in fraudulent transaction,fiddle,fiddle,double definition,FIDDLE,1
24898,"I say, parking place for poultry",coop,coop,double definition,COOP,1
119300,University officer reported? Gamble is associated with him,procter,procter,double definition,VICAR,0
64281,Hose near sewer opening,tights,tights,double definition,TAPES,0
121872,Top content of rookery?,murder,murder,double definition,NESTS,0
119673,Upset over what's broadcast,shortwave,short wave,double definition,ON AIR,0
123347,Drink picked up for Darius?,mede,mede,double definition,ARIA,0
85526,Mineral lacks torrent?,rocksalt,rock salt,double definition,NO GO,0
53690,It's bad luck if you prefer Brie,hardcheese,hard cheese,double definition,BLUE CHEESE,0
5845,Faze host and cast,throw,throw,double definition,STUN,0
21393,"Beef to turn out deficient, not having much seasoning",complain,complain,double definition,UNDERSEASONED,0
44672,Monty was killed by Apollo,python,python,double definition,PYTHON,1
76482,Retired coppers in conversation,exchange,exchange,double definition,EXCOPS,0
50788,Drink among New York's flowers,manhattan,manhattan,double definition,BEERAMID,0
58657,Blocks the rowers' seats,thwarts,thwarts,double definition,LOCKERS,0
68526,This type finds it hard to swallow anything not solid,sceptical,sceptical,double definition,SOLIDIST,0
31847,Day trip? Quite the contrary,nightfall,nightfall,double definition,NIGHTMARE,0
16422,Caller providing a solution,ringer,ringer,double definition,ANSWER,0
129640,Magical image of Victorian parlour entertainment,lanternslide,lantern slide,double definition,MAGIC LANTERN,0
101625,"Year spoilt by ""Les liaisons dangereuses"", say?",epistolarynovel,epistolary novel,double definition,CALENDAR YEAR,0
95796,Flinch from game,quail,quail,double definition,BLINK,0
118780,Shoot a bird,snipe,snipe,double definition,SNAPS,0
21321,The Pony Express's first new recruit,neophyte,neophyte,double definition,NEWMAN,0
17293,Nerves of steel? I think not!,nofear,no fear,double definition,NO GO,0
1860,Good book for figures,numbers,numbers,double definition,LEDGER,0
59685,Spider that reaps?,harvester,harvester,double definition,HARVESTER,1
100920,Tropical novelist and playwright,miller,miller,double definition,MAUGHM,0
76291,Achievement of one who doesn't miss a trick,grandslam,grand slam,double definition,FULL HOUSE,0
123979,Where bloomers are made like the fourth and sixth incarnations of Dr Who?,bakery,bakery,double definition,TURKEY,0
10029,A poster to show where the big ships come,seaport,seaport,double definition,HARBOR,0
140603,Lead singer's notes?,heavymetalmusic,heavy metal music,double definition,BASE TEN,0
30176,Not in the pink,offcolour,off colour,double definition,IN BAD,0
112074,Author of Great Expectations?,hope,hope,double definition,DICK,0
107027,"Rising, or just turning over?",revolution,revolution,double definition,ASCENDING,0
112080,Lodging for friend in disgrace?,doghouse,doghouse,double definition,PALLIASS,0
65010,Its shadow was a sign of the times,gnomon,gnomon,double definition,SUNDIAL,0
25388,Authorisation required for this sort of sale?,clearance,clearance,double definition,GARAGE,0
63551,A poisonous creeper,snake,snake,double definition,IVYSA,0
76927,Clothes worn in topless TV programme?,gear,gear,double definition,TEAS,0
47987,Revolutionary Dame,trot,trot,double definition,ERNA,0
112670,Educational degrees give support in retirement,beds,beds,double definition,BAAS,0
102611,Cricket sides seen occasionally,offandon,off and on,double definition,ONE DAY,0
62684,"Short, tailless dog",cur,cur,double definition,CUR,1
55194,Aim to identify shuttle,endeavour,endeavour,double definition,OBJECTIVE,0
111945,No alternative,yes,yes,double definition,NON,0
27925,Chance in rugby game to get head ripped off,evens,evens,double definition,SCRUM,0
12548,One grows up and blooms,irises,irises,double definition,FLOWER,0
59880,Don't stay on the road - it's a bore,turnoff,turn off,double definition,GO BY,0
48884,Drink and a biscuit for royalty,bourbon,bourbon,double definition,TEAAND,0
16421,"You may see a hunchback, perhaps, double",ringer,ringer,double definition,BACKUP,0
62450,Land or borough in Holland for Spooner,touchdown,touch down,double definition,IT'S AN,0
67167,Moderate entertainment,fair,fair,double definition,MILD,0
135939,Survive a heavy blow,weatherthestorm,weather the storm,double definition,BEAR THE BRUNT,0
686,Time off for parties in secluded spot,recess,recess,double definition,RECESS,1
51051,Everlastin?,endless,endless,double definition,ETERNAL,0
82154,Level playing field,pitch,pitch,double definition,EVEN,0
38163,Skeleton said to be a man,draught,draught,double definition,RATTLES,0
41383,Attractive bars,magnets,magnets,double definition,CHARMS,0
115759,Blue stain,dirty,dirty,double definition,BRUIS,0
95075,Kind of servant one keeps,retainer,retainer,double definition,BUTLER,0
103891,One causing trouble in a washing machine?,agitator,agitator,double definition,AGITATOR,1
134717,Rich soup in unfinished pottery,bisque,bisque,double definition,BISQUE,1
101991,"Highly strung, one whose life may be in the balance",tightropewalker,tightrope walker,double definition,TIGHTROPE,0
21346,"One always on hand for a date, say",palm,palm,double definition,ELHI,0
60209,Lambretta-rider taking exercise on one?,moped,moped,double definition,SCOOT,0
15359,Cyclist's condition?,rider,rider,double definition,SPOKED,0
39977,Rose and disconnected speaker,rambler,rambler,double definition,PETALS,0
69643,Controlled by the computer stealthily?,underthecounter,under the counter,double definition,ON THE QT,0
124968,Exciting? No!,turningon,turning on,double definition,NOT BAD,0
4189,Book not one's first choice,reserve,reserve,double definition,SEQUEL,0
124169,Incidental information in window by door,sidelight,sidelight,double definition,PARENTH,0
32002,Where we hear the canopy of power may be brought down,overthrown,overthrown,double definition,PARLIAMENT,0
99957,Sturm und Drang applied to mopheads?,shocktactics,shock tactics,double definition,STORMY WEATHER,0
60136,It's what it does to another Rev,butterfly,butterfly,double definition,CONVERTS,0
141633,Apply water to cut flowers,spray,spray,double definition,WATER,0
17849,Producing elastic,yielding,yielding,double definition,SPRINGY,0
20425,It's what could snatch victory from one side,laterally,laterally,double definition,UPSETTER,0
124634,Pregnant warbler? It's the sound of spring!,boing,boing,double definition,ROBIN,0
16183,"Sam's wife Sally, perhaps",aunt,aunt,double definition,AUNT,1
116650,"Is beyond the reach of social services, which is inevitable",cantbehelped,cant be helped,double definition,IS BEYOND HELP,0
78774,It could include Red Queen,royalflush,royal flush,double definition,DECK OF CARDS,0
65271,Pipe obtained from branch that is by river,brier,brier,double definition,BRIER,1
110058,You'll hardly find whips as tolerant as this,aslaponthewrist,a slap on the wrist,double definition,ASGENTLEASALAMB,0
62379,"Unhealthy state of America, briefly",ill,ill,double definition,ILL,1
71754,Tiresome magistrates get used to it,trying,trying,double definition,JUDGES,0
45864,He suffers from a lack of balance,bankrupt,bankrupt,double definition,ATAXIAS,0
24614,Cure for extreme dyslexia,remedy,remedy,double definition,SEDATE,0
51309,Invitation to trencherman,digin,dig in,double definition,EATME,0
107363,Might contain live wire?,powerhouse,powerhouse,double definition,POWERPOINT,0
67039,Bird making rude noise,ruff,ruff,double definition,EMUS,0
102150,Tea - its anagram - tea?,eatbetweenmeals,eat between meals,double definition,EAST TEA TOAST,0
126391,Deer takes one for a ride,does,does,double definition,ELKS,0
86581,Porky's tip on the radio,tale,tale,double definition,PIGS,0
17524,Run over?,extra,extra,double definition,ELATE,0
138420,Examine local yokels - to put through the wringer,lookcloselyat,look closely at,double definition,TEST LOCAL PEOPLE,0
48173,They don't mind their own business,agents,agents,double definition,NEIGH,0
57712,Sail across this or surf several?,channel,channel,double definition,WEBSURF,0
76130,Small in two ways?,modest,modest,double definition,MINOR,0
126370,Loss of player - perhaps from something that disagreed with him?,foolsparsley,fools parsley,double definition,STOMACH UPSET,0
44972,The power of a waterfall,force,force,double definition,WATT,0
49011,Free … or the BBC's heading for extinction,untie,untie,double definition,OPEN,0
135631,Result of depression whilst husband's away? Could be,lowspiritedness,low spiritedness,double definition,THE BLUES,0
118064,Airdrie resident's more in need of liquid refreshment,drier,drier,double definition,SCOT,0
10063,Creditworthy?,believable,believable,double definition,CREDIBLE,0
24845,Elaborate blossom,develop,develop,double definition,FLOWER,0
87653,We're told sailor's girlfriend may be dressing,oliveoil,olive oil,double definition,WE'RE TART,0
93788,"Ultimately, Marilyn Monroe had to appear ditzy - never mind!",noharmdone,no harm done,double definition,NO BIG DEAL,0
123902,It is found growing next to the trunk,tusk,tusk,double definition,BARK,0
60023,Propose relocation,move,move,double definition,MOVE,1
73796,Back seats worth their weight in gold?,tonneau,tonneau,double definition,REARSG,0
62608,"Rupert Bear, say?",brooke,brooke,double definition,TEDDY,0
1689,It can result in call for reserve,netcord,net cord,double definition,EGG ON,0
36218,Admire a fast rider,revere,revere,double definition,ADORES,0
102531,Blooming monarch abdicating as movement arriving,inflow,inflow,double definition,LILIAS,0
72148,It keeps its mouth open to strike victim,lamprey,lamprey,double definition,VIPERS,0
58811,Place where dangerous plot may be hatched,hotbed,hotbed,double definition,NESTS,0
88350,Authors announced titles,writes,writes,double definition,NAMED,0
44655,Primarily demonic and wicked - the master from hell?,devil,devil,double definition,SATAN,0
86152,"Game, or its start, as heard on radio",golf,golf,double definition,ONTO,0
26388,Engage in rigging,tackle,tackle,double definition,RIGOR,0
35350,Kind of party animal,stag,stag,double definition,LION,0
4988,Junk food,spam,spam,double definition,SNAX,0
29833,Coin for pig,napoleon,napoleon,double definition,SILVER,0
20090,Deal possibly set aside,offcut,offcut,double definition,REMITT,0
36729,It is bound to show the titles,peerage,peerage,double definition,BINDING,0
59427,Frosty waitress in old corner house,nippy,nippy,double definition,ICING,0
94069,Shooting failure in the Caribbean?,tobago,tobago,double definition,MISFIR,0
33425,Wife abroad? Cheat endlessly!,frau,frau,double definition,AWOL,0
53153,Cheat to get violin,fiddle,fiddle,double definition,FIDDLE,1
33327,Doctor's prescription for management,treatment,treatment,double definition,MEDICAL,0
19057,Club member doing a good turn?,rotarian,rotarian,double definition,ROTATOR,0
16622,Percy's resistance to push for change in advance,hotspur,hotspur,double definition,BYRONIC,0
25488,No encore for such a performance? That's gross!,unrepeatable,unrepeatable,double definition,MATINEEPERFORMANCE,0
74878,"It could be eaten sailing, or it could be sweeping",generalisation,generalisation,double definition,BROOMHANDLE,0
122902,"Following closely, a lot on site for development",nosetotail,nose to tail,double definition,ALOTONSITE,0
130622,"In front of mirror, taking advantage of reflection",musing,musing,double definition,REFLECT,0
46932,Relief organisation for the hot and peevish?,redcross,red cross,double definition,RED CROSS,1
28713,He will see what others have to say,lipreader,lip reader,double definition,THE ECHO,0
38004,Rude and very Scottish sort of hut,uncouth,uncouth,double definition,BUTCHER,0
60250,"Begin to sparkle, as smoker might?",lightup,light up,double definition,LIGHTUP,1
108914,"Construct a house as advertised, we hear",build,build,double definition,BUILD,1
51355,Stay faithful,staunch,staunch,double definition,ABIDE,0
95541,The girl to take action,sue,sue,double definition,ACT,0
20070,"Condemned? Not right, put on trial",accused,accused,double definition,ONTRIAL,0
46034,Relative of the weasel even more outrageous?,otter,otter,double definition,OTTER,1
33639,Running for the job,operation,operation,double definition,CANDIDATE,0
27594,Look over tower,keep,keep,double definition,EYES,0
88028,"Redeemed, made amends or converted",ransomed,ransomed,double definition,ATONED,0
20040,Mackerel bait?,sprat,sprat,double definition,LURE,0
29298,A hazard on the table or in the field,potshot,pot shot,double definition,TEA TRAP,0
21194,Grass performing well?,inform,inform,double definition,LAWNS,0
61280,Dishonest proclivity,bent,bent,double definition,VICE,0
10881,Partners who dance up in close formation,couples,couples,double definition,ENCODE,0
17240,In which pupil appears to flag,iris,iris,double definition,EYEL,0
102073,Work out cricket team's not old,suss,suss,double definition,TEAM,0
9656,Belief which may be taken up,tenet,tenet,double definition,TENET,1
110327,Revelations of secret trips,outings,outings,double definition,ITINER,0
2439,Fight possibly rigged,spar,spar,double definition,SETA,0
67914,Single swimmer's base,sole,sole,double definition,FINA,0
109614,"The way things stand, a strike's not new",asitis,as it is,double definition,ASIS,0
26759,General concession,grant,grant,double definition,ADMIT,0
56034,Bar snack?,chocolate,chocolate,double definition,PEANUTS,0
18828,Meet in a bar,abut,abut,double definition,DATE,0
121510,Cuts prize given to rugby players,medallions,medallions,double definition,SCISSORS,0
25422,It's right by the map,eastward,eastward,double definition,LEGEND,0
114838,Gathers crowds when speaking,hoards,hoards,double definition,ORATOR,0
79460,Production of Haydn's oratorio,creation,creation,double definition,CREATION,1
16252,Is he up to repairs?,tiler,tiler,double definition,MENDER,0
59047,Common former leader,heath,heath,double definition,EXCES,0
106486,Wine that's held up by guys getting tight,tent,tent,double definition,PORT,0
78502,Of course Nijinsky was one,racehorse,racehorse,double definition,DANCER,0
61315,Chain letters?,mail,mail,double definition,ABCD,0
79371,Breathe with difficulty and gag,wheeze,wheeze,double definition,CHOKES,0
79649,"Docks associated with locks, we hear",quays,quays,double definition,QUAYS,1
107834,Snooty head of a religious order,superior,superior,double definition,ABBESSS,0
76523,Member worried partner,mate,mate,double definition,SPAS,0
56688,Annoyed at being inconvenienced,putout,put out,double definition,PUT OUT,1
116153,"Small tots, primarily on wheels - in these?",strollers,strollers,double definition,PRAMCARS,0
44992,Wood that is abandoned somewhere in Africa,natal,natal,double definition,EBONY,0
49735,What sucker needs a politician?,straw,straw,double definition,VOTER,0
86013,See one and fancy double?,lookalike,lookalike,double definition,TWOTIMER,0
91827,"Travelled free to Oxford, say, and got married",hitchedup,hitched up,double definition,RIDE ANDTIE,0
26697,So much room for jogger?,elbow,elbow,double definition,SPACE,0
109169,Vocal tribute to Japanese camper van?,nessundorma,nessun dorma,double definition,ODD SONG,0
97307,Can I take a butcher's consideration?,letmesee,let me see,double definition,BUT I SEE,0
4244,Party? Try to have one,bash,bash,double definition,DOIT,0
18500,Serene spirit comes from this,still,still,double definition,CALMS,0
39179,Wooden tile dashed with pebbles?,shingle,shingle,double definition,DOMINOES,0
32662,They won't stand for their instruments being played,cellists,cellists,double definition,SEATBELTS,0
86568,Cut that ensured Macduff's survival,caesarean,caesarean,double definition,CAESURAS,0
31939,Seeming to act as representing another,appearing,appearing,double definition,DEPUTISING,0
64382,State nicknamed sooner rather than later: OK?,oklahoma,oklahoma,double definition,OKLAHOMA,1
60822,A name is called a name,monica,monica,double definition,MONICA,1
95333,Here visitors may check in for a social occasion,reception,reception,double definition,RECEPTION,1
127453,German philosopher's more cheerful,gayer,gayer,double definition,KANTER,0
64358,"Being in league, agreed to get rid of leader",allied,allied,double definition,ALLIED,1
73695,Boost announced for Alexander's father,philip,philip,double definition,BOOSTS,0
1309,"Translated ""plastered""",rendered,rendered,double definition,TIPPLED,0
38553,Despicable people on top,scum,scum,double definition,EVIL,0
32221,Restaurant cutlery,canteen,canteen,double definition,SILVER,0
61927,Exploit dwarf,stunt,stunt,double definition,USEUP,0
8368,Cloth goes with bathroom items,toiletries,toiletries,double definition,LINENSETS,0
52610,Endless hilarity over barber's offering,trim,trim,double definition,LAUG,0
41326,It may reveal hidden charges,minedetector,mine detector,double definition,PRICE LIST,0
20677,Trickery's insult to an audience,sleight,sleight,double definition,ABUSE,0
86583,Finish off incredible eastern story,tale,tale,double definition,ENDS,0
90867,Successful escape requires them to be clean,heels,heels,double definition,ALIB,0
82993,Lowers stock of the hoi polloi,herd,herd,double definition,DEMS,0
74487,He says he's a Muslim leader,imam,imam,double definition,IMAM,1
17832,Josh gets scared,windup,wind up,double definition,GETS,0
24196,Sound conductor of German songs,lieder,lieder,double definition,MAEST,0
69569,One of those sweet utterances of lovers in love,nothing,nothing,double definition,NOISES,0
23822,Where fallen gladiators bit the sand in ancient Rome?,arena,arena,double definition,ARENA,1
113656,Person taking money,nicker,nicker,double definition,TAKER,0
76473,Boatman's a knave!,jack,jack,double definition,ROER,0
119955,Sounds just so ill,sick,sick,double definition,SEEM,0
114633,Raise glasses for final drink,bottomsup,bottoms up,double definition,TOASTS,0
27513,One cuts a person who easily shifts positions,trimmer,trimmer,double definition,TURNER,0
75843,Nonconformist church raised cross - what's the point?,crux,crux,double definition,AIMS,0
100161,They are made to scale,ladders,ladders,double definition,MODELS,0
21430,"Like ""Gone with the Wind"" for the picture industry?",epic,epic,double definition,EPIC,1
2040,Make-up (whichever covers a cat),anatomy,anatomy,double definition,FELINE,0
42104,Burrow in soil,earth,earth,double definition,HOLES,0
87338,Fix sort of case that's curtailed,attach,attach,double definition,MENDS,0
16227,"Hot in seat, how hot it is!",phew,phew,double definition,TORA,0
81090,European noblemen depicted by American author,donmarquis,don marquis,double definition,EARL GREY,0
35005,Is one prepared to walk out for a wedding?,union,union,double definition,AISLE,0
16107,Money raised by word of mouth,bread,bread,double definition,ORAL,0
52130,It's our entitlement,name,name,double definition,DUES,0
85282,Reprimand means no further credit will be given,tickoff,tick off,double definition,NO GO,0
43607,With lines or the opposite?,inverse,inverse,double definition,ONLINE,0
34925,"It could contain jam, but is certainly not jammed",ajar,ajar,double definition,JARS,0
17749,Odd starting point for a hobby,trainspotting,trainspotting,double definition,PASTIMEBEGIN,0
1176,"After passing, notice cycle right away",obit,obit,double definition,NOTA,0
34982,"Say ""fling about' in Scandinavia",dance,dance,double definition,SLING,0
84589,Flight for flight?,fireescape,fire escape,double definition,BIRD FLU,0
106090,"I'm sort of top, but going up and down",yoyo,yo yo,double definition,NO ON,0
72676,Official voice of the cyclist?,spokesman,spokesman,double definition,SPOKESMAN,1
95226,Engineer to turn to Preminger,otto,otto,double definition,OTTO,1
89382,Supervised position of lumberjack?,oversaw,oversaw,double definition,LOGGING,0
129476,"Capes, which are exactly the same",carboncopies,carbon copies,double definition,CLONES CAPE,0
11124,Humiliating remark was repressive,putdown,put down,double definition,PUT DOWN,1
50571,Bar - don't spend!,save,save,double definition,SAVE,1
11122,Recorded snub,putdown,put down,double definition,TAP IN,0
70709,Short programme for the handicapped?,rehab,rehab,double definition,ABRID,0
80582,Part of Turkey's employed in fencing,wattle,wattle,double definition,LEGEND,0
29789,Birds can do it with their eyes shut,peep,peep,double definition,PECK,0
101937,Be clearly out when turning ball goes to fielder,breakcover,break cover,double definition,BE BOWLED,0
84484,Suckers for medical treatment,leeches,leeches,double definition,PATIENTS,0
135587,"Well, what might have me beatified?",mygoodness,my goodness,double definition,AS SAINT,0
19113,How much harvested? Give up!,yield,yield,double definition,YIELD,1
42405,I do without a bit of money,coin,coin,double definition,WEDS,0
1001,Drink to a virtuous character,toast,toast,double definition,TEETH,0
106268,Abandon royal dignity,abdicate,abdicate,double definition,DEROBE,0
24075,To be drunk neat?,tight,tight,double definition,STEW,0
65692,Sound punishment for murderer,cain,cain,double definition,SLAP,0
10942,Uproar in jail,stir,stir,double definition,RIOT,0
37791,Refuse assent in the end,object,object,double definition,DENIAL,0
30629,Parson's remedy,cure,cure,double definition,CURB,0
53545,Sort of figure that changes with time?,hourglass,hourglass,double definition,HOURGLASS,1
29009,Ugly duckling?,cygnet,cygnet,double definition,PLAIN,0
65899,It's put on by a better singer,treble,treble,double definition,TUNING,0
48116,Blanching stakes,paling,paling,double definition,BETTER,0
33925,Order pudding,applepie,apple pie,double definition,STEAK PIE,0
65357,Manoeuvres to win hard races,rushes,rushes,double definition,TACTICS,0
76634,Licence to overtake,pass,pass,double definition,PERM,0
115190,Discuss and OK travel arrangements,talkover,talk over,double definition,TALK OVER,1
132736,City investments?,sieges,sieges,double definition,STOCKS,0
97209,Very many are of minor importance,countless,countless,double definition,NUMEROUS,0
121527,Fractions of the highest order,eighths,eighths,double definition,SUBSETS,0
92520,Currency that might introduce a list,colon,colon,double definition,EUROS,0
34624,Footwear by which the Irish may be recognised,brogue,brogue,double definition,BROGUE,1
37975,Sounds like conversation has a twist,torque,torque,double definition,TALKS,0
1482,The advantage of retired gentlemen,edge,edge,double definition,EDGE,1
25668,"Like one with toes but no middle fingers, say",digits,digits,double definition,ODDLY,0
15906,Hard worker making veiled threat to PC?,trojan,trojan,double definition,BEAVER,0
1470,On which tense?,edge,edge,double definition,SEAT,0
4779,Thomas is example of one that needs no tender attachment,tankengine,tank engine,double definition,ST TOM,0
4079,Twice as fair,soso,so so,double definition,SO SO,1
130713,Tea and toast,drink,drink,double definition,BREAD,0
41821,Oil wheel,castor,castor,double definition,CAMSHAFT,0
15174,A positive sign,plus,plus,double definition,PLUS,1
26030,Murphy's digger,spud,spud,double definition,SPAD,0
15976,Close time?,night,night,double definition,LOCKS,0
48628,Like following like?,such,such,double definition,ALIK,0
63746,Something to hide under after final bombs can be blown up,inflatable,inflatable,double definition,UMBRELLA,0
29370,"Big build-up in New York, for example",skyscraper,skyscraper,double definition,SKYSCRAPER,1
5396,Contract office boss,stud,stud,double definition,GMAN,0
61403,A quiz night without a quiz? Hardly on the cards,bezique,bezique,double definition,RAFFLE,0
80851,Prince appears more wet?,rainier,rainier,double definition,RAINIER,1
106776,What cross-country runners do to a boy?,harry,harry,double definition,CHASE,0
69154,Brother to Uncle Remus,brer,brer,double definition,BRER,1
56778,OSCAR?,limo,limo,double definition,AWAR,0
124080,Second from last in race failing at the finish,closing,closing,double definition,NEARLY,0
98062,Bound to be recorded,taped,taped,double definition,ONTAPE,0
14998,The issue of offspring,grandson,grandson,double definition,PROGENY,0
105027,Nothing dissimilar to ...,notasausage,not a sausage,double definition,A BIT LIKE,0
81239,Left-wing alliance meeting in promenade,popularfront,popular front,double definition,LABOUR PARTY,0
110828,"Making out, being clever",discerning,discerning,double definition,DECIPHERING,0
24672,Unexpected cash found in boat,gravy,gravy,double definition,LUCKY,0
66420,Charge sheet?,pricelist,price list,double definition,BILL OF,0
49657,Ways of life further south,mores,mores,double definition,MODES,0
101786,Evergreen creeper,grasssnake,grass snake,double definition,IVY LEAGUE,0
133045,Appropriate Dickens character,pocket,pocket,double definition,OLIVER,0
99415,As vehicles should be when left on the road,righthanddrive,right hand drive,double definition,LOCKED UP,0
101417,A number of Germans practised deception,lied,lied,double definition,WEHR,0
16718,Who the author mentioned in disbelief?,dickens,dickens,double definition,WHOEVER,0
46644,"Come to pass, maybe, in Yorkshire",happen,happen,double definition,HAPPEN,1
78022,Pitch of the road,macadam,macadam,double definition,CAMBER,0
51379,Battle celebrated by Orange type,blenheim,blenheim,double definition,BOYNE WATER,0
108041,Extract item from box of ornaments?,clip,clip,double definition,BAUB,0
11735,Smell smoke,reek,reek,double definition,REEK,1
38853,Seaman in Cork not good member of crew,bosun,bosun,double definition,SAILOR,0
30969,"Imposed as a duty on the vicar, for example",incumbent,incumbent,double definition,LEVIEDON,0
107653,Accomplished boxers will be upset if they have to be,carriedout,carried out,double definition,SKILLED BOXERS,0
72079,Be very successful at campanology?,ringthebell,ring the bell,double definition,RING IN THE,0
121430,Possible message from holed ship?,sos,sos,double definition,SOS,1
95638,"Close, so raced up to a disturbance",narrow,narrow,double definition,NEARBY,0
78634,Annoyed at little green man's invitation?,cross,cross,double definition,ALIEN,0
17037,One is left without a souvenir,remainder,remainder,double definition,MEMENTO,0
79280,Cutter from the east,scimitar,scimitar,double definition,SCYTHE,0
10131,Farmed in a civilised way,cultivated,cultivated,double definition,AGRICULTURE,0
44675,Perhaps Palin's modern language,python,python,double definition,ENGLISH,0
18296,Don't hit a girl,miss,miss,double definition,SLAP,0
78364,Where trouble's expected to end in a fight,mill,mill,double definition,BARS,0
43665,Wrong colour suit to deliver coal?,blackdiamonds,black diamonds,double definition,BLACK SUIT,0
92180,That's Latin for you!,idest,id est,double definition,ID EST,1
88100,A good line in stock?,pedigree,pedigree,double definition,SHARES,0
55667,Given room but taken advantage of - that's not on,putup,put up,double definition,LET ON,0
125571,Is in danger of falling for accountants?,totters,totters,double definition,ATRISK,0
125222,Heavens above!,skies,skies,double definition,SKIES,1
100686,"Never, never, never fall for such a euphemism!",easyterms,easy terms,double definition,NEVER SAY DIE,0
90837,Reckoned it's deliberate,calculated,calculated,double definition,INTENTIONAL,0
11446,Crimean War settlement here,yalta,yalta,double definition,SEVAS,0
18107,"He will have marked cards, of course",tipster,tipster,double definition,CHEATER,0
141591,"Quiet and timid, like Mickey, Jerry or Stuart?",mousy,mousy,double definition,MICEY,0
6213,Sweet Manx language,maltese,maltese,double definition,MANXES,0
85769,French monarch's solution? Fighting not fleeing,louis,louis,double definition,LOUIS,1
141154,Raided by the police and broken,busted,busted,double definition,BURGLE,0
124190,Does song show elements of commendable quality?,goodness,goodness,double definition,MERCES,0
35277,Wood is often hard,knotty,knotty,double definition,TIMBER,0
41159,It brings a lump to one's throat,adamsapple,adams apple,double definition,ADAM'S APPLE,1
123418,"Decorate from top to bottom, or vice versa",repaper,repaper,double definition,ADORNS,0
133918,Acts that violate acts,crimes,crimes,double definition,CRIMES,1
15822,Better or worst?,outdo,outdo,double definition,BEST,0
74762,It may catch one in the act,safetynet,safety net,double definition,SPY GLASS,0
16889,I tape record criminally?,pirate,pirate,double definition,RECORD,0
9751,Don't take what's taken on departure,leave,leave,double definition,LEAVE,1
85829,Come to a party,wake,wake,double definition,ARRR,0
2417,Group's chiastic rhyme scheme,abba,abba,double definition,ABAB,0
45401,Fine man,eric,eric,double definition,MENS,0
116229,One of the ship's company has a possible cut limb,crewmember,crew member,double definition,CREW CUT,0
126867,Classic comprises great lines,saintleger,saint leger,double definition,GREAT LINES,0
2362,A pound of sultanas?,seraglio,seraglio,double definition,RAISINS,0
61181,Plan a porno picture?,blueprint,blueprint,double definition,BLUEPRINT,1
120919,Laugh at dummy,mock,mock,double definition,MOCK,1
56538,Strong drink,stout,stout,double definition,WHISKY,0
25543,Settle on a solution in the crossword,alight,alight,double definition,ANSWER,0
42130,Poles separated? There's clue in that!,antipodes,antipodes,double definition,POLARISE,0
7007,Beat nervous tension,stress,stress,double definition,UNWIND,0
26504,(rank outsider) The Undertaker,trier,trier,double definition,WREST,0
29690,Theatre of the obscenely rich,lyric,lyric,double definition,PLAYAS,0
118883,Quick drinks for horses?,snorters,snorters,double definition,NEIGHBORS,0
84722,"""Crossing a Line"" by a dramatist",traversal,traversal,double definition,PLAYWRIGHT,0
34615,Tongue of stout shoe,brogue,brogue,double definition,LACES,0
56742,Playing live together,inconcert,in concert,double definition,IN TAND,0
98695,They show frightening ability in their field,scarecrows,scarecrows,double definition,SCARECROWS,1
85512,Sound opening pace,gait,gait,double definition,ALOP,0
44543,This man may advertise food and old port,sandwich,sandwich,double definition,GENTLEMAN,0
92908,The man from whom Samuel imbibed wisdom,eli,eli,double definition,ELI,1
8943,Singular-looking giant?,cyclops,cyclops,double definition,OGREISH,0
18751,Poet's unworthy of town in South Wales,neath,neath,double definition,MONA,0
28043,Don''t grant a prayer or. . .,refusecollector,refuse collector,double definition,DENYING,0
68062,Limited cure,specific,specific,double definition,REMEDY,0
34310,A number work very hard,strain,strain,double definition,TOILS,0
121784,It was used to make links at Gretna Green,forge,forge,double definition,ANVIL,0
104327,Manage to exercise,run,run,double definition,TRY,0
60426,Where children are to be found between two and five?,creche,creche,double definition,ATREE,0
25756,It requires courage to have one - rather than love!,battle,battle,double definition,NERVE,0
53500,Underwear? We may well have seconds,boxers,boxers,double definition,BRIEFS,0
74610,Mishandled pistol went off,spoilt,spoilt,double definition,MISFIR,0
127900,"Pronounced as ""venson""? I haven't a clue!",noidea,no idea,double definition,NO CLUE,0
30890,"Spell ""trinket""",charm,charm,double definition,CHARM,1
979,Heartless head cook,chef,chef,double definition,CHEF,1
91923,One who jumps man with gun,starter,starter,double definition,ASSAIL,0
65631,Races when going to bed,ascot,ascot,double definition,SLEPT,0
15502,"""Bit of a Bloomer Arising"" (Lawrence Harris)",floret,floret,double definition,DHABI,0
35795,Target a friend of the family?,auntsally,aunt sally,double definition,AUNTIE,0
26743,Result of many taking risks,crash,crash,double definition,PERIL,0
65320,The strain of the French Revolution,marseillaise,marseillaise,double definition,TERRORREIGN,0
46656,Faked evidence of factory growth,plant,plant,double definition,PLANT,1
85219,Roman judgement days satisfied constituents,diesfasti,dies fasti,double definition,DIETAS,0
53089,A group often described as vicious,circle,circle,double definition,PACKS,0
62687,Piece of harness,bit,bit,double definition,YOK,0
110516,Pelt with dried berries,pepper,pepper,double definition,TANNED,0
57921,Favour partner for girl,grace,grace,double definition,OBIAS,0
13909,"Yes, truly an inspiration",yeah,yeah,double definition,AYES,0
100047,Fish appeared to be off,smelt,smelt,double definition,SMELL,0
20602,Initial typeset without reversion,stet,stet,double definition,FONT,0
107635,Proceed to do as the GP might do with a recent graduate,putintopractice,put into practice,double definition,GO ON TO SEE,0
593,Manage without an intermediary,direct,direct,double definition,DIRECT,1
21467,Perhaps the worst disease in living memory,alzheimers,alzheimers,double definition,ALZHEIMERS,1
14451,A close shave?,scrape,scrape,double definition,NEARBY,0
66303,Swim before one can walk,crawl,crawl,double definition,CRAWL,1
121051,Attended a glittering performance and was knocked out?,sawstars,saw stars,double definition,STAR STRUCK,0
82995,The masses listened to broadcast,herd,herd,double definition,AMAS,0
36215,"Have great respect for Paul, perhaps",revere,revere,double definition,REVERE,1
71802,"Lever needs push, we hear",pedal,pedal,double definition,BARON,0
51365,Stay true,staunch,staunch,double definition,ENDURE,0
111605,Keeps warm and quiet,muffles,muffles,double definition,SMOTHER,0
29624,It can be converted into a cupboard,cabinet,cabinet,double definition,WARDROBE,0
73712,Aggressive female banker,amazon,amazon,double definition,TIGRESS,0
78234,A hewer of wood and a drawer of water,turner,turner,double definition,SAWYER,0
38393,"In speech, commend one in the Upper Chamber",lord,lord,double definition,LORD,1
32048,Grain yield report,seed,seed,double definition,EARS,0
78877,Ancestral building - a royal house,lancaster,lancaster,double definition,PALACEAN,0
23617,Partition between pigs and birds,swallows,swallows,double definition,STYLISTS,0
48441,He saw himself as winning on the pools,narcissus,narcissus,double definition,NOBLEMAN,0
108682,"It could be folded once, or twice - it's ambiguous",doublemeaning,double meaning,double definition,TWOFOLD,0
