Index,Clue,Solution,Spaced_Solution,gemma_predicted
135430,"Achy shaking stopped by iodine, salt and kaolin",chinaclay,china clay,assemblage
93485,Paid the bail for a sound woman,freda,freda,assemblage
14535,Turns up in chilly surroundings yet well received,popular,popular,assemblage
126864,Foreign currency racket completely disheartened auditor,dinar,dinar,assemblage
49144,Improved a carving with direction,cameon,came on,assemblage
33191,"s ""a hairy man"", speaking in child's play",seesaw,seesaw,assemblage
65864,"Message left in note, eg ""Castle in the morning""",telegram,telegram,assemblage
7713,"Horny beast imagined finding garment ripped, models having fled",unicorn,unicorn,assemblage
65892,Sword giving enemy cut to one leg,foil,foil,assemblage
88123,Poet's round - very one just cited,ovid,ovid,assemblage
102698,On which the unemployed needed drink or warm brew before church,jarrowmarch,jarrow march,assemblage
140405,Australian birds scrub duds,brushturkeys,brush turkeys,assemblage
109857,Number of copies produced of picture for all to see in the navy,printrun,print run,assemblage
56259,Dubious moment to go topless,iffy,iffy,assemblage
78909,Uncommon pronoun,royalwe,royal we,assemblage
117476,What's worn by Amazons as custodians?,wardresses,wardresses,assemblage
111029,Tries hard with a cereal,hasago,has a go,assemblage
14041,Injure a black beetle,scarab,scarab,assemblage
71248,Cabinet minister provides rally in disaster,lordprivyseal,lord privy seal,assemblage
82116,One way to get team something in a pie,mincemeat,mincemeat,assemblage
62747,Oddball wants to perform on dam,weirdo,weirdo,assemblage
88285,Grow increasingly furious with puzzle,bewilder,bewilder,assemblage
120504,Expression of surprise at topless Winnie,ooh,ooh,assemblage
131856,Band crew/outfit leaders on road - useful for light adjustment,sashcord,sash cord,assemblage
51680,Top man secures first place for author,kipling,kipling,assemblage
36053,Turkish leader about to conclude the business,agenda,agenda,assemblage
15514,Star surprisingly is over a year missing,astray,astray,assemblage
24258,"Irritates spaniel's head, which is uncalled for",needless,needless,assemblage
30742,I take five outside to do test again,resit,resit,assemblage
139806,Midsummer Day ends with a group of sailors,rya,rya,assemblage
87240,"Place order, getting from pick-up to destination, showing self-possession",aplomb,aplomb,assemblage
56653,Scrap a piece of classical music,raga,raga,assemblage
112535,Novel with first part abbreviated: unruly mob around me aren't consistent,mmebovary,mme bovary,assemblage
9639,Continue to strike a man,ramon,ramon,assemblage
99593,"Part of Tennessee Williams' last ""hip"" production: morose, electrifying Marlon initially in the lead",memphis,memphis,assemblage
7013,Tension disturbed rest on ship,stress,stress,assemblage
107759,"Utters a dictum, so there's nothing missed",says,says,assemblage
81319,Primate with cross in position of eminence,apex,apex,assemblage
112041,Chap sadly back around houses in Spanish city,salamanca,salamanca,assemblage
62445,"Set well back, marsh east of Senegalese capital",stiffen,stiffen,assemblage
11241,Drink without a container sent back source of milk,coconut,coconut,assemblage
105358,"Writer in a hurry to do so, too",rushdie,rushdie,assemblage
119085,"Residence in block, a squat",bungalow,bungalow,assemblage
79884,No laughs disrupted Evert's closing attack,onslaught,onslaught,assemblage
136017,Disciples are against books by stars,votaries,votaries,assemblage
97645,A politician's current measure,amps,amps,assemblage
49653,Society follows better customs,mores,mores,assemblage
68452,Turn and hide glass,windscreen,windscreen,assemblage
110387,Briefly contemplate a chop reserved for Spaniard's meal,gazpacho,gazpacho,assemblage
3418,A buddy rejects sport for which he's not paid,amateur,amateur,assemblage
76110,Virgil's lines against leaving heaven during tide change,theaeneid,the aeneid,assemblage
12579,Benefit favouring the healthy,profit,profit,assemblage
53052,Fish ate weed,haddock,haddock,assemblage
6637,One vintage port that's perfect,ideal,ideal,assemblage
75375,Parliament success: what about Mr Coe? Negative,naseby,naseby,assemblage
101963,Where to hole a vessel among the fleet,amidships,amidships,assemblage
137716,Fiddle with French car that's dropping back,fraud,fraud,assemblage
136954,One hesitates to revive English leader after knockout,anaesthetise,anaesthetise,assemblage
14556,The bicycle provided for coppers at one time,pennyfarthing,penny farthing,assemblage
78921,Poem about Ulysses essentially at end of Troy,odyssey,odyssey,assemblage
46124,Backward country's government relinquished control,rein,rein,assemblage
18147,Cautionary cry in Somerset,watchet,watchet,assemblage
83781,Lack of control in a Hackney report,ataxy,ataxy,assemblage
135550,"Ruin what you do, separating messily in NYC",insolvency,insolvency,assemblage
89259,"Better old city parking, as on board?",surpass,surpass,assemblage
131774,How one may make progress on one's feet,insteps,insteps,assemblage
118699,"Awake, went out rejuvenated",updated,updated,assemblage
49154,Give up because of one's self-image?,forego,forego,assemblage
33759,Bishop has to dismiss rising resistance to church,exarch,exarch,assemblage
88824,Unpleasant period having fibre to eat,roughage,roughage,assemblage
36873,One may have a fair throw at it,coconutshy,coconut shy,assemblage
136427,They're not static water towers,tugboats,tugboats,assemblage
20590,"Very strict cook, marginally improved",rigid,rigid,assemblage
27022,"Silver and jade, like Yeatsian midnight",aglimmer,aglimmer,assemblage
68631,Ascetic almost spoiled food,yoghurt,yoghurt,assemblage
52780,A despatch note?,deathwarrant,death warrant,assemblage
113746,Influence of Tory boor,clout,clout,assemblage
97348,"If that's really the hat you want, I'm not stopping you",onyourheadbeit,on your head be it,assemblage
103047,Firm recalled watchmaker at noon for special event,occasion,occasion,assemblage
130037,Agency worker almost the last word in saucy humour,temperament,temperament,assemblage
58815,Sexy bottom? It might encourage rapid but unwelcome developments,hotbed,hotbed,assemblage
120027,Off day? That is criminal,baddie,baddie,assemblage
131905,"God, who's flipping cut grass that's already been cut and dried?",yahweh,yahweh,assemblage
8075,Dog mounting sheep,mutton,mutton,assemblage
90907,What the publican calls late on many occasions,timeaftertime,time after time,assemblage
92289,They watch as three points can go to Golf driver,sentinels,sentinels,assemblage
27833,Finish urge - that woman will,eggshell,eggshell,assemblage
87664,"Gather together in the morning, when heading to school",amass,amass,assemblage
136259,Current tests pushed back repressive force,stasi,stasi,assemblage
45328,Judge a royal nipper,arbiter,arbiter,assemblage
134097,Best of United's wingers running round Hearts scorer?,georgegershwin,george gershwin,assemblage
97538,"Came across a sailor, oddly skin and bones",metatarsi,metatarsi,assemblage
119876,Official order to blockade islands when there's a disturbance,incident,incident,assemblage
102393,Distress with endless problems one day before,aggrieve,aggrieve,assemblage
110550,Display unit of wine and spirits,reddevils,red devils,assemblage
114055,Boatman in youth given order to vacate land,navalcadet,naval cadet,assemblage
94794,Nothing to bone of bones,osteal,osteal,assemblage
12544,One gets up flowers,irises,irises,assemblage
28275,Prepare for scan on the Fourth of July,ready,ready,assemblage
64787,"Apart from Spanish white wine, mostly French white wine",barsac,barsac,assemblage
78750,Paid pounds for something at auction,gavel,gavel,assemblage
45235,Gamble a great deal on a patched-up tyre,lottery,lottery,assemblage
80812,One's inclined to strike with Popular Front,ramp,ramp,assemblage
328,Smooth limb at end of torso,legato,legato,assemblage
101752,"Restricted middle section used to be soft, then it was revised",waspwaist,wasp waist,assemblage
132261,Contract gamble upset live broadcaster?,beeb,beeb,assemblage
17691,Like to take one to a region where Jesus was born,asia,asia,assemblage
133184,Excite poorly-fed bird first,titillate,titillate,assemblage
86199,Alumnus sitting with Scarface is haunted,obsessional,obsessional,assemblage
12053,"Listener's home, the grave?",earnest,earnest,assemblage
132191,"When pressed, manages passes",getsby,gets by,assemblage
120780,"Shows insubordination, giving support to negotiations",talksback,talks back,assemblage
25985,One bombardier gets in before another,encore,encore,assemblage
87722,Writer improperly abridged,amis,amis,assemblage
19647,Old empress giving away last instrument,ocarina,ocarina,assemblage
95875,President exchanges vote for new fabric,ninon,ninon,assemblage
102140,"Floater, one joining church to criticise",icepan,ice pan,assemblage
103076,Function applied to cube with no fixed date,sinedie,sine die,assemblage
13659,Wanted revolutionary to support sideshow,desired,desired,assemblage
43509,Herod's son to gain entree to Rome ?,antipasto,antipasto,assemblage
123013,"Lawless one meeting end in electric chair, perhaps",anarchic,anarchic,assemblage
83431,Odd people in error in Eden,originalsin,original sin,assemblage
54257,"Squeeze round corners, leaning heads skywards in ravine",gulch,gulch,assemblage
33788,I follow through with spirit,peri,peri,assemblage
121561,"After head start, wind up on winners' tail: put your shirt on them?",hangers,hangers,assemblage
89373,Quarrel can get personal in place like Harrogate,spatown,spa town,assemblage
61851,Astonished by one-way fold,awestruck,awestruck,assemblage
70788,"Mammals (the last shall be first), named like Washington, say",eponymous,eponymous,assemblage
88354,"Former eastern country, catching bug, going west with eastern dressing",mayonnaise,mayonnaise,assemblage
42965,Emitting light from silver base,aglow,aglow,assemblage
116963,"Taking public transport back to worker after ten, he pays part of lease",subtenant,subtenant,assemblage
87505,"Argument tense, blowing top",tiff,tiff,assemblage
68732,Prompt service for TV presenters,idiotboard,idiot board,assemblage
260,Provincial half of army behind endless abuse,insular,insular,assemblage
71142,Poet having gone short of books,abse,abse,assemblage
104224,Numbers of a nonstarter,nono,no no,assemblage
69095,Blue wine is a washout,sadsack,sad sack,assemblage
20326,A daughter in French port finally off? Not so fast!,andante,andante,assemblage
47811,Artists apply to less than saintly monk,rasputin,rasputin,assemblage
85426,Mechanism for turning right in an agitated state,lather,lather,assemblage
107684,Composer's scornful work not given run,satie,satie,assemblage
139214,Over the moon here to have secret room,deepspace,deep space,assemblage
83334,"Crude, Puck? Not at first, with well-connected people",oilmen,oilmen,assemblage
140963,Actor with sheet sings from the bottom,filmstar,film star,assemblage
99777,The work yet to come from PL for truly harmon-ious movement,poetryinmotion,poetry in motion,assemblage
111745,"Dead popular thought, disposing of male!",insentient,insentient,assemblage
83741,"Sailor, soldier and girl join in dance",tarantella,tarantella,assemblage
35240,Hair and metallic mineral stink,furore,furore,assemblage
77728,"Superior selection of wines, we hear, which has sold a lot",bestseller,bestseller,assemblage
14218,Circulator to bear losing head,eddy,eddy,assemblage
20346,"First letter is open, perhaps letter from abroad",epsilon,epsilon,assemblage
44148,Bridge team that's in switched-off state - it can't last,transience,transience,assemblage
115544,Gym instruction by top man in place of games once,peking,peking,assemblage
91339,More than is required for six deliveries?,overcapacity,overcapacity,assemblage
35103,United supporters come back in a mess,snafu,snafu,assemblage
79676,Make use of the quality of diamonds - without diamonds,harness,harness,assemblage
116745,Hit I have in a regular series,successive,successive,assemblage
42522,Insects delightful? Not one - that's right!,licence,licence,assemblage
131796,Mate rounded Cape unnoticed,hubby,hubby,assemblage
62123,Indian sage that's been topped and crushed by child's mother,mahatma,mahatma,assemblage
10169,Nation in plan to lose weight,india,india,assemblage
110915,Lady golfer embraces feminist model in smart dress,whitetie,white tie,assemblage
33803,Tot's taking mother across river,dram,dram,assemblage
9566,Volunteers to return sombre tunic,tabard,tabard,assemblage
104675,Graphic artist uses wire and string,signwriter,signwriter,assemblage
2174,Herb in paper covering's behind the salt,tarragon,tarragon,assemblage
90362,Article comes together for Guardian messengers?,angels,angels,assemblage
83569,Thin binding weed - it's what's observed on road,speedlimit,speed limit,assemblage
121660,"Sweet where OAP is in EastEnders, perhaps?",afters,afters,assemblage
91077,Dress up a day in advance for lover,girlfriend,girlfriend,assemblage
12080,Lie concerning strength of character,fibre,fibre,assemblage
121128,Scruffy label on scruffy item of clothing,ragtag,ragtag,assemblage
120450,Priest's crime taking time in a clerical residence,parsonage,parsonage,assemblage
102609,"Suffering different elements, primarily hail",hellothere,hello there,assemblage
91484,Composer left a little bit of nonsense,fallal,fallal,assemblage
21197,About to experience the finale of William Tell,inform,inform,assemblage
15736,"Opening for a salesman turned up, true to form",aperture,aperture,assemblage
25655,"Enter Dotty, with bird's dance movement",entrechat,entrechat,assemblage
142265,Cry out for the old record format,yelp,yelp,assemblage
56118,"Petit dejeuner, one tucked away by worker in a bad mood?",croissant,croissant,assemblage
132272,"After a drink, German enthusiast gets a biscuit",gingernut,ginger nut,assemblage
15122,Drink for each returning academic,pernod,pernod,assemblage
9582,Top-class detectives initially left in clear,lucid,lucid,assemblage
46160,Primitive sailor of marked individuality,aboriginal,aboriginal,assemblage
116989,Parent with fruit,papaw,papaw,assemblage
58349,Travel through East End district with offensive weapon,crossbow,crossbow,assemblage
102947,Bones in the head all turned to point,patellae,patellae,assemblage
82828,Mark Antony's extreme spirit,brandy,brandy,assemblage
133038,"Go for somewhere in Scotland, as Dickens character",pickwick,pickwick,assemblage
24289,Penny has beer and pasty,pale,pale,assemblage
2119,Is young Blair a supporter? Insert number in Irish Sea,isleofman,isle of man,assemblage
31193,Prince not turning up for dance,charleston,charleston,assemblage
130810,Joint drinks parties,kneesups,knees ups,assemblage
123507,Cats finally sounding happy? That's encouraging,spurring,spurring,assemblage
64343,Clothing society suffering legal action,shellsuit,shell suit,assemblage
129802,Hawk seizing tail of mynah bird,chough,chough,assemblage
80173,Returns to digs for economy's sake,retrenches,retrenches,assemblage
17188,Snooker player breaks with end of cue,white,white,assemblage
123957,We murmur a short reply,humans,humans,assemblage
84810,"Taffy's home - right, left and roundabout",landofmyfathers,land of my fathers,assemblage
46118,Racket's centre starts to buckle under bombardment,hubbub,hubbub,assemblage
100731,Close to last time food warnings ensue,threats,threats,assemblage
53604,Dramatic confidence?,stagewhisper,stage whisper,assemblage
137650,Model receiving complaint to consider retiring after hostilities ended,postbellum,post bellum,assemblage
131463,Badger resorted to exit by road,streetdoor,street door,assemblage
40206,American small change being found in school is dodgy,suspect,suspect,assemblage
76832,To compensate for one short day is to take heart from another,satisfy,satisfy,assemblage
77279,Crazy over North American icon,madonna,madonna,assemblage
85039,"Each one opening, under no circumstances remaining open",uncover,uncover,assemblage
132678,East European city where two vessels turned up,krakow,krakow,assemblage
10979,Check demand for material,damask,damask,assemblage
89803,Mobster's joint is cover for card operation,scarface,scarface,assemblage
120047,"C, half-cut Bush, for example, gatecrashing his party?",cameron,cameron,assemblage
31190,Prince not getting up for the dance,charleston,charleston,assemblage
14982,Boy-meets-girl opera,leonora,leonora,assemblage
38536,Getting through to farms about ground that's always frozen,permafrost,permafrost,assemblage
93127,Prima donna gets a quid for appearing in lights,divali,divali,assemblage
67110,"An abstract point, to be exact",precise,precise,assemblage
112609,Sleep until noon (twelve),dozen,dozen,assemblage
120758,Snowman? College erected it,inuit,inuit,assemblage
6072,Bottom of league in Cheshire and East Lancashire?,cheese,cheese,assemblage
140892,Setter's upset over good answers to puzzles,enigmas,enigmas,assemblage
84465,Eat away without starting to bring back,etch,etch,assemblage
56976,European in next cell tortured in capital,excellent,excellent,assemblage
121312,Hole number dealing with bad habit,crevice,crevice,assemblage
61605,"Bulbs shining, these charged",onions,onions,assemblage
108513,Its partition was booked,redsea,red sea,assemblage
132928,"Beacons required to follow this, if range is to be obtained",brecon,brecon,assemblage
100257,Help fool individual with attitude,assistance,assistance,assemblage
70181,Peculiar issue more likely than not,oddson,odds on,assemblage
28384,"I am the cat among dairy produce, going to overlap?",imbricate,imbricate,assemblage
64671,I throw my weight around the angel,islington,islington,assemblage
19964,Honour given to boy king ...,oberon,oberon,assemblage
1697,"Like mistletoe, it is a hit when put up, caught underneath",parasitic,parasitic,assemblage
58634,Praise the boot rejected by lieutenant,exalt,exalt,assemblage
40505,Ass in America leading to American kerfuffle,rumpus,rumpus,assemblage
3319,"Blue died, a bit of an act",obscene,obscene,assemblage
134763,Male children's book character heard singing in church?,hymnody,hymnody,assemblage
61642,Badly treated and is unserviceable in the sea,misused,misused,assemblage
118902,Tabloid pictures which closely resemble one another,mirrorimages,mirror images,assemblage
9249,First of Walter Mitty's turns: provide defence and make me conform,twistmyarm,twist my arm,assemblage
20073,"One in dock, employed by a county council",accused,accused,assemblage
84068,Contrary commercial jingle,adverse,adverse,assemblage
103255,Anxiety about hair stops you sleeping,alarmclock,alarm clock,assemblage
25043,Australian one needing invigorating air,ozone,ozone,assemblage
90023,Live at home after a short break as an artist,holbein,holbein,assemblage
38309,"Very French attempt to seduce is wrong, legally",trespass,trespass,assemblage
41551,Report to do with extremity,retail,retail,assemblage
40401,Town's ancient guy who must have been out of the ark,oldham,oldham,assemblage
86393,Tick Kennedy's heart's condition,jiff,jiff,assemblage
17359,Student caught with a dictionary,coed,coed,assemblage
14827,Battle later developed into chase,waterloo,waterloo,assemblage
121362,Pet with pal struggling over a tree,catalpa,catalpa,assemblage
123072,"Bird back after season abroad, man's problem afoot?",fallenarches,fallen arches,assemblage
129375,Resident superpower stuffing herb in meat product,liversausage,liver sausage,assemblage
91232,"Power governs tube centrally - US tube, that is",subway,subway,assemblage
26262,Finally gives woman liquid nitrogen to make frozen sculpture,snowman,snowman,assemblage
59714,She provides father with cooked meal,pamela,pamela,assemblage
85449,Musicians send naughty messages to alien,sextet,sextet,assemblage
91286,"North African halves a number, then doubles it",berber,berber,assemblage
32282,Asian city is unfinished - that's symbolic,mandala,mandala,assemblage
85069,First class return to Southern Pacific country,australia,australia,assemblage
85059,"Understands about grinding lens with cunning, but without reason",senselessly,senselessly,assemblage
110739,Poet (Her Majesty's jester) in banjo performance,sirjohnbetjeman,sir john betjeman,assemblage
133661,Setting about ’eadgear to protect aviator,flyingat,flying at,assemblage
7751,One's brief trade with a Mediterranean isle,ibiza,ibiza,assemblage
63748,Mums and dads are not welcomed by attendant,parentage,parentage,assemblage
93074,Hotlines to the Met Office,isotherms,isotherms,assemblage
32854,"Stipulation for and against one's opinion, at first",proviso,proviso,assemblage
134372,"Initially, Gilbert holds back blows",wafts,wafts,assemblage
53279,"Drink triple gin, initially, with one rum",eggnog,eggnog,assemblage
133634,Entrenched bridge adversaries scrap over inches,enshrined,enshrined,assemblage
114251,Non-interventionist passes away,handsoff,hands off,assemblage
21379,Fast on the Italian pulse,lentil,lentil,assemblage
88237,"Unfaithful wife seen in food shop, note",delilah,delilah,assemblage
109206,The Guardian starts to assess Roman government under Severus,argus,argus,assemblage
32865,Excited by a small bet,aflutter,aflutter,assemblage
111818,One comes across despondency behind the game,humpbackbridge,humpback bridge,assemblage
109262,One article by Belgian author,ianfleming,ian fleming,assemblage
46284,A small drink including minimum of table wine for starters,antipasti,antipasti,assemblage
93561,"Abroad, I start to eat angel cakes for tea",darjeeling,darjeeling,assemblage
23791,Question One is on Irish force seen in the Middle East,iraqi,iraqi,assemblage
80430,Allows to go free the wrong way round shops,outlets,outlets,assemblage
92531,Exercise about to strengthen soldiers' disposition,placement,placement,assemblage
107908,Dislike Greece?,hellas,hellas,assemblage
56894,Drunken Scottish soldiers vote for abuse to the optically challenged,foureyes,four eyes,assemblage
140402,"Almost stop working, stupid",goof,goof,assemblage
123938,Special quality that's needed by female member of cast,xfactor,x factor,assemblage
56836,Dives with power to crap - occasionally gull slightly worried tour leader,plutocrat,plutocrat,assemblage
24314,Fancy a chart-topping single,imagine,imagine,assemblage
134583,Leading pairs eliminated from race came late - very grave situation,cemetery,cemetery,assemblage
40818,Entertained everyone sitting initially in the pit,hades,hades,assemblage
48911,"Deceived by the devil, though not in so many words",implied,implied,assemblage
123424,People of intelligence love to have the last word,ciao,ciao,assemblage
61555,"Say: ""Don't stop her entering ring or pillar?""",letterbox,letter box,assemblage
119780,Label report of familiar ex-captain,gucci,gucci,assemblage
29427,"Home Secretary and rock'n'roll guitarist: one's barren, another's wild",strawberry,strawberry,assemblage
43832,About to pick up Boris's book,rebecca,rebecca,assemblage
18596,"Sailor, for example, said to observe traveller",seafarer,seafarer,assemblage
134677,Writer's sweet Breton confection,charlottebronte,charlotte bronte,assemblage
71414,"Exhortation to study ""The Maid of the Mountain""",oread,oread,assemblage
51311,"Eat half of plate, then drink",digin,dig in,assemblage
34678,To have one return a casual hug is sufficient,enough,enough,assemblage
83450,Spirit of revolutionary beasts? Extremely serious!,spunkiness,spunkiness,assemblage
60190,Earwig could make part of house fall down,eavesdrop,eavesdrop,assemblage
111345,"Sanction a run in souped-up car, a small one for racing",gokart,go kart,assemblage
86446,Escorts backing The One Show,gigolos,gigolos,assemblage
22268,Boy game to help people across the Thames,albertbridge,albert bridge,assemblage
120159,"He's done his money and he's back for mine too, note",prodigalson,prodigal son,assemblage
28086,The French in their way backing Swiss mathematician,euler,euler,assemblage
8939,Where there's very little point to motor to London?,scarcity,scarcity,assemblage
125319,Broadcast with some singers heard in military locations,airbases,airbases,assemblage
37108,"No longer single speed, that's clear",exonerate,exonerate,assemblage
107391,Patriots withdrawing singular honour for Hollywood legend?,stanlaurel,stan laurel,assemblage
38175,Love Jack's preaching,orating,orating,assemblage
111666,"Weber's first, A minor (unfinished) - it's avant-garde",wayout,way out,assemblage
108542,Firm support in car ...,fastback,fastback,assemblage
105720,"Rhythmic sound heard initially in jazz performer, pet scarpering",thrum,thrum,assemblage
13664,Spare a bob - by one having plenty to spare,slender,slender,assemblage
37110,"Solitary sailor, capsized in river, gets clear",exonerate,exonerate,assemblage
66726,"Without moving anything, replaces money in cash register",stockstill,stock still,assemblage
19537,Anticipate everyone's after lots of trees,forestall,forestall,assemblage
53125,Perform in panto horse perhaps? That creates interest,behalf,behalf,assemblage
44923,Adult paper under discussion,atissue,at issue,assemblage
61299,State whether it's high and rocky,massif,massif,assemblage
78323,Learned a lot of rubbish about time,literate,literate,assemblage
24523,"Don't cook enough food, red nuts having been shelled and sent back",underdo,underdo,assemblage
123841,"Extract from pool: if hurt, yell",fishout,fish out,assemblage
63158,"After St Giles' day, many are turning rotten",septic,septic,assemblage
55980,"Savage, being sorrowful, is twitching",sadistic,sadistic,assemblage
66489,Dim British king on stage,blear,blear,assemblage
36268,Shakespeare gave her a dream lover. Her mother grabbed one too!,hermia,hermia,assemblage
94662,Drinker's hangover?,beergut,beer gut,assemblage
62973,Unhappy lord outside Parliament finally gives indication of imminent departure,bluepeter,blue peter,assemblage
133577,Fine to repeat old clue about diamonds,okeydokey,okey dokey,assemblage
95206,"It's remote without a good car, that is - so his work is done on the hoof",farrier,farrier,assemblage
32820,Smart girl with copper chain,cutie,cutie,assemblage
49005,The BBC hasn't begun to deliver,untie,untie,assemblage
66368,Unpredictable after opening of safety pin,skittle,skittle,assemblage
95297,Centre back in attack last to display violence,ferocity,ferocity,assemblage
69595,Ride high where observation was out of this world,goonhilly,goonhilly,assemblage
38198,Army block retreat to capital,rabat,rabat,assemblage
71503,Sailor to keep going round with vocalist,nelsoneddy,nelson eddy,assemblage
79562,"Back off beach, returning catch to dock",shorten,shorten,assemblage
62477,Thought of money spent,mused,mused,assemblage
91085,"Old actor, getting wiser over time",stager,stager,assemblage
126158,Jazz pianist's ideal climbing shrub,fatsia,fatsia,assemblage
26031,"Vegetable, small and sweet",spud,spud,assemblage
83379,"Secretary's individual letters, one in black and white?",panda,panda,assemblage
112757,Religious man's reluctance to spend if he has a lot of money,parsi,parsi,assemblage
89921,"Fledgling business in sheep, the main attraction!",startup,start up,assemblage
24906,You mean two jurors are incompetent? That's with defence potential,tenable,tenable,assemblage
120265,"Poem girl's written, top off pen, on state's port",riodejaneiro,rio de janeiro,assemblage
71549,Become familiar with ABBA's debut song on the radio,attune,attune,assemblage
87371,Vegetables spoil the lines of a garden,marrows,marrows,assemblage
47909,Royal bash involves performing music,rondo,rondo,assemblage
44336,Restrain employee taking smack,handcuff,handcuff,assemblage
120294,Suddenly Arthur's beginning to suspect Lancelot,allatonce,all at once,assemblage
48454,Footprint creates initially unvoiced terror,tread,tread,assemblage
84760,Banker having shrewd effect,execute,execute,assemblage
97241,Sponsor of art ultimately was consumer,tate,tate,assemblage
63687,"Watch next to key, a surprising sight",eyeopener,eye opener,assemblage
96332,Majority is cut in Bosnia,mostar,mostar,assemblage
75090,"Joked about TV programme, one with leaves",gateleggedtable,gate legged table,assemblage
110110,"Fleas dancing below stairs, Uriah Heep's speciality",selfabasement,self abasement,assemblage
131553,Utopian plan son's told tales about,idealised,idealised,assemblage
2449,Lord Muck in effusion by Charlie Chaplin,goldrush,gold rush,assemblage
47179,"Morgan, say, and Paddy dress down",carpet,carpet,assemblage
25434,Game not started by a back,ridge,ridge,assemblage
103367,Opening removed and fixed,outset,outset,assemblage
91059,Fortune presently in besieged city,lucknow,lucknow,assemblage
21064,"Tucked in to fish, partly dressed",coated,coated,assemblage
71370,Entertaining party a communist thought the world of,adored,adored,assemblage
25371,Traditional nunnery by holy island lake,conventional,conventional,assemblage
28348,In the morning wild boar is heavenly food,ambrosia,ambrosia,assemblage
29524,Eager to change fellows thought at first to be in accord,agreement,agreement,assemblage
97194,Faith leader shot close to synagogue,pope,pope,assemblage
42907,"Say, what could be missing after punch in the mouth? A drink!",aperitif,aperitif,assemblage
52187,A number swindled - that's dishonest,crooked,crooked,assemblage
102172,Permit for sale of spirits and ale,poeticlicence,poetic licence,assemblage
122511,"Part of play, playwright clutching opening to act - he covers the background in theatre",scenepainter,scene painter,assemblage
101621,Sauna without a massage causing overheating,sunstroke,sunstroke,assemblage
12533,Stagger time with swimmer,totter,totter,assemblage
71530,Difficult defendant finally up for it,thorny,thorny,assemblage
95005,The inclusion of three identical points produces a titter,teehee,tee hee,assemblage
115645,Sparkling drink gets fragrance after a little work,opalescent,opalescent,assemblage
25417,"Rover in boat, a dugout",gadabout,gadabout,assemblage
20175,Old chap with passion for news reporting,coverage,coverage,assemblage
10817,River is close to oak tree,tamarisk,tamarisk,assemblage
105919,Fool sailor on a ship,jackass,jackass,assemblage
88524,"Routine to study and speak when beheaded, so to speak",breadandbutter,bread and butter,assemblage
99491,Collage a scientist almost accepts quietly,pasteup,paste up,assemblage
76602,Flower festival finally in front and fashionable,lupin,lupin,assemblage
99940,Many ignored extremely dumpy adolescent,umpteen,umpteen,assemblage
64612,From orphan to mother - that's the spirit!,phantom,phantom,assemblage
5264,"A backward idiot, apart from all else",aloof,aloof,assemblage
86449,Superior aid distribution or rapid transport,airdrop,airdrop,assemblage
2130,"Revive cannibal's victim, as Spooner might ’ave said",animate,animate,assemblage
106770,Like a loo to be luxurious?,lavish,lavish,assemblage
95639,Cramped northern shaft,narrow,narrow,assemblage
32283,Statesman swapping energy for a mystic symbol,mandala,mandala,assemblage
36590,Pasquale given less than full assent? That's mean!,meagre,meagre,assemblage
47658,Old city set up beside a stone,ruby,ruby,assemblage
31138,Country where God has executed priest?,panama,panama,assemblage
25427,In to complain: customer with bone,incus,incus,assemblage
22160,Purgative offered when Moggy car hit Rolls,cathartic,cathartic,assemblage
92388,Mule makin' a mess of teatime food,muffin,muffin,assemblage
135103,"May has been one time I can be away (rest, I'm in plays)",cabinetminister,cabinet minister,assemblage
80295,Firm supporter of poisoner,cobra,cobra,assemblage
33879,Club being given new temporary accommodation makes one unhappy,discontent,discontent,assemblage
111552,Quantity of drink fired soldier,litre,litre,assemblage
68930,A little seabird or marsh bird,bittern,bittern,assemblage
137344,Rubber rings held by campaigners next to motorway,condom,condom,assemblage
118729,Old man to settle on a tree,papaya,papaya,assemblage
107273,Kiss scholars in celebration,xmas,xmas,assemblage
117557,Deliveryman's ruse: upsetting hair product on journey,legspin,leg spin,assemblage
77888,Leading European state,maine,maine,assemblage
78935,Strikers here in union fight,matchbox,matchbox,assemblage
33413,Enthusiast for conservation? One adapts to the environment,ecotype,ecotype,assemblage
106294,Prepare for conflict that's a back number,rearm,rearm,assemblage
35235,Things warm and mineral creating excitement,furore,furore,assemblage
103240,Fine light which signals spring,verywell,very well,assemblage
13684,Point on bird's back,stern,stern,assemblage
110458,Support with a brilliant ball,aidance,aidance,assemblage
135718,Reluctant lover's initial vow,loath,loath,assemblage
16949,Underwear makes one tense,singlet,singlet,assemblage
87937,"Poor pre-election period, back with a change of heart",hardup,hard up,assemblage
3761,Symbol of sovereignty King Charles had to acknowledge,crown,crown,assemblage
131808,Parent left to vacate Asian island for Asian city,mumbai,mumbai,assemblage
35354,Male finally beats children's game,stag,stag,assemblage
75006,Bellow's last novel is Glass,crystal,crystal,assemblage
71686,Bladder and hearts lost in city street,cyst,cyst,assemblage
35474,"Paramount, say the majority",uttermost,uttermost,assemblage
141958,He demands a contribution from tenor and American guitarist,taxman,taxman,assemblage
87675,Subject's alter ego leads plot: the ultimate robbery,geography,geography,assemblage
68058,Ordered off before end of game,bade,bade,assemblage
73381,Dance company following society's conventions,moresco,moresco,assemblage
74022,Term for each moon day,period,period,assemblage
6396,British nurses agree about study in local area,beergarden,beer garden,assemblage
96579,"King, getting Queen fine dish, so avoided commotion",kerfuffle,kerfuffle,assemblage
71147,Female muse suspicious about artist in class-conscious system,feudalism,feudalism,assemblage
139118,"Make fewer pronouncements, being displaced",stateless,stateless,assemblage
52944,"On delivery of circular, be strict - tear it up!",obstetric,obstetric,assemblage
91726,Powerful politician before (say) Brown's time,prescott,prescott,assemblage
32595,Perform poem in that dreadful silence!,dotodeath,do to death,assemblage
26538,He makes a choice at the earliest hour,william,william,assemblage
45912,Good start with a little water for cooking,grill,grill,assemblage
16209,Dangerous flower goes to Tannenbaum,redflag,red flag,assemblage
38420,A bit of rigging works in the end,topsail,topsail,assemblage
28990,"Broadcast ""Pluto"" by itself",disperse,disperse,assemblage
17583,Sturdy or else broken,robust,robust,assemblage
110473,"Silly talk by a so-called ""Dubya"" makes one laugh",guffaw,guffaw,assemblage
112066,Revealing story of Swiss resistance?,telltale,telltale,assemblage
135777,"Sailor's cry, abandoning a boat",hoy,hoy,assemblage
61787,Prove to be more than striking song,outnumber,outnumber,assemblage
34,A man comes back a stranger,alien,alien,assemblage
126705,"Dismissed, then sure to be leaving",outbound,outbound,assemblage
70741,Monitoring leaves that don't start falling,eavesdropping,eavesdropping,assemblage
36717,"Ring animal back, alright?",okay,okay,assemblage
122998,"View love, left wing",pinion,pinion,assemblage
48620,Essex men,basildon,basildon,assemblage
51820,Don went down with a cry of pain,fellow,fellow,assemblage
108346,Conran's first interior design standard,criterion,criterion,assemblage
91275,Tongue was strained greeting a couple from Lithuania,swahili,swahili,assemblage
13637,Comprehensive kid gets a quid,total,total,assemblage
73950,Notorious actress and oddly bleary FBI agent,bergman,bergman,assemblage
135105,"Shaving, father receives phone call",paring,paring,assemblage
31522,Plant setter's getting for the time being,interim,interim,assemblage
105684,"Having rowdy sex is to live, basically",roughit,rough it,assemblage
140075,Rump of venison possibly festers,stagnates,stagnates,assemblage
40993,Marble article placed in front of entrance,agate,agate,assemblage
32576,"What could play music in particular key, hard stuff",althorn,althorn,assemblage
135914,Forsyte heroine puts off cutting out article for Iris,fleurdelys,fleur de lys,assemblage
9351,Runner defeated in close race,loser,loser,assemblage
79305,C-cacophonous cautionary condition,cloud,cloud,assemblage
140239,Swears at area transport,abuses,abuses,assemblage
28278,Set for scan and playback?,ready,ready,assemblage
121693,"Sound device in better film, after something corny?",eartrumpet,ear trumpet,assemblage
53063,Dress I put on about spring,origin,origin,assemblage
42501,"Artist, one writing plays for adults included",painter,painter,assemblage
100218,Order discovered in laboratory animal in feature which contains DNA,chromatin,chromatin,assemblage
138105,Sick in Australia (see hospital below),chunder,chunder,assemblage
87387,Many? Not so long and thanks for fish,manta,manta,assemblage
70965,Zoroastrian flower in opera,parsifal,parsifal,assemblage
67971,Male bodybuilder ostensibly starts to become a he-man,rambo,rambo,assemblage
25389,Clubs find out about a church blessing,clearance,clearance,assemblage
33075,Hot spot not initially available?,ingle,ingle,assemblage
2588,Mature Conservative entering State Department,agency,agency,assemblage
46256,"Turns away from little green man, hair standing on end",alienates,alienates,assemblage
21894,"Car with Spanish identification, say",estate,estate,assemblage
37922,Educational centre?,middleschool,middle school,assemblage
18939,Labourer's time with tanker,toiler,toiler,assemblage
91559,Knock and Cork possibly have kinship,rapport,rapport,assemblage
29919,Effective make-up in jar,potent,potent,assemblage
76343,Trees burning at military base,aldershot,aldershot,assemblage
134544,Current that's forced lower in blue rinse,downwash,downwash,assemblage
36390,"Travelling west, Slav spies Italian city",brescia,brescia,assemblage
2941,Making it go round Eastern monarch,eking,eking,assemblage
88002,Steep climbing rocket an IRA man secured,marinate,marinate,assemblage
9956,"Cocky's got his own cover, it seems",selfassured,self assured,assemblage
12647,"Flatten headless, evil-tempered dwarf",roll,roll,assemblage
47317,"Rigorous process, biting banker",acidtest,acidtest,assemblage
117300,After heaving coal the old man needs something stronger,alcopop,alcopop,assemblage
24515,"Almost declare, with runs at Oval briskly scored",allegro,allegro,assemblage
120859,Tories put out after Liberal leader waits around,loiters,loiters,assemblage
85575,Landowner's hidey-hole for game at Land's End,laird,laird,assemblage
107523,Drums of one sailor used in another's backing,tablas,tablas,assemblage
47483,"Covering for a wheel covering, so to speak",attire,attire,assemblage
29841,Vicar takes tongue back,reverse,reverse,assemblage
108331,Money? A little bit require for a little bit of food,breadcrumb,breadcrumb,assemblage
63068,Cricketer yearns to face spinner,longstop,long stop,assemblage
123344,"Period in China, both useful and unpleasant",handynasty,han dynasty,assemblage
124419,Star puts curse on a music industry award: Boatman's lost,hexagram,hexagram,assemblage
30287,Two bills I stuck on a tree,acacia,acacia,assemblage
105523,Record jazz session - end in deadlock!,logjam,logjam,assemblage
32226,Is youngster able to eat here?,canteen,canteen,assemblage
12960,"It's found in an old Balkan country, this fuel",anthracite,anthracite,assemblage
35637,Antique pearls provide easy money,oldrope,old rope,assemblage
8849,Stole hospital garb idiot sent round,tippet,tippet,assemblage
37176,Theologian no go at operatic work,iolanthe,iolanthe,assemblage
122254,Mad about daughter getting the sack over things never getting settled,baddebts,bad debts,assemblage
111389,Journalist capturing relative in colour drawing,penandink,pen and ink,assemblage
78710,Desperate character in Pentonville cut short by hanging,pendant,pendant,assemblage
28970,Slice of bread found on island - food that's attractively presented,bait,bait,assemblage
134078,Real loss of work at showroom,salesfloor,sales floor,assemblage
71401,Turn oven up at cathedral? I wouldn't bet on it,unlikely,unlikely,assemblage
140038,Bygone period about which monarch appears too keen,overeager,overeager,assemblage
85607,Cruise missing small film,coat,coat,assemblage
41627,Sign of island growth,capricorn,capricorn,assemblage
89810,Weep after a couple of cardinals drop off,snooze,snooze,assemblage
57101,Watch dances in which one has pupils,eyeballs,eyeballs,assemblage
88313,Model usually having points to teach class,trainset,train set,assemblage
106994,A foreign place found by woman and daughter not on schedule,unplanned,unplanned,assemblage
56942,"Front of member, back of back, front of member",forearm,forearm,assemblage
80619,Many stay around to provide support for member,armrest,armrest,assemblage
24167,Many pull out of Split,cleave,cleave,assemblage
37946,Right to have one released by Martian,lien,lien,assemblage
92399,Support given to good girl by the Mirror,pierglass,pier glass,assemblage
41416,Current head of English is new examiner,scrutineer,scrutineer,assemblage
65607,Clamp down on workforce,oppress,oppress,assemblage
55921,Vile manager oppressing masses half-heartedly,execrable,execrable,assemblage
19957,Lavish more on tramp? Not right,extravagant,extravagant,assemblage
88395,Have Grandpa tee off with the Old Man,agedparent,aged parent,assemblage
108181,"He won something sweet, far more than a can of coke!",charliebucket,charlie bucket,assemblage
123023,"Penny, dead dishy thing",plate,plate,assemblage
78690,"Get increase extremely tidily, which is crackers",batty,batty,assemblage
137518,"In Spain, boy's clad in girl's hemp",marijuana,marijuana,assemblage
95557,Circuit with a current in front helps one pick up?,hearingaid,hearing aid,assemblage
86536,Tory leader on board for English flower,trent,trent,assemblage
120367,In church a rebellious choirboy makes a bloomer,harebell,harebell,assemblage
91090,Tirade with nursemaid about to become purple,amaranth,amaranth,assemblage
129641,"Fish channel, deep sounds with this",bassvoice,bass voice,assemblage
106667,German paintings with the Queen reflected in an upper chamber,garret,garret,assemblage
6610,Loathe how much some directors get paid?,execrate,execrate,assemblage
134975,Small crocodile hunter alarmed,shook,shook,assemblage
22198,Continue to play in London,acton,acton,assemblage
121600,Endlessly continue holding tool in dish,kedgeree,kedgeree,assemblage
78975,Ralph got to marry the captain's daughter and torture a cabinet minister,rackstraw,rackstraw,assemblage
118518,Turns up a real oddity - it's uncanny,supernatural,supernatural,assemblage
140872,They said I must leave supply outside empty store now,thesedays,these days,assemblage
36459,Twist one taken out of circuit,wring,wring,assemblage
32015,New soldier having little money,recent,recent,assemblage
51152,Evangelist with detachment is halfhearted,lukewarm,lukewarm,assemblage
28473,Take in regulations set up at base,swallow,swallow,assemblage
127305,Son in Brittany collects English records,files,files,assemblage
80418,Mates - the type to engage in fiddles,consorts,consorts,assemblage
65349,Chicken's cry that hurt,yellow,yellow,assemblage
81202,Waterway is able to dock everything,canal,canal,assemblage
82366,Danger: people shot in court,menace,menace,assemblage
139081,Fancied fish - considered not having starter,ideated,ideated,assemblage
64437,"A man with name as negotiator or snooper, for example",agentnoun,agent noun,assemblage
102928,Exhibitor at the Walker Gallery?,pavementartist,pavement artist,assemblage
84969,Spanish and English troops heard cry by very large swimmer,spermwhale,sperm whale,assemblage
133457,Instigating new action executing the picking of plums?,reengaging,re engaging,assemblage
32025,Speculator may get the gold first,theorist,theorist,assemblage
92155,Retailer loses small ship,argo,argo,assemblage
54750,Ray's students rejected support,sunbeam,sunbeam,assemblage
51582,Gosh! Cosy place is visible from coastal road,corniche,corniche,assemblage
61458,Instrument for changing oil into French wine,violin,violin,assemblage
6865,Blush when attacked in beastly fashion,gored,gored,assemblage
130338,Ring posh school for one working on a farm?,discharrow,disc harrow,assemblage
59410,Frenchman about to find riches,lucre,lucre,assemblage
110552,Burn peeled off in layers with no end of heartache,scald,scald,assemblage
65051,Roast large mammal,ratel,ratel,assemblage
19373,Rifle worked with the bullet,ransack,ransack,assemblage
112577,Mum keeps the sound of bells: I go here to find when I'll hear them,machmeter,machmeter,assemblage
34127,Reversal for vessel after you reported last in fleet,uturn,u turn,assemblage
89735,Protect offspring of hound by taking son inside,babysit,babysit,assemblage
16584,Aim for a high place in the church,aspire,aspire,assemblage
32993,Baffle in France no longer,nonplus,nonplus,assemblage
94781,Was familiar with Kingsley's first novel,knew,knew,assemblage
32538,Be very heartless in company,bevy,bevy,assemblage
131238,"French way to back bad actor, a union player?",eurocrat,eurocrat,assemblage
110214,Somewhat ludicrous American composer lacking success completely somewhere in Wiltshire,ludgershall,ludgershall,assemblage
31484,Settler perhaps restraining road rage,emigrant,emigrant,assemblage
89790,"Party a scream, with Mary Poppins on Ecstasy",hootenanny,hootenanny,assemblage
111444,"A mother wants to be in the fashion, without exception",toaman,to a man,assemblage
78479,Having a stud of a sort in a singular article of clothing,stockbreeding,stockbreeding,assemblage
34928,Open a ruler up,ajar,ajar,assemblage
16672,"One demanding much interest in university, more reliable",usurer,usurer,assemblage
105404,"Needle, say, reversed to make lace",getat,get at,assemblage
18598,Sailor is withering about passenger,seafarer,seafarer,assemblage
74753,Italian town terrifying female novelist,gorgonzola,gorgonzola,assemblage
134100,"Snobbish type going off before Derby, perhaps",highhat,high hat,assemblage
139869,A conceited specimen a woman may take in hand,vanitycase,vanity case,assemblage
41277,Rough sketch showing an officer?,generaloutline,general outline,assemblage
60732,Squeeze mineral in abundance,galore,galore,assemblage
33225,Baseball player's casual clothing combination,shortstop,shortstop,assemblage
11296,Remedy in no way odd,nostrum,nostrum,assemblage
129433,"Sloppy food? Get rid of it, we say",junket,junket,assemblage
101251,Flat charge being made much smaller brought a tear,groundrent,ground rent,assemblage
47537,Good booze responsible for a lot of wind?,gale,gale,assemblage
129430,"Hack wants initial hundred quid, maybe",chew,chew,assemblage
122355,Note on hospital discharge,doh,doh,assemblage
20807,Having taken on cargo at lake port...,laden,laden,assemblage
118547,Most costly sword picked up between two streets,steepest,steepest,assemblage
142043,Where Pedro gets drinks bill when work's over?,posada,posada,assemblage
70878,Lorry driver on traffic island,truckman,truckman,assemblage
70348,Fairness of eyes only half-visible when about to depart,equity,equity,assemblage
104768,"It's painful to hear what drinks cost, though not poor",barb,barb,assemblage
68128,Stay with baby almost to the end,lastminute,last minute,assemblage
89331,Farm animals we hear in city,stockholm,stockholm,assemblage
24728,"On change of trade, factory offers tedious work",treadmill,treadmill,assemblage
31647,Entertained a thought,amused,amused,assemblage
101367,Gather it's petition time,pleat,pleat,assemblage
48463,Spooner an admirer of Sandy Wilson was he?,boyfriend,boyfriend,assemblage
108424,Get it and assume imprecise?,guesstimate,guesstimate,assemblage
133319,"Inexperienced male wildebeest conserving energy, trailing home",ingenu,ingenu,assemblage
120110,Extremely rude group advanced in years is presented in a new way,repackaged,repackaged,assemblage
35404,"Put ""Out of Order"" notes on kitchen stove",derange,derange,assemblage
99424,Not feeling pain in part of alimentary canal that is gas-generated,analgesia,analgesia,assemblage
63264,Practicable round safety device,ofuse,of use,assemblage
53036,Tory leader has pain in bum,tail,tail,assemblage
57783,Probe away to capture revolting peasant? Not right!,stylet,stylet,assemblage
83711,"Mayo destination cancelled, as imitation",knockoff,knock off,assemblage
34040,Company doctor is amusing when in theatre,comedic,comedic,assemblage
130972,Stupid types fail ultimately - as shown in school records,schleps,schleps,assemblage
85963,Spore producers of flower needing a hand up,uredia,uredia,assemblage
71661,I'm off to celebrate a narrow football victory?,cheerio,cheerio,assemblage
54432,Fifty-one scolded and set free,liberated,liberated,assemblage
36007,Drink up in the Vatican? Go carefully,cognac,cognac,assemblage
131948,Office workers duck - article passes over,tealadies,tea ladies,assemblage
52914,Doormats where shadows fall on institutions,dogsbodies,dogsbodies,assemblage
87506,Head off tense argument,tiff,tiff,assemblage
29619,Disappointed officer covers Estonia's premier with feathers,letdown,let down,assemblage
15902,Hard worker in the city sacked long ago,trojan,trojan,assemblage
115935,"Pasquale can have extreme anxiety, would you believe it?",ifever,if ever,assemblage
47449,Unknown girl raised god,zeus,zeus,assemblage
18046,The chief has Jag - early model,archetype,archetype,assemblage
56956,"Leader having dropped right down, scrutinises excuses rather!",yesplease,yes please,assemblage
24183,One who didn't strike Shakespeare as a sword carrier,scabbard,scabbard,assemblage
102724,Beef for the incomplete Dickensian,steerforth,steerforth,assemblage
116312,"Record holder wanting first prize, missing first, left with silver",oldlag,old lag,assemblage
108692,He's in no hurry to take over,slowbowler,slow bowler,assemblage
129849,Dessert created by small program with skill,appletart,apple tart,assemblage
124547,Repeat usual rubbish,parrot,parrot,assemblage
32418,"In general, people possess nothing - royal speculation?",theory,theory,assemblage
7107,Researcher is a rogue to experimental mice,academic,academic,assemblage
99874,Rigid habit of old king caught in affair,armour,armour,assemblage
107403,Still lacking subject for debate,motionless,motionless,assemblage
105970,Games on a particular day could be footy,pedate,pedate,assemblage
134077,Order for stone coffin someone from the West Midlands once executed,cistercian,cistercian,assemblage
99212,Cut joint - a quarter eaten,sheared,sheared,assemblage
120490,Barbara is the top person at crosswords,kingsolver,kingsolver,assemblage
117404,Bitter tears splashing - they are salty,tartrates,tartrates,assemblage
6313,"She abandons playwright after a write-up, an all-time low",nadir,nadir,assemblage
110898,Command rowers to skirt agreed river,eyesright,eyes right,assemblage
36934,Case-law derives from a lot of combat with detectives and models,judgments,judgments,assemblage
87344,Bare one concealed by Catholic sash,baldric,baldric,assemblage
119154,Upright individual's state,onend,on end,assemblage
125796,Boringly traditional supporter's position,squareleg,square leg,assemblage
16666,Whip-round by group for driver?,golfclub,golf club,assemblage
131605,Nothing stops Mussolini turning up game for a bribe,douceur,douceur,assemblage
3304,"Be attracted by single people, caddish types, and run away",taketoonesheels,take to ones heels,assemblage
107459,Federation of German Industry's said they're watching you?,beadyeyes,beady eyes,assemblage
130893,A jolly girl's joining the fighting ships,armadas,armadas,assemblage
96761,Dr Gershwin is a woman,moira,moira,assemblage
14804,A good supporter works hard,grafter,grafter,assemblage
27336,"Politically correct but pointless, OK?",righto,righto,assemblage
45889,Time to reach North American beach,daytona,daytona,assemblage
66792,A second little boy coming back as a shape-shifter,amoeba,amoeba,assemblage
13640,Wipe out a future gangster?,total,total,assemblage
41097,Useless exercise by pioneer oddly forgotten,inept,inept,assemblage
54852,Scientist in fear of a type of CD,angstrom,angstrom,assemblage
35275,Left to cut blemishes shown up by quick survey,strawpoll,straw poll,assemblage
28890,Where to find the remainder of the market?,bookstall,bookstall,assemblage
62200,"Blue pen written about West, if heading that way",steamy,steamy,assemblage
106386,"Struggling to evacuate county town of Cornwall, briefly",costive,costive,assemblage
133376,Neighbour to plough for us around mid-afternoon or after morning in,ursaminor,ursa minor,assemblage
58532,Noted person about to be given honour - affected type,composer,composer,assemblage
36765,Robin getting two ducks? Bad luck!,hoodoo,hoodoo,assemblage
5600,Apply to get English glam rock band backing,exert,exert,assemblage
85081,Surliness I shall moderate,illtemper,ill temper,assemblage
79474,"Carer is out at sunrise, perhaps",nurse,nurse,assemblage
65253,Fifty-fifty on first of dogs to take rabbit ’ome?,dutch,dutch,assemblage
54201,Maori chief smuggled gun to IRA,rangatira,rangatira,assemblage
140722,"Sham! Sick country, one has to conclude",illusive,illusive,assemblage
32855,Rider favouring protection for face when cut,proviso,proviso,assemblage
120040,I'm taken aback by Carter's legal follower's redundancy,rucksack,rucksack,assemblage
123624,Great Asian captain's claim to being eighth in line and not third,imrankhan,imran khan,assemblage
106354,Discussed tower that's worth a look!,eyeful,eyeful,assemblage
77750,Animal from bog taken to centre of staging area,quagga,quagga,assemblage
9158,Too much land for an empire?,ottoman,ottoman,assemblage
85117,"One can't catch a fat, old safe-breaker on the box",butterfingers,butterfingers,assemblage
117438,Popular vehicle activator say - as soldiers mostly are,inkhaki,in khaki,assemblage
105004,Trendy person of faith has rejected cathedral impressively,instyle,in style,assemblage
39157,Joint endowment's a bit mean,intend,intend,assemblage
114289,"University to take off unsigned forms, they conclude",endings,endings,assemblage
124596,"Slackens off when the sun is out at quarter past eight, say",unscrews,unscrews,assemblage
57457,Ring bell on counter where travellers have to pay,tollbar,toll bar,assemblage
62377,"Fifty follows forty-nine? Well, no!",ill,ill,assemblage
57216,Telescoped signs mean big money,bullion,bullion,assemblage
70695,Potato that's turned to iron?,mashie,mashie,assemblage
80229,"Having endless cunning, brings up children in debt",arrears,arrears,assemblage
75820,Fire wood of the sort Erica gets,kindling,kindling,assemblage
77651,Company chap accepting first indications from the accountants - normal ratio,cotangent,cotangent,assemblage
118274,Cold curry nearly served up with order for spice,cardamom,cardamom,assemblage
9371,Mother's pet dog,mastiff,mastiff,assemblage
21269,Some time since Julian Clary neared a disaster,calendaryear,calendar year,assemblage
78225,Something run by Playboy hostess missing New York - sweet thing,bathbun,bath bun,assemblage
70004,Composer of operas using percussion instrument in one,bellini,bellini,assemblage
121314,There's still plenty of time for audience to Lady Gaga - years!,earlydays,early days,assemblage
8409,The good journalist worked hard when up,boned,boned,assemblage
54341,Enthusiastic gunman gets call,raring,raring,assemblage
50863,Said to be slowly cooked by Zeus's lover in the workroom?,studio,studio,assemblage
27652,Aged Cain treated by hospital department,ancient,ancient,assemblage
113698,Shark ultimately swallows one that worked with lines,keats,keats,assemblage
78749,Left-handed first to provide a banger,gavel,gavel,assemblage
43411,Bookish types having some wine in Boston at lunchtime?,literati,literati,assemblage
59005,"Use it to pick up speed turning round, say",estatecar,estate car,assemblage
125553,"Argue with bishop and rector about the ""Son of God""?",bicker,bicker,assemblage
130512,Went climbing with Ben before journalist comes round,mountaineered,mountaineered,assemblage
130572,Scraps first flights with both sides lost,fistfights,fist fights,assemblage
121152,Permitted to crow about being eccentric,wacko,wacko,assemblage
19055,Business expense on company's time,oncost,oncost,assemblage
91893,Notes by follower of Pope on measure to reveal source of power,solarcell,solar cell,assemblage
106104,Unwholesome bread found by dog in street,stagnant,stagnant,assemblage
17002,Sent round one religious and wise,sapient,sapient,assemblage
12035,Cuba needs its dance not a bit,crumb,crumb,assemblage
37764,"Awful effort to comprehend Conservative measure (a bit leftish, say)",offcentre,off centre,assemblage
88127,Dissolute academic - one barrier learner faces,profligate,profligate,assemblage
38068,Half a buck swells ordinary tax,tribute,tribute,assemblage
140655,Passion finally erupts when Nutmeg's drunk spirits,wraiths,wraiths,assemblage
107291,Bill makes sons watch,sticker,sticker,assemblage
125457,Nitrogen does spread over tops of underground lumps - these?,nodules,nodules,assemblage
75975,Simultaneously make good and raise issue,atonetime,at one time,assemblage
130316,"""Clever"" ahead of ""stupid"" initially, with sucker",quicksand,quicksand,assemblage
21428,Work of Johnson the painter's at auctions that are coming up,rasselas,rasselas,assemblage
67091,Flat heads of valves and plugs in dynamos,vapid,vapid,assemblage
69059,Fellow leaves dowdy women with woodcut,rumpsteak,rump steak,assemblage
115297,Engineer cannily takes women's perspective,wangle,wangle,assemblage
66806,Very great friend so wounded for the last time?,fatally,fatally,assemblage
43621,Dismissed trip over river mouth,outfall,outfall,assemblage
116122,Grew frustrated with trial - very clear to see,writlarge,writ large,assemblage
55196,Contents of menu put away without a serious effort,endeavour,endeavour,assemblage
38395,Pantomime character getting out of the habit?,demonking,demon king,assemblage
80392,Current articles about marines written on laptop,thermal,thermal,assemblage
88938,Cure Rex after defeat,tanking,tanking,assemblage
46877,Composer's heart's bad when climbing,corelli,corelli,assemblage
90002,Motivation to share drink,rationale,rationale,assemblage
121236,"Small dog one fed with mint, say",labiate,labiate,assemblage
29772,I'm not one to weaken,impair,impair,assemblage
92572,Discharge some after second interval,semitone,semitone,assemblage
24263,Aggravates school head? That's not called for,needless,needless,assemblage
17268,Square on the high table,aboveboard,above board,assemblage
24370,"Around noon, top fighter pilots attempt descent",ancestry,ancestry,assemblage
8027,A French and a Western leader are in the dark,unaware,unaware,assemblage
51688,"Leading director, keen and economical",davidlean,davidlean,assemblage
40845,"Act with elegance, say; it helps to get you in",turnstile,turnstile,assemblage
125836,Time to appear earlier in big dress: Oscar for actress,gretagarbo,greta garbo,assemblage
91039,Fish on film dropping a stick,wand,wand,assemblage
89525,He wrote of the French missile backfiring,dumas,dumas,assemblage
62654,Express approval when posted,assent,assent,assemblage
112640,Set about working in mine - hurry!,steponit,step on it,assemblage
15470,Ropy stuff is offered in shop's special promotion for the most part,sisal,sisal,assemblage
107521,Support for performer in mass - solo is cut out,musicstool,music stool,assemblage
11293,North-east German's on the booze - it's supposedly medicinal,nostrum,nostrum,assemblage
30223,"Come another time, getting on before Chile's capital city",recur,recur,assemblage
98955,It's cooler to get on trumpet,fanfare,fanfare,assemblage
18704,Time for skip to be transported,spellbound,spellbound,assemblage
120172,Eventually choose home for badger ahead of Trotsky,settleon,settle on,assemblage
66255,Man buried under his female ancestor's town,evesham,evesham,assemblage
69477,"A top oarsman named locally in ""Treasure Island""",benbow,benbow,assemblage
110549,Display team seen at Old Trafford?,reddevils,red devils,assemblage
81847,English return in clue for poem,eclogue,eclogue,assemblage
32817,Attractive girl that's following fashion,cutie,cutie,assemblage
22473,The thanks one gets from a Greek character,theta,theta,assemblage
73122,"Follow the example of one Christian, say, about it",imitate,imitate,assemblage
46183,Break in shooting all bar one European,infringe,infringe,assemblage
67721,Pester a writer,nagasaki,nagasaki,assemblage
36897,"Removal van is coming to Istanbul, every capital in time",eviction,eviction,assemblage
32133,Mistakes made by deserter in time,errata,errata,assemblage
118981,Mint coin of exceptional quality,pennyroyal,pennyroyal,assemblage
8286,"One sings in cage, cautious, giving out initial warning",canary,canary,assemblage
89477,"Atop note amid new or old coin, one coined specially",nonceword,nonce word,assemblage
111925,One closed American borders for cars,autos,autos,assemblage
133736,"Bible's out with day, month, year for David or Jonathan?",dimbleby,dimbleby,assemblage
106432,Everyone has to make up a radio programme,theworldatone,the world at one,assemblage
97323,His opera briefly involved fruit,rosehip,rosehip,assemblage
133583,Tales about government united in red tape?,regulations,regulations,assemblage
32788,Shoot as Gunners drop back,rapid,rapid,assemblage
125377,Imbecile finally promises end to continuous boom and bust,bosoms,bosoms,assemblage
120395,"Jockey rides top horse, ultimately, to place again",redeposit,redeposit,assemblage
106006,Public official can overlook alternative,mayor,mayor,assemblage
122935,Penny has licence to provide bromide,platitude,platitude,assemblage
21504,Check on boy returning in disgrace,scandal,scandal,assemblage
40381,"Gordon, followed by Frank, strangely, is set to find building land",brownfieldsites,brownfield sites,assemblage
111130,Out only when facing the bowling,onstrike,on strike,assemblage
85761,"Fashionable Sun coverage of KISS, the rock group",inxs,inxs,assemblage
102889,Using winch as a cranky tool,chainsaw,chainsaw,assemblage
118673,"""Stupid boy"" - headless goon",pike,pike,assemblage
84907,Recall the study of religion with prayer,recollect,recollect,assemblage
45150,Close trap over Henry,nigh,nigh,assemblage
72208,Child wandered about and felt better,improved,improved,assemblage
5399,To snog in a boat is old-fashioned,canoodle,canoodle,assemblage
141966,Arrogant greeting good worker could eventually deny,highandmighty,high and mighty,assemblage
140987,Underwear that's uncool for fashion leaders? It's not important,smallstuff,small stuff,assemblage
100987,"Joplin's odd beat music hit, a symbol of North American country and hard rock",mapleleafrag,maple leaf rag,assemblage
17247,Murdoch may be a knight on retirement,iris,iris,assemblage
29891,Field of European football team not banner-free?,realm,realm,assemblage
93315,"Bottomless bowl: covering the rim, a model magnolia",tuliptree,tulip tree,assemblage
97181,On friendly terms always? Fancy that!,wellinever,well i never,assemblage
57553,It's screamed by bird in pop group with raised colour,bluemurder,blue murder,assemblage
64171,"Losing wicket at the start, spoils period at the crease",innings,innings,assemblage
125103,Turn up repeatedly before noon? That's ridiculous,cockamamie,cockamamie,assemblage
74414,Note a number of low points,minima,minima,assemblage
28596,Artist put on gas,radon,radon,assemblage
16432,Recommend against commander breaking an engagement,advocate,advocate,assemblage
90098,Course of time with torture,track,track,assemblage
59639,Hardy lass has time to for a bit of artistic piecework,tessera,tessera,assemblage
82326,"Similarly restricted, ex-VP left formidable woman",gorgon,gorgon,assemblage
137076,Turning over message not cast in stone?,revocable,revocable,assemblage
66429,"English city, spot where head of state dwells",elysee,elysee,assemblage
55999,Nobel Prize winner whose parents include one resident in US city twice,dalailama,dalai lama,assemblage
135724,Knight with good heart in battle,gareth,gareth,assemblage
58898,"Failed to notice any females, in short …",sawnoff,sawn off,assemblage
37247,A turn in northern waters?,nausea,nausea,assemblage
81315,Top primate gets the vote,apex,apex,assemblage
89347,"Publicise too much, having finished with ex-model",overexpose,overexpose,assemblage
80510,"Gin is upsetting to girl, becomes jelly!",isinglass,isinglass,assemblage
118163,Mark down dramatist to speak,checkoff,check off,assemblage
33723,Shakespearean character left Italy with a …,portia,portia,assemblage
139458,"Being restrained, worker smacked",handcuffed,handcuffed,assemblage
20302,"Robin's partner, perhaps, to have a dip",bathe,bathe,assemblage
98621,Oriental flower shot in field where one works,industry,industry,assemblage
129385,"Constitution's supporter supplied ruler with an agenda, for example",federalist,federalist,assemblage
113359,"Tiny swimmers, with so little weight, turning up at openings",zoospores,zoospores,assemblage
126436,Swindle made to pay - but jailed all the same,confined,confined,assemblage
78974,Rubber ball's so round,sorbo,sorbo,assemblage
128571,"After crucial operation, politician's making the rounds",circulatory,circulatory,assemblage
22811,Times in a cathedral for carpeting,axminster,axminster,assemblage
42872,Day empty after born in want,needy,needy,assemblage
71874,Go out with someone you went out with one time,exit,exit,assemblage
125780,Dull as last character leaving cul-de-sac?,deaden,deaden,assemblage
97038,Persistent sensation of behind getting smack,aftertaste,aftertaste,assemblage
36657,Salary joiner gets to veneer parking sign?,payanddisplay,pay and display,assemblage
106757,Boxer and sucker: time for fresh start,tyson,tyson,assemblage
56679,Plant one roughly on cheek,brassica,brassica,assemblage
105521,Record and preserve an impasse,logjam,log jam,assemblage
39098,Periodical that's about presenting an idol,image,image,assemblage
110582,Tie spoon on last,neckwear,neckwear,assemblage
135112,Patsy's stolen surveyor's van - these should help with identification,mugshots,mugshots,assemblage
139155,Virtue good … then to relish a version of the Arabian Nights,sinbadthesailor,sinbad the sailor,assemblage
10766,"Cook's agent in Caribbean, two-thirds sozzled",bicarb,bicarb,assemblage
20546,She's not quite like other girls,norma,norma,assemblage
19030,Graduate left authoris-ation,passport,passport,assemblage
24994,About time to modify item in air display,altimeter,altimeter,assemblage
52493,Relentless girl hit newsman,unabated,unabated,assemblage
139952,No German follows you in France to find a station,tunein,tune in,assemblage
20278,"Cock-a-hoop, still following City",ecstatic,ecstatic,assemblage
56070,Two lots of Mary Jane's brewing equipment,teapot,teapot,assemblage
34634,Fly down with courage,bluebottle,bluebottle,assemblage
126806,"On grass, ace for McEnroe?",superbrat,superbrat,assemblage
47916,One sets off after Oxford University boat,outrigger,outrigger,assemblage
15258,Entertain exploitation after morning session,amuse,amuse,assemblage
78503,"People on drug, which is backed",racehorse,racehorse,assemblage
62666,The arms go round the cheeky little pet!,hamster,hamster,assemblage
119560,"Doctor with a French infection, person in charge of member with very hard task",mountaintoclimb,mountain to climb,assemblage
19298,"Boy, it's up and running in and out",tidal,tidal,assemblage
109035,"Old, not old - that's up to Wilfred",owen,owen,assemblage
127751,What young man may do in spring or autumn with current novel's revision,fallinlove,fall in love,assemblage
40346,Loss of moisture - v.p.,seepage,seepage,assemblage
45390,"Given sheikhdom's capital, Manchester City, say, demonstrating power",steam,steam,assemblage
88077,"What queen has, sacrificing knight for rook",crow,crow,assemblage
95294,Shakespearean character removing capital from country,olivia,olivia,assemblage
95685,"Bill, leader up north",gateshead,gateshead,assemblage
26327,Wine reduction process is grating,portcullis,portcullis,assemblage
57951,Movement that's in time runs to a climax,trend,trend,assemblage
53278,Left back to stable horse - say Winter Warmer,eggnog,eggnog,assemblage
5746,"Two things Charles is but Camilla isn't, in speech to deliver abroad?",airmail,airmail,assemblage
2945,"Well-spoken ""dirty rat"" with one copper behind",articulate,articulate,assemblage
126946,Demonstrated as cadet suggested?,actedout,acted out,assemblage
44030,Early English doctor went a distance in China for a bit of oyster,linacre,linacre,assemblage
4845,Piece of furniture in which to put a kind of shirt,settee,settee,assemblage
132827,Bill gets hair for players,actresses,actresses,assemblage
50518,Improving verse with song tutor,governess,governess,assemblage
99398,Co-operate with excavation feature,pitchin,pitch in,assemblage
7947,Break impact with article in the Guardian,hiatus,hiatus,assemblage
105334,Angry female's wrath in lively exchange,crossfire,crossfire,assemblage
125160,"Old newspaperman, having admitted wrong, made a racket?",extorted,extorted,assemblage
123772,Female king? The Spanish are ready,shekel,shekel,assemblage
99603,Endorse Anglo-French compact,affirm,affirm,assemblage
3951,English region's acknowledgement to French,mercia,mercia,assemblage
130852,What overzealous Remainers do to expose support,outstay,outstay,assemblage
44073,Runny mud brings forth small citrus tree,slime,slime,assemblage
9245,Hot area to west - American islands?,hawaii,hawaii,assemblage
83279,It ensures you won't be spotted having Christmas dinner,serviette,serviette,assemblage
37658,A spaniel without one is more resilient,springier,springier,assemblage
49099,World of society in care of doctors,cosmos,cosmos,assemblage
122430,"Great work, primarily drama, ending in misery?",tragedy,tragedy,assemblage
135458,It's OK to run away before I get married,legitimate,legitimate,assemblage
141196,"Like posh children occupying seats, every other one being taken",suchas,such as,assemblage
24581,Take home relative of castaway as christened,robinson,robinson,assemblage
98986,"Do without starter - entering, order ungarnished beef",complaint,complaint,assemblage
12004,Vote for all but wealthy to be charged,electric,electric,assemblage
92561,Young pig served with decoration of the highest quality,giltedged,gilt edged,assemblage
139998,One's not self-sufficient creating work that's bound to be finished,coauthor,co author,assemblage
70626,Overfish in Essex?,ongar,ongar,assemblage
81269,"Cleaner faces ruin, hooked on dope and heroin",dishcloth,dishcloth,assemblage
13380,"""English trees"" provides solution",eyewash,eyewash,assemblage
86932,Wear judge is unsure about claiming?,ermine,ermine,assemblage
60225,Russian leader starts to ignore very able negotiator,ivan,ivan,assemblage
42825,"Flattery works with neighbours, for example",soapopera,soap opera,assemblage
136344,Degas evacuated and bathed before putting big picture in bog,swamplands,swamplands,assemblage
28406,Figure that sounds like a ruin and a mess,rectangle,rectangle,assemblage
100178,Cricketer picks up retainer,fieldsman,fieldsman,assemblage
75149,Composer with chart entry devoid of skill - it's hot!,scorcher,scorcher,assemblage
6606,Curse managerial salary?,execrate,execrate,assemblage
94412,Failure turning blue with effort can be determined,resoluble,resoluble,assemblage
59447,"Presumably, I get a lift during this tour",egotrip,ego trip,assemblage
52752,It's binding on official intelligence,redtape,red tape,assemblage
44333,Restraint shown by worker on strike,handcuff,handcuff,assemblage
84315,Service men who have a job to do,taskforce,task force,assemblage
85454,Main reason for horse being tired?,overriding,overriding,assemblage
32336,"Crime, given time, partner of rhyme",treason,treason,assemblage
115746,More cross southern river to rest in old city,surlier,surlier,assemblage
113230,Graft in turning around company - advanced without union,inoculate,inoculate,assemblage
21905,Vow by Liverpool's first pop star?,idol,idol,assemblage
22018,Incontinent cows showing lack of power of voluntary motion,akinesia,akinesia,assemblage
21032,"Bird to sing, missing note",chat,chat,assemblage
27314,Top aid for sailor surviving,extant,extant,assemblage
2184,A lot of jealousy over one's final words,envoi,envoi,assemblage
40789,Scales line to intellectual storehouse,library,library,assemblage
36556,"Edward, gent at heart, in paradise",eden,eden,assemblage
61132,The brother from Rome with fellow medallist in Devon,ilfracombe,ilfracombe,assemblage
124328,Fire fellow following foolishness,gooff,go off,assemblage
85882,One-night stand with heartless girl points to something that may be catching,giggles,giggles,assemblage
103210,Firm currently in recession secured by industry,hardwon,hard won,assemblage
115984,"Communist council among, also, Vietnamese",soviet,soviet,assemblage
131887,Bump into noisy old birds making pub grub,meatpies,meat pies,assemblage
33607,Drawback in pudding produced later,afterwards,afterwards,assemblage
74614,Religious community slaughtered sheep,ashram,ashram,assemblage
29588,"In clutches of sex god, model meets copper",basemetal,base metal,assemblage
52415,Crop to whip animal,bobcat,bobcat,assemblage
21036,"Deny turning, through time, into corrupt being",degenerate,degenerate,assemblage
36013,Lawyer getting thanks for information,data,data,assemblage
133539,Basic stripping of crude mimes and arty frolics,rudimentary,rudimentary,assemblage
87232,Token role for opposite number,counterpart,counterpart,assemblage
53045,Fish got cut,haddock,haddock,assemblage
86523,"Out of military uniform, free to ignore their leaders",mufti,mufti,assemblage
112702,"Under custody with fixed amount of food, eating cold porridge",incarceration,incarceration,assemblage
9447,Angry leader left one singing in Penzance,irate,irate,assemblage
17252,Hibernian leader lost by goddess,iris,iris,assemblage
73349,Poet of the sweet spring has direction about tree,nashe,nashe,assemblage
14701,Range of particular faculty so heartbreaking?,earshot,earshot,assemblage
136580,"Proceed unsteadily round bed, muffling soft sound",copperbottomed,copper bottomed,assemblage
75551,"I'm going to a concert and put off, if unrehearsed",impromptu,impromptu,assemblage
99841,Back-to-front child keeps Anglican journalist at home writing a record of what has gone on,proceedings,proceedings,assemblage
91890,"A heartless lie, trouble for lover",aficionado,aficionado,assemblage
60492,Israel supports law enforcement agency's territory,possession,possession,assemblage
29762,Drip through steeple,perspire,perspire,assemblage
49074,Thing transported by driver could be for an entertainer,nightclub,nightclub,assemblage
63152,Influence of the Guardian - or what keeps it down,paperweight,paperweight,assemblage
65698,Murderer taking taxi home after disposing of bishop,cain,cain,assemblage
12622,Strip joints on time,divest,divest,assemblage
115732,Large amount of power fast leading to end of liberty,plenty,plenty,assemblage
105773,"Failed to improve and defeated at Stamford Bridge, say",lostground,lost ground,assemblage
116760,Whack pithy American in London,battersea,battersea,assemblage
80585,Mammoth prank after rock concert,gigantic,gigantic,assemblage
14651,"With two sovereigns to pay back, 'e's made Primate of the Rock",barbaryape,barbary ape,assemblage
137881,"European earned rent, having boosted self-image",egotripped,ego tripped,assemblage
141624,Expert is left gambling on dollar with no gain,profitless,profitless,assemblage
40650,Lord Mayor says detective gets battering in Freetown,dickwhittington,dick whittington,assemblage
18387,Means of defence gets hot with top off,arms,arms,assemblage
39649,Mole takes snack next to river,pier,pier,assemblage
133495,Ecstasy over Republican tirade going wrong,errant,errant,assemblage
100203,Additional area in shop for ceramics,stoneware,stoneware,assemblage
58615,Admit in different order to bay,inlet,inlet,assemblage
804,Vicar has no head for crime,arson,arson,assemblage
73700,Witty reference to office accident? Point taken,apercu,apercu,assemblage
113017,Key exercise to cut pound?,opener,opener,assemblage
132803,Sailors turn on way and head for folly,absurdness,absurdness,assemblage
91870,"Liberty, perhaps, to keep free - we must go back to prison",bridewell,bridewell,assemblage
53315,Trajectory of missile soldier shot high in air over area,parabola,parabola,assemblage
130210,"Small gimmicky articles - book matches, for example?",novelties,novelties,assemblage
34430,Identification mark of one from a set that's incomplete,badge,badge,assemblage
119649,Extra large fungus,morel,morel,assemblage
37055,An ass in the city,antwerp,antwerp,assemblage
108114,Complaint of composer about old letter E,backache,backache,assemblage
78495,Umra and hadj regularly supported by one Muslim leader,mahdi,mahdi,assemblage
129009,"Change of leader to blame, innit?",briticism,briticism,assemblage
79539,Weak-minded one's expression of annoyance going up to work,dotard,dotard,assemblage
115567,Waterproof items the woman's put on to travel round a lake,galoshes,galoshes,assemblage
82860,Resilient component of bridge close to motorway,rubbery,rubbery,assemblage
53263,Cut up about ear-related fancy goods,exotica,exotica,assemblage
57330,Borrow from boyfriend to hear orchestral soloist,oboe,oboe,assemblage
87552,Act evasively with royal donors in the gallery,tergiversate,tergiversate,assemblage
40899,He stops lying and touching gentleman up,riser,riser,assemblage
126777,"Attracted by inconclusive result in game, not settled",drawnto,drawn to,assemblage
83269,"One travelling late, a shade before Amber picked up yours truly",redeye,red eye,assemblage
53941,Director concerned with a certain type of film,renoir,renoir,assemblage
129653,Sit exam - holding it back is extremely silly,dottiest,dottiest,assemblage
83974,Duke leaving country in Greek liner might cross it,atlantic,atlantic,assemblage
63017,Unable to love choral music,canto,canto,assemblage
31617,Notice the opening coming,advent,advent,assemblage
43143,Sacking personnel extremely ready for operation?,plunder,plunder,assemblage
113061,"Support liable to fold and, in former times, seized by intractable troubles",concertinatable,concertina table,assemblage
16446,Avaricious type like godhead coming in earlier after greedy principal,golddigger,gold digger,assemblage
131731,"Guardian's put through edited parody, being sorry?",ibegyourpardon,i beg your pardon,assemblage
28898,"Sounding catarrhal, perhaps, like Rubens?",flemish,flemish,assemblage
67126,Dowdy from beginning to end,frump,frump,assemblage
118620,Old roses oddly lacking in scent in New York,odorless,odorless,assemblage
75383,A man on board remains,ashes,ashes,assemblage
8601,Incident for which there's still time,event,event,assemblage
128,Complaint as regards public transport,eyestrain,eye strain,assemblage
91702,Many politicians wish they were so gorgeous,delectable,delectable,assemblage
27088,Precious little time ahead,twee,twee,assemblage
48054,Fasten colour in ranks,tiered,tiered,assemblage
122685,Weep over a southeast river,cray,cray,assemblage
31963,Spray for special dress,sprig,sprig,assemblage
103075,Relationship's come to an end and put off indefinitely,sinedie,sine die,assemblage
48220,England takes a long time to win,engage,engage,assemblage
48107,"One who's missing a get-together for a spell, possibly outside broadcast?",absentee,absentee,assemblage
109004,Police call for attention vigorously like this,billyo,billy o,assemblage
46879,String player not good person - or inspired musician,corelli,corelli,assemblage
5114,Little swimmer is away from the King and Queen,elver,elver,assemblage
12528,What makes Trent's last marine mammal stagger?,totter,totter,assemblage
45453,Priest almost always found to be right in book,recto,recto,assemblage
82517,Winds up clock initially and then forgets,closes,closes,assemblage
62084,"Characteristic of a rogue, taking umbrage over responsibilities",picaresque,picaresque,assemblage
77018,Style displayed by a retired European senior army man,artdeco,art deco,assemblage
124151,Radical vehicle young man left outside Number Ten,carboxyl,carboxyl,assemblage
15267,Depraved noble doesn't begin to accept proposal for coastal walk,esplanade,esplanade,assemblage
33362,The Spanish calf's head is thus served up on a plate,ossicle,ossicle,assemblage
37565,Essential solution sees priest kiss taxmen once,elixir,elixir,assemblage
129592,What scientific theory may be established in columnar layout?,testable,testable,assemblage
82540,Mark for every run,scarper,scarper,assemblage
114351,"Miss, female, follows vessel into open space",mournfor,mourn for,assemblage
59779,Officer has association with us at work,colleague,colleague,assemblage
54388,"Play's opening: in the lead, having knocked back drink, Herbert Tree starts",firstnight,first night,assemblage
59008,"Vehicle condition needs attention, back to front",estatecar,estate car,assemblage
93669,Congenital idiot starts taking note round the fleet,inborn,inborn,assemblage
51737,Britain is short of funds - there are problems here,blackspot,black spot,assemblage
22668,Conceal an increase in the premium?,coverup,cover up,assemblage
126763,Part of train with kind of light meals provider,carvery,carvery,assemblage
107378,Yet he enjoys some standing at meetings,chairman,chairman,assemblage
55613,Growth of Manchu students carrying little weight,fungus,fungus,assemblage
137674,Move bottom and dance where bars have swingers who score?,tablefootball,table football,assemblage
132454,"Fall in love, yet become discouraged",loseheart,lose heart,assemblage
128042,Sole scourers - cat without tail around its prey?,pumices,pumices,assemblage
104839,"Russian dish baked without filling, virtually inedible at first",blini,blini,assemblage
5448,"Run gas through emptiest empty space, backwards",aerate,aerate,assemblage
141763,Fashion worth wearing in the event,hammerthrow,hammer throw,assemblage
114511,Poet has single girl introduced to mountain climbing,rossetti,rossetti,assemblage
1644,It involves places and composition,landscape,landscape,assemblage
116945,"Nun, scratching head, pegs out smalls",undies,undies,assemblage
71179,Tom's cry of derision,catcall,catcall,assemblage
12187,Catch sight of clairvoyance unknown,espy,espy,assemblage
94332,"Wander over island, one in NZ",maori,maori,assemblage
115079,"Wasted away as a left back at Hyde, say",atrophied,atrophied,assemblage
128427,Society's outsiders moved quietly in a heartbeat,systole,systole,assemblage
16117,Able to tune radio set at last,adroit,adroit,assemblage
77464,Boy is given time to leave off,desist,desist,assemblage
21431,Impressive record once in charge,epic,epic,assemblage
31789,A third of close relations requires just a little spin?,triplet,triplet,assemblage
102824,Britten opera poster put up by posh churchman,billybudd,billy budd,assemblage
54416,Temperature taken by measurement with voided mercury ruler,ptolemy,ptolemy,assemblage
19468,Contributor to the Listener committing a murder,eardrum,eardrum,assemblage
20409,Independence ultimately ain't so bad for the country,estonia,estonia,assemblage
110644,"Ruffians on holiday, blubbing?",tearaways,tearaways,assemblage
7137,Computer program overturned current operations research,editor,editor,assemblage
112064,Silly fashion upset head of textiles,daft,daft,assemblage
55838,"Lift has yet to arrive, stuck on ninth in skyscraper",elate,elate,assemblage
44704,Trouble-making name in Webster's duchy on hill in springtime,inflammatory,inflammatory,assemblage
76327,American largely ignored by people showing judgement,acumen,acumen,assemblage
1430,Slug with tail squashed by French politician,gaullist,gaullist,assemblage
43192,German siren from tradition that is left over,lorelei,lorelei,assemblage
10816,"Plant flower, heading off to record store",tamarisk,tamarisk,assemblage
66793,In a trice English graduate gets a bug,amoeba,amoeba,assemblage
19135,Neat attendant,cowherd,cowherd,assemblage
1717,Bread for man with central heating,chapati,chapati,assemblage
4523,Soldiers' miserable time is up,troop,troop,assemblage
10880,Mother gets on for Mars,damages,damages,assemblage
59910,Two-part choral work has no place for heartless imp of a boy,anthony,anthony,assemblage
91985,Hornby novel abridged for electronic reproduction,hifi,hi fi,assemblage
74701,A secret service once pursuing an American Church Father,anastasius,anastasius,assemblage
94492,Blush like a wanton unlikely to run,colourfast,colourfast,assemblage
0,Many see through collapse,crumble,crumble,assemblage
112971,Rate of one cheeky bash at a classic cuckold,amphitryon,amphitryon,assemblage
102848,Compound at Calais is about to be reinstated,ester,ester,assemblage
16816,People in A&E returned to get liquid injected,enema,enema,assemblage
45616,Second-best comic,scream,scream,assemblage
134664,Person with fancy lace cuff,manacle,manacle,assemblage
118419,"""Surveying for First Great Eastern lines,"" Yeats begins",geodesy,geodesy,assemblage
52114,The French are after refreshing quiet drink,tequila,tequila,assemblage
11348,Auto brand succeeded with a change of direction,saturn,saturn,assemblage
13043,Winner has the courage to drink heavily,hitthebottle,hit the bottle,assemblage
28785,A way to mount opera in arenas,stadia,stadia,assemblage
79940,Where to see stars a short time before song on stage,planetaria,planetaria,assemblage
62385,Complaint on farm that is behind a bit,scrapie,scrapie,assemblage
142244,Crow loses tail and several feathers around neck,boas,boas,assemblage
75980,"Once together on paper, briefly",atonetime,at one time,assemblage
124472,"Bad drink and grub, oddly, it's wrong to send back",gutrot,gut rot,assemblage
17784,King's playable after one club,iron,iron,assemblage
11318,Entrance of a victorious procession curtailed,atrium,atrium,assemblage
76814,British people giving support,brace,brace,assemblage
55769,Information going to one boy is applicable to the whole class,generic,generic,assemblage
7693,Fruit starters for office lunch in vegetarian eatery,olive,olive,assemblage
67070,"It''s grating to be a bore, but not new",grid,grid,assemblage
57862,Start again from the River Meuse,resume,resume,assemblage
22992,Constant desire to cut old hag's head off,itch,itch,assemblage
64616,Spook horse in show with mike,phantom,phantom,assemblage
117946,Long sleeper had to rent carrier with shellfish,ripvanwinkle,rip van winkle,assemblage
127740,"Wind in vet, behind producing air",ventilate,ventilate,assemblage
6540,"Vivid in future, possibly",intense,intense,assemblage
109531,"Element producing revulsion, added to sulphur",sodium,sodium,assemblage
134715,Insular Spaniard former PM is able to set right,majorcan,majorcan,assemblage
129584,Helping upset diva with heartless apology,advisory,advisory,assemblage
137952,Gracious Evita reportedly turned up to embrace workers,operatives,operatives,assemblage
94778,Stick with sweet lines about love and end of hostility,lolly,lolly,assemblage
34981,Architectural features of poor housing received by the lower classes,prostyles,prostyles,assemblage
79039,What might go woof soundly sat on by wild bird,stormypetrel,stormy petrel,assemblage
107516,"Church leader, passionate primate, good for providing snifter",chotapeg,chota peg,assemblage
101660,Form of estate agent's brochure?,semicircular,semicircular,assemblage
1325,God's big flag,osiris,osiris,assemblage
105356,"Pitch-black object with backing left to sin, a naughty boy",tarbarrel,tar barrel,assemblage
29112,The dashing criminal's source of poison?,nightshade,nightshade,assemblage
6216,Visionary childhood?,infancy,infancy,assemblage
28508,"It's this or nothing at breakfast, say",oatmeal,oatmeal,assemblage
80349,Soldier's gone for a meal,repast,repast,assemblage
21513,Hands out pen from a simple case,openandshut,open and shut,assemblage
114825,Be critical about an expert supposedly solving everything,panacean,panacean,assemblage
16363,Obvious successor holds a broadcast,overtheair,over the air,assemblage
68940,"Army retreat, then change direction to do this",attack,attack,assemblage
141337,Frustrated European loudly had sex,checkmated,checkmated,assemblage
28256,Badgers - burrowers needing way in,molests,molests,assemblage
25856,Small man backing boss on sacred lotus,nelumbo,nelumbo,assemblage
72407,Defective gun's all right inside,broken,broken,assemblage
117902,"Phone call by layabout (""I'm disgusted"") evokes profound amusement",bellylaugh,belly laugh,assemblage
98735,Pressurise as insurance against missing church,coerce,coerce,assemblage
60427,Bluff queen sent back liquor - about a litre,bamboozle,bamboozle,assemblage
73881,Country base that is without a castle,eire,eire,assemblage
26869,Bows and scrapes to obtain indications of approval,fiddlesticks,fiddlesticks,assemblage
99678,Desires half my wages,yearnings,yearnings,assemblage
81712,Bend put straight inside which to rule sheets,bedlinen,bed linen,assemblage
16610,"Prepare to take off tons, one by one",taxi,taxi,assemblage
65650,Plaster for minor injuries standing firm,stucco,stucco,assemblage
132215,Old money is securing items of furniture - is one for an Italian friar?,francisofassisi,francis of assisi,assemblage
79285,Rex remains impulsive,rash,rash,assemblage
31006,Board has positive answers from two Europeans,ouija,ouija,assemblage
55821,"Rodents party, beginning to munch through cereal",dormice,dormice,assemblage
96379,Puffer with little weight of matter,grampus,grampus,assemblage
69968,Las Vegas employee with a worse lung problem?,croupier,croupier,assemblage
37965,Top military support secret police,brass,brass,assemblage
7319,Look at ways to get peers assembled,lords,lords,assemblage
137321,Commonwealth leader shot - very good one!,turnbull,turnbull,assemblage
121425,An imposing character - one of Kafka’s - producing type of missile,antitank,anti tank,assemblage
127498,"Jumper might go over this, missing tie",skippingrope,skipping rope,assemblage
113811,African gets the gist with Scotsman,nubian,nubian,assemblage
138409,"Shiny fabric worn in alluring style, ultimately",goldlame,gold lame,assemblage
135479,Forces people to take food here,messhall,mess hall,assemblage
87573,Unduly pleased with the south face,smug,smug,assemblage
39549,Antique chair that's broken must be taken into account,archaic,archaic,assemblage
6912,Most wealthy independent church to be still around,richest,richest,assemblage
78801,"Anyone's game, as Manx cat and cat back to back",tossup,toss up,assemblage
18626,Genius of story books,talent,talent,assemblage
35138,Building weapon unleashes anger,farm,farm,assemblage
141896,Bar gets this for beggar that's like a frustrated bird,eggbound,egg bound,assemblage
98105,Learning about waterfall in part of France,lorraine,lorraine,assemblage
132566,Belittle liberal mad to enter fight over leadership in House,badmouth,bad mouth,assemblage
83812,Far-reaching reduction in military establishment,deepcut,deepcut,assemblage
39742,"Duck, plump and mouth-filling",orotund,orotund,assemblage
125128,"Rule out piece of Chopin, say, covering his head",preclude,preclude,assemblage
38681,"Fruit here, or vegetable",orchard,orchard,assemblage
123744,"A round game, perhaps",cuptie,cup tie,assemblage
75044,Sweet to laze around - I need a fizzy drink,lollipop,lollipop,assemblage
75977,Make good porridge together,atonetime,at one time,assemblage
83180,Scratch is beginning to sting,startingpoint,starting point,assemblage
35625,Girl Adler treated in church,cathedral,cathedral,assemblage
129495,"Look up fish at university in France, a mythical creature",loupgarou,loup garou,assemblage
125864,"Novel that's hilarious, one getting thanks",lolita,lolita,assemblage
47705,"Quiet seaman gets by, looking scruffy",shabby,shabby,assemblage
5851,We're told to record a metre as aid to calculation,logarithm,logarithm,assemblage
109445,Vegetable raised in some confusion at Goodwood events,motorraces,motor races,assemblage
56807,"Not this piece for piano, therefore",another,another,assemblage
86413,Lump?,plumduff,plum duff,assemblage
16878,"Covert socialist, extremely rich, in want of a wife",stealthy,stealthy,assemblage
99115,It is appealingly drawn on the lid,eyeliner,eyeliner,assemblage
70810,Skill of the Ettrick Shepherd? His literacy had its uses,hoggart,hoggart,assemblage
98353,He teaches people to revere leader,mentor,mentor,assemblage
126182,Villain that might create problem in camp,badguy,bad guy,assemblage
21507,Playschool subject? It's an outrage!,scandal,scandal,assemblage
127260,"Vessels, any number, in bay for time of celebration",burnsnight,burns night,assemblage
81023,A little wind makes your head swollen,puffy,puffy,assemblage
50994,Snug place for young foxes?,cubbyhole,cubbyhole,assemblage
136945,"Bishop, say, tries fruit",mangoes,mangoes,assemblage
11010,Be a gymnast and take drugs,dope,dope,assemblage
107837,Jumper for Nellie the Elephant - or where she performed?,bigtop,big top,assemblage
44616,Sleeveless jacket won't do for this family identification?,coatofarms,coat of arms,assemblage
64958,"A letter P's compound, potassium compound",saltpetre,saltpetre,assemblage
131396,Competing boxer's seconds question almighty setback?,showdog,show dog,assemblage
80011,American friend seen around university most of the time,usually,usually,assemblage
76385,"Rent hotel or school in south-east Clydesdale, for one",shirehorse,shire horse,assemblage
82896,"English team having drawn, no one left",exited,exited,assemblage
116563,Mammoth starter unfortunately brought up is sausages,salamis,salamis,assemblage
103534,Oxygen carrier left next to prison,redcell,red cell,assemblage
82295,I'm heading for exit after old bag becomes ex,onetime,one time,assemblage
90955,Trumpeters appearing in county after Brazilian player's brought back,elephants,elephants,assemblage
137912,Conservative strongly backing demand,callfor,call for,assemblage
73802,Preceding to enter by gate at the front,going,going,assemblage
87982,Not expecting the girl to have the goods,unawares,unawares,assemblage
76048,Test space craft with no tail,challenge,challenge,assemblage
103377,Composer appearing after end of last movement,travel,travel,assemblage
77546,Vegetable served after a special introduction to Alan Sugar backfired,asparagus,asparagus,assemblage
98788,Writer flipped over opening to last part of play,tolstoy,tolstoy,assemblage
119171,Start putting fresh lead on carpet,kickoff,kick off,assemblage
3381,Up-to-date cultivation of the soil?,tillage,tillage,assemblage
24068,Thickening painful growths put end to gout on part of foot,cornstarch,cornstarch,assemblage
41480,"Given backing, heavyweight behind strong bid",notrump,no trump,assemblage
102483,French fighter's motorway madness,mirage,mirage,assemblage
97769,Hesitation about having booze served at front of gallery buildings,realestate,real estate,assemblage
20415,An attractive item that has nothing of interest to a motorist,magneto,magneto,assemblage
40137,Animal refuge that is about right for a certain group,coterie,coterie,assemblage
87912,"Short jacket for male in fake fur, worn by comic",bumfreezer,bumfreezer,assemblage
115744,Insect on animal's a source of annoyance,bugbear,bugbear,assemblage
46446,Contractor's footnote on tick,triceps,triceps,assemblage
19903,Desiring change in location close to fighting,ringside,ringside,assemblage
88814,He wrote Cleopatra's reported reply to Antony's asking if she was still faithful?,omarkhayyam,omar khayyam,assemblage
30385,Frame Dave's mate - relatively finished!,chassis,chassis,assemblage
41890,Incite prison in revolt,stirup,stir up,assemblage
88056,Fabric occupied a building,satin,satin,assemblage
46609,"A Nepalese, say, is earnest about monarch",easterner,easterner,assemblage
128690,Gather work is put to use again,reapply,reapply,assemblage
12925,Seer turning coy on investigation,research,research,assemblage
31876,Preserve grim sincerity,candour,candour,assemblage
985,"Cook red beef, not an insect",chef,chef,assemblage
85602,French mediator's argy-bargy,fracas,fracas,assemblage
14889,Home provided for a pound for quiet creature about to be so!,almshouse,almshouse,assemblage
93629,Went for the green finish on household range,drove,drove,assemblage
85131,Altogether Ben fails to set up pass,enbloc,en bloc,assemblage
84857,Immature aloofness almost leads to beauty,childish,childish,assemblage
52860,The heart of a German city church,essence,essence,assemblage
1538,"Girl who makes you nearly glow, then look back",gloria,gloria,assemblage
119218,"Get dad drunk, say, involving a couple of parties",bipartite,bipartite,assemblage
94357,Reproducer of Trojan holding note at a pub,hectograph,hectograph,assemblage
91889,Fan finds trouble follows a heartless lie,aficionado,aficionado,assemblage
6738,"Sky thus clearer, as university sportsman runs",bluer,bluer,assemblage
76746,One book on birds for advanced students in America,internes,internes,assemblage
76100,University in conservative soap opera setting,cambridge,cambridge,assemblage
91254,Colour purplish brown won't begin to be cut,reduce,reduce,assemblage
110946,Non-illuminated bend up front leads to the opposite,sunlit,sunlit,assemblage
43854,"Hastened, say, to climb Alps?",range,range,assemblage
65071,Boyfriend getting girl doctor to change rota,inamorato,inamorato,assemblage
53004,Disagree with long pronouncement in paper,takeissue,take issue,assemblage
97786,Ridicule the regional tableware,teaset,tea set,assemblage
137651,Vehicle manoeuvre - real comedy act?,rightturn,right turn,assemblage
19437,"Our Wednesday, or a godlike ""duck noise"" joke",odin,odin,assemblage
99592,Male facing stress when leaving US city,memphis,memphis,assemblage
27800,"Abroad, confused between left and right",labrador,labrador,assemblage
7984,"Neat shot, though not centred with precision",nicety,nicety,assemblage
72062,"Hardwood - pine, say - pleasant when toasted",teacake,teacake,assemblage
125309,Boy born on top of stretcher?,brick,brick,assemblage
118913,Vehicle on notable run aiming to be eco-friendly,carbonneutral,carbon neutral,assemblage
136300,"People of power head south, drinking old red wine",potentates,potentates,assemblage
135834,Is linked by time? That's extremely premature,hastiest,hastiest,assemblage
131353,Bar Venice? Split the drink between the three of them,adriaticsea,adriatic sea,assemblage
29065,Mad behaviour of people on the way,roadrage,road rage,assemblage
41194,Goddess makes man survive,hebe,hebe,assemblage
72432,Old magistrate about the day before,reeve,reeve,assemblage
24494,Cooked eel with crackers is basic,elemental,elemental,assemblage
52564,Character against drink,chianti,chianti,assemblage
115385,Put up with nothing short of Asian island,borne,borne,assemblage
52677,"Gates, maybe, soft before time",pearly,pearly,assemblage
21040,Quality of King and Queen recognised in very many quarters,sereneness,sereneness,assemblage
60364,Put on weight and looked older,staged,staged,assemblage
61310,Just buying and selling,fairtrade,fair trade,assemblage
43886,Luxembourg possesses a capital,lhasa,lhasa,assemblage
72983,Good man consumed by power,state,state,assemblage
107993,Key to weakness revealed outside our scene of action,courtoflaw,court of law,assemblage
67992,"Deliberately crash into vehicle, knocking piece off front",ram,ram,assemblage
87497,Motley beast or bad boy once,assorted,assorted,assemblage
134298,Director backing Britain? Jolly good fellow!,kubrick,kubrick,assemblage
139240,Fail badly with a Japanese verse,tanka,tanka,assemblage
70032,Left sheet listing one's financial assets,portfolio,portfolio,assemblage
48518,"Snooping, a small number make notes",nosing,nosing,assemblage
2505,Couple stop as way to end a game of tennis,tiebreak,tiebreak,assemblage
110950,Got back to front,regainedthelead,regained the lead,assemblage
81286,So not about to be given sequence of notes to follow?,tonedeaf,tone deaf,assemblage
31800,Upending tin over most of spicy Mexican food,nacho,nacho,assemblage
108770,"Firm slice finds corner, say",setpiece,set piece,assemblage
466,This gauges resources and signifies a river,meanstest,means test,assemblage
94556,Shop closing early before mass attack,storm,storm,assemblage
49880,Irishman in charge of Scottish club,celtic,celtic,assemblage
46282,One to pour out wine for starters,antipasti,antipasti,assemblage
42638,Drinker of rum and winter warmers will get liver damage,longjohnsilver,long john silver,assemblage
125622,Cautious bids ordered - it was dangerous for old sailors,charybdis,charybdis,assemblage
115869,"Earth not even, pulled up tuber",eddo,eddo,assemblage
29916,General passages written up inspired by Indian city?,agricola,agricola,assemblage
27519,Weapon standard rising? That's right!,rapier,rapier,assemblage
25066,"See, say, unidentified writer's catalogue of principles",canon,canon,assemblage
127180,Plots involving high-speed races,machinations,machinations,assemblage
96398,"From afar, about to get accommodation close to Derby",remotely,remotely,assemblage
48694,Chimney first built in the past brings back trouble,lumbago,lumbago,assemblage
100258,Help idiot start to improve posture,assistance,assistance,assemblage
87522,Instigate storing flower in kind of cup,stirrup,stirrup,assemblage
40560,But does the chattering class come to the point here?,focusgroup,focus group,assemblage
138627,"Calls offspring ""round the bend""!",ringsup,rings up,assemblage
138876,Like some exercise? I carried back some French wine bottles,aerobic,aerobic,assemblage
142069,"Big deal, right? Won't work - like government's contact-tracing app",worldbeating,world beating,assemblage
85975,"Generators died, rotating such a lot",dynamos,dynamos,assemblage
4568,Order article from Gulf State,oman,oman,assemblage
82430,Topless Antipodeans going to Thailand make Greek tense,aorist,aorist,assemblage
115034,Plumpness? Point to retiring aristocrat and me,embonpoint,embonpoint,assemblage
64601,In charge of opening up the polar regions?,icecaps,icecaps,assemblage
63482,Provide at last half what's due,endow,endow,assemblage
51240,Give up supporting Japanese game,forgo,forgo,assemblage
17835,Complete section of boxing match cancelled,roundoff,round off,assemblage
28362,Comment about student's achievement?,remark,remark,assemblage
135482,Indicated empty lavatory in a very obvious way,pointedly,pointedly,assemblage
58343,Spanish leaders present in province,sphere,sphere,assemblage
84318,Bias isn't commonly seen in cosmetic treatment,warpaint,war paint,assemblage
102879,Pitch closed after popular race,intonation,intonation,assemblage
25794,Killjoy has loot left,spoilsport,spoilsport,assemblage
109106,Foreign copper gets doctor free,mountie,mountie,assemblage
111482,Source of milk for army medic in capital?,moscow,moscow,assemblage
56084,Crafty move before close of play,shifty,shifty,assemblage
76016,"After struggling free, bird makes secure place in the sails",reefknot,reef knot,assemblage
92363,"Second that is to say ""shut up""",stowit,stow it,assemblage
137221,Row over golf: good golfer admits they don't have balls,geldings,geldings,assemblage
25646,Main course for travellers,seapassage,sea passage,assemblage
99922,Turn defeat into a stroke of luck,windfall,windfall,assemblage
65414,Make repairs to stillage: that is the law's obligations,legalities,legalities,assemblage
139478,Horseman and I went off to the north,dettori,dettori,assemblage
47473,Argentinian girl has a row with Araucaria,galtieri,galtieri,assemblage
31150,Hitch horse to pole,snag,snag,assemblage
53208,Singular way to ramble,strange,strange,assemblage
80541,Where witches venture,coventry,coventry,assemblage
142146,Tendentious bid may be put forward after no end of hesitation,doubled,doubled,assemblage
90398,Patron with a legal right in court,client,client,assemblage
93136,A little bit of geography needs to get a dog,tad,tad,assemblage
56610,Close to urban area without good informal dress,nightgown,nightgown,assemblage
85029,Wing's no longer taking the strain,extension,extension,assemblage
129069,"Combination of sex, love and desire for player",violist,violist,assemblage
40339,Defamatory address to America on line with one phone call,libellous,libellous,assemblage
9904,Think tooth - it chewed,cogitate,cogitate,assemblage
58777,Uncontaminated drug extract,puree,puree,assemblage
46301,Swimmer's given beer? Rubbish,codswallop,codswallop,assemblage
21120,Mature scripture writer,ripen,ripen,assemblage
113491,Started touring after struggling to entertain very much,begreatfun,be great fun,assemblage
16370,Enthusiast is after trunk of tree,chestnut,chestnut,assemblage
88170,Small bicycle accessory - I dropped a tool,spanner,spanner,assemblage
87076,Train from Bath East,tube,tube,assemblage
82521,Inform the enemy when most are watching,primetime,prime time,assemblage
102334,Splendid adage for one not working against the grain,rippingsaw,ripping saw,assemblage
94219,Utter ability for conducting public affairs,statecraft,statecraft,assemblage
87378,A little colour for one idiot pirouetting,tinge,tinge,assemblage
103670,Words of action from the Baker Street enthusiasts?,irregularverbs,irregular verbs,assemblage
1300,Soldier left off train gets late transport . . .,hearse,hearse,assemblage
128748,"In file, part of script to Pixar film (director's cut)",linedup,lined up,assemblage
79205,Unfinished second drink,latte,latte,assemblage
135913,Story with a poor beginning but a capital ending,ragstoriches,rags to riches,assemblage
109046,"Copper pot endlessly cooked nice meal, lacking energy",policeman,policeman,assemblage
110970,Short column with smooth outline,profile,profile,assemblage
96867,Fish etc with return of a point in the ground,seafood,seafood,assemblage
83950,Break in street with work finished,stopover,stopover,assemblage
22899,Support the boards - but behind the scenes,backstage,backstage,assemblage
9557,Flirting gets Penny a relationship,dalliance,dalliance,assemblage
52829,Hats off to county and central Asian city,tashkent,tashkent,assemblage
47247,Duck keeps quiet: mother acquires top layer of skin,epidermal,epidermal,assemblage
59599,Casual worker has time to make emulsion,tempera,tempera,assemblage
70751,Sausage that's very soft embraced by cooking pioneer,pepperoni,pepperoni,assemblage
137111,"Abomination of a clue, Paul's first to get the boot!",laceup,lace up,assemblage
136216,"Native American at the Alamo, say, quietly getting overinvolved?",missioncreep,mission creep,assemblage
101619,See what should be on plate by agreement,locarno,locarno,assemblage
140011,"Resistant to change, try ignoring case of piles",stabile,stabile,assemblage
113354,Drop sign having changed hands,cancel,cancel,assemblage
7628,Finally witnessing US vice leads to Edward Snowden making judgement,guess,guess,assemblage
92770,"Bush's offensive, unsightly prospect receiving no backing - a mistake",waronterror,war on terror,assemblage
118135,Agreed to go round Australia with a back-up instrument,kazoo,kazoo,assemblage
132132,"Protests, One Direction finally failing to secure top spots",speaksout,speaks out,assemblage
75003,Weep over last broken glass,crystal,crystal,assemblage
37373,Cultivation site used by pickpocket?,flowerpot,flowerpot,assemblage
63393,Lane found in court by queen's secluded area,cloister,cloister,assemblage
133312,Firm moves into sort of market with no room left,brimfull,brim full,assemblage
67841,Cause of devastation leader in Times newspaper: is Guardian man in pursuit?,tsunami,tsunami,assemblage
88211,One having minor responsibilities in a law journal,legalguardian,legal guardian,assemblage
127408,This angry expression by fox,crosswordpuzzle,crossword puzzle,assemblage
14343,It's sung a second before New Year in Vietnam,motet,motet,assemblage
10654,Prime murder victim's name left off,abel,abel,assemblage
45524,It's wicked in the dark,nightlight,night light,assemblage
1375,Stranger calling for a big glass,rummer,rummer,assemblage
97921,A nymph like this may be seen in the neighbourhood,arethusa,arethusa,assemblage
119938,"In succession to throne, oddly, viscount's last",onthetrot,on the trot,assemblage
51289,A brave chap gutted about old Greek commander,agamemnon,agamemnon,assemblage
118007,Fight with fairy for camera,boxbrownie,box brownie,assemblage
27008,Concluding remark in central body,corpse,corpse,assemblage
72393,Sarah takes the Roman road to find this plant,salvia,salvia,assemblage
134258,"Horse so sick, tamed and patted on the back",brokenwinded,broken winded,assemblage
93423,"Skint revolutionary about to knock off, I see",boracic,boracic,assemblage
133870,Make fast? On the contrary (one local runner),unbolt,unbolt,assemblage
10673,Unconscious moments of Spooner's toad-like informers,fortywinks,forty winks,assemblage
26860,"About to drop off original Monets, number left inside",somnolent,somnolent,assemblage
91355,"The smart money, not much of it in the county, isn't taking the risk",chickensout,chickens out,assemblage
137332,Lout in black jumper turned up,boor,boor,assemblage
136808,Odds favouring bishop's competence,probability,probability,assemblage
132656,Half-square key with a movement in need of oiling,squeaky,squeaky,assemblage
113485,"Has turned around a variation's start with a new note, it's plain",savannah,savannah,assemblage
17364,Where Shirley Valentine worked for the Greek state in a National Trust building,taverna,taverna,assemblage
139610,Welcomer has installed superior musical device for visitor,houseguest,house guest,assemblage
27459,Find oneself nothing French to eat cooked outside,orientate,orientate,assemblage
141220,"In general, sedimentary material with nasty smell and coarse",marlborough,marlborough,assemblage
60769,Where lawyers drink with a major player?,barbara,barbara,assemblage
81375,In Scotland they say 'Thicko! Stupid!',dunsinane,dunsinane,assemblage
82723,Confusion that doesn't have one's head in a whirl,tailspin,tailspin,assemblage
80710,Cooler Athenian expression heard to display irrational enthusiasm,fanaticism,fanaticism,assemblage
13858,Note covered in pieces of rice cake,eclair,eclair,assemblage
2903,Piece of round matter,opus,opus,assemblage
127846,Dance work substituted for last element of festival,galop,galop,assemblage
122833,To dissect a very little matter is easy at first,anatomise,anatomise,assemblage
30670,Crawler gives thanks with natural disposition,tarantula,tarantula,assemblage
100423,IOU for time between rivers,debenture,debenture,assemblage
95671,"Close to this, flogging belatedly?",sellbydate,sell by date,assemblage
15837,Trump's unacceptable act,outdo,outdo,assemblage
85037,"Reveal Caledonian's very, very short",uncover,uncover,assemblage
91018,German statesman's doctrine dividing king and nipper after uprising,bismarck,bismarck,assemblage
45658,Fleece that is very new,rookie,rookie,assemblage
13951,The same set-up applied to company doctor,medico,medico,assemblage
65188,Declared a number was incorrect,averred,averred,assemblage
75009,Wallenstein his s-spine-tingler,schiller,schiller,assemblage
86620,Man donates freely for memorial,headstone,headstone,assemblage
9067,Research done initially during study in China,dresden,dresden,assemblage
89411,"Not the cost of living, apparently",deathrate,death rate,assemblage
9663,To tackle the problem yet again called for fortitude,resolve,resolve,assemblage
67783,"King and queen, perhaps, reversed course of action",tack,tack,assemblage
118122,Police dogs are trained to detect this number tag,hashsign,hash sign,assemblage
49448,Pattern formerly sufficient,example,example,assemblage
71552,China and Cuba on stony ground,crockery,crockery,assemblage
139963,Promoted team's benefit,upside,upside,assemblage
121002,Brilliant combination of the Hebrew and the Spanish,jewel,jewel,assemblage
138740,Time to arrest every person racing cars here,daytonabeach,daytona beach,assemblage
35123,"King, one to act crazy!",knut,knut,assemblage
27761,Principal feature of a leading Roman church,arch,arch,assemblage
124471,"Crude alcohol, good with pickled trout",gutrot,gutrot,assemblage
92169,Very small head teacher stalking McFly?,midget,midget,assemblage
61664,Key duet composition,etude,etude,assemblage
72863,Old king kept a hold on the state,agrippa,agrippa,assemblage
66400,Player put on top of the charts,north,north,assemblage
24111,Clever Dick's alter ego?,smartalec,smart alec,assemblage
34972,"Suffer with a bitter feeling, not one that will afflict you for ever",incurable,incurable,assemblage
116951,Warning that's right about which man's after my own heart?,augury,augury,assemblage
29631,"Girl, given Chinese food, wanting more",avarice,avarice,assemblage
20408,"Country star in Hollywood, not hot single American",estonia,estonia,assemblage
16210,"Standard of the Socialist Worker escaped the Daily Mail, according to Spooner",redflag,red flag,assemblage
28802,Thread attaching fringes of lungi and shawl to back of cape,lisle,lisle,assemblage
136896,Line lost in presenting account to posh colleague with forked tongue?,bilingually,bilingually,assemblage
63714,Meditation here from Massenet: ie wasting time once!,thais,thais,assemblage
126962,"Ditch soldiers, at first, to make savings",retrench,retrench,assemblage
82715,See a lot of woman getting dressed,clad,clad,assemblage
101874,"After turbulent stretches of water, express disappointment with cutter",ripsaw,ripsaw,assemblage
71904,No Greek character is socially unacceptable,nonu,non u,assemblage
119239,Standard lines of rebuff,parry,parry,assemblage
57639,Traveller's ear turns up with internal organ,gulliver,gulliver,assemblage
125940,Shabby dog's two orders?,downatheel,down at heel,assemblage
121794,Manny R's friend gets stuck into some opposition,antonymy,antonymy,assemblage
20573,Repeated point about excerpts leading to obscurity,eclipse,eclipse,assemblage
67362,"Goddess, after film, cried uncontrollably - this is no juvenile trauma!",midlifecrisis,midlife crisis,assemblage
80200,Refuse to go back - that's a first,brandnew,brand new,assemblage
28366,Comment on old currency,remark,remark,assemblage
71100,"Pet's to devastate, going on to fiddle?",catgut,catgut,assemblage
82236,Inept lads lack involvement in hanky-panky,slapandtickle,slap and tickle,assemblage
34498,I ring back about the shrub,lilac,lilac,assemblage
108618,Terminate in small place,slay,slay,assemblage
125973,Shoot a north European,german,german,assemblage
136729,Spotted leader of batty pressure group,blobby,blobby,assemblage
26200,Make free to follow a relative,auntie,auntie,assemblage
127270,"Mostly take ferry, say, near northwestern town",crosby,crosby,assemblage
116598,Visitor set out to interrupt audibly exasperated type?,sightseer,sightseer,assemblage
118398,To install firmly fix in a ring,ingrain,ingrain,assemblage
33810,Fix a direction indicator,assign,assign,assemblage
117657,Irish poet Russell considered effervescent,aerated,aerated,assemblage
94323,A number get away with swindle,delude,delude,assemblage
96505,Be in full control of big bag on deck,holdallthecards,hold all the cards,assemblage
112907,Stoker and railway both turned to stone,marble,marble,assemblage
25758,British PM ultimately wanting fight,battle,battle,assemblage
68414,"Cut of meat, free bait",sparerib,spare rib,assemblage
41419,"Stop and have a breather, do you hear?",arrest,arrest,assemblage
137135,"Note minister provided, written up",fiver,fiver,assemblage
87863,Associates pass old measures,colleagues,colleagues,assemblage
84374,Belgium is in need of Dickensian wrong 'un,blacksheep,black sheep,assemblage
61931,Manipulate lines in German with the appropriate article,gerrymander,gerrymander,assemblage
106449,Six against a fast bowler of old in a test,vivavoce,viva voce,assemblage
106250,Cry o' battle to shift large plant,yellowarchangel,yellow archangel,assemblage
20427,Last minute gathering to one side,laterally,laterally,assemblage
47662,It's a drawback having yen for precious stone,ruby,ruby,assemblage
108637,The Italian regular struggling to become irregular,guerrilla,guerrilla,assemblage
81149,"Held down slates, we hear, being concealed",keptunderwraps,kept under wraps,assemblage
137921,Hill discovered the right glands,highland,highland,assemblage
51077,Officer getting vessel to change direction,subaltern,subaltern,assemblage
6454,Lob with spin to go over the same ground and cause destruction,obliterate,obliterate,assemblage
24784,Saying something clever before telephone operator starts,motto,motto,assemblage
122261,"Girl to go, about to go to boy",gwendolen,gwendolen,assemblage
115207,Labels fellow a good shot,marksman,marksman,assemblage
29950,A return game between two sides in the country,rural,rural,assemblage
100607,Scrap over dramatist,orton,orton,assemblage
110190,"After church, stranger's in better spirits",cheerier,cheerier,assemblage
114884,Modern flanged arrangement is not what one's used to,newfangled,newfangled,assemblage
16162,Young lady put away discussion,debate,debate,assemblage
73733,Twice jump a little way for a man on board,bishop,bishop,assemblage
67351,Girl in Band A,sasha,sasha,assemblage
104285,Light grey French perfume ingredient,ambergris,ambergris,assemblage
8667,Reveals former attitudes,exposes,exposes,assemblage
43958,Assign a key part,award,award,assemblage
17136,Check power of support,reinforce,reinforce,assemblage
23879,"Foreman's right missed, proving a mistake",gaffe,gaffe,assemblage
46863,Democrat leaves MP to sum up,recap,recap,assemblage
95313,"Head, not heart, missing - it's obvious",patent,patent,assemblage
83306,Heavy machinery stacked by runner,piledriver,piledriver,assemblage
102580,Admitted switching title on,letinto,let into,assemblage
78224,"A cake, but not of soap",bathbun,bath bun,assemblage
74513,Arab question and answer about one desert,qatari,qatari,assemblage
1054,He will take if the possibility is available,thief,thief,assemblage
80542,City witches on trial,coventry,coventry,assemblage
52619,This month worker's dependent on tick,instant,instant,assemblage
26677,Dressed or turned over on the bed,robed,robed,assemblage
83614,Bloke has to leave vegetables,mangetout,mangetout,assemblage
82270,"So, prime suspect is to swear oath?",promise,promise,assemblage
28159,Note uprising ropes in crude strength,brawn,brawn,assemblage
113166,A succession was first raised with Norfolk in Sussex,arundel,arundel,assemblage
40543,Unplaced Texan horse out of the melee almost,homeless,homeless,assemblage
133288,Even in peacetime its members are prepared to fight,regulararmy,regular army,assemblage
12581,Not against healthy yield,profit,profit,assemblage
53555,"A cooler turkey, perhaps, is one in the coop?",jailbird,jailbird,assemblage
70861,Bully driving animal under carriageway,roadhog,road hog,assemblage
118397,"Yield small volume you aim, ultimately, to store in reserve",succumb,succumb,assemblage
85552,Reader in church always involving ancient Shakespearean,epistoler,epistoler,assemblage
2348,Successful deal maker is caught by failure,closer,closer,assemblage
11057,Shocked Attorney General takes time,aghast,aghast,assemblage
30997,Board has positive answers from two European states,ouija,ouija,assemblage
109120,"Barnard, say, prepares expat for growing tea, say, when I leave",transplanter,transplanter,assemblage
140409,Wave away solicitor deciding procedure,shootout,shoot out,assemblage
85466,"With respect, Ebenezer Scrooge initially has to pay up",esteem,esteem,assemblage
38473,Token of love interrupting part of service: touching!,coupon,coupon,assemblage
108259,Resist having to get up,withstand,withstand,assemblage
105125,Sweet Baby Love's ultimate rock,icecube,ice cube,assemblage
85601,"Stole after breaking in, a recurrent disturbance",fracas,fracas,assemblage
26681,Consequence of a dad almost without limit,aftermath,aftermath,assemblage
34007,Stampede over the long grass,onrush,onrush,assemblage
10456,Fears loss of opener to slips,errors,errors,assemblage
130657,Therapist calling for sparkling water?,physio,physio,assemblage
116270,Pee on the throne with child,pregnant,pregnant,assemblage
82892,Old lady of Turin turns up with car after arrival of the Messiah,annodomini,anno domini,assemblage
52156,Spring collection firmly established,wellset,well set,assemblage
73926,Spoil King Edward's verse,erode,erode,assemblage
115857,Bone throbbing certain to return,humerus,humerus,assemblage
5061,Secure backing to break left hand somewhere in Scotland,leith,leith,assemblage
80049,Present and organise race,donation,donation,assemblage
20479,Worker right to be bitter sometimes,beer,beer,assemblage
93815,Delicious nipper takes part,toothsome,toothsome,assemblage
7703,Duck has to be green,olive,olive,assemblage
35871,Measure vehicle over a period of time,yardage,yardage,assemblage
88036,"Utter scoundrels in the ascendant, second-raters excepted",allstar,all star,assemblage
85932,Retired churl wept buckets,blubbered,blubbered,assemblage
65204,"Preserved them clipped, without hair, without tips of moustache",embalmed,embalmed,assemblage
105539,Be in tears over Italian bird,peewit,peewit,assemblage
47195,"Extra large predicament, when hat's lost by Austen's girl",trilemma,trilemma,assemblage
42939,Direction of type of desktop display system jig?,guidance,guidance,assemblage
64979,Midpoint of Romeo and Juliet on radio,november,november,assemblage
97798,Cuddle close to Cookie Monster,huge,huge,assemblage
10151,Stupid wombats periodically take stuff,obtuse,obtuse,assemblage
68871,Interjection of surprise about a right rude sign - made by him?,harvey,harvey,assemblage
112091,Father has favourite term of endearment,poppet,poppet,assemblage
47810,Artists apply to notorious preacher,rasputin,rasputin,assemblage
55454,"Just taking starters, André Previn has little desire for food",appetite,appetite,assemblage
98157,She runs the meeting I join in daily,chairwoman,chairwoman,assemblage
108841,Everyone stops at point made by president and writer,allende,allende,assemblage
124737,Press to give new line about bird taking in the Head of News,returnkey,return key,assemblage
117641,"Production of Cats, say, editor covered haphazardly",littered,littered,assemblage
110593,Soldier lacking papers? Very suspicious!,paranoid,paranoid,assemblage
67805,Wisdom in town with elderly tourists?,sagacity,sagacity,assemblage
21656,Again interprets what's right before needing notices,rereads,rereads,assemblage
85668,Pool giving pleasure to many,fund,fund,assemblage
95242,Home - half of it with furniture - that can't be got down,indomitable,indomitable,assemblage
12186,See key goes to the agent,espy,espy,assemblage
24436,"Mean fool, one hears, but well organised",tightknit,tight knit,assemblage
53835,Engineers rejected lad's shattered stone,emerald,emerald,assemblage
127831,Drink time - get the carriage,porterage,porterage,assemblage
80862,Bone from tail of flightless bird? I'm not sure,sternum,sternum,assemblage
107826,"Tip into newspaper, kippers",perk,perk,assemblage
73003,James's valet joining alien group,quintet,quintet,assemblage
2298,Oriental plant festival,easter,easter,assemblage
131687,Stupid selfie taken by stupid linesman,masefield,masefield,assemblage
33544,"A rugby player turns up, so accepted as fit",apropos,apropos,assemblage
102597,"Disease caught by pair, lots scattered in terror",spoiltbrat,spoilt brat,assemblage
51841,Exhausted colleague's year off taking everything together,allinall,all in all,assemblage
92649,"Fix case of ulcer, as chemist",pasteur,pasteur,assemblage
96499,Work rare on which date? The fifth of the eighth,catherinehoward,catherine howard,assemblage
120094,Time up for mountaineer disheartened by call,hilaryterm,hilary term,assemblage
124510,Note worried Sikhs in problem with scales,fishskin,fishskin,assemblage
76617,It's seen running round tree by one on the spot,eyewitness,eyewitness,assemblage
39108,"Initially promising, like some ground in the story of the sower?",parable,parable,assemblage
64078,It's unimaginative of ants to take heart from gulag,formulaic,formulaic,assemblage
61203,View of one of those known to be fully knowledgeable holding good,opinion,opinion,assemblage
88964,Bird left on far side of river,ousel,ousel,assemblage
98032,"Place to hang small greasy spoon, antique",scaffold,scaffold,assemblage
113016,Utensil for cook with less guile?,opener,opener,assemblage
141794,Fruit found by animal in the edges of cultivated wood,chipboard,chipboard,assemblage
59897,Order a s-stove,arrange,arrange,assemblage
122082,Actor who carried on stuffing faces with food,sidjames,sid james,assemblage
51918,Religious leader from Australia raised on a hot day,zoroaster,zoroaster,assemblage
137004,Sloped writing support aid,backhand,backhand,assemblage
95819,"Slow-moving pair of tramps, each admitting cheeky love",bumpertobumper,bumper to bumper,assemblage
116346,"Old boy's now out of bed, maybe, in darkness?",obscured,obscured,assemblage
76605,"Clearing borders of blue, spiny plant",lupin,lupin,assemblage
23132,Manage officer's exercises,cope,cope,assemblage
31729,They're widely grown for eating,broadbeans,broad beans,assemblage
132692,Union publication sent round - a series of notes,gamut,gamut,assemblage
82937,Take planned European seaside trip and find it deadly,seenaplesanddie,see naples and die,assemblage
19183,Backward area provided much fibrous material,raffia,raffia,assemblage
108021,Plucky player gets support following veto,banjoist,banjoist,assemblage
132919,African city tot is given a yeast cake,addisababa,addis ababa,assemblage
18000,Pull leg of battleaxe,dragon,dragon,assemblage
39536,The buzz from the pub?,localcall,local call,assemblage
17706,Little man supporting the Spanish woman,ellen,ellen,assemblage
115780,Packed bus finally pulled away,stowed,stowed,assemblage
120839,"A boxer normally has one, even if not hungry",secondhelping,second helping,assemblage
52251,Colour I associate with wrongdoing,indigo,indigo,assemblage
102221,Try to elicit information on dough that is put on something to eat,fishpaste,fish paste,assemblage
21957,"State old lady regretted, on reflection",grandeur,grandeur,assemblage
53666,Brother returned short letter to someone from Brest?,breton,breton,assemblage
121664,"A number, for example, press for some form of restraint",legiron,leg iron,assemblage
75272,I shouldn't have said that nothing works,oops,oops,assemblage
118899,Mock the northern city's affectation,synthetic,synthetic,assemblage
73776,Metal in cable carries live power,cube,cube,assemblage
80628,"Having to live with hump, a whale",beluga,beluga,assemblage
117288,"Female, one of the Bee Gees, by forest where special plants grow",herbgarden,herb garden,assemblage
66154,Highland birds reportedly became victims,fellfoul,fell foul,assemblage
48023,Hunt with no time to be modest,chase,chase,assemblage
34736,"One advised to look, first rejecting a rejected person",leper,leper,assemblage
83626,Big film in which Spooner makes antelope utter vain boasts,blockbuster,blockbuster,assemblage
114913,"No longer one scolds, but rather frees from blame",exonerates,exonerates,assemblage
55953,Buyers' representatives refuse to go into this hut,cabin,cabin,assemblage
139,Scottish king able to make a law as well as English king,alexander,alexander,assemblage
140068,Flipping sniffer dog slips lead but doesn't give up,goeson,goes on,assemblage
11761,Colour known as point-blank?,orange,orange,assemblage
55098,Sue set fire to institute entrance,litigate,litigate,assemblage
112742,Signed agreement is overturned in Middle East city,sidon,sidon,assemblage
105019,Duck last couple of punches thrown by champ,eschew,eschew,assemblage
35835,"End of August, then a year in Provence? About time for a chat",teteatete,tete a tete,assemblage
115302,"Beneath top of mainmast, cast-iron case for the quarterdeck, perhaps?",minorsuit,minor suit,assemblage
59564,Opponent wins over philosopher,gainsayer,gainsayer,assemblage
110255,"It's never this cat getting run over, when looking both ways before beginning to walk",tomorrow,tomorrow,assemblage
62663,"First of mice and rats he experimented with, creating relative",hamster,hamster,assemblage
32810,Long feathers blow over,diedown,die down,assemblage
135609,"Overturning rule ""vulgar to indulge immoderately""",wallow,wallow,assemblage
94011,Delivered half a dozen balls - knocked for six,bowledover,bowled over,assemblage
76692,Padre takes tea without any milk or sugar?,chaplain,chaplain,assemblage
141317,Theban king about to rip off trousers,creon,creon,assemblage
36732,To look one's years requires nobility,peerage,peerage,assemblage
92590,"Misbehave at the ""King's Head"" and disappear",sink,sink,assemblage
26146,Hurry! Don't start to get nun-like,haste,haste,assemblage
104982,Loud bar for Sibelius?,finn,finn,assemblage
87655,Brownie once approached artist,camera,camera,assemblage
68931,Sharp tail of garden bird,bittern,bittern,assemblage
44986,Name a chess champion from around Pietermaritzburg,natal,natal,assemblage
125848,Beetle causing a depression in church,cadelle,cadelle,assemblage
20019,"""Young _____ is come out of the West"" (Scott). See! See! In China, right?",lochinvar,lochinvar,assemblage
137378,Holy Communion finally secure,pin,pin,assemblage
50455,Declare most substantial capital squandered,attest,attest,assemblage
96671,Acceptance of taking our time over choice,adoption,adoption,assemblage
139063,Chief relaxes car safety features,headrests,headrests,assemblage
72521,Box camera originally taken by volunteer,coffer,coffer,assemblage
126583,Injured fliers returned to base,stabbed,stabbed,assemblage
42857,Pitched battle over container holding record,turntable,turntable,assemblage
98454,Primitive scourge is polished,urbane,urbane,assemblage
116840,They pick up article by current media workers,antidepressants,antidepressants,assemblage
119478,To belittle a musical note is ultimately futile,minimise,minimise,assemblage
62351,Flower crower? Piffle!,poppycock,poppycock,assemblage
142313,Quail flock found in tight plastic binding,shrinkpack,shrinkpack,assemblage
96925,Fabric with pattern to read in church?,faconne,faconne,assemblage
140978,Turning out to be the online type,eversion,eversion,assemblage
98010,The magpies left after Tay disaster: extraordinary!,atypical,atypical,assemblage
74899,"Showing lack of judgement, so do not try so many!",tasteless,tasteless,assemblage
22281,Beam of light ran somewhere within,transom,transom,assemblage
95978,Set record unknown to medical science,radiology,radiology,assemblage
49083,Lays blame over …,parsnip,parsnip,assemblage
70432,Row with leader appears in the press,headline,headline,assemblage
14327,Advanced on American girl walking the streets,abroad,abroad,assemblage
76311,"Issue of pensions, for instance, needing intelligence",greymatter,grey matter,assemblage
60541,Many dress with ill intent,malign,malign,assemblage
45086,Disturb a Parisian on a seat,unsettle,unsettle,assemblage
10132,Quoted about an instance in vain,conceited,conceited,assemblage
69054,Supremos in the MCC?,overlords,overlords,assemblage
92458,Best part of smelly pimple,highspot,high spot,assemblage
53588,"Day, perhaps, for primate to acquire new top",doris,doris,assemblage
92716,Standard weapon in conversation,parlance,parlance,assemblage
122458,What makes cowards ill?,yellowfever,yellow fever,assemblage
94931,It's OK to keep single and flourish,prosper,prosper,assemblage
72700,A particular form of dislike,aversion,aversion,assemblage
110662,The hunter hunted for work over a long time,actaeon,actaeon,assemblage
14339,Witticism alien to church music?,motet,motet,assemblage
114438,Wicked relative meanly cutting me off,uncleanly,uncleanly,assemblage
32452,"Initially, cupboard love affair causes uproar",clamour,clamour,assemblage
54272,One has butcher's shop assistant? First job not started,observer,observer,assemblage
108140,Worms found by girls crossing lake,annelida,annelida,assemblage
21049,Dress you and I are shortening,wear,wear,assemblage
116766,"University state, fifth in Ireland, good and straightforward",unswerving,unswerving,assemblage
8932,See pottery made by conventional character,stereotype,stereotype,assemblage
14843,Settler right behind City institution,boer,boer,assemblage
50365,Ban writer earning money?,proscribe,proscribe,assemblage
102862,EU's regret over drug,europium,europium,assemblage
97200,Classical runner first seen in US city,atalanta,atalanta,assemblage
138709,Mound of food's ending with drink? Nothing turned up,drumlin,drumlin,assemblage
46036,Excessive hesitation of fish-eater,otter,otter,assemblage
112425,Luminary in performance is euphoric,delighted,delighted,assemblage
80250,Got better sax part; make new version in the middle?,recovered,recovered,assemblage
70279,"Drink and drink, missing a round - pass one",cocacola,coca cola,assemblage
78956,"""Delicate"" - meaning it's with intravenous injection",sensitive,sensitive,assemblage
64750,Two African countries I must leave to avoid labour,malinger,malinger,assemblage
88083,"Speedy bird travelled, say, over river?",roadrunner,roadrunner,assemblage
110925,Jet flier?,blackbird,blackbird,assemblage
18539,Common sailor boy in train crash,tarpaulin,tarpaulin,assemblage
130773,"Director having sex, second pair of smalls discarded",exec,exec,assemblage
5567,Injured hip not long ago in a pursuit,philately,philately,assemblage
14777,Mentally without help - it's about making one generous,munificent,munificent,assemblage
32335,State crime and motive after opening of trial,treason,treason,assemblage
111149,Dick painting fiddler misses nothing - he's not alone,copartner,copartner,assemblage
20587,"Falsify personal documents, though anything but bent",rigid,rigid,assemblage
94539,Pull vehicle over in a race,attract,attract,assemblage
15393,Don't tamper with spring,letwellalone,let well alone,assemblage
81320,Top copy with illiterate's signature,apex,apex,assemblage
36926,Animal died after dash,eland,eland,assemblage
35970,Funding a musical that may be fascinating?,aida,aida,assemblage
80554,We hear a recluse takes mineral,ankerite,ankerite,assemblage
6152,Plug falling out and floating,adrift,adrift,assemblage
127133,"Shy old copper, if well outside sanctum",diffident,diffident,assemblage
10706,Time to dress in worthless stuff?,garbage,garbage,assemblage
52322,Understand girl gets made up,digest,digest,assemblage
73388,Fashionable folk with affected gait carrying offspring,glitterati,glitterati,assemblage
103756,Mounted on the side of Viva!,upwith,up with,assemblage
92187,See former pupil do his duty,observe,observe,assemblage
103723,Miniature bears puff and creep,toady,toady,assemblage
47945,Artful avoidance of girl is no use,evasion,evasion,assemblage
25447,"Retiring say, after Republican papers fold",ridge,ridge,assemblage
34158,Network Rail's plum post in London?,victoriastation,victoria station,assemblage
86865,"Siren's signal right, altered wrongly",redalert,red alert,assemblage
48930,Ere's the police college - finally touching ?,endon,end on,assemblage
42906,"Copyright it, provided it's served before Christmas dinner, for example",aperitif,aperitif,assemblage
121338,Smart lawyer allowed dog to have lead removed,legaleagle,legal eagle,assemblage
25042,Individual's underweight: seaside atmosphere needed,ozone,ozone,assemblage
10898,"Manager is cool, having sun protection",supervisor,supervisor,assemblage
51535,Manager is mean to worker,intendant,intendant,assemblage
33507,"Daft sheep, a rising bloomer",amaryllis,amaryllis,assemblage
112297,Youth leader ’appily listens a long time,years,years,assemblage
54562,My French girl must turn up and that's a sign,monogram,monogram,assemblage
126731,Seafront is for crew forced to abandon leader,promenade,promenade,assemblage
52524,Redolent of a half-hearted sentimentalist,aromatic,aromatic,assemblage
82401,Crush tribal leaders with large following,trample,trample,assemblage
14515,Cope with death on the river,endure,endure,assemblage
83438,Former philosopher has daughter brought to light,exhumed,exhumed,assemblage
91083,"Thespian, probably old, as male monarch",stager,stager,assemblage
62897,More mature half-hearted serial killer,riper,riper,assemblage
127,Knackered retina? Yes.,eyestrain,eyestrain,assemblage
8447,"A man short, stuffed by other team",chelsea,chelsea,assemblage
40518,Water-carrier died in a never-ending line at court,aqueduct,aqueduct,assemblage
132274,Fan of Spice Girl's biscuit?,gingernut,ginger nut,assemblage
71379,Character lacking tolerance from great books,bigot,bigot,assemblage
98446,The way builder's helper joins police,method,method,assemblage
100780,Time for students to collect together,ragweek,rag week,assemblage
102322,Equal distribution with grand court,quadrangle,quadrangle,assemblage
96466,"Employed around head office, not contracted out",inhouse,in house,assemblage
82692,Gunners entered privately,incamera,in camera,assemblage
53567,Newspaper editor forced out,expressed,expressed,assemblage
114071,Periods Edward rubbed out,erased,erased,assemblage
265,Crusoe collapsed after run here,racecourse,racecourse,assemblage
128173,Writer badly mauled (but not dead) getting signal to enter burrow,samuelbeckett,samuel beckett,assemblage
63515,Coming out for measures restricting work unit on church,emergence,emergence,assemblage
139358,"A blast from the past, old sanctions supporting Dutch in Australia",odzooks,odzooks,assemblage
83261,Soft fall?,rainwater,rainwater,assemblage
101622,Stars smoke cannabis around queen in feverish condition,sunstroke,sunstroke,assemblage
20518,"Yawn at the end of King Kong, for instance",gape,gape,assemblage
8619,Will is offensive about male organ,testament,testament,assemblage
74882,In old money nearly always there's a queen ...,guinevere,guinevere,assemblage
59841,Holidaymaker going after sun getting help to remove coat,stripper,stripper,assemblage
56706,Forgo one's turn - I am frequently appearing,passim,passim,assemblage
64047,One felt interest in violin,amati,amati,assemblage
55445,"Jails, as opposed to non-custodial penalties",confines,confines,assemblage
121309,Leading division is hot? Clear off!,vanish,vanish,assemblage
13215,English beauty losing heart to person of taste,epicure,epicure,assemblage
5210,Crack small fruit I pinched,solve,solve,assemblage
56855,"Report suggesting ""allow notes A-F""?",bang,bang,assemblage
140548,Jaw about everyone before nine in the morning,maxilla,maxilla,assemblage
94692,Bush's networking set-up to beat Osama finally,lantana,lantana,assemblage
37197,"Something of use after ""black dog""",basset,basset,assemblage
110643,Leave reluctantly before society roughnecks appear,tearaways,tearaways,assemblage
2344,US pastor's conclusion about religious instruction starts to come apart,american,american,assemblage
89296,Arrests sailor starting scraps,aborts,aborts,assemblage
111979,Love affair with office work? Not I,fling,fling,assemblage
33505,"Girl, Lily, drunk in a familiar bar",amaryllis,amaryllis,assemblage
127450,Twenty joining club maybe - a record at a sports ground,scorecard,scorecard,assemblage
71225,Trouble with rent that could be destructive,tornado,tornado,assemblage
85467,"Prize for close of ""Close Encounters"" sent back",esteem,esteem,assemblage
56715,Advance needing to be paid? Keep quiet,subdue,subdue,assemblage
92425,Follow scholar around at teachings,dogmata,dogmata,assemblage
89204,"Sark boatless, Jersey or Guernsey getting boat",scow,scow,assemblage
73808,"Reciprocally, race home after river races for another option ...",pointtopoint,point to point,assemblage
135483,Plant some after a hot spell,feverfew,feverfew,assemblage
74956,"Third of colony, a thousand sat together",composed,composed,assemblage
90421,"Mean to look dangerous, given room",parlour,parlour,assemblage
38497,Here answer's having no name,anon,anon,assemblage
126938,Throw a tantrum when baby eats plant,playup,play up,assemblage
98182,"Contracting, hurried back with work for crew",narrowing,narrowing,assemblage
29137,I start to cry and implore piteously,compiler,compiler,assemblage
12677,Simpleton is disorderly or amusing,ignoramus,ignoramus,assemblage
90013,Lord's rebelled over money,rosenoble,rose noble,assemblage
73482,Performing in opera outdoors,openair,open air,assemblage
16343,"Lizard, one climbing in South American region",iguana,iguana,assemblage
102000,"Mad worker was TUC problem, a difficult one to deal with",awkwardcustomer,awkward customer,assemblage
22946,Country with superior border!,canada,canada,assemblage
92257,North American flower that's disgusting being worn,yukon,yukon,assemblage
39026,Old retired painter abandons society,aged,aged,assemblage
14831,Criminal alert amid court battle,waterloo,waterloo,assemblage
45674,Peruvian stock too hot to handle,incandescent,incandescent,assemblage
97506,"About ninety, one exercising, one having done a stretch?",excon,ex con,assemblage
64665,"To socialise, tramp hugs knight and bishop",hobnob,hobnob,assemblage
81086,"Jolly good support and very little opposition, initially",bravo,bravo,assemblage
15842,County clique after return of corporal punishment,dorset,dorset,assemblage
132313,Order people filling in survey to start again,recommence,recommence,assemblage
96885,"Thanks to book, Delia's strangely tormented",tantalised,tantalised,assemblage
65477,Rod's to continue the innings,baton,baton,assemblage
111308,Consider acquiring inverted nose ring,resonate,resonate,assemblage
126653,"Fish and fruit, right to the end",gaper,gaper,assemblage
134267,"Pen novel for reclining dictator, some light material",styrofoam,styrofoam,assemblage
60001,Right page found by cowboy?,proper,proper,assemblage
5519,River guide to straighten out fool's garment,coxcomb,coxcomb,assemblage
30356,A sound people have time for making up,atonement,atonement,assemblage
36129,Good god!,okra,okra,assemblage
56872,Gloomy dean's head and backside,drear,drear,assemblage
100616,Leader has worked hard,shah,shah,assemblage
132004,Bun in oven initially jarred when entering state of matrimony,connubial,connubial,assemblage
73789,"Called into action, when out to lunch",deranged,deranged,assemblage
141480,"Chekhov, say, heading off from part of Switzerland",anton,anton,assemblage
132387,This comedian has got into fiddles,funnybusiness,funny business,assemblage
58245,Widely shown film of American disaster,cinerama,cinerama,assemblage
65806,A revolutionary wall painting that sounds a warning note,alarum,alarum,assemblage
111083,Obtained round number in combination,together,together,assemblage
94004,A hindrance to marketing of water,adamsale,adams ale,assemblage
6452,"Fellow who can spell: after he's died, remove all traces",obliterate,obliterate,assemblage
125003,Domestic problem having to tell mother to cut rent,risingdamp,rising damp,assemblage
73956,Screen reservists assuming outcome for bloody dispute,vendetta,vendetta,assemblage
73296,Old emperor in overlapping desert expedition,rastafari,ras tafari,assemblage
59918,One's in bed with female from another planet?,sheet,sheet,assemblage
128604,Party elected to kill,doin,do in,assemblage
53297,Meat - reports of lamb - around in islands,bahamas,bahamas,assemblage
119353,Quick steps taken up by old English soldier,gijoe,g i joe,assemblage
118034,Expression of approval the Spanish love to come up with,ole,ole,assemblage
127485,Repeated annual check gets the bird,motmot,motmot,assemblage
86669,Slim and winning but losing one's hair,thinontop,thin on top,assemblage
71709,"Relative, the aforementioned proposition",thesis,thesis,assemblage
26650,Count about eleven ends with South American,census,census,assemblage
125372,"Major cut to obsolete weapon, with political co-operation",bipartisan,bipartisan,assemblage
25024,"Pick up fish, placing first two at the rear",glean,glean,assemblage
131311,Soprano begs for flower arrangements,sprays,sprays,assemblage
63547,Out to the opening ball from a spin bowler,offbreak,off break,assemblage
6347,Regret head having little time in the centre,bemoan,bemoan,assemblage
140284,Scavenging insect disturbed deer and shortly bolted,dorbeetle,dor beetle,assemblage
30234,Perhaps flies home etc recklessly within seconds,insects,insects,assemblage
113413,Work ethic following a payment matey's pocketed (thus?),parenthetically,parenthetically,assemblage
15815,Naval officer and author having destiny on island,loti,loti,assemblage
122794,Single-minded alumni scattering seeds,obsessed,obsessed,assemblage
96097,Loose body bits next to science room E?,flab,flab,assemblage
51565,Way out insect with many a substitute,locum,locum,assemblage
127676,Facial feature's pleasantly warm,genial,genial,assemblage
58709,Pacifier to go on trial,dummyrun,dummy run,assemblage
28998,"What Jersey did, presumably, banning English humour",mood,mood,assemblage
117231,"Armstrong and Miller, say, take a quick nap with setter in Jordan's arms",jazzmen,jazzmen,assemblage
85241,"Divine cowgirl, we hear, passed the salt",iodide,iodide,assemblage
9915,"Retriever, for example, raised with intelligence to bring bird",godwit,godwit,assemblage
41288,Secretly maintain hotel's leafy area,harbour,harbour,assemblage
35145,One short meal allocation - and what Oliver would have liked!,iteration,iteration,assemblage
126466,Live outside right the same as live outside left? Not likely to last,breakable,breakable,assemblage
77353,Kid rings sister with unusual problem,conundrum,conundrum,assemblage
10679,"Skirt backing, say, removed from sign",mini,mini,assemblage
32981,Accomplished poet loses heart,done,done,assemblage
33104,Former African area in the southwest,exmoor,exmoor,assemblage
67305,Bring in organ before Beethoven's Ninth,earn,earn,assemblage
137397,He wrote about brothers in party changing votes - heavens!,dostoevsky,dostoevsky,assemblage
6184,Foreign city that can't quite offer enough for sect member,essen,essen,assemblage
42244,School report taken in,eaten,eaten,assemblage
105145,Submissive prodigal son comes first,slavish,slavish,assemblage
89845,Almost too soon after noon,nearly,nearly,assemblage
123167,Tough pre-development of sixties' bestseller,thegroup,the group,assemblage
44873,Offer to acquire new tie,bind,bind,assemblage
18185,One composer chosen for new orchestration ahead of another,schoenberg,schoenberg,assemblage
61131,Censor a headline,banner,banner,assemblage
77376,Intelligence services see note that's taken from a dupe,mickey,mickey,assemblage
138361,"Smearing teacher, having deployed a bug outside home",bedaubing,bedaubing,assemblage
137385,"Visiting Bergen? That's not right, not at all!",innoway,in no way,assemblage
104767,Fish served by second pub on list?,barb,barb,assemblage
2739,Drop - it's the doctor's turn to take it,omit,omit,assemblage
129129,A villain finally turning up on the fifth dimension's fourth hub,nave,nave,assemblage
81634,Zorba in Toledo?,elgreco,el greco,assemblage
90113,Local tour going back up crest of Cheviots breaks into a fight,pubcrawl,pub crawl,assemblage
44071,"Rendered a tune, setting up a Spanish drink",sangria,sangria,assemblage
72214,Material found by model in bathroom,toilet,toilet,assemblage
35443,Running water for hire - that's about right,torrent,torrent,assemblage
91367,Model I stick up? No way,notabit,not a bit,assemblage
54961,"Concerned with check holding trial up, heading for gaol",regarding,regarding,assemblage
124098,"Having got in, I've turned to get food - that's certain",inevitable,inevitable,assemblage
141505,"Noble statesman pursuing grouse for his dinner, perhaps",beefwellington,beef wellington,assemblage
23072,Go off with retired policeman at conclusion of case,explode,explode,assemblage
49100,A pointless contest for the loser,lovegame,love game,assemblage
70317,"Engagement ring ripped from rampant toad, marriage's ending?",date,date,assemblage
85874,Buffalo Bill is performing - not bad,bison,bison,assemblage
36860,Serving men and women operate from behind it,baseline,baseline,assemblage
68899,The old man's wife's born a Native American,pawnee,pawnee,assemblage
127850,Plant that a woman passes on to another?,ladysmantle,ladys mantle,assemblage
44248,A French flat - that's odd!,uneven,uneven,assemblage
22374,Revealing dead princess's emotional resolution,disclosure,disclosure,assemblage
100130,"Polish close borders, more or less",emend,emend,assemblage
4232,Prisoner found in wretched cluster of houses,village,village,assemblage
85286,Introduce trendy source of booze - only one left,instil,instil,assemblage
103368,Start undesirable group,outset,outset,assemblage
38053,"Once in the red, the Guardian's going out",exodus,exodus,assemblage
119985,"Stroke little cherub, showing no love",putt,putt,assemblage
35129,The archdeacon always put on outward show,veneer,veneer,assemblage
33072,Idiot put on weight - it's the whale diet!,plankton,plankton,assemblage
4422,Flower about to be eaten by goat on a mountain?,buttercup,buttercup,assemblage
107084,Description of wine: half of it must be swallowed by a topsy-turvy sailor,portrait,portrait,assemblage
48282,"Don gets silver, note, in Olympic event",dressage,dressage,assemblage
101044,"Like Shelley's poetic spirit, it's mostly babble",blithe,blithe,assemblage
136233,"Trailer, so entertaining TV show gets support",adherence,adherence,assemblage
15127,The last book to bring joy to the cleric,revelation,revelation,assemblage
141104,Go from first to second to suspend energy on entering knockout competition?,changeup,change up,assemblage
126791,Pedagogues' league sample heartless crackers,nutty,nutty,assemblage
61054,"Green track over in west, east of motorway going west",immature,immature,assemblage
69079,"Mendel, perhaps, was the first French writer here in French street",geneticist,geneticist,assemblage
110283,Tense American hits clumps of grass,tussocks,tussocks,assemblage
84083,Never coming to a vital conclusion,undying,undying,assemblage
40350,Evidence of a leak? Contact the attendant,seepage,seepage,assemblage
69940,His forecast originally was wrong,fish,fish,assemblage
28814,Stroke to the pole that long shots require,telephoto,telephoto,assemblage
89370,Very small river flowing through New York,teensy,teensy,assemblage
66702,Snake's partner - large snake,ladder,ladder,assemblage
90493,Picture my heart at bottom of list,tableau,tableau,assemblage
13723,Stay to eat and drink,supporter,supporter,assemblage
105955,Swimmer giving bottom a good licking,seatrout,sea trout,assemblage
21448,Parking by the verge is proper,prim,prim,assemblage
101162,Open a Bible with love when getting hitched,avowed,avowed,assemblage
64602,"Cold peaks, flipping ___ cold one",icecaps,icecaps,assemblage
38117,Copper to upbraid churchman,curate,curate,assemblage
52101,Father is holding learners responsible for unnecessary embellishments,frills,frills,assemblage
11043,Perhaps Labour blunder turns into potential embarrassment ...,boobytrap,boob ytrap,assemblage
114424,It costs nothing to give it a try,freesample,free sample,assemblage
117515,"Mate sheepishly, with hurt expression, getting caught - perfect!",touchup,touch up,assemblage
141479,No citrus flavour before with balsam? Leave well alone!,nolimetangere,noli me tangere,assemblage
49196,Show appreciation of service (official),tipstaff,tipstaff,assemblage
136411,Bosses putting hand under jumper?,topbananas,top bananas,assemblage
26306,"Wine, less than half its content given up for soak",claret,claret,assemblage
80688,Giving back the remains: I'm out of place in teaching,restitution,restitution,assemblage
141173,"Derby's filly, kicking out every second, is a lure",dryfly,dry fly,assemblage
97189,Sailor you once left for a poet,pope,pope,assemblage
77522,"Head off old car, producing road rage, for example",anger,anger,assemblage
140504,Recurrent award shows approval of eco-friendly publishing,ebooks,e books,assemblage
40500,High-fliers broadcast on station (not English),aircrew,aircrew,assemblage
134802,"With ultimate skill, collecting finished vehicle",hovercraft,hovercraft,assemblage
47344,Then he should get a good degree,lisbon,lisbon,assemblage
17814,Remove protective covering from vessel (wood),dishelm,dishelm,assemblage
102165,"Scotland starts criticising English fellow, inter alia",caledonia,caledonia,assemblage
39944,Transport Gibson in hamper,trammel,trammel,assemblage
18294,Cut in the Second XI ...,silverside,silverside,assemblage
65706,New student in resort finds means of getting up to date,refreshercourse,refresher course,assemblage
301,Old big-chested guys' backstreet scraps,oddments,oddments,assemblage
6792,"Restore what sounds like rule, say",reinstate,reinstate,assemblage
95487,"Drill on ship I failed, say. A no-hoper?",pessimist,pessimist,assemblage
22017,First couple from Scotland seen on border with English map,scheme,scheme,assemblage
52695,Warmer support for cricket in the Dickens canon?,hearthrug,hearth rug,assemblage
101534,Cheat produced excuse,condone,condone,assemblage
31794,Tricky place to put sexy bottom,hotseat,hot seat,assemblage
125476,BBC programme's award for meditation technique,qigong,qigong,assemblage
122113,Mythical birds fly at first inside with study of automation,robotics,robotics,assemblage
20225,"Select smart response, finally putting nothing in",choice,choice,assemblage
1362,"Say there's point to everything, for example",allege,allege,assemblage
18329,Oscar winner with very brief acceptance speech grabbing award,tomhanks,tom hanks,assemblage
34222,Damn dogs chase Charles away,curse,curse,assemblage
15477,One filly in two hundred backed such a hob,ceramic,ceramic,assemblage
55148,"Ragged-trousered unknown exposed right away, which is skilful",dexterous,dexterous,assemblage
13631,Infant with hood - that''s the bottom line,total,total,assemblage
78446,Huge prophet passes slowly through a barrier,osmoses,osmoses,assemblage
109386,Naked stills exploited to sell a sordid story,kissandtell,kiss and tell,assemblage
96260,Union supporter's backing declared effective to a certain degree,federal,federal,assemblage
75126,"Brave, old and wise",osage,osage,assemblage
98270,Larva found some distance west on the Golden Mile,inchworm,inchworm,assemblage
19609,Republican American is turning to one like Putin?,russian,russian,assemblage
60609,Information on everyone's origin,gene,gene,assemblage
84339,Lots of sheets pull somewhere in Cornwall,padstow,padstow,assemblage
103814,Campaign around country building to rage,barnstorm,barnstorm,assemblage
63999,Second thoughts about offensive jokes played today,pranks,pranks,assemblage
75981,Make amends with item reordered previously,atonetime,at one time,assemblage
59549,Mark of magic when small watch doesn't start,sigil,sigil,assemblage
68217,"Slump in the intermission, with no one rising",recession,recession,assemblage
53011,Walk furtively in square with nothing to do,sidle,sidle,assemblage
41177,False information by great German chemist,liebig,liebig,assemblage
7473,Person serving king's son has maturity,page,page,assemblage
79554,The spinner's even of the greatest importance,toplevel,top level,assemblage
122549,Cheese with parent's fish - sole,mascarpone,mascarpone,assemblage
67906,"I am given place at Cambridge finally, gaining credit",impute,impute,assemblage
54996,"Educated and beautiful, finally made some money",learned,learned,assemblage
71513,Scottish beginners furl old manuscript,scroll,scroll,assemblage
18104,Row about missing love letters from financial adviser,tipster,tipster,assemblage
22255,"Took on old English, swapping parts",engaged,engaged,assemblage
35694,Outline a new house title,silhouette,silhouette,assemblage
99857,"Hair colour like Henry James, perhaps, cut by Latin?",ashblond,ash blond,assemblage
113281,Nurse keeps rare dog for arbiter of taste,trendsetter,trendsetter,assemblage
78090,Await trouble on North Pacific island,taiwan,taiwan,assemblage
57699,Corruption in Portugal? A German life depends on it!,protein,protein,assemblage
56629,Loud Mel B raging over a light drink,flambe,flambe,assemblage
57627,Bird just right for old Michaelmas market,goosefair,goose fair,assemblage
89124,"Port wine's last to partake of, about right by lake",lehavre,le havre,assemblage
18749,"Cool, hot below",neath,neath,assemblage
84298,Former model makes a revelation,expose,expose,assemblage
92884,"Francis, the writer, a man about town? On the contrary",wheen,wheen,assemblage
114912,Long to run into class that's coming up? Do they?,teachers,teachers,assemblage
75086,Row after a youngster appears in panto,aladdin,aladdin,assemblage
57188,Sources of water selfish protester cut before one,nimbi,nimbi,assemblage
1922,"It controls drift when Rosie's apathetic, they say",leeboard,leeboard,assemblage
58197,"Go together, but back in five minutes: 'Won't _____'",belong,belong,assemblage
81042,Last Stuart detailed first victim; Ms Lee?,annabel,annabel,assemblage
22461,Volunteers' angular symbol?,theta,theta,assemblage
130663,Group including copper and bishop run down hill backwards,basemetals,base metals,assemblage
39725,President may be found here daily about one,chair,chair,assemblage
130848,Latest society model in media reports,newscast,newscast,assemblage
58430,Prevent young servant having something deducted from pay,stoppage,stoppage,assemblage
133686,Good person is stopping fallen woman to give a sermon,evangelise,evangelise,assemblage
68246,Eastern s-states in the papers,essays,essays,assemblage
100060,Fish - consider it in sound,mullet,mullet,assemblage
107383,"Live freely under canvas, which is antisocial",evilintent,evil intent,assemblage
35959,Lady-killer cautious about destiny with detective or prosecutor,charlottecorday,charlotte corday,assemblage
97385,Set to leave drink and start driving,congealed,congealed,assemblage
90243,"Sneer makes you stop short, last thing Pasquale wants",jibe,jibe,assemblage
22171,Unblinking female lacking features on the head?,fearless,fearless,assemblage
54247,Help gambler to choose the odds,abet,abet,assemblage
32998,Puzzle not having a positive value?,nonplus,nonplus,assemblage
89948,Figure in time line,trope,trope,assemblage
91358,Writer named Christopher Robin's home after one,isherwood,isherwood,assemblage
37754,Fan of overlapping Thespians,extractor,extractor,assemblage
98400,Air marshal - on his belly?,ventrally,ventrally,assemblage
130629,Rely on capital from Asia to produce growth in Australia,banksia,banksia,assemblage
10395,Remove rump of Respect?,detail,detail,assemblage
10195,Prize artist lifted,reward,reward,assemblage
67930,Dot - ultimate character in EastEnders taking a regular drink,stipple,stipple,assemblage
139193,"Happy getting rich, transferred from a central bank?",uploaded,uploaded,assemblage
46457,"Find guilty on six counts, initially, in court",convict,convict,assemblage
16353,"Scrap tasteless name dropping, Fish!",affray,affray,assemblage
49344,Sailor a short distance nearer the stern,abaft,abaft,assemblage
98666,"Mythical flier, wacky with vulture and raven wings",wyvern,wyvern,assemblage
126895,Checks pitch at pavement's edge,curbstone,curbstone,assemblage
74579,Hosiery primarily confiscated by officer in dissolute cabinet,chiffonier,chiffonier,assemblage
15838,Better be enough - dismissed previously,outdo,outdo,assemblage
53056,County evacuated after historic forest fire,ardency,ardency,assemblage
69375,Record single does rock event,episode,episode,assemblage
62234,"Roman, for example. with kind expression",typeface,typeface,assemblage
63665,Pure woman? I need to think about that!,sheer,sheer,assemblage
23693,Hip (the fruit) taken by European in American book,huckleberryfinn,huckleberry finn,assemblage
23330,Order given to ignore boner under newspaper - a dreadful rule!,reignofterror,reign of terror,assemblage
101522,The best party over in Saudi Arabia provides drink,creamsoda,cream soda,assemblage
102223,Secure hold on a tree,cinchona,cinchona,assemblage
107691,April wish - throw bone at dog with Lenin,otobeinengland,o to be in england,assemblage
17033,Liberal dons feel sorry for king … and queen?,ruler,ruler,assemblage
72081,Second person to rule gets a large amount of plastic surgery,skingraft,skin graft,assemblage
134637,"Figure taking off in The Doctor, then want sci-fi film",meninblack,men in black,assemblage
106907,Brave staff to measure Latin Quarter,totempole,totem pole,assemblage
112430,Leading currency upset economist,keynes,keynes,assemblage
104611,"Brief report, in every way ostentatious",newsflash,newsflash,assemblage
10576,Strange oriental lake,eerie,eerie,assemblage
125157,Abandoned UK province rejected Luther's Reformed Church,inthelurch,in the lurch,assemblage
15766,Boorish attempt to influence the mighty with society leader,slobby,slobby,assemblage
114962,"Loveless marriages - good, dangerous, or boring?",uninspired,uninspired,assemblage
21324,Tory spin doctor's aim: a quarter of the revolution,rightangle,right angle,assemblage
53163,So he and I form a strong attachment,adhesion,adhesion,assemblage
10570,Eastern republic's flipping weird,eerie,eerie,assemblage
102631,When women's dress is lifted in divine residence?,asgard,asgard,assemblage
2540,"Attend at university, initially optimistic",upbeat,upbeat,assemblage
23188,Having space between articles like this is a bloomer,agapanthus,agapanthus,assemblage
141928,Cricket side in match with a certain pitch,tonally,tonally,assemblage
111229,Former paying guest partly retained by headless parson to bowdlerise,expurgate,expurgate,assemblage
5952,Hunting call originally sets off hounds' onslaught,soho,soho,assemblage
40410,"Land about right, a farmer needing it cultivated",terrafirma,terra firma,assemblage
51587,Holy man keeps Jerry in place,spot,spot,assemblage
28840,Raise help with a long organised line,diagonal,diagonal,assemblage
57436,Possibly last drink is more than brackish,saltwater,salt water,assemblage
124245,Joined item in bedroom - it won't happen again!,onenightstand,one night stand,assemblage
86577,Men left work on deck,orlop,orlop,assemblage
48193,All the same initial odds: below fifty-fifty,evenso,even so,assemblage
52038,Begin as he was under leadership of Danish PM,disraeli,disraeli,assemblage
55804,Most newspapers mostly back a poem,iliad,iliad,assemblage
81871,Made mistake in discussion before everything's gone belly up - pantomime!,cinderella,cinderella,assemblage
87650,Talk about spinachlover's love for cooking ingredient!,oliveoil,olive oil,assemblage
43363,"For punishment, keep in and cane, perhaps",penance,penance,assemblage
124101,"What writer seeks, only in small quantity",motjuste,mot juste,assemblage
52099,Stall society occupying recent feature of arena?,newsstand,newsstand,assemblage
41605,Unnecessary fuss about weather conditions in vessel,astorminateacup,a storm in a teacup,assemblage
55996,Exiled leader overturned by advanced African country and American son,dalailama,dalai lama,assemblage
53122,"Perform in pantomime horse, perhaps? That creates interest",behalf,behalf,assemblage
97450,Obsessive about character in Greek book,annual,annual,assemblage
134607,Ambassadors for the French tycoon,legates,legates,assemblage
6974,United Nations party is free,undo,undo,assemblage
98809,Sheep quartet's organ sounds bliss!,euphoria,euphoria,assemblage
85522,Expression of surprise about a project for an airport,heathrow,heathrow,assemblage
31597,Caught us to face this sort of sentence,custodial,custodial,assemblage
84835,The goddess of hairstyle heard to have a quirky diet,aphrodite,aphrodite,assemblage
94329,Antipodean's choice between parent and setter?,maori,maori,assemblage
72294,Manage to get a game of golf by artful deception,runaround,runaround,assemblage
28978,A sport informally allowing change of centre pairing for series of games,rubber,rubber,assemblage
28308,Write in special symbols number on gallery,notate,notate,assemblage
13941,How much for a horse?,amount,amount,assemblage
104184,Henry's bouquet wrapped up small flower,hyssop,hyssop,assemblage
59249,Mark creates endless panic,scar,scar,assemblage
41268,Animal - one going between well and bottomless pit,okapi,okapi,assemblage
7513,Soft music for a duet,pair,pair,assemblage
115281,Sticky end in half a ton of essential fluid?,lymph,lymph,assemblage
81425,Marine received and understood on skeleton staff?,jollyroger,jolly roger,assemblage
94341,Concerning learner - changed gear too much,overlarge,overlarge,assemblage
86948,"""Tea For Two"" as dance music",chacha,cha cha,assemblage
76163,State call includes study of cultivation,gardening,gardening,assemblage
85102,Coach working on American lines,railcar,rail car,assemblage
86432,Money is said to breed sorrows,dolours,dolours,assemblage
91261,"Bedroom feature, artists' bust?",chestofdrawers,chest of drawers,assemblage
68443,Desired study reversed after a long time,yearned,yearned,assemblage
141862,"One beam, say, brought back to son's old property",agedness,agedness,assemblage
24173,Chop stick? Start to chop up sticks,cleave,cleave,assemblage
73692,"Topless match, with players from one side in shades",greens,greens,assemblage
120796,Dirty saucepan top in its own capacity,squalid,squalid,assemblage
31495,Composition on sure thing in firm,concerto,concerto,assemblage
12172,Catch sight of tail of large mole,espy,espy,assemblage
67511,Silly ass turned in by another,nitwit,nitwit,assemblage
134977,Big farmer typically got a move on and caught the girl,rancher,rancher,assemblage
68435,Number two crosses line - game up!,polo,polo,assemblage
70654,Echo support six-footer cultivated,elegant,elegant,assemblage
22544,Best food is fancy,caprice,caprice,assemblage
51695,What's on TV? Nothing showing is to prove very compelling,dragoon,dragoon,assemblage
128627,Pour artist small drinks included at beach party by the gallon,raincatsanddogs,rain cats and dogs,assemblage
38330,"Records to order, of course",epsom,epsom,assemblage
65977,I left command to the artillery,ordnance,ordnance,assemblage
64793,Sauce not right with a prophet,elisha,elisha,assemblage
92932,Cut kills fish,topside,topside,assemblage
111433,"Ease pain, beginning to pump the contents of my stomach?",palliate,palliate,assemblage
22204,Change a place in West London,acton,acton,assemblage
61306,"Late news, crush on street",stoppress,stop press,assemblage
130446,Instrument you fake for listeners? I'm not sure,euphonium,euphonium,assemblage
71672,Begins hunting like a sea wolf,aspirate,aspirate,assemblage
138201,Articulate couple foot bill for replacement locks,toupee,toupee,assemblage
83751,Merchant ship from Greek city coming to journey's end,argosy,argosy,assemblage
37209,Defence in question supporting leaders in remorseless empire,redoubt,redoubt,assemblage
80346,Engineers meeting over a meal,repast,repast,assemblage
43993,Old tales by posh boy keen to depart for Spain,decameron,decameron,assemblage
103797,Encouraging indication of support gifted,favourable,favourable,assemblage
32435,Substandard rice pudding served in the wardroom?,officer,officer,assemblage
106961,"Witch making scholar bleat about inverted ""invert""",babayaga,baba yaga,assemblage
33092,"Star turn embarrassed at taking a part, say",sunder,sunder,assemblage
79775,Caledonian author and his characters,scottish,scottish,assemblage
98964,Most supermarket food is supplied by agent carrying a gun around,prepacked,prepacked,assemblage
49090,Cry of joy when husband meets great girl!,hosanna,hosanna,assemblage
102307,"Generous whisky bar? Journalist added ""very flexible""",doublejointed,double jointed,assemblage
25007,"Thorpe's boundaries risked losing all, even being abrupt",terse,terse,assemblage
129277,"Bachelor, defended by two friends with energy, is possibly touched",palpable,palpable,assemblage
38668,Gas worried a very young person,neonate,neonate,assemblage
93252,Couples playing golf? Female left,fred,fred,assemblage
41597,Splendid gathering in festivity with two unknowns,galaxy,galaxy,assemblage
67451,I've got a gal here in Michigan,kalamazoo,kalamazoo,assemblage
83863,"Painful muscle contraction - runner's problem, primarily",cramp,cramp,assemblage
24812,Tiny POW? May be observed in a cave,stalagmite,stalagmite,assemblage
123869,"Infamous, rather theatrical, start of assault on Everest?",basecamp,base camp,assemblage
60152,Possibly fly in group,insect,insect,assemblage
127567,Guard against splashes from two hurricanes in a storm,showercurtain,shower curtain,assemblage
129869,Health programme on satellite station?,spacemedicine,space medicine,assemblage
100844,Slough about a month for chef's assistant,fanoven,fan oven,assemblage
117682,Prance around - the last way to treat a ball?,tittup,tittup,assemblage
115506,Private secretary revises books,psalters,psalters,assemblage
105144,Grovelling son's effusive,slavish,slavish,assemblage
2852,Love English flower,nile,nile,assemblage
116617,Meatballs acquired among Embassy's wares,faggots,faggots,assemblage
27607,About to go home by midnight - is coming back,returning,returning,assemblage
2280,"A pair of aces, possibly, held model in Wales, you may say",cetacea,cetacea,assemblage
89555,"Bend under water, perhaps, to judge right deed",refract,refract,assemblage
37715,Light displayed in fort or chapel,torch,torch,assemblage
78999,Ridicules a politician with nothing on amid libidinous extremes,lampoons,lampoons,assemblage
141400,"Record playing in calm, calm water",millpond,millpond,assemblage
43762,No action required about coach reservation,restraint,restraint,assemblage
45831,One noting details finds shilling on Ken Dodd?,stickler,stickler,assemblage
82967,Blushing landlady is remarkable,redletter,red letter,assemblage
116523,Much abbreviated service offered by some councils to motorists' family group,pride,pride,assemblage
55684,"As I am presented here, but my last is an in mere?",riddlemeree,riddle me ree,assemblage
21748,Record-keeper extremely lovely in uniform,evelyn,evelyn,assemblage
46485,Traverse black spine,bridge,bridge,assemblage
101326,"Rock pop, Eve: it's old hat",stovepipe,stovepipe,assemblage
53259,Put on important hat for the races,donkeyderby,donkey derby,assemblage
76115,"Suppose the answer isn't ""a positive Hell""?",inferno,inferno,assemblage
122359,College getting family groups eviscerated,kings,kings,assemblage
29952,Country sport really regularly cancelled,rural,rural,assemblage
142061,"After comic opera, villager embraces hot bird",mikadopheasant,mikado pheasant,assemblage
70708,"Starbuck's first found here, healthier and with topping",whaler,whaler,assemblage
10723,"To one Pope, it spelt danger",alittlelearning,a little learning,assemblage
93984,Enduring wish to retain support,longstanding,longstanding,assemblage
11750,Put sailors in vessel - they secure wheels on shafts,setscrews,setscrews,assemblage
27445,Accommodation bit into end of prayer time,apartment,apartment,assemblage
69657,"Set of rules? Something bad, reportedly a burden",syntax,syntax,assemblage
56935,Examine church plant,vetch,vetch,assemblage
65606,Treat cruelly journalists at work,oppress,oppress,assemblage
114272,A short jacket is dazzling,ablaze,ablaze,assemblage
99905,Plenty in favour of nuclear energy generation,profusion,profusion,assemblage
142194,One who's desperate kicks the bucket and swells,dandies,dandies,assemblage
85518,"Old Tory contention, where migrants may be entering Britain",heathrow,heathrow,assemblage
90494,They'll be there returning thanks over offers made,attenders,attenders,assemblage
127633,Frequently short of soft paper in gents,squires,squires,assemblage
55519,How you may live if single-minded?,ononesown,on ones own,assemblage
136968,Lie about Irish town and county,leitrim,leitrim,assemblage
14004,Judge's hooter and saggy jawline,jowl,jowl,assemblage
97979,Drank to the reporter's completion of duty?,deadline,deadline,assemblage
135233,"People like Nero in Rome, always heading back after gold",emperors,emperors,assemblage
2788,Wine and cheese: uplifting with a little Gershwin,madeira,madeira,assemblage
135833,Undoing of woman last month involving the opposite sex,annulment,annulment,assemblage
124971,A painter is very dry outside,tissot,tissot,assemblage
55250,"Man holding, as it may be, a dog",alsatian,alsatian,assemblage
93934,Some say pigs crop up to finish cake,police,police,assemblage
112860,Starts to tell agriculturalists that King Edward is a local spud,tater,tater,assemblage
18342,"Camels go out here? Hot, missing covers",ashtray,ashtray,assemblage
97901,Monster that is spotted south of headland,nessie,nessie,assemblage
93791,Virgin Queen's gone in to communicate,interact,interact,assemblage
95309,Missile's explosion leads to wild anger,boomerang,boomerang,assemblage
5438,Spoilt little brat put on display,impaired,impaired,assemblage
17520,"One of crowd in old, upturned craft",extra,extra,assemblage
31824,Previously more of a noble character?,earlier,earlier,assemblage
90652,A shameful retreat?,denofvice,den of vice,assemblage
42487,Gold goes up when two firms are after it for decoration,rococo,rococo,assemblage
88375,Good landlord serves spirit,ghost,ghost,assemblage
63005,"Terrible type leading advance, left to court celebrity",ivanlendl,ivan lendl,assemblage
137206,They try to get opinions among TV audiences,interviewers,interviewers,assemblage
30546,Expression of surprise in Britain with Brit abroad,blimey,blimey,assemblage
7260,"Brown tin-opener, one intrinsic flaw",taint,taint,assemblage
32370,Adviser's first to finish plan,idea,idea,assemblage
11129,Hairy rebellious Irish broadcaster,risky,risky,assemblage
112693,On for facsimile,repro,repro,assemblage
7266,Contamination isn't common,taint,taint,assemblage
34772,"Expand ancient site, removing top and installing home guard",enlarge,enlarge,assemblage
32702,"After removing hat and Eros's coat, Greek hero gets cold",chill,chill,assemblage
110872,Old-time prospector has gone off with the money,sourdough,sourdough,assemblage
65732,Look after little girl in squalid place - get a medal for it?,decathlon,decathlon,assemblage
120880,First entry in old book of songs about fish behind ship's stern mid-ocean!,psalmone,psalm one,assemblage
116248,"Support it over debts, being well disposed",propitious,propitious,assemblage
3166,Elevated books exist as a source of inspiration,erato,erato,assemblage
92496,Entrance money that was sign of quality,hallmark,hallmark,assemblage
35045,Basket maker that's old raised cash in Brazil once,osier,osier,assemblage
29412,"V-shaped locks opening, not new, say",widowspeak,widows peak,assemblage
109253,Queen collected books and Queen was an actress,ellenterry,ellen terry,assemblage
138375,"Clean tackles, Premier League headers by blue and red United",purple,purple,assemblage
34431,Hector has no right to the insignia,badge,badge,assemblage
33030,Small carnivore shortened portico,stoa,stoa,assemblage
51657,Return of fabled bird vexed Scottish pirate,corsair,corsair,assemblage
123321,Takeover bid made by the committed buyer,firmoffer,firm offer,assemblage
25173,"Hang around, girl!', we say, in period of inactivity",stasis,stasis,assemblage
135850,Profane girl lacking seriousness,dishallow,dishallow,assemblage
66350,Poet turns to take semi-fierce part,divorce,divorce,assemblage
128977,Girl losing her head about allowance a nonsense,irrational,irrational,assemblage
117155,Duty of extra esteem getting volunteers cross,valueaddedtax,value added tax,assemblage
85433,Catch Penny breaking down - love is torture,strappado,strappado,assemblage
34410,"Little taste of cheddar cheese, not for game",croquet,croquet,assemblage
44114,"Distinguishing feature of beauty contest winner: ostentatious walk, one yard short",sash,sash,assemblage
115906,"Dog and horse amongst this odd collection of animals, reportedly",shihtzu,shih tzu,assemblage
26871,Tinker tolerates tripe,fiddlesticks,fiddlesticks,assemblage
128024,Plants model on joint poles,treeferns,tree ferns,assemblage
55915,River and seafood the French found atrocious,execrable,execrable,assemblage
142348,"Senseless getting Serco, you said - maybe give someone else the job",outsource,outsource,assemblage
18906,Christmas morning? Quietly do a runner,decamp,decamp,assemblage
139866,Native warriors quiet and mischievous,impish,impish,assemblage
66369,"Slow starter and touchy, I'm easily knocked down",skittle,skittle,assemblage
129842,First among characters hailed in each fiefdom,chief,chief,assemblage
81444,"""Sir"", as he is British originally",sahib,sahib,assemblage
110465,Swede gives you wind? Then take a very little!,gustav,gustav,assemblage
136192,Party with two runners?,carouse,carouse,assemblage
84140,Polls about to close with awful fear around,referenda,referenda,assemblage
30868,Rebel leader in isolated uprising is put on record,enrol,enrol,assemblage
56047,"Beat vicar and ring up, getting firm with me",overcome,overcome,assemblage
141469,"In yet another way, describing queen the greatest example of this?",inequality,inequality,assemblage
35038,Sporting event in which one has to fire on the run,sackrace,sack race,assemblage
65005,Larks of Arcadia?,amusements,amusements,assemblage
123423,So long coat is actually outselling tops?,ciao,ciao,assemblage
141712,Unexpected twist in US version of Pound: king taking knight,kicker,kicker,assemblage
79593,"Female in woods is crazy, showing no feelings for male",dryad,dryad,assemblage
129972,Small gardens here a little bit out of place,skewwhiff,skew whiff,assemblage
51683,Season to study ten-cent books,condiment,condiment,assemblage
65061,Letter sent to a remote station?,outpost,outpost,assemblage
86327,Islands associated with bicentenarian celebration at a lot of temples,galapagos,galapagos,assemblage
105531,Check if son is off school again,retrain,retrain,assemblage
114997,"Coin ""river horse"", perhaps, for this large beast?",rhinoceros,rhinoceros,assemblage
139092,Cleaning mess - what's humiliating about that?,shampooing,shampooing,assemblage
109750,Lower classes intended mutiny,defiance,defiance,assemblage
138552,Set up celebrity with young man from the fifties,started,started,assemblage
98041,"Outdo ""Vote for Clegg"" on the radio",picnic,picnic,assemblage
37240,Dog brought up beer,airedale,airedale,assemblage
37125,"Guided by instinct, did nothing",idled,idled,assemblage
15291,Excessive gushing from paramours wanting large contraceptive,overspill,overspill,assemblage
60913,Scottish city will shortly report finished business,donedeal,done deal,assemblage
2721,Weird when retiring perfectly fit fighters,samurai,samurai,assemblage
135561,Finished by topping aristocrats,uppercrust,upper crust,assemblage
134671,"Small range, one in city state",slovenia,slovenia,assemblage
48118,Stake zero in space rockets,paling,paling,assemblage
71470,Dress container found in car,gearbox,gearbox,assemblage
95401,"Very busy, being occupied with personal viewers",uptooneseyes,up to ones eyes,assemblage
21212,Moon rocket gets ahead on oxygen,apollo,apollo,assemblage
84415,Old bird sitting on pole is grouse,moan,moan,assemblage
422,Posh jerks welcoming qualified person's advance,upgrade,upgrade,assemblage
803,Topless vicar? That's flaming wrong!,arson,arson,assemblage
58106,"Country house like this cut rent, previously",lesotho,lesotho,assemblage
100954,Check old song picked up in music halls,auditoria,auditoria,assemblage
106971,"Stand by, I'm near plastic vessel",submarine,submarine,assemblage
137445,Article on women's muscle,thew,thew,assemblage
14617,American saying proper farewell,adieu,adieu,assemblage
132963,Something pour le weekend in this?,franglais,franglais,assemblage
21800,A representative is admitted back in the old country,persia,persia,assemblage
19858,A northern port somewhere in Hampshire,andover,andover,assemblage
67530,Wrong application is filed by brood,misuse,misuse,assemblage
118872,Risk involved with a novice heard playing the bagpipes,skirl,skirl,assemblage
127663,"Double letter with double letters spelled out as ""fraud""",wouldbe,would be,assemblage
106554,Island unknown for being comfortable,cosy,cosy,assemblage
88124,Writer's love movie,ovid,ovid,assemblage
96506,"Two deceivers, the second lacking a device with teeth",ratchet,ratchet,assemblage
121383,Perhaps Horace is aware of pronounced facial feature?,romannose,roman nose,assemblage
132374,"Unconscious chap in parent, wally",dunderhead,dunderhead,assemblage
85816,Practises and secures top spin,prosecutes,prosecutes,assemblage
121249,"One's bald head at first appearing stupid, very pale on top",ashblonde,ash blonde,assemblage
64466,"Standard loom attached to knitted fabric, briefly",tricolour,tricolour,assemblage
24611,"Mother, perhaps first of women in family environment",wife,wife,assemblage
63536,"Defector's case dismissed - exercise privilege, ultimately",escapee,escapee,assemblage
49694,Butter up quartermistress,smarm,smarm,assemblage
43340,"Hard or firm, call commercial breaks shrewd business",horsetrading,horse trading,assemblage
99713,Former dictator's unhappy parent,saddam,saddam,assemblage
48134,A Labour leader takes many shares out,allots,allots,assemblage
30044,Entire sprinters' centre led great comeback,integral,integral,assemblage
22605,Growth is said to follow popular demand,insist,insist,assemblage
125334,Always chasing black horse,bay,bay,assemblage
94110,"After ten years, North Carolina has the first bit of evidence of corruption",decadence,decadence,assemblage
128852,Improvement in how sappers are deployed?,reformation,reformation,assemblage
2189,False impression from Conservative: give him time,chimera,chimera,assemblage
102142,"""Victory"" - focus of flagship vessel to find a measure of knots, say?",wingspan,wingspan,assemblage
44795,Study bill for dispatch,consign,consign,assemblage
119160,To drop all value of French artist is English,demonetise,demonetise,assemblage
122370,"Yields to Julian Clary and Lily Savage, perhaps?",outturns,outturns,assemblage
134315,Perfume for female Indian of rank holding an animal back,frangipani,frangipani,assemblage
35425,Order thesaurus in online form?,edict,edict,assemblage
23389,Broad English chronicler,trollope,trollope,assemblage
9338,Stuff with metal core at bottom of river,taffeta,taffeta,assemblage
55522,"Roots of any really admirable, unusual clue and reliably intriguing answer produce a puzzling growth",araucaria,araucaria,assemblage
36796,Munch: perhaps I start to crunch,artist,artist,assemblage
72106,Sleuth on heroin has no record at the Yard; this shows how it's done,technology,technology,assemblage
32529,Downhearted little brother kept away,brownedoff,browned off,assemblage
137346,Numbers following inverse of a binary number,laudanum,laudanum,assemblage
128511,Colleague's role facing loveless persecutor,partner,partner,assemblage
59212,Series of notes for musician to travel around new islands,glissando,glissando,assemblage
44010,Left-wing enthusiastic journalists turning up in the grasp of a lord are captive survivors,peredavidsdeer,pere davids deer,assemblage
39166,Hollywood actress's short dress,garb,garb,assemblage
10474,Scored quickly with pressure before interval at Oval,presto,presto,assemblage
69565,"Without warning, calls ""Don't be proud!""",dropsin,drops in,assemblage
36883,Leave behind away kit,outstrip,outstrip,assemblage
53809,Wrangler does without club,debater,debater,assemblage
100137,What dictionaries do about it is quite clear,definite,definite,assemblage
137797,Unknown Tory in baffling exposé,exclusive,exclusive,assemblage
99466,"Return once more in dance, pirouetting etc",reelect,re elect,assemblage
123147,"He helps priest change, we hear, by holding ring",altarboy,altar boy,assemblage
82647,Being short of one million on card game,impatience,impatience,assemblage
135298,Worker wants small animal with temper as a variety act prop,handpuppet,hand puppet,assemblage
126634,Player on the wings fit and well when the Reds struggled in Europe,praguespring,prague spring,assemblage
32163,Biased team and what may be done about it,onesided,one sided,assemblage
19916,Vessel - showing its nationality?,flagon,flagon,assemblage
7255,Unlocked and shared out moonshine,balderdash,balderdash,assemblage
89383,"Fixity of purpose is needed by fast bowler, as before",willis,willis,assemblage
4813,"Relative beginners to needlework, in each case expecting",niece,niece,assemblage
15818,Eclipse brings alfresco party?,outdo,outdo,assemblage
92106,Finished with employment involving excessive toil,overwork,overwork,assemblage
58205,"Cold, cold belly",craw,craw,assemblage
106261,Write up on the greatest Asian,nepali,nepali,assemblage
102430,Flying female monkey call,tinkerbell,tinker bell,assemblage
109043,Relief on return of special book,psalms,psalms,assemblage
12000,Talk flirtatiously to Tom in Paris at university,chatup,chat up,assemblage
61845,Fearful player in a scrum,awestruck,awestruck,assemblage
52525,A nameless sentimentalist - like Basil?,aromatic,aromatic,assemblage
39728,Charlie gets a shock from this - fatally so,chair,chair,assemblage
57460,"I'd return, say, to ring James in Spain",diego,diego,assemblage
94054,Poet Virgil's last letter to head,lear,lear,assemblage
61565,"Though in favour of an offer, say no",forbid,forbid,assemblage
47854,Measure record found in sack,depose,depose,assemblage
127649,"Hard looking after number one, when fellow out back is a renowned labourer",heracles,heracles,assemblage
132391,College oddly calm with undergraduate finally in cell,corpuscle,corpuscle,assemblage
86547,"Predator's call reported, that is to say, to court",tuwhittuwhoo,tu whit tu whoo,assemblage
88809,Western baddie circle,wheel,wheel,assemblage
26821,Dress with the end let out,raiment,raiment,assemblage
55772,Comprehensive kid after information,generic,generic,assemblage
125583,Checking people of fashion in English resort,bridlington,bridlington,assemblage
141064,Extra appointment for teacher? This could delay notification,secondclasspost,second class post,assemblage
35735,Gallant companion to girl right out of fairy tale,chevalier,chevalier,assemblage
71285,Former cargo ship docked by Russian river outside city walls,extramural,extramural,assemblage
126431,Back plan's no good - upsetting and painful,agonised,agonised,assemblage
78204,A winter in France going topless? A joke everywhere,universally,universally,assemblage
115011,Lines in support of love by female author,ohenry,o henry,assemblage
81074,More or less impartial before a contest,justabout,just about,assemblage
19625,Last to finish with majority,endmost,endmost,assemblage
5874,Many a girl in the city,chester,chester,assemblage
39143,Rubber plant found by the shore,sanderling,sanderling,assemblage
114909,Articulate way of speaking is a plus in post,expressdelivery,express delivery,assemblage
137517,Old boy dances with wife during Black Sabbath hits,bodyblows,body blows,assemblage
134226,"Coalition supplied balance, ultimately helping?",federation,federation,assemblage
20306,Creature of air (male) to take to water,bathe,bathe,assemblage
72732,Snake and dog in crafty contest,boatrace,boat race,assemblage
90347,Account that's due showing effect of inflation,billowing,billowing,assemblage
43356,Enthusiastic jazz singer behind London theatre,lyrical,lyrical,assemblage
96613,Good worker tackling tip of iceberg in Titanic,giant,giant,assemblage
96705,"US shooter backing renegade, rogue nation",tarantino,tarantino,assemblage
54768,Girl returned on time with ace - of diamonds?,eustace,eustace,assemblage
87671,Shot decent score in golf? Caddie regularly records ranking,hitparade,hit parade,assemblage
3115,Trainee lyricist secures a large job,learner,learner,assemblage
38987,Hawk lifts royal sheep above the tops of elm trees,market,market,assemblage
56256,Suspicious bag unopened,iffy,iffy,assemblage
25421,Grassy meadow provided pasture,leafed,leafed,assemblage
13210,Ways artist's lifted up magazine,arsenal,arsenal,assemblage
4493,Grim looking under fly in soup,unfriendly,unfriendly,assemblage
113918,"Small present wife returns, about to end in acrimonious, bitter blows",snowstorms,snowstorms,assemblage
135739,"Me, by vodka shot (having skipped introductions), put on floor",kayoed,kayoed,assemblage
98017,Here dragons floor the war department band,komodo,komodo,assemblage
73050,Soccer bosses left in dark opening,fanlight,fanlight,assemblage
85597,Father takes on arbitrators in quarrel,fracas,fracas,assemblage
61117,Speech to put off by replacing silver with a bit of it,discourse,discourse,assemblage
102006,Birds avoiding the last half of mighty storms,migrants,migrants,assemblage
69349,God in charge? There's no peace here,panic,panic,assemblage
118008,"One working with Morse, radio operator in part of London",lewisham,lewisham,assemblage
31918,Go on without PR for scary female,ogress,ogress,assemblage
128975,I am shortly to be taking part in a council election - what an idiot!,imbecile,imbecile,assemblage
96165,Pluck model instrument,spinet,spinet,assemblage
108341,What's triple-layered? The answer's somewhat coincidental,threeply,three ply,assemblage
27477,Players' last practice session covered up,dressrehearsal,dress rehearsal,assemblage
16521,Song with a retrospective melody,aria,aria,assemblage
133497,Make new home right above East Yorkshire town,resettle,resettle,assemblage
39074,Some regularly flee rising pollution,smog,smog,assemblage
117727,"Mountain climbing and sailing not hard, so unconvincing performance",playacting,play acting,assemblage
134644,It should be impossible to pick husband largely on chum's tip,chubb,chubb,assemblage
43180,Joke with a lady?,gaga,gaga,assemblage
93781,Land makes outlaw happy and he's reformed,bangladesh,bangladesh,assemblage
50020,Stops at a nice part? How wicked!,satanic,satanic,assemblage
104711,Firm with policies making home safer?,insurer,insurer,assemblage
129008,"Atmosphere Longfellow captures in no time, poetically",erelong,erelong,assemblage
122942,Islander initially shot a grouse,samoan,samoan,assemblage
18442,The Queen right or wrong?,error,error,assemblage
109077,"Slowly shift PC and get Apple, good but oddly deficient",plod,plod,assemblage
90377,Journalist's one man that could be a leader,editorial,editorial,assemblage
74985,Greek island with hot club,cosh,cosh,assemblage
83069,Old robbers ignoring opening for recreational drugs,opiates,opiates,assemblage
62470,First bit of chapped skin? Tear off a strip,chide,chide,assemblage
121596,Great place for thieves cased by bent police officer,superintendent,superintendent,assemblage
14514,"Last runner through Yorkshire, last",endure,endure,assemblage
42584,Group to get off when torched?,setalight,set alight,assemblage
84765,Flower given to darling creates effect,execute,execute,assemblage
96588,Drug joint's menu item?,potroast,pot roast,assemblage
15635,Oval jugs made by a former foreign hand,jugoslav,jugoslav,assemblage
7383,There's little shelter from drink - one needs the poison,portico,portico,assemblage
75638,Boy attending a musical performance,sonata,sonata,assemblage
110062,City presenting huge temptation for gardener,bigapple,big apple,assemblage
29751,Cardboard saint upset in Kent?,whitstable,whitstable,assemblage
57830,Arctic rocks unmoved,icecold,ice cold,assemblage
59751,Shrub from which bee pursues mum,madrone,madrone,assemblage
85781,I'm not sure young scientist should be in cast - it's torture,thumbscrew,thumbscrew,assemblage
14029,Fine-tune vehicle,goodstrain,goods train,assemblage
116431,Alternative stock market's not so unpredictable,aimless,aimless,assemblage
67865,Readiness to lose belief without very good deed,defeatism,defeatism,assemblage
127081,"Where, in London, dozens of tradesmen are generous?",bakerstreet,baker street,assemblage
29064,Transport of fury (or vice versa),roadrage,road rage,assemblage
130578,Week remains Doris's cleaning time?,washday,washday,assemblage
114917,Nationalist in touch with affection's tumult,patriot,patriot,assemblage
49551,Check straps of underwear,scanties,scanties,assemblage
47584,Fruit producer on a poultry-farm?,eggplant,eggplant,assemblage
50043,A male doctor's rounds,ammo,ammo,assemblage
70240,Supposed origin of president's diary in taxi at home,logcabin,log cabin,assemblage
52162,Report of a couple of fruits producing disease,beriberi,beriberi,assemblage
62221,"Plain menu appearing all fancy, finally",ugly,ugly,assemblage
15486,A lake fed by a river (more like the Dead Sea?),aral,aral,assemblage
137989,Male with a zip cut old wooden bowl,mazer,mazer,assemblage
97024,"Left in after this time, so upset clovers",ladinos,ladinos,assemblage
4940,Consternation at sweet potatoes I'd brought up,dismay,dismay,assemblage
102763,One with obsessive interest about fish,tuna,tuna,assemblage
9918,"Carriages to inflict damage on joints, we hear",hackneys,hackneys,assemblage
40661,The craft of dressing?,sauceboat,sauceboat,assemblage
36991,Infection around spot needs cream applied regularly,cholera,cholera,assemblage
135031,"You, on boat's capsizing, may give something less than three cheers",yesbut,yes but,assemblage
37134,Pick holes in garment with a run in it,carp,carp,assemblage
59280,Wise duke upset top drawer,degas,degas,assemblage
35533,Run and puff - clergyman required,administer,administer,assemblage
18901,Run off with a politician after last month,decamp,decamp,assemblage
59202,"Governed by air, its function is to give resilience under foot",underlay,underlay,assemblage
83356,A suitable sucker?,tailorsdummy,tailors dummy,assemblage
47816,Politicians get the point first in these jokes,stories,stories,assemblage
21827,"Outline result, if arsenic mixed with oxygen",scenario,scenario,assemblage
83852,Material point to occupation,linen,linen,assemblage
106205,Sick records written up by week,spew,spew,assemblage
104388,"New proof is put to ninety-nine, half-asleep",soporific,soporific,assemblage
6561,Would you see railwaymen as a result of taking this approach?,runup,run up,assemblage
61685,Shows great confidence with props and one's material,strutsonesstuff,struts ones stuff,assemblage
115277,School actors downloaded recording,podcast,podcast,assemblage
88418,Servitude when the majority take everything,thrall,thrall,assemblage
32709,Bird cooked around noon for correspondent,penfriend,penfriend,assemblage
141586,"Breaking hand, return to a bit of carpentry",mitrejoint,mitre joint,assemblage
104822,"Second double entendre, perhaps, suggests going for a slash?",swordplay,swordplay,assemblage
16678,"Union leader is more confident, having taken much interest",usurer,usurer,assemblage
17571,Too much of pals to finish off with round of golf,also,also,assemblage
99753,Agent is fine performer,factor,factor,assemblage
72061,"Teach a king English, with an hour off for a bite?",teacake,teacake,assemblage
79580,Wait for time in bathroom,bidet,bidet,assemblage
46726,"Enigmatic, keen and in charge, set about exercising",cryptic,cryptic,assemblage
134722,"They hang from the neck of special friend, married on the rebound",dewlaps,dewlaps,assemblage
45152,"Darkness is short, but not far away",nigh,nigh,assemblage
80480,En voyage without information and refusing accommodation,intransigent,intransigent,assemblage
8748,Conclude there's no getting out of hell,infer,infer,assemblage
20503,Girl cuts end off trousers,jean,jean,assemblage
108803,Dud and Pete's initial prominence,bump,bump,assemblage
84311,Time to request church to provide a working party,taskforce,task force,assemblage
88152,"Breakdown in relations for tabloid, which is charged having pursued princess",disunion,disunion,assemblage
77398,Better order meal before I make a speech,ameliorate,ameliorate,assemblage
20651,Back massage by Norse causes skin injury,burn,burn,assemblage
88936,Sweet that's lavish in nuts,bananafritters,banana fritters,assemblage
76353,Return note with grass blade,knife,knife,assemblage
16581,Long snake put down with anger,aspire,aspire,assemblage
138683,"Constantly reproducing, much like anti-abortionists, I see",prolific,prolific,assemblage
125406,Dispose of at a higher price,sellup,sell up,assemblage
110389,"Nobleman to bail out in a metropolis, having to carry can",accountability,accountability,assemblage
65952,Expert locks up old books without delay,pronto,pronto,assemblage
87935,Poor ascent is difficult,hardup,hard up,assemblage
138291,Up to date on focus again,recentre,recentre,assemblage
60488,"US polar explorer - and aviator, by the way",byrd,byrd,assemblage
80487,Hate journalist over investigation,detest,detest,assemblage
62078,Guided minister of German blood to devour poor Kent,blunkett,blunkett,assemblage
26882,The French fellow at match gets space to manoeuvre,legroom,legroom,assemblage
78612,Place in a mess with habit of every character,alphabetic,alphabetic,assemblage
57293,Balance regarded as fit by French banker,equipoise,equipoise,assemblage
78783,A sign of emotional entanglement,loveknot,love knot,assemblage
106316,Work of Da Vinci remains superior,lastsupper,last supper,assemblage
78687,Cook cabbage - it's said to be a scientific principle,boyleslaw,boyles law,assemblage
105839,Island puts down pets,cossets,cossets,assemblage
78023,Road surface touched a river from behind,macadam,macadam,assemblage
34848,First man to be a mother,adam,adam,assemblage
24738,Sort of entertainment seen as turning weary,satire,satire,assemblage
26618,"Stone me! Belonged to you a long time ago, in a way",amethyst,amethyst,assemblage
114871,What is written in the first half of November?,shortstory,short story,assemblage
86972,"Crack cocaine's heading into US city, providing financial stability",solvency,solvency,assemblage
17818,Providing back-up when company is a failure,fiasco,fiasco,assemblage
20824,Contradict Yankee after study,deny,deny,assemblage
133143,"Insult the sovereign, say, when changing sides at the front like a traitor",disloyal,disloyal,assemblage
38740,Old Shakespearean wino denied victory - this to add flavour?,oregano,oregano,assemblage
63733,Low sound and soft to carry with difficulty,hump,hump,assemblage
101932,Winter trip?,fallover,fall over,assemblage
89522,Desolation of writer coming to a head,wilderness,wilderness,assemblage
53290,Consumer zone sounding like Biblical charity gig?,arcade,arcade,assemblage
114429,Strike supported by a devout Buddhist,lama,lama,assemblage
75025,Went round green filling in two holes in order,overtook,overtook,assemblage
73213,American bar with players - tense meeting at the end,abutment,abutment,assemblage
54849,"Win over Germany is a romp, oddly",disarm,disarm,assemblage
42188,"A medic attending university student, six-footer not confined to bed",ambulant,ambulant,assemblage
108615,Perhaps banks lending capital make a killing,slay,slay,assemblage
105325,Cold tops in container for ice or snow,cocaine,cocaine,assemblage
90781,Bread's an inflationary force on US money,pumpernickel,pumpernickel,assemblage
50869,Bookish American must leave - that's flat!,studio,studio,assemblage
19438,Top sculptor's god?,odin,odin,assemblage
82087,One may retire in this close match,nightie,nightie,assemblage
31527,Community programme involves university lecture about electrical resistance,outreach,outreach,assemblage
79338,Declare numbskull never stopped eating,asseverate,asseverate,assemblage
78111,"Test place for Benaud, say, evokes free style compositions",capricci,capricci,assemblage
121595,Is a solicitor involved in resumption?,importunes,importunes,assemblage
100512,Frightened editor has a wound that's healed,scared,scared,assemblage
91383,To understand nearly all of Italy is a drug,digitalis,digitalis,assemblage
20173,A hundred too old to get press write-up?,coverage,coverage,assemblage
79730,"Noted man being taken to court, this the result?",verdict,verdict,assemblage
30662,"Cosily small, given space eventually",intime,in time,assemblage
89173,"Tooting, formerly, also housed branch of husbandry",beekeeping,beekeeping,assemblage
136200,Tastelessness of cod Iceland found in Arctic,indelicacy,indelicacy,assemblage
109846,Decisive blow with a bit of a strike for money,kopeck,kopeck,assemblage
21538,Enthusiastic about the French and their country - female lacking bigotry,intolerance,intolerance,assemblage
28441,See Moor's scabbard,sheath,sheath,assemblage
53970,Diabolical ally is dropping King Henry the First,fiendish,fiendish,assemblage
23928,Issue half of them before a race,emanation,emanation,assemblage
116019,Certainly no malt house get away up North,hooch,hooch,assemblage
37925,He killed a couple of fools in the end,assassin,assassin,assemblage
108965,Home with police turning up to get rebellious youth charged,indicted,indicted,assemblage
11177,Hollow bishop with a thing to be confessed?,basin,basin,assemblage
33548,A support thus returned is appropriate,apropos,apropos,assemblage
34746,Apologising for oriental thingumajig in competent dish,eatinghumblepie,eating humble pie,assemblage
101881,Might girl's back be her best attribute?,mainasset,main asset,assemblage
16441,Put cap on after knocking back drink of Pale,pallid,pallid,assemblage
137212,Wherewithal to cut music man's topknot,knives,knives,assemblage
83519,A campanologist is late - or something very like it,deadringer,dead ringer,assemblage
132350,Start again and again in the event,triplejump,triple jump,assemblage
59112,It's an offence to go to a part of Putin's Russia,crimea,crimea,assemblage
61024,Operatic prince to leave in unending anger,igor,igor,assemblage
36407,"Belt designed by teacher without a wife, so it's said",surcingle,surcingle,assemblage
100650,Little copy from single credit in second class,microform,microform,assemblage
96770,Old craft displayed by great striker keeping City up,arkroyal,ark royal,assemblage
116589,Just keeps going when credit's no longer available,ticksover,ticks over,assemblage
55314,Drunk given prison sentence none too soon,hightime,high time,assemblage
72992,Group for the clever chaps observed losing weight,mensa,mensa,assemblage
48036,Case of Julia ignoring odd parts after film,etui,etui,assemblage
104137,"It's cheek to require money first, even for an essential part of Christmas dinner",breadsauce,bread sauce,assemblage
6873,Ripped up one chapter with a steamy line,erotic,erotic,assemblage
50529,Exhibit plastered and completely sealed,airtight,airtight,assemblage
33967,Piece of branch with shoot on it,firearm,firearm,assemblage
50384,Fool gets all Yorkshire to make hard cases,nitridings,nitridings,assemblage
119520,Drop feathers in trash,teardown,tear down,assemblage
96046,Relative to help people out - a social worker around university,maidenaunt,maiden aunt,assemblage
100352,"It's possible, without hesitation, to produce puzzles",posers,posers,assemblage
91024,Suggestion for objective in union amalgamation,innuendo,innuendo,assemblage
120097,Popular cops in Paris secure square deals,inflicts,inflicts,assemblage
4906,Number for five-a-side? Any number is required for game,tennis,tennis,assemblage
112065,Theatres where they now indulge in games of bingo,playhouses,playhouses,assemblage
106969,At sea as number one in warship,submarine,submarine,assemblage
91456,Swine on time for part of pig,trotter,trotter,assemblage
100450,Little old lady close to Russian revolutionary,minuteman,minuteman,assemblage
75576,"Heart of the metropolis, is it?",citycentre,city centre,assemblage
81555,Leg bound to be broken by heavy stick,bludgeon,bludgeon,assemblage
118879,Ways to convert weapons,turnpikes,turnpikes,assemblage
107746,Hitting the monarch with a turned-up nose,knocking,knocking,assemblage
128496,One that's played with Pelé and Lukaku recalled a King Power outing,ukulele,ukulele,assemblage
56756,Gets the impression my return passage started yesterday - pity!,feelsympathy,feel sympathy,assemblage
127189,Pickled cucumber not hot in food sent back - here?,burgerking,burger king,assemblage
15832,Obsolete function is better,outdo,outdo,assemblage
115918,Treetop bats round lake practise thought transference?,teleport,teleport,assemblage
65935,Issue about drug that's exactly right,spoton,spot on,assemblage
133738,She oversaw agriculture before entering civil service,ceres,ceres,assemblage
44126,Flirt offering a kiss after thirty seconds?,minx,minx,assemblage
60669,Last drink of the day with a bird,nightjar,nightjar,assemblage
96527,Slack dandy stealing Helen's heart with heartless ploy,floppy,floppy,assemblage
123103,It's about a pound in English money,decusettutamen,decus et tutamen,assemblage
130106,"Flower arrangement of Eliza Doolittle's second to be interrupted by school, twice",eschscholzia,eschscholzia,assemblage
16638,Fight for way to reign over horse,struggle,struggle,assemblage
60751,"Where barcarolle may be heard by ""The King and I"" singer?",rialto,rialto,assemblage
17680,Take a double role in part of play,acttwo,act two,assemblage
140989,"Expressed regret for euro, say",roo,roo,assemblage
100528,A catch in the neighbourhood,around,around,assemblage
141023,"Grouse stew a strong, rancid dish",beefstroganoff,beef stroganoff,assemblage
12321,Share everything the writer put into book collections,allotment,allotment,assemblage
123890,"Runner with some excellence, or one just as good",coequal,coequal,assemblage
122715,One-time royal command variety show performer,jester,jester,assemblage
60625,"For starters, naturally I'm nimble - Japanese assassin?",ninja,ninja,assemblage
97781,Knucklehead and blockhead join together,knit,knit,assemblage
40498,Company of high-fliers,aircrew,aircrew,assemblage
96826,"Setter's at work, doubled up, backing onto cool, filthy beasts",hippopotami,hippopotami,assemblage
126729,Graduate as a footballer?,halfback,halfback,assemblage
6804,English spirit? Little left in a Scottish place,elgin,elgin,assemblage
56863,Suppress government's initial report,bang,bang,assemblage
38625,Punk playing loud interrupts household no end,hoodlum,hoodlum,assemblage
76104,Surrounded by a dwarf endlessly somersaulting,among,among,assemblage
118543,Sheep enclosure collie emptied for a little bread,tuppence,tuppence,assemblage
121885,European river labelled American?,tagus,tagus,assemblage
46807,Space at front of border for plant,embed,embed,assemblage
65408,"Head down south, be away - it's painful!",achy,achy,assemblage
59634,Get shot of Sun model after turning over papers,dispose,dispose,assemblage
111329,Basis of sweet course in times past: a lot of ale,sconce,sconce,assemblage
56988,"Popular, like Jersey-Ibiza return?",demotic,demotic,assemblage
104193,Western in which sharp or flat blood group's altered,occidental,occidental,assemblage
90760,Leave it houseroom for the doctor's hearing aid?,stethoscope,stethoscope,assemblage
136024,Stop fighting egghead in glasses!,stemware,stemware,assemblage
110881,Mini taken by environmentalist crew (imagined threat to our planet?),littlegreenmen,little green men,assemblage
133434,"What a sidekick plays, using spare racket",secondfiddle,second fiddle,assemblage
50149,Little woman and officer get a shock,1o1t,1o1t,assemblage
68130,"Frantic having to survive, far from great",lastminute,last minute,assemblage
135011,"Bush, as graduate, really confused about university",baylaurel,bay laurel,assemblage
90591,Odysseus's ambit? That is a case for over one solution,ioniansea,ionian sea,assemblage
119709,"American fliers not happy on jumbo jets, initially",bluejays,blue jays,assemblage
112444,Final disaster for some furnishings displayed in window,netcurtains,net curtains,assemblage
83888,Man closely wrapped up in himself,knight,knight,assemblage
60571,"University applauded, so lifted",upraised,upraised,assemblage
5352,Place on the border needing a sign of security,pledge,pledge,assemblage
76362,National President meets king,hollander,hollander,assemblage
29776,Spoil a little rascal with a bit of music,impair,impair,assemblage
33391,"For all to see (about time, too)",overtly,overtly,assemblage
31049,Does the dismissed athlete take it running?,jump,jump,assemblage
49613,Soldier sitting on favourite wall,parapet,parapet,assemblage
26438,Procrastinate when it's time to get up,temporise,temporise,assemblage
123309,"Compound, maybe nitrous, you say: I say different, it's a flower",oxeyedaisy,ox eye daisy,assemblage
140591,"Covering up claim, wins contests",gainsays,gainsays,assemblage
79385,Attempt to appear PC - it's OK men getting shafted!,tokenism,tokenism,assemblage
93189,Exploit on last routine flight,milkrun,milk run,assemblage
108717,Bring back capital punishment?,rehang,rehang,assemblage
25830,Player with piece of wood gets up to holding a French one,oboist,oboist,assemblage
18588,Space for timber on course,entree,entree,assemblage
43119,Flowers wilt when left in the centre,corsage,corsage,assemblage
68873,A physicist and his Nobel work on source of radiation,nielsbohr,niels bohr,assemblage
81921,Right-handed key,trebleclef,treble clef,assemblage
76866,Ought children tuck into cheese and bread?,brioche,brioche,assemblage
46423,Toper's first into liquor-producing plant - liquor's an immuniser,antiserum,antiserum,assemblage
128656,No friendly blaze to give soldiers a warm welcome,enemyfire,enemy fire,assemblage
33389,Hit with something contentious in part of foundation,whalebone,whalebone,assemblage
66071,Farceur fails to close a Scottish theatre,travers,travers,assemblage
9801,Greek island associated with a savoury snack,samosa,samosa,assemblage
96616,Where scientists applied to leave their cars?,technologypark,technology park,assemblage
120289,"My preferred transport conveys head, being efficient",businesslike,businesslike,assemblage
88369,Plot in mainly undesirable environment,seedbed,seedbed,assemblage
56498,State day centre,average,average,assemblage
23865,Hesitantly stated colour of Santa's hat and was wrong,erred,erred,assemblage
43257,Bird parts with a pound for a nut,pecan,pecan,assemblage
138852,Very good trip is taken round outskirts of Llanelli,saintlike,saintlike,assemblage
101629,Arab money raised by part of factory,toolroom,toolroom,assemblage
98334,"Artist rejecting ""name of the game""",hockey,hockey,assemblage
44033,Thomas puts dried grass over road,hardy,hardy,assemblage
93712,It's seen in gardening girl's hat,annelid,annelid,assemblage
24036,Game bird's third almost assured of success?,brag,brag,assemblage
60307,Couple hire out jewellery,bracelet,bracelet,assemblage
10550,Theatrical term for one leaving harvester at a party,repertory,repertory,assemblage
14792,Decisive blow to a party audience native to Australia,koalabear,koala bear,assemblage
105936,"Bloodsucker politician: ""I bare swindle in tax""",vampirebat,vampire bat,assemblage
71905,A sceptic shortly on holy mountain,athos,athos,assemblage
81522,"In a slurred fashion, regret the passing of a cult US TV series and variety",mishmash,mishmash,assemblage
3952,One-time domain of French drink agents,mercia,mercia,assemblage
32507,Huge islet over in old Roman port,ostia,ostia,assemblage
62003,Primitive church's backcloth,ecru,ecru,assemblage
77055,Sound delightful? You utter poser!,euphony,euphony,assemblage
64296,Shorter time for teaching? That's not on,less,less,assemblage
5707,Listener bruised and put aside,earmarked,earmarked,assemblage
64029,"Impudence, sacking good-for-nothing? On the contrary",all,all,assemblage
43833,Angry young man briefly accompanied returning book,rebecca,rebecca,assemblage
112741,"Old city, about what's as good as a wink",sidon,sidon,assemblage
130885,Flyer rejected assignment in space during project,jumbojet,jumbo jet,assemblage
129508,"Principal thing for a poser to say: ""It's all brawn in LA""",headcheese,headcheese,assemblage
71170,Moses' or John's works seen here?,picturegallery,picture gallery,assemblage
55638,May initially stimulate when swallowing your old mix with alcohol,methylate,methylate,assemblage
57526,"Typically working, say, a long time",onaverage,on average,assemblage
9902,Think of building one cottage,cogitate,cogitate,assemblage
129011,Polish lawman's advanced listening device,earphone,earphone,assemblage
79078,"Model put on a slipper, displaying charm",amulet,amulet,assemblage
26584,"Little women, never disheartened, about to begin again",renew,renew,assemblage
4059,Remove poster found in Morecambe by end of June,eradicate,eradicate,assemblage
48257,Meet in French bar,encounter,encounter,assemblage
61433,"Big sport, nothing to add?",sumo,sumo,assemblage
80142,Painful separation of church architect and church?,wrench,wrench,assemblage
36400,"A French precipitation, they say, is hardly the thing",undue,undue,assemblage
100988,"Appeal for a partner issued by vociferous, triumphant chess player?",matingcall,mating call,assemblage
6491,Dutch painting is flash,dart,dart,assemblage
123260,"Offended, in France, very old-fashioned duke",trespassed,trespassed,assemblage
33080,Petroleum producer offers inducements well,oilshale,oil shale,assemblage
108861,"Protected by a climber, one was in contention",ivied,ivied,assemblage
126413,"Before ruler, fathers and sons have to meet the standard",passmuster,pass muster,assemblage
83529,What may be in this sauce? May a duck's egg,mayo,mayo,assemblage
29385,State the classical way to imbibe Irish drink,virginia,virginia,assemblage
100284,"Lawyer to call, wanting old plant",daphne,daphne,assemblage
92336,Classified status protects English constitution,topsecret,top secret,assemblage
12742,Start with carbon sequestration - it's lacking,scarce,scarce,assemblage
35177,He could be interested in the bar and a glass,weatherman,weatherman,assemblage
7259,Smear of snot (minus apostrophes),taint,taint,assemblage
113063,It sometimes makes the day a little longer to have a recess in French class before bed at last,leapsecond,leap second,assemblage
47485,Wear is a result of puncture in America but not Florida,attire,attire,assemblage
68143,"In Montmartre, a joint seldom found",uncommon,uncommon,assemblage
92086,City doctor and writer,lamb,lamb,assemblage
71993,Highway inducing nervous disorder in the beloved,mistress,mistress,assemblage
20201,Middle part of classic family film,skin,skin,assemblage
64953,Swimmer's hi-vis jacket?,goldfishbowl,goldfish bowl,assemblage
93908,Insolent manner of singer Smith knocking off piano duet badly,attitude,attitude,assemblage
140388,Liberal and left wings to allow end to onerous property legislation?,landlaws,land laws,assemblage
41826,Pale start for sodium flares,lights,lights,assemblage
80108,African flower lasts without endless resin for one,zambezi,zambezi,assemblage
111363,Is ground-breaking TV pilot I missed returning?,rotavates,rotavates,assemblage
65996,Cold bird caught by young people,children,children,assemblage
83304,Climber said to be a legal term,hilary,hilary,assemblage
91794,Loved wandering round city stadium,velodrome,velodrome,assemblage
5232,State of a student gaining a couple of degrees,alabama,alabama,assemblage
59848,Cumbrian town like the Fatherland?,aspatria,aspatria,assemblage
139229,Shelter acceptable for some Rwandans,hutu,hutu,assemblage
127122,Critical business discussion in house of ill repute,knockingshop,knocking shop,assemblage
78098,"In power, a restitution is most unusual",rarest,rarest,assemblage
130515,"Calculating at this rate, say, fear to fail",teraflop,teraflop,assemblage
126861,Admire a speaking dog from Russia,laika,laika,assemblage
24393,Charge for digs to split with a student,rental,rental,assemblage
123771,Female monarch given the Spanish monetary unit,shekel,shekel,assemblage
54184,Gymnastic equipment sees work flipping between rails,trampoline,trampoline,assemblage
56497,Typical woman in decline,average,average,assemblage
115069,"End of a canal destroyed ’em, they say",rectum,rectum,assemblage
12078,High lighting is torment for top players,starshell,star shell,assemblage
110962,He had to get American group restricted and managed thriftily,husbanded,husbanded,assemblage
58925,"Not up yet, extremely lazy at home with drink",lyingin,lying in,assemblage
3241,Soldier returns to scene of mutiny and neglect,ignore,ignore,assemblage
44979,More than one shot in shoulder after commencement of battle,broadside,broadside,assemblage
20097,Travel for miles the wrong way in US city,fargo,fargo,assemblage
37838,Fool at hostelry getting round for poet,sappho,sappho,assemblage
44720,Supplies spin round seller in US,provender,provender,assemblage
4118,In class it's hard to be virtuous,chaste,chaste,assemblage
58444,For now I hate myself?,meantime,meantime,assemblage
23512,Mark's tense opening letter from Crete,stigma,stigma,assemblage
121477,Royal sultanate has nothing against royal family,romanov,romanov,assemblage
2086,State accord is a disaster,calamity,calamity,assemblage
33212,Comeuppance for Theresa May and a Conservative party,camp,camp,assemblage
98199,"Powerful family with old soap, extremely dirty and unpleasant",dynasty,dynasty,assemblage
18275,"Architectural style acquired spasms, not trophies",gothic,gothic,assemblage
66602,Sales publicity for poet?,promotion,promotion,assemblage
64405,Check on car time,audit,audit,assemblage
81175,Love things to be settled right away,onsight,on sight,assemblage
37155,Oil is obtained from this Italian city by the ton,bergamot,bergamot,assemblage
67430,Heavenly choir's first seen after DIY mishap leads to bad back,idyllic,idyllic,assemblage
43596,"Superficial variety in Bath and Wells, say, and first of all in Portishead",skindeep,skin deep,assemblage
121166,"King, for example, and brave jester",facecard,face card,assemblage
136426,Mother gets about on a horse,mare,mare,assemblage
39368,Ringers with excellent musical technique,doublestopping,double stopping,assemblage
107428,The last place you would expect to find someone,deathbed,deathbed,assemblage
117171,One critical of French farmer's tower,detractor,detractor,assemblage
119010,"Achilles' heel taking some days, say, to find",weakspot,weak spot,assemblage
51815,Hold sway over go-getter claiming what's not yours,domineer,domineer,assemblage
8266,"Court resolution on gang leader given ""time"" or ""bird""",woodpigeon,woodpigeon,assemblage
31458,Worked without leader so that all should go smoothly?,oiled,oiled,assemblage
62266,Scottish group promotes special talent to gain victory with independence,travis,travis,assemblage
135354,Double starts to take wonder drug,twice,twice,assemblage
90686,Teams in the market for more than a left-winger,marxist,marxist,assemblage
11404,Zero standard of wartime prison,oflag,oflag,assemblage
61214,"Form to mark with an ""X"" for seats for independent parliamentarians",crossbench,cross bench,assemblage
130673,Flash behind TV when satellite disappears,moonset,moonset,assemblage
132057,Party? Bender? Turned up with this box?,birthdaypresent,birthday present,assemblage
53553,Parrot with head of myna and a cry of rook,macaw,macaw,assemblage
86895,Accommodation's low rent initially raised,room,room,assemblage
64621,Spite displayed by archdeacon about to quit Rome,venom,venom,assemblage
90821,Bash delivery van with stones after entertaining ride,dodgems,dodgems,assemblage
117730,Familiar name for the stern - um!,breastbone,breastbone,assemblage
51291,"Greek character, a bold man born at odds",agamemnon,agamemnon,assemblage
102186,"Crash into back of convertible near to stop-light signalling ""stop""",rearend,rear end,assemblage
140386,Emptiness shown in Victory with sharpness of vision,vacuity,vacuity,assemblage
128426,Second before day's end took a heartbeat,systole,systole,assemblage
36291,Gold coin finally found under fruit machine,automaton,automaton,assemblage
74561,Managed to get detectives' rank …,rancid,rancid,assemblage
136249,Rock to hit sheltering bug or insect,tigermoth,tiger moth,assemblage
131529,Park employee called King Edward?,ranger,ranger,assemblage
14505,"Rotter's love, great mistake",toerag,toerag,assemblage
128641,Definite deception inherent in strong promotion,hardsell,hard sell,assemblage
15513,Wrong when on salver,astray,astray,assemblage
38483,Cathedral priest does not begin promptly,anon,anon,assemblage
89434,Begin without beginning to be sweet and sour,tart,tart,assemblage
44018,Element adding aura to army officer,halogen,halogen,assemblage
39902,A second son for the prophet,amos,amos,assemblage
28864,Daddy gets girl a fine coat,patina,patina,assemblage
117605,"McDonald's given foot, one gathered, on every strip in Florida",miamibeach,miami beach,assemblage
57809,Deck me up rather like a Brontë sister?,embellish,embellish,assemblage
48666,Complete meal for the road,thoroughfare,thoroughfare,assemblage
58637,Old key for lift,exalt,exalt,assemblage
96865,"Capsize, following report of one seen flying, a sea creature",turnturtle,turn turtle,assemblage
10140,Misery does not start when you get the sack,ejection,ejection,assemblage
98063,What's seen at the course makes kind of sense on TV,horsebox,horsebox,assemblage
66110,"Cold food - pray to follow, say?",lettuce,lettuce,assemblage
100068,One can tell how much resistance there is,ohmmeter,ohmmeter,assemblage
7384,One company supporting drink: it's regularly supported,portico,portico,assemblage
103472,Simple tart dressing in the field,basicslag,basic slag,assemblage
93652,Avidly ask for naughty fairy tales that educate?,implore,implore,assemblage
79513,Sausage sandwiches with it in drink? Thanks!,chipolata,chipolata,assemblage
37931,When special army group is retired with new killer?,assassin,assassin,assemblage
108445,"Dot's follower, safe fellow about fifty, gives help in solving crossword",completer,completer,assemblage
115193,City: the latest to accept gold list,neworleans,new orleans,assemblage
62767,Look into crash at downhill race,slalom,slalom,assemblage
91395,"Part of leg keeps one on air, dancing, in a state",california,california,assemblage
131121,A long time since Agnes lost heart with an attempt,agesago,ages ago,assemblage
100543,Setting in theatre to support medic before operation,backdrop,backdrop,assemblage
119344,"Planet, very cold, with over half of the rich in power",plutocratic,plutocratic,assemblage
46449,Partner of A. Lloyd Webber pulls hollow muscle,triceps,triceps,assemblage
118934,Forgo excitement with chance of a point or three,dropkick,drop kick,assemblage
103508,Setter's a dog - a point to challenge?,impugn,impugn,assemblage
78969,Noticing alumnus’s help,observant,observant,assemblage
28533,Noted explorer making name once in US politics and sport,marcopolo,marco polo,assemblage
104439,"Saying ""beef"", say, can be supporting timber",sawhorse,sawhorse,assemblage
136404,Pontiff backing even bits of polemical epic poem,epopoeia,epopoeia,assemblage
92168,Stupid climbing to reach someone not so high,midget,midget,assemblage
42698,Fixer at first backed for the National,italian,italian,assemblage
77130,"Barrier long gone, go and dive",turnpike,turnpike,assemblage
68762,Pleased with G-man in the making?,glad,glad,assemblage
62566,"Make happy, as is what Babs would be if so?",bless,bless,assemblage
54360,Remove spell of good fortune when sitting on one's bottom,uproot,uproot,assemblage
27144,A brawl without anyone facing charges?,freeforall,free for all,assemblage
30524,Party policy won't be one's main interest,sideline,sideline,assemblage
125370,Mother childishly left animal,mammal,mammal,assemblage
134154,Chemical expert sits on the deadly liquid,acetaldehyde,acetaldehyde,assemblage
41270,Beast is all right - Pia isn't!,okapi,okapi,assemblage
115038,"Sister of Moses says: ""I'm following border the wrong way""",miriam,miriam,assemblage
6730,Drop off small logs,slumber,slumber,assemblage
70064,"Bring up tripe, a bit of fish, a snapper",alligator,alligator,assemblage
112830,Nails the shade to the odd cask,tintacks,tintacks,assemblage
57497,These days a French lover is very hard,adamant,adamant,assemblage
20947,Tall and slender - not overweight,longton,long ton,assemblage
112115,Coloured light for final cargo item,tintray,tin tray,assemblage
36970,Fall short fleeing high-pitched battle,setto,set to,assemblage
59684,Cut line by knot's end,filet,filet,assemblage
19492,"Force cutting signal, energy maintained",impel,impel,assemblage
105596,Charge less than German joiner and truce breaker,undercut,undercut,assemblage
119043,Soggy pitch with damage on top,marshy,marshy,assemblage
72897,"Swede separated by third of carrot, say, pulled up, root around",scavenge,scavenge,assemblage
120997,Write study of Ulster in Thackeray's history,pendennis,pendennis,assemblage
42375,"When batting, duck's broken by boundary drive",ambition,ambition,assemblage
138413,Discontented social worker knowing one's inclined to appear thus,slantwise,slantwise,assemblage
121350,Swimming pool without running water - Cameron's controlled environment,cleanroom,clean room,assemblage
50470,Popular numbers I have detailed,intensive,intensive,assemblage
50569,"Trick unionists' alliance, ultimately",dupe,dupe,assemblage
54274,Network hub underpins heart of global paper,observer,observer,assemblage
26180,"Fed up, having to stop on guard",defend,defend,assemblage
18829,Come very close to a qualification,abut,abut,assemblage
100549,Nameless town with church music extract,stretto,stretto,assemblage
13968,"Prove right, merely by changing book to Kipling poem",justify,justify,assemblage
67140,"A magistrate disrobed after firstly cursing, out of hearing",acoustic,acoustic,assemblage
66529,Person on tour admitting The Smiths finally will make comeback,response,response,assemblage
129435,See one old woman in game win lousy money that could be better,minimumwage,minimum wage,assemblage
82661,Pot manufactured for ointment,pomade,pomade,assemblage
114552,Antagonist returns to vehicle at this address,careof,care of,assemblage
81057,"Eye on a car, perhaps? When do you get your Christmas bonus?",onceayear,once a year,assemblage
118257,Wreck two containers,basketcase,basket case,assemblage
88135,Pilot's life's ending in ravine,george,george,assemblage
32619,New style navy,modern,modern,assemblage
128806,"Neoclassical architect, say, reveals sacred mountain",adamspeak,adams peak,assemblage
22396,The Continental fashion suits British singer,elton,elton,assemblage
46445,Last words on instant muscle,triceps,triceps,assemblage
96278,"Deeply draw in the highest air, when rough",sketchy,sketchy,assemblage
111699,Drink with Kansas leaders in Kansas,topeka,topeka,assemblage
136004,Media editor not oddly involved in his work,oldmacdonald,old macdonald,assemblage
77025,Hard rock echoing in street in Argentina,granite,granite,assemblage
103793,"Spooner's plan to attract mods to Bordeaux store, perhaps",winecellar,wine cellar,assemblage
133739,Manchester United manager once upset substitute with …,busby,busby,assemblage
9561,Fiddle somehow led to stand with legs apart,straddle,straddle,assemblage
18519,Extreme sports club lacks capital,utter,utter,assemblage
100362,Garrison's inner retreat with revolutionary turn to it,reduit,reduit,assemblage
40011,Trifle contains divine alcoholic drink,toddy,toddy,assemblage
64386,"Musical would be fine, if shortened",oklahoma,oklahoma,assemblage
131445,Link established quite recently with a sort of kangaroo found down under,eurotunnel,eurotunnel,assemblage
77635,"One rebelling is transformed by books of Bible, becoming peaceful",nonbelligerent,non belligerent,assemblage
62069,Mother's hole that wasn't there,macavity,macavity,assemblage
3483,Limited form of credit after period of unemployment,restricted,restricted,assemblage
73930,"On ’orse, what man did wear",erode,erode,assemblage
127800,Badges almost intended to take a hundred: that's being petty,insignificance,insignificance,assemblage
128470,First wife ousted by priest in dramatic drawing,eliciting,eliciting,assemblage
23852,Bring up a time and a place for spectacle,arena,arena,assemblage
7462,More oblique kind of pin,skewer,skewer,assemblage
86474,"Obnoxious person was in the van, refusing to bend",pigheaded,pigheaded,assemblage
27829,"China, say, for ""good girl"" plates",eggshell,eggshell,assemblage
99522,"Forth Rail express starts at York - train finally arriving, when not bound to be so?",freeborn,freeborn,assemblage
142113,"Doctor accepts being dismissed, so stops being heard",drownsout,drowns out,assemblage
81093,Sticky situation backing non-extremist Tory PM,major,major,assemblage
137861,Truth backed by notes of confession making one quarrelsome,factious,factious,assemblage
70055,Extremities of nail broken in certain conditions,terminals,terminals,assemblage
64031,A couple of pounds for the lot,spy,spy,assemblage
36741,Killing game,bloodsport,blood sport,assemblage
133603,Firm taken in by swindles gets the police,constables,constables,assemblage
69242,Line of peaks and points,andes,andes,assemblage
16461,Late morning paper,exam,exam,assemblage
9558,Fling ending in bed with coupling,dalliance,dalliance,assemblage
109705,Stroke uncle with a ruptured spleen,petulance,petulance,assemblage
31799,Now I see container from the south for Tex-Mex food,nacho,nacho,assemblage
106124,"Essential couple of coins, one not English",central,central,assemblage
103264,"A bit like part of Birmingham, creating surprise?",astonish,astonish,assemblage
11599,"Man with vessel, a skiff",sampan,sampan,assemblage
7820,German state's leader's gone somewhere further east,russia,russia,assemblage
87709,Cheat to secure point in card game,cribbage,cribbage,assemblage
7339,One needing exercise wants female,unit,unit,assemblage
131316,Fastens covers over farm animals,boars,boars,assemblage
37325,Make a fuss about Robert Owen initially being remote,faroff,far off,assemblage
131466,Singer acquired good piece of drum kit,bongo,bongo,assemblage
115952,"Munch nosh all up, out eating good pub fare",ploughmanslunch,ploughmans lunch,assemblage
37557,"Forbidding champion to moo, say",grimace,grimace,assemblage
78423,Groom quiet about knight pinching bride's bottom,preen,preen,assemblage
39545,Seat unfinished in part of curve is antique,archaic,archaic,assemblage
82777,Not being on the side of the angels? That's prohibited,forbad,forbad,assemblage
62956,Wine for king on the move,astir,astir,assemblage
23443,Type of onion ring found in the promised land,scallion,scallion,assemblage
95030,Undertaking pilot's last request,task,task,assemblage
58403,Set-to with Sex Pistol in a London park,rottenrow,rotten row,assemblage
110128,Contest picture at altitude,fight,fight,assemblage
84689,Asylum given over to pauper,havenot,have not,assemblage
110229,"Brad, while on Universal set, ignoring film star group",pegasus,pegasus,assemblage
14545,Artist's state of being a rogue,rascal,rascal,assemblage
120669,Backwards family with sheep triggered the space race,sputnik,sputnik,assemblage
53659,Awkward-looking group of people sitting on heather,gangling,gangling,assemblage
110275,"Watch over so many finalists in beauty contest, say",eightbells,eight bells,assemblage
79825,Nitty-gritty of piles below underwear,brasstacks,brass tacks,assemblage
20798,Entrenched element in party to raise security,rearguard,rearguard,assemblage
81342,Insect wings of white and black,weevil,weevil,assemblage
78767,Man gets the Castilian into place of worship,chapel,chapel,assemblage
96858,Mid-off's just terrible,frightful,frightful,assemblage
67467,"Excel, getting gold in some sort of sports",outdoor,outdoor,assemblage
35888,Unable to rest in peace for a spell,cantrip,cantrip,assemblage
139638,"One name of prophet, as I repeatedly recollected",isaias,isaias,assemblage
25057,Gas ring section,ozone,ozone,assemblage
58752,Drudgery producing academic chef d'oeuvre?,donkeywork,donkey work,assemblage
70275,"It's great to spoil French solvers, keeping distance",marvellous,marvellous,assemblage
82846,Racket due to fourth or fifth engagement?,battledore,battledore,assemblage
47389,"""Watch With Mother"" interrupts bath-time negotiator",diplomat,diplomat,assemblage
99075,Feature extra large trousers,chinos,chinos,assemblage
65418,Gas lamp's terminal whirring sound,prattle,prattle,assemblage
95185,Start a fight with man in shearing shed,rouseabout,rouseabout,assemblage
38534,Let person open it? Maybe better not,poisonpenletter,poison pen letter,assemblage
10553,Contemptuously treat group going to break up,disband,disband,assemblage
58257,Rouse Scots cry to dismiss London leader?,awaken,awaken,assemblage
124223,"Jack lost set again, beginning to expect small crowds",jostles,jostles,assemblage
96341,"Woman at court, people with backstreet laws",enactments,enactments,assemblage
21038,Condition of French teenager in trouble?,degenerate,degenerate,assemblage
46159,"Punishment for most of this cake being spongy, right?",thickear,thick ear,assemblage
114374,Informal greeting by smart type without it having to get friendly,hititoff,hit it off,assemblage
76005,At Houston they usually lead to nothing,countdowns,countdowns,assemblage
133709,"People to take out on this bash, mostly drunk on street",hitlist,hit list,assemblage
75679,"Lacking aspiration, they listened to Genesis etc - but that was a long time ago",theyeardot,the year dot,assemblage
119603,Gas restricts endless fruit service for babies at Christmas,capricorns,capricorns,assemblage
44287,Scoop race entrants' urge to make love,eggspoon,egg spoon,assemblage
24159,Favourite soft centre?,sweetheart,sweetheart,assemblage
113423,Transport both sides of a line in the desert?,caravan,caravan,assemblage
139230,Most glad with you finally getting some kind of sleep in this medical condition,glaucoma,glaucoma,assemblage
34706,Irish author's sister inhaling smoke,stoker,stoker,assemblage
314,"In short, there's no female candidate for board?",brie,brie,assemblage
66597,Advertising for poet,promotion,promotion,assemblage
128993,Remaining board members (one third gone) promise too much,overcommit,overcommit,assemblage
94793,Bony duck - cheap buy,osteal,osteal,assemblage
85248,Tacks away from earth with little motion,snailspace,snails pace,assemblage
61100,Girl I'm upsetting with religious book,missal,missal,assemblage
120228,Like some entertainment in the Globe? Then call back,balletic,balletic,assemblage
71900,"Lively man, children's entertainer?",bouncycastle,bouncy castle,assemblage
15947,Obvious hole in mission statement,manifesto,manifesto,assemblage
127515,Cycling cape's under dog meat,muttonchop,mutton chop,assemblage
50242,Take top off packing case for a price,rate,rate,assemblage
79659,"Shipyard worker in a state, having to change direction over time",riveter,riveter,assemblage
81003,Uncommonly haughty,lordly,lordly,assemblage
114617,Panics finding a gangster with guns?,alarms,alarms,assemblage
87434,Feature informed on Delft art,chinaware,chinaware,assemblage
97130,Calling for a parish priest before joining type of comedy,appealing,appealing,assemblage
132348,"Impractical to team up with short, smart clothing?",quixotic,quixotic,assemblage
22059,Man about to return home,ernest,ernest,assemblage
82560,Albert to contemplate a mountain range,watchchain,watch chain,assemblage
94334,"Novel report, the whole thing",shebang,shebang,assemblage
116066,Where educational forms are filled?,schoolroom,schoolroom,assemblage
122379,Security devices needed as a dodo flies?,deadbolts,deadbolts,assemblage
14476,"Before start of race, punter is richer",betteroff,better off,assemblage
81480,"Settling down with advance team, getting directions to capture castle, initially",subsidence,subsidence,assemblage
36037,Again take on study - choose to pursue it,readopt,readopt,assemblage
74196,Lines in church choir work curtailed by a bloomer,chrysanth,chrysanth,assemblage
57491,Girl meets chap and starts talking - but doesn't yield,adamant,adamant,assemblage
61893,"To economise, Frenchman is introduced to bonus shares",scrimp,scrimp,assemblage
78803,Where there's an even chance to bring back the cat,tossup,toss up,assemblage
98774,Bill gets fitting from tailor,adapt,adapt,assemblage
76985,Old-time singer and performers meeting retired sailor at end of oratorio,castrato,castrato,assemblage
110657,This month every edition is set up,installed,installed,assemblage
70024,A stock Guardian figure?,storedetective,store detective,assemblage
39608,"English composer finding another ""Unfinished"" antiquated",arnold,arnold,assemblage
98947,"Boats being slimmer, bow to stern",lighters,lighters,assemblage
141939,Exercise right to sit on panel - that's a crime,perjury,perjury,assemblage
21807,Fellow turning round on the way to fall asleep,nodoff,nod off,assemblage
24431,It may be a mistake to express despair in public,oversight,oversight,assemblage
44325,Collector equipped with buzzer,honeybee,honey bee,assemblage
87492,Capital sort of roll with nowt taken out,bridgetown,bridgetown,assemblage
36121,Submarine was first with rust protection,undersealed,undersealed,assemblage
93956,Enter Gordon: nearly all tremble in the Southeast,greaterlondon,greater london,assemblage
71338,Frequently unwarranted intruder presenting a job for the right workman?,apostrophe,apostrophe,assemblage
38622,Rough cover for chimney,hoodlum,hoodlum,assemblage
46561,Victor loses head going round the bull,inner,inner,assemblage
37324,"Lifting service inaccurate, well out",faroff,far off,assemblage
39798,Taylor enjoys entertaining another actress,loren,loren,assemblage
15392,Substitute crêpe filling with something dainty,replace,replace,assemblage
21254,Rebel king I turn to,riot,riot,assemblage
124345,Projection in present article not being filmed,offcamera,off camera,assemblage
78991,To enlarge silver and a bit of gold currency is ecstasy,aggrandise,aggrandise,assemblage
127658,Philosophical scientist understood graduate's trick,rogerbacon,roger bacon,assemblage
79981,Cover story finished first,overlie,overlie,assemblage
79187,Seem likely to be devoured after god drops round,threaten,threaten,assemblage
5890,Turn the Guardian blue and it will stop functioning,suspend,suspend,assemblage
99269,English coastal visitor changes colour,turnstone,turnstone,assemblage
33687,Where a storm leaves copper positive?,teacup,teacup,assemblage
133135,Charles writing for openings,chasms,chasms,assemblage
124643,Ruin meal at university,messup,mess up,assemblage
33091,Split up left-wing union,sunder,sunder,assemblage
23232,"Bush in suitable place, one assumed originally",gardenia,gardenia,assemblage
66636,Furious to find rat in fast food,hotdog,hot dog,assemblage
62291,Loaf taken from wrapper and chewed noisily,baguette,baguette,assemblage
68886,Preserve style for old photo,tintype,tintype,assemblage
64815,Swish sort of four-by-two?,froufrou,froufrou,assemblage
122468,London district with no healthy bank,camber,camber,assemblage
63979,Deck trouble with sailors,adorn,adorn,assemblage
100629,Lie about receiving German director's directions to Welsh town,llangollen,llangollen,assemblage
37163,Reporter's got a point that's cutting,hacksaw,hacksaw,assemblage
30943,Falls over a painter - get up!,niagara,niagara,assemblage
140976,Woman's right to a German address?,herr,herr,assemblage
110490,"Shrub becomes coated, so they say",furze,furze,assemblage
2758,There are two points he can possibly raise,enhance,enhance,assemblage
74429,Legend on king providing shelter for best friend,dogkennel,dog kennel,assemblage
137345,Minister initially supporting Tory party member's cover-up?,condom,condom,assemblage
57244,"Large, fleshier all round, but not so curvaceous",flatter,flatter,assemblage
136787,Worst type of underground heating?,hellfire,hellfire,assemblage
80590,Sailor's spirit and extremes of gallantry are staggering,groggy,groggy,assemblage
138412,Uplifting piece of text set to music for annual examination,mottest,m o t test,assemblage
33255,"View from air over London, say",looksee,look see,assemblage
59034,Performed in a group that's dissolute,abandoned,abandoned,assemblage
65630,Fine food old hooligan leader gets in Yorkshire,flamboroughhead,flamborough head,assemblage
41140,Find out Heath harboured this royal knight,learn,learn,assemblage
140155,Fancy chaps gripping pot sideways?,turnoffs,turn offs,assemblage
46808,Son boasted of wages commonly,screw,screw,assemblage
92610,Being pleased with a group of news gatherers demonstrating,approving,approving,assemblage
60050,Affected foreign aid from the French department,ladida,la di da,assemblage
101120,Composer fomenting revolutionary friction in Italy,cherubini,cherubini,assemblage
92718,"Strike back with weapon, so to speak",parlance,parlance,assemblage
96077,Strange boy steals college money,eccentric,eccentric,assemblage
37015,Quick drink about teatime?,alive,alive,assemblage
99756,"Miss sporting result, being dull",lacklustre,lacklustre,assemblage
69960,First volume in account of a sort of number,atomic,atomic,assemblage
97092,"A character at the end? Nothing, almost frozen lifeless",azoic,azoic,assemblage
66427,Palace in place that has its own clue,elysee,elysee,assemblage
93432,Kings in medical setback almost sent up firework,sparkler,sparkler,assemblage
28168,"With this therapeutic device one's home and healthy, right?",inhaler,inhaler,assemblage
123819,"With more than one unknown verse, song dividing taste",bivariate,bivariate,assemblage
74896,"City worker rejected socialist realism, say",trader,trader,assemblage
33608,"Pudding gobbled, drawback later",afterwards,afterwards,assemblage
126964,Arbitrator in mad dance borrowed from Peter to pay Paul,refinanced,refinanced,assemblage
91335,A fiend and a half are going to take place,impend,impend,assemblage
58409,Batman and Joker turning up for kids in Hollywood?,dracula,dracula,assemblage
96374,Sea beast's to dine and spread upward,grampus,grampus,assemblage
111846,Pump-action's isolated shot,diastole,diastole,assemblage
15087,Ace with stunt almost comes to grief - the fool!,nutcase,nutcase,assemblage
46735,German girl's telescope,glass,glass,assemblage
35965,Help one to form this operatic name,aida,aida,assemblage
23745,Airline left India for island,bali,bali,assemblage
35157,"Bunking off, sailor and nurse get to church",absence,absence,assemblage
82932,Bearer of wine giving a service in church,carafe,carafe,assemblage
94797,Make contact with head to establish suitability,meetness,meetness,assemblage
63424,Chance upon an idea: be there with a little drink to introduce slender Annan,cometothinkofit,come to think of it,assemblage
139123,"Shoe, shocking pink, that is for a dish",pumpkinpie,pumpkin pie,assemblage
23861,"Military vehicle studied, they say, by crusader",tancred,tancred,assemblage
102535,African ruler to assault US president,mugabe,mugabe,assemblage
2442,Dispute is only half on an equal basis,spar,spar,assemblage
37280,"Ridin' with minimum of insurance, very little cover",bikini,bikini,assemblage
102852,"Taken in the wrong direction, one sliding down the motorway?",misled,misled,assemblage
111763,City judge putting line through revoked law,jerusalem,jerusalem,assemblage
37527,Provided raised dicky seat for vehicle,fiesta,fiesta,assemblage
10867,Sappers twice raised the stakes in bridge,redoubled,redoubled,assemblage
131490,"Pretend to be ill, we hear, to get a drink",champagne,champagne,assemblage
24563,Binge in which Bess's partner loses head,orgy,orgy,assemblage
24134,"A saint from head to toe, the continental European. (What a plonker!)",ukelele,ukelele,assemblage
4046,State two answers: scores missing first rounds,arkansas,arkansas,assemblage
114982,Students should draw on his advice,artmaster,art master,assemblage
11449,When AA members need clarification of a way forward?,lightinguptime,lighting up time,assemblage
139203,Old Dalmatian in bad rain barking around yard,illyrian,illyrian,assemblage
131850,Operatic production interrupted at intervals by hard left teddy bear fan,arctophile,arctophile,assemblage
109242,Prays for urchins without learning,implores,implores,assemblage
6219,Early stages in thought,infancy,infancy,assemblage
28041,"Shopkeeper, for example, exchanges staff",tradesman,tradesman,assemblage
62070,Join the ranks and down may follow,fallin,fallin,assemblage
31268,Fare to be cooked over first part of Sunday?,roastbeef,roast beef,assemblage
102575,Or no movement is without sound of this short musical piece,rondino,rondino,assemblage
71551,China has many an ornamental garden,crockery,crockery,assemblage
20524,"Heavy stuff, say, with little marks coming up",stodge,stodge,assemblage
33189,Observe present and past in child's play,seesaw,seesaw,assemblage
97640,Discover endless source of love,hear,hear,assemblage
44080,Sharp boozer needs a place to sleep,barbed,barbed,assemblage
38905,European engineer found home in States laboratory,tesla,tesla,assemblage
55629,It offers protection from French criminal,defence,defence,assemblage
135313,Money well spent on hearing aids?,soundinvestment,sound investment,assemblage
32129,In time deserter will make mistakes,errata,errata,assemblage
17113,"Article more unlikely, it being unproven?",theorem,theorem,assemblage
43590,Artist to draw travelling merchant,tiepolo,tiepolo,assemblage
18675,Hide the king outside,leather,leather,assemblage
99123,Accomplished foot soldier switched with journalist,gifted,gifted,assemblage
7519,Duet for piano with melody,pair,pair,assemblage
140083,Hospitality workers with fine hair,waitresses,waitresses,assemblage
65360,"Friend backs golfer, then folds",lapels,lapels,assemblage
97329,"Roughly clean son, to accompaniment of cursing",sandblast,sandblast,assemblage
986,"Leading captain and upstanding fellow, eh? Must be Cook",chef,chef,assemblage
104366,Photograph college to make money,pickings,pickings,assemblage
76366,A bluebird? No! One in exaltation,skylark,skylark,assemblage
12298,A singing bank teller?,countertenor,counter tenor,assemblage
122731,Girl in the middle of wearing very large animal's head,rosa,rosa,assemblage
31669,A time to support tendency towards the environment,habitat,habitat,assemblage
44160,Left crew cuddling queen? Exactly!,quiteright,quite right,assemblage
9454,That's keeping a nasty type angry,irate,irate,assemblage
134838,Pedant from start to finish on position by compilers,fusspot,fusspot,assemblage
114767,Parent's half as old as us - following?,entourage,entourage,assemblage
75081,To marry is hard when following second language,swedish,swedish,assemblage
74368,The one chosen has run out of plate,electro,electro,assemblage
77882,Chief eastern state,maine,maine,assemblage
114073,Times editor's removed,erased,erased,assemblage
110868,One arranges to get setting up of bank under way?,styler,styler,assemblage
11328,Bird's mate approaching ducks,cockatoo,cockatoo,assemblage
25898,Monk doesn't start tackling piano like Thomas,sceptic,sceptic,assemblage
104836,"Pancake gives sprite with no ""go"" independence",blini,blini,assemblage
103775,Withdrawal of drawing following note,retraction,retraction,assemblage
141174,Share memory about old pots here,poolroom,poolroom,assemblage
62523,Note: see about part of speech I'm withdrawing,semibreve,semibreve,assemblage
3429,What at Versailles left Queen grand honour,ennoble,ennoble,assemblage
85497,Bit of dampness seeping up in the house,dwelling,dwelling,assemblage
112204,"Father's musician, mother's poet - spin off is pig nicker",tomthepipersson,tom the pipers son,assemblage
97966,Croatian boxers reportedly bringing carp,splithairs,split hairs,assemblage
92774,Dove very softly into a quiet river,appeaser,appeaser,assemblage
125935,Chance meeting of priest and criminal after murder almost backfired,likelihood,likelihood,assemblage
112890,Outlaw put a strain on Irish town,bantry,bantry,assemblage
15627,When he was fated to die horribly: Julius' finale,ides,ides,assemblage
80663,Fiddle with glass covering hotel - you can see through it,cellophane,cellophane,assemblage
134856,Aristocrat to protest over troublesome noises,marchioness,marchioness,assemblage
61172,Medical professional has the assailant on film,psychotherapist,psychotherapist,assemblage
84808,Performed ditty about lady's teeth,gnashers,gnashers,assemblage
40201,States small change in school is doubtful,suspect,suspect,assemblage
51643,Noisy reveller for whom dawn herald gets one for nothing,roister,roister,assemblage
117791,"Scrap with new head, French politician",giscard,giscard,assemblage
128393,Want to go after a fifty-pound kiwi,allblack,all black,assemblage
139493,Part of organ not quite audible around old church,cochlea,cochlea,assemblage
66498,Study shows doctor is English,treatise,treatise,assemblage
96821,No little girl reported to have special knowledge,gnosis,gnosis,assemblage
13166,French stop over in getting the lie of the land,terrain,terrain,assemblage
53457,Go through battle without army suffering reverse,comb,comb,assemblage
120056,Alternative name held by island archipelago,orkney,orkney,assemblage
55623,"Uproar from black and white endangered instrument, might you say?",pandemonium,pandemonium,assemblage
52602,Fight with nurse after party,contend,contend,assemblage
130745,"Source of prosciutto supplied by mail, say?",parma,parma,assemblage
83573,Not the genuine Robin? That's a bit of a relief,falsehood,falsehood,assemblage
61469,Porridge makes good person feel sick,stretch,stretch,assemblage
30095,New length lines that material,nylon,nylon,assemblage
135532,Cells turn to fix as drug dealt externally,guardrooms,guardrooms,assemblage
34715,Depression sure to develop after hip contracts,indentures,indentures,assemblage
88450,"Anti-government group still rising, securing a role",teaparty,tea party,assemblage
131217,"Surgeries' tender, qualified as medical worker",registerednurse,registered nurse,assemblage
97107,Party in which lovely lass is injected with drug,finegael,fine gael,assemblage
121984,Crosspiece with front for model,perfection,perfection,assemblage
67755,Tree associated with one king,acer,acer,assemblage
118625,Cruel followers of a so-called marquis,sadists,sadists,assemblage
80412,Shabby trio carrying plug and soap?,threadbare,threadbare,assemblage
99179,Spread arranged by oil producer - the aggressive goat!,peanutbutter,peanut butter,assemblage
85229,Perhaps Cherie starts to write lampoons and satirical verse,clerihew,clerihew,assemblage
90719,"Neon in its natural state, element initially inferior to fellow element",manganese,manganese,assemblage
106762,"Attractive person on a poster, primarily exposed in a state of undress",dishabille,dishabille,assemblage
21980,Like to strip off when retiring or having a snooze,asleep,asleep,assemblage
2569,Leave opera singer for naked lady,godiva,godiva,assemblage
25255,Thou - quietly - not upright?,grandpiano,grand piano,assemblage
18713,"Happy with goal, flip",upend,upend,assemblage
133714,Part of American train track's fine,taillight,tail light,assemblage
100966,Point out drunk has answer to clue,highlight,highlight,assemblage
45758,"Wearing fewer clothes, for example?",lesson,lesson,assemblage
79348,China supporting offensive game,badminton,badminton,assemblage
105842,Opening date that is desperate,doordie,do or die,assemblage
77545,Like going over Guardian leaders after a fight with spears,asparagus,asparagus,assemblage
117883,Film on Aussie experts - they help keep the wheels of industry turning,greaseguns,grease guns,assemblage
134727,A quantity of drink is both good and bad,gill,gill,assemblage
88446,Points to one of several children as being bright,sequin,sequin,assemblage
40925,Piece of music has to carry a sound,toccata,toccata,assemblage
90840,Pioneer showed the way in a state of shock,startled,startled,assemblage
23491,Portable power source for teetotal assault,drybattery,dry battery,assemblage
139259,Removes difficulty with brief direction,rubsout,rubs out,assemblage
61620,Those vanquished by the Spanish head east as a precaution,incase,in case,assemblage
24469,Lose control at breakfast? Have a drink!,eggflip,egg flip,assemblage
29932,Room can be found for plonk,chambertin,chambertin,assemblage
141270,Arms trade leaders entertained by numerous delegates,legation,legation,assemblage
102969,Screamer used the current hustings - the tops!,sutch,sutch,assemblage
124309,Turtle's head fit for consumption - on this?,teatable,tea table,assemblage
62090,Party unknown to a foreign country,libya,libya,assemblage
70926,"Friendly, am I? - Vince",amicable,amicable,assemblage
38475,Officer knowledgeable about voucher,coupon,coupon,assemblage
29226,Standard artillery pistol held up,regular,regular,assemblage
68503,Author on track of plants,greenery,greenery,assemblage
112624,Accommodation unlet - perhaps it's windy,flatulent,flatulent,assemblage
15585,Would it take another like him to be of one mind?,halfwit,halfwit,assemblage
83590,Thus honour deceased invalid's support,sickbed,sickbed,assemblage
7191,Mythological princess performed with nothing on,dido,dido,assemblage
103040,Antonio's vessels from ancient city that is to south,argosies,argosies,assemblage
127098,"Legendary royal butt raised in support of performance by Callas, say?",ariadne,ariadne,assemblage
66853,Plot to blow up prison in church,conspire,conspire,assemblage
93592,A sweet girl's name for a flier,airman,airman,assemblage
39544,"Even question being in Europe; from set of data, it's time to leave",equable,equable,assemblage
1878,"Lecherous man with sex appeal - despot, not half",satyr,satyr,assemblage
30903,Partner going off when there's no going on,stalemate,stalemate,assemblage
93748,"Refreshing place, Newgate Forest",teagarden,tea garden,assemblage
46247,Flower girl is seen in time,daisy,daisy,assemblage
106331,Legal successor heard to gain from flying hazard,airpocket,air pocket,assemblage
38854,Hairstyle covers very retro crew member,bosun,bosun,assemblage
54865,"Being completely taken aback, girl admits the sport's attraction",allure,allure,assemblage
1424,Cut for a game of cards,abridge,abridge,assemblage
64559,Hermit endlessly rejected Indonesian buyer's furs,ermines,ermines,assemblage
67571,Railway served by Scots police?,metro,metro,assemblage
36402,Extreme Right following United Nations,undue,undue,assemblage
94582,"Pack, card player works out, lacking spades",wolves,wolves,assemblage
117659,A scolded bishop ignored bubbly,aerated,aerated,assemblage
34605,Transport for Conservative replacing miners' leader in union,carriage,carriage,assemblage
29506,Control shown as others fall,restrain,restrain,assemblage
14377,Reportedly bright criminal devised means of support,livelihood,livelihood,assemblage
1999,Honour account company''s to deal out,accolade,accolade,assemblage
107131,Work on an island operation,manoeuvre,manoeuvre,assemblage
65306,"Sweet, flat fish",pomfret,pomfret,assemblage
25462,Want symbolic home to have entrance changed,dearth,dearth,assemblage
66238,Thus I list Rodin's silent retrospective of noted works,oratorios,oratorios,assemblage
8277,Bird seen on street in pushchair,stroller,stroller,assemblage
99813,Hefty cow loses firm figure,weighty,weighty,assemblage
116022,Support for hovercraft's vent shield,aircushion,air cushion,assemblage
70638,"Went off and again stood around, say",retreated,retreated,assemblage
23035,Dutch Redcoat on board,edam,edam,assemblage
111998,"Different girl, one in Italy, to approve of",unalike,unalike,assemblage
88238,Mean to entertain Indian poet,pindar,pindar,assemblage
3715,Utterly base and gruesome moral tale,allegory,allegory,assemblage
117783,Irregular design - zigzag on reverse,wayward,wayward,assemblage
20586,Penny puts on weight in spring,pounce,pounce,assemblage
121490,"Eager to embrace quarrel with some elders all about tattooing, say",needlework,needlework,assemblage
137104,They're presently taking up space,stockingfillers,stocking fillers,assemblage
4911,"Game, part of it inspiring local backs",tennis,tennis,assemblage
45949,Poppy's first piece has some musical backing,opium,opium,assemblage
88323,Fire starting on haystack engulfs busted dam of European monarch,frederick,frederick,assemblage
137631,"Out of uniform, mark down artist for head of state",devalera,de valera,assemblage
119878,"Henry joins in expression of disapproval, missing nothing",catchall,catch all,assemblage
117993,Physicist has current going to earth cut short,dirac,dirac,assemblage
29966,Hide away from the French and American tax service,lair,lair,assemblage
46941,"Priest leaving church leader a true tale translated for Alfred, Lord Tennyson once",poetlaureate,poet laureate,assemblage
140921,Pharaoh dips into sea and a lake in the morning,matutinal,matutinal,assemblage
73557,Ban citation right away,except,except,assemblage
119552,Musicians' dosh reportedly censored,brassband,brass band,assemblage
43928,Swallow single drink,martini,martini,assemblage
139778,Conservationists with the confidence of the country?,nationaltrust,national trust,assemblage
124816,"Cryptically, what might one do with a Cornish pasty and where? That's bliss!",beatitude,beatitude,assemblage
128450,One advocates love with it on tart,hippie,hippie,assemblage
76111,On strike? Pass!,overhit,overhit,assemblage
123861,Salt that may be extracted from china clay?,sodiumchloride,sodium chloride,assemblage
102194,Some protection for annoying person with paramilitary involvement,cuirass,cuirass,assemblage
107925,"Fake left behind lorry: if pinched, one heading for auction",artificial,artificial,assemblage
109401,Child torturing mice is symbolic,totemic,totemic,assemblage
110656,This month every edition is placed,installed,installed,assemblage
111929,"Intermediary's game gamble with small gain, ultimately",gobetween,go between,assemblage
18563,Teams in drinks break after last pair dismissed,elevens,elevens,assemblage
131737,Grabbed one McDonald's in a hurry,impressed,impressed,assemblage
123563,Completely virtuous plus ’aving the wherewithal to make tricks?,goodand,good and,assemblage
111069,"Show best speed, perhaps?",topgear,top gear,assemblage
75502,Plant in a vertical line at back,plumbago,plumbago,assemblage
54394,"Atypical girl, grave with minimal yen to admit love",tomboy,tomboy,assemblage
2592,"Action of a lowdown, gutless cowboy",agency,agency,assemblage
54186,Silver ring on the floor,aground,aground,assemblage
104607,Opera house chap that was lauded by Betjeman?,metroland,metroland,assemblage
65705,Further instruction in drinking?,refreshercourse,refresher course,assemblage
92775,One offers concessions in a shopping centre to wipe out first of retailers to go back,appeaser,appeaser,assemblage
32041,Shipmates upset on the Queen Elizabeth?,steamer,steamer,assemblage
70552,A trail that leads to the summit,ascent,ascent,assemblage
122312,The lady writer short on ideas may inhibit growth,herbicide,herbicide,assemblage
126445,Leading at snooker - a conspiracy?,frameup,frame up,assemblage
67268,Communist statesman spread gold around,castro,castro,assemblage
54922,It's strange in Scotland and is found around lake where it winds down,uncoils,uncoils,assemblage
96483,Signal that could be great help,telegraph,telegraph,assemblage
67801,"The little devil! Telling stories, making insinuations",implying,implying,assemblage
64232,"One supporter stands for Judas, but not one judge",arbitrator,arbitrator,assemblage
37376,Charm in French song,enchant,enchant,assemblage
65388,Transported sheets by tube? It doesn't have much hope,pipedream,pipe dream,assemblage
100024,Seen and heard in a Kentish garden?,canterburybells,canterbury bells,assemblage
5964,Sort of rate boy's bad behaviour,goingson,goings on,assemblage
139443,"Legless man, one goes into pub to participate",joinin,join in,assemblage
50161,A small bird's behind,astern,astern,assemblage
98673,Greek citizens' interjections to take notice over voting?,hoipolloi,hoi polloi,assemblage
67328,"Import teak, say, brought in by sea",driftwood,driftwood,assemblage
35806,Name backing European exit,gate,gate,assemblage
98588,Unnecessary words? Not about bear,paddington,paddington,assemblage
83158,Nameless bone in substance virtually like another,fibular,fibular,assemblage
131950,Kind offer to pick up Edward,tenderhearted,tender hearted,assemblage
27748,Difficult universal and timeless tale is deceptive,illusory,illusory,assemblage
55022,Furnishing periodical with set of figures,occasionaltable,occasional table,assemblage
15566,French and German articles appear below,under,under,assemblage
119427,Look into top player's huge pulsating body,xraystar,x ray star,assemblage
40174,Man without shape having a little defect?,malformed,malformed,assemblage
24165,Many get permission to unite,cleave,cleave,assemblage
22136,"Paul, perhaps, threw wobbly - blimey!",strewth,strewth,assemblage
77077,Material in test given to secretary?,temporal,temporal,assemblage
103136,Supply a team reserve,putononeside,put on one side,assemblage
118824,Ought queen to enter plump and slumped?,roundshouldered,round shouldered,assemblage
14291,Stop a squad playing,abandon,abandon,assemblage
13137,Disrupt current London theatre offensive,intrude,intrude,assemblage
5181,Two monarchs giving sovereign's first greeting in long ago county,yorkshire,yorkshire,assemblage
84948,Beginning of the Hindu festival in round buildings,tholi,tholi,assemblage
126563,"Composer putting king in check, brought back knight alongside queen",bruckner,bruckner,assemblage
32296,Mother puts a fellow in the shade,magenta,magenta,assemblage
32982,Heartless poet performed,done,done,assemblage
110534,Small section of church upset theatrical dame,evans,evans,assemblage
125845,Native close to joining argument in pub,ingrown,ingrown,assemblage
68110,"Without lid, drain jug",ewer,ewer,assemblage
28089,Mathematician starts to expand upon Lagrange's extraordinary results,euler,euler,assemblage
97412,A party opening up a temple,pagoda,pagoda,assemblage
92599,A reason to corner the woodchuck,groundhog,groundhog,assemblage
77645,Snow vehicle to slide out of control into ducks,skidoo,skidoo,assemblage
13464,Stop New York baseball team getting turned over,stem,stem,assemblage
88776,Hooligan displays sheer audacity on part of the golf course,roughneck,roughneck,assemblage
87055,Horse sick around the withers initially; get a cloth!,cavalrytwill,cavalrytwill,assemblage
138607,"After study, no women find time for revision",readjustment,readjustment,assemblage
92598,Light reveals sick bird looking up,illume,illume,assemblage
66950,Everyone bound to be properly organised,alltiedup,all tied up,assemblage
140232,"Flipping dull, echoing gong",tamtam,tam tam,assemblage
47033,Monkey's beginning to pick apples up,scamp,scamp,assemblage
105188,"Foolish American boy, who makes you think of Wallis?",simpson,simpson,assemblage
58982,"Cave in Spain, base for one male tramp",implode,implode,assemblage
76857,Women's work in underground river in Wales,distaff,distaff,assemblage
82605,Club gets tennis champion further,everton,everton,assemblage
99187,"River grass encircling path, not a river grass",deepthroat,deep throat,assemblage
123466,Pacific republic drink tipped to get gold,palau,palau,assemblage
135266,Formal protests about gifts,representations,representations,assemblage
48851,Listlessness can make one reject help,acedia,acedia,assemblage
81200,Stir a large watercourse,canal,canal,assemblage
51763,Rock band followed by American uncle telling folk stories,remus,remus,assemblage
134676,Again Emperor's given order - Congress won't be restricted by it,openmarriage,open marriage,assemblage
37720,It secures a superior item for ladies,hatpin,hatpin,assemblage
62992,Delegate seen briefly by river to get rid of insects,delouse,delouse,assemblage
61792,Refuse to reply at notorious flash point,balkans,balkans,assemblage
49709,Love writer accessible to everyone,open,open,assemblage
21627,Payment going up - aim to adjust paperwork,origami,origami,assemblage
68427,"Leaving home, freeloading daughter made ungracious remarks, all concluding",egress,egress,assemblage
1599,Drop in standards scratching head in church,apse,apse,assemblage
67742,Engineering graduate is an elaborate fraud,besancon,besancon,assemblage
48614,Fool has faith leader hold recruits' capital,moron,moron,assemblage
122587,Advocate appearing for a Venetian explorer gains essential point,apologist,apologist,assemblage
105606,Shocking word repeated in error,booboo,booboo,assemblage
28996,Audibly voiced low spirits,mood,mood,assemblage
35728,Strongly experienced entre-left alignment,heartfelt,heartfelt,assemblage
83340,André Gide initially appears in quiet street in French capital,prague,prague,assemblage
16654,"Bareheaded, going after crooked horse",skewbald,skewbald,assemblage
135840,Worker restores ends in new building,stonedresser,stone dresser,assemblage
116500,Ferocious avian charge on hill,raptor,raptor,assemblage
104990,"Much of day is left, leaving remaining horses happy",satisfied,satisfied,assemblage
135444,Dryden character in a note on work he left,achitophel,achitophel,assemblage
54128,Idol given name of bird,heron,heron,assemblage
114276,Unimportant part of indicator at motorway junction,minor,minor,assemblage
80680,Blameless watering hole given zero cash in US,innocent,innocent,assemblage
31047,Water with jolly blue colour,aquamarine,aquamarine,assemblage
24037,Supporter's grand boast,brag,brag,assemblage
124574,Fix up starter of pilau with reduced packaging. Spices strong with it?,girlpower,girl power,assemblage
107823,Emptied cocktail over the dress,clothe,clothe,assemblage
61989,The way people talk of miracle food,manna,manna,assemblage
120129,Looking to understand card,seeking,seeking,assemblage
112244,Ecological group plant northern vegetable in a Mediterranean country,greenpeace,greenpeace,assemblage
95995,Reluctant to have a port with philanderer,lothario,lothario,assemblage
24382,Hero achieves eminence amongst top men,achilles,achilles,assemblage
16075,Weapon did its job on maiden,cutlass,cutlass,assemblage
63484,Note down new present,endow,endow,assemblage
77958,"Make merry, as lyricist bags English girl",rejoice,rejoice,assemblage
41007,English tea break keeps US workers involved,elaborate,elaborate,assemblage
63400,Leading Republicans' euphemism naively downplaying illegal torture in other nations,rendition,rendition,assemblage
67987,Fighter pilot with boat crew,flyweight,flyweight,assemblage
31326,"King Lear's opening, rubbish",offal,offal,assemblage
44343,One is well rid of it,illhealth,ill health,assemblage
80036,A lot of filth by leader of Lords causes brief storm,squall,squall,assemblage
77968,Hollywood's top director exhibiting arrogance,hauteur,hauteur,assemblage
90158,Soldiers follow one in specialist trial,experiment,experiment,assemblage
22793,Left before recess - a blunder,lapse,lapse,assemblage
58597,"Cloak for wife, South African style",capedutch,cape dutch,assemblage
109433,"Doing backstroke, swim round lake with fish - such as this",pilchard,pilchard,assemblage
54368,Sound beast carrying rubbish carrier,orthodox,orthodox,assemblage
123944,People wanting a new landlord,publican,publican,assemblage
55185,Meet with elected scoundrel,incur,incur,assemblage
53082,"Talented Lib Dem, no longer the leader",able,able,assemblage
124133,"Impure, I quietly run away and sleep at home when he calls",muezzin,muezzin,assemblage
989,Revolutionary with fish head to cook,chef,chef,assemblage
5855,Unwanted growth has proceeded round the whole street,gallstone,gallstone,assemblage
105452,Criminal underground starts many a feud in America,mafia,mafia,assemblage
6344,Team given extra exam,elevenplus,eleven plus,assemblage
43035,Strikers going round pit take a dip,pickpocket,pickpocket,assemblage
118953,Something added on the end of affectionate princess's letter?,annex,annex,assemblage
4515,Seed that's old removed from a loch,almond,almond,assemblage
136938,Billionaire's first to not offer tip in bar,blacklist,blacklist,assemblage
16704,Aim by listener to win affection,endear,endear,assemblage
102993,Irish operator is such a person in trade,shopkeeper,shopkeeper,assemblage
60087,"Robson beating Williams, for example, winning at least six games",upset,upset,assemblage
89120,"Likely to give an answer, especially in revised version",responsive,responsive,assemblage
133412,Bluish-grey bench one removed from row,pewter,pewter,assemblage
79822,Supporters with lots of hard facts,brasstacks,brass tacks,assemblage
123901,You'll find me introducing very French measures,metres,metres,assemblage
78895,"Time to give the ticker a boost, having it off with Gladys",daylightsaving,daylight saving,assemblage
57659,"Just once, do put one out!",exactly,exactly,assemblage
87570,Daughter's body clock determines when to have food,dinnertime,dinner time,assemblage
16044,Old king of note,offa,offa,assemblage
130077,Journalists who keep saying cutting things,hacksaws,hacksaws,assemblage
117543,Boatman gets his first crop on the wagon,boatswain,boatswain,assemblage
103296,Pressing suit with the devil,impaction,impaction,assemblage
101548,Like warning Liberal about vote,forexample,for example,assemblage
15125,"Curved member made of wood, say",bowleg,bow leg,assemblage
18191,Annoyed that shirt's missing from counterfeit Man U strip,upinarms,up in arms,assemblage
90110,Zero return after call for capital,dublin,dublin,assemblage
460,Instrument causing damage when attached to one short whip,harmonica,harmonica,assemblage
44171,Parody old Bob's clothing,skit,skit,assemblage
77136,Repeated knocks make Irish twins retreat,taptap,tap tap,assemblage
115907,Dog dirt on park for animals picked up,shihtzu,shih tzu,assemblage
124513,"Excuse a little colour without energy, maybe, on box",pleating,pleating,assemblage
1273,Dealing with urgent checking,repressing,repressing,assemblage
28458,Final appearance of US actress - good!,swansong,swansong,assemblage
14737,Get to the top on Tyneside?,scalene,scalene,assemblage
33309,Rowan's character: nothing comic,beano,beano,assemblage
71376,"""Heart of Midlothian"" follows radical dogmatist",bigot,bigot,assemblage
38657,Woman in torment shows spirit,banshee,banshee,assemblage
50376,Give name with nothing in it to fool with old gold coin,doubloon,doubloon,assemblage
107588,"Soap found under bum, which is sweet",spongecake,sponge cake,assemblage
69792,Tilts at hint on drink,tipsup,tips up,assemblage
116016,"Well I'm blowed! Bald, shaved and pink!",coral,coral,assemblage
137028,Head of government to OK thoroughfare stopping short of scaffold,gallowstree,gallows tree,assemblage
48249,Old instrument needs the sphere to ring,theorbo,theorbo,assemblage
86793,It's grand to make many holes in a hot plate,griddle,griddle,assemblage
96526,Disk that's not a hit with artless party,floppy,floppy,assemblage
117872,"Religious leader (a healer) cured flesh, receiving credit as a teacher",mohammed,mohammed,assemblage
113200,Old skin disease liable to drain confidence,sapego,sapego,assemblage
15131,Dissipated girl in confinement,misspent,misspent,assemblage
91831,Lifting a great weight is false,notso,not so,assemblage
89024,"High frequency range, say, penetrating mum - is sore in the ears",megahertz,megahertz,assemblage
123817,"Lively end to working week, heaven",frisky,frisky,assemblage
31567,Expectant boy and European girl set about stir-crazy night hunter,pipistrelle,pipistrelle,assemblage
112794,Game controller's about to take a quick look up,keeper,keeper,assemblage
96120,Always right in story about trouble arising,infallible,infallible,assemblage
105007,Ride off a little way to old city in time to get led up the aisle,marriedinchurch,married in church,assemblage
121371,"Corrects paperwork, putting top of house on in flats",proofreads,proofreads,assemblage
53700,"Like china after the bull, shop being gutted when he's gone",strewn,strewn,assemblage
34214,Pepper's top music arrangement,capsicum,capsicum,assemblage
103805,"Vexed about European tree such as beech, from what we hear",seashore,seashore,assemblage
13705,"Bar providing energy (sustained energy), almost other-worldly",estaminet,estaminet,assemblage
124729,Astronomical scale of opening novel,analemma,analemma,assemblage
86193,Inspector gives opinion with hesitation,viewer,viewer,assemblage
130415,"Set fire to one reptile in sewer, according to reports",litigator,litigator,assemblage
21082,Sort of spin one thus put on an issue,isotopic,isotopic,assemblage
128679,"Fellow clean, having removed soft muck",manure,manure,assemblage
75968,"Come down heavily, when gathering of hunters is set up",teem,teem,assemblage
80354,I cut out the hard stuff when at work,stonemason,stonemason,assemblage
82313,Body meeting to pledge help to golfers?,committee,committee,assemblage
88362,Never return to issue concerning former volunteers,atnotime,at no time,assemblage
72051,Plot developer,schemer,schemer,assemblage
83215,Elaborate ornament to hang on ventilator,fandangle,fandangle,assemblage
101613,English writer hits cart track backing motor,turbine,turbine,assemblage
140061,Silly argument over half a small pigeon,squab,squab,assemblage
90877,Wild flower round by border,oxlip,oxlip,assemblage
15283,Main follower in France with projector,tenon,tenon,assemblage
63244,I'm given picket duty,impost,impost,assemblage
85419,Novice's a person stupid in the head,loaf,loaf,assemblage
69373,Record poem about island event,episode,episode,assemblage
125914,Fold party clothes,dogear,dog ear,assemblage
125578,Many a playground prank ties knot around Maggie's bottom half,wedgies,wedgies,assemblage
34292,Overwork Bob's followers,strain,strain,assemblage
141476,NYPD case to get resolved having been shortened,syncopated,syncopated,assemblage
27334,"Expression of compliance, almost trendy?",righto,righto,assemblage
53660,"Tall and skinny, first to go fishing",gangling,gangling,assemblage
22110,Hardy presents most of hoary tale,ollie,ollie,assemblage
38670,Priestess is one Greek character Angie confused,iphigenia,iphigenia,assemblage
86654,"Calls sailor back, one's docked",names,names,assemblage
56339,The man leading Earth's revolution is a god,helios,helios,assemblage
53508,Live as a bird and take off,beatit,beat it,assemblage
59873,Friday's child makes you shiver,frisson,frisson,assemblage
141631,"Defenders greeted, sloping off from the front",backswept,backswept,assemblage
46001,Wartime enemy heading off for the firing line,oche,oche,assemblage
130770,"In Devon, a current company leader is business manager",exec,exec,assemblage
134419,Hobo's besotted with bling and spirits,hobgoblins,hobgoblins,assemblage
77747,Aim for gold? I disagree,objector,objector,assemblage
59788,Young female FBI agent now gone private employed by Nelson?,glasseye,glass eye,assemblage
111582,"We object, being placed in improper abode. Why? It's of ill repute!",bawdyhouse,bawdy house,assemblage
83921,"It's of assistance to shepherd or miner, but not king",collie,collie,assemblage
128438,Produced rising bill and butcher sued,caused,caused,assemblage
54449,They feel it's time to have castle refurbished,tentacles,tentacles,assemblage
78883,Maiden possibly left port with too much luggage,overladen,overladen,assemblage
28654,Bypass (ring road) crumbling - such a state!,colorado,colorado,assemblage
54161,Philosopher managed last of apple crumble,diderot,diderot,assemblage
13101,This address caters for love on the allotment,oration,oration,assemblage
23405,Discount English book with set standard jacket,rebate,rebate,assemblage
106788,Shrub grew on river in a month,rosemary,rosemary,assemblage
96234,"Book about principal, not a strong head maybe, yet beginning",remainsoftheday,remains of the day,assemblage
12071,"Low gear involved, finding place to park?",moorage,moorage,assemblage
76701,"Left and left again, lorry finally gets round",portly,portly,assemblage
83727,Distress at leaving embassy man following judge,heartache,heartache,assemblage
32364,Clue short of perfect,idea,idea,assemblage
82856,"Polish fruit, cored, is chewy",rubbery,rubbery,assemblage
57005,Turn aside right after the avenue,avert,avert,assemblage
32670,No time for checking maxim,saying,saying,assemblage
80728,Travel in time beyond it and back from Rome,itinerate,itinerate,assemblage
121676,Combine to restrain a temper,allay,allay,assemblage
84957,Clerical doctor has a bit of a scheme concerned with aspect of language,syntactic,syntactic,assemblage
75083,Head of Sheffield Wednesday is meeting Hillsborough's first Scandinavian,swedish,swedish,assemblage
100715,Performance in which the middle section gets the twitch,bellydance,belly dance,assemblage
94065,Doctor can back old GP site,monaco,monaco,assemblage
5968,The Queen needs foreign money for the mission,errand,errand,assemblage
82472,Good place for baby with loop,picot,picot,assemblage
20340,Chief island's headgear,topis,topis,assemblage
95135,Giveaway lines?,freeverse,free verse,assemblage
40049,Trollop allowed a pie,tartlet,tartlet,assemblage
77809,White boy finds nearest man in blue,skinhead,skinhead,assemblage
112968,"When retired, managed share account",narration,narration,assemblage
73262,"Judge - typical, though not posh - producing a rejection",refusal,refusal,assemblage
3955,Result of dropping the charge?,pricecut,price cut,assemblage
4506,Duck has suffered on island,borneo,borneo,assemblage
96316,"Paper's written about conclusion to inquiry, little being an inward reference",myself,myself,assemblage
126949,Monstrous party on the up through Gulf War not all bad,godawful,godawful,assemblage
57628,Setter finds shelter from fight,melee,melee,assemblage
51375,"Consents, but will be a long time coming round again",agrees,agrees,assemblage
105020,Pets regularly bite? Avoid!,eschew,eschew,assemblage
133314,Produce charged particles and celebrate topless,ionise,ionise,assemblage
83264,Look after the ruddy whiskey!,redeye,redeye,assemblage
94199,"Guided the unholy Tannhäuser on Rome expedition - devastated, primarily",tutored,tutored,assemblage
114206,Greek island with a cat that's externally weightless,ithaca,ithaca,assemblage
101298,Short skirts tempt the clergy!,ministry,ministry,assemblage
123748,Plans where PM lives without owning - tense?,intends,intends,assemblage
50900,Like a mother could lose a point and gain one - it's seriously relevant,material,material,assemblage
90550,"Hide fortune, making run for Cuba",lurk,lurk,assemblage
110569,Indications of a lot of hard drinkers going on spree,harbingers,harbingers,assemblage
4903,"Game, or six of them, holding local up",tennis,tennis,assemblage
52831,Facial hair reported to county's capital,tashkent,tashkent,assemblage
3357,A French field with sailors: cancel the lesson,unlearn,unlearn,assemblage
125797,Bribe a cricket side - or just one fielder,squareleg,square leg,assemblage
133476,They provide poor accommodation,almshouses,almshouses,assemblage
128816,Language used in theatre by Lawrence director tailored to fit again,readapted,readapted,assemblage
784,Women's quarters and hospital are by motorway,harem,harem,assemblage
46469,Commotion curtailed on American burial place,tumulus,tumulus,assemblage
29423,One good with relief work for delicate ornamentation,filigree,filigree,assemblage
43829,Old instrument: state feminine name,rebecca,rebecca,assemblage
29321,Amusement park fails to open - how dishonest!,unfair,unfair,assemblage
29253,Weighty communication cut by a lawyer,notable,notable,assemblage
59680,There's nothing stupid in Denmark,odense,odense,assemblage
131619,Criminal acts at house in the middle of Trieste,villainies,villainies,assemblage
113859,Expecting a delay in start of games,awaiting,awaiting,assemblage
109706,Favourite uncle hurt about aunt's initial pique,petulance,petulance,assemblage
71281,Old transport on river outside the city walls,extramural,extramural,assemblage
136821,Key workers?,locksmiths,locksmiths,assemblage
42117,A rugby player thus taken by surprise,aback,aback,assemblage
108118,They believe further education for sailor one solution,unitarians,unitarians,assemblage
129142,Instant calls blocked by new PM's predecessors,mornings,mornings,assemblage
28452,Gloria's great at the final curtain,swansong,swan song,assemblage
53225,"Sharpen pen, but retain candour",honesty,honesty,assemblage
29486,Duck below bedcover,eiderdown,eiderdown,assemblage
27600,Record awful lies about model in writing,epistle,epistle,assemblage
66578,Cook insufficiently good: not a likely winner,underdog,underdog,assemblage
56945,Treating people that are out to make New York happy about alien,hypnotherapy,hypnotherapy,assemblage
120004,"It's instinctive with a good many, all called George",automaticpilots,automatic pilots,assemblage
125044,Moved in secret and went ahead after complacent start to game,smuggled,smuggled,assemblage
30696,A measure without point,galleon,galleon,assemblage
140862,"After briefly not working, a head is in school again",reteach,reteach,assemblage
6717,"Express approbation of last rose, perhaps",endorse,endorse,assemblage
65586,Be quick to appear in fashion,looksmart,look smart,assemblage
93894,"Dancers on stage refrain, in part",chorusline,chorus line,assemblage
75329,Quickly read second novel,skim,skim,assemblage
63800,Sailor getting damaged kept dry,abstained,abstained,assemblage
104535,Test alcohol-free beer at the end (European one),dryrun,dry run,assemblage
22372,Look certain after record brings revelation,disclosure,disclosure,assemblage
116661,"Line in scrap, which might be cut for a cockpit",flightdeck,flight deck,assemblage
30157,Old teaching assistant demonstrating pronouns,usher,usher,assemblage
59237,Mark of small vehicle,scar,scar,assemblage
141907,Property of trees in meadows: healthy inside with sun,leafiness,leafiness,assemblage
105222,Artist for the underground?,lowry,lowry,assemblage
66782,Attila upset retired nut gatherer,headhunter,headhunter,assemblage
1972,Conciliate a parish priest with creature comforts,appease,appease,assemblage
5510,Criticise long dash,panache,panache,assemblage
108121,Greek-speaking orator as guide (not to Tyneside),cicero,cicero,assemblage
65420,Spin prime minister's endless talk,prattle,prattle,assemblage
122686,"Sofa, perhaps, where Torode's first broadcast rejected by diner",twoseater,two seater,assemblage
80669,One like Napoleon artist gets to pose,strategist,strategist,assemblage
90579,"As an old hand, reverse-called on a semiconductor device",gnarled,gnarled,assemblage
71166,Leaver no longer a soft touch,expat,expat,assemblage
20485,Devon resort's improved with non-drinking element gone,beer,beer,assemblage
99648,Travel plan means one can take time on the railway,itinerary,itinerary,assemblage
14712,"Previous state of party, originally backed by old Soviet leader",prussia,prussia,assemblage
138451,"Walked like a confined prisoner in stockinged feet, which prevents self-harm",paddedcell,padded cell,assemblage
111297,"Dramatist, needing work shortly, taking partners on as past peak",benjonson,ben jonson,assemblage
99294,Woman holding magazine cover,sheathe,sheathe,assemblage
7336,"One in poor health, not strong",unit,unit,assemblage
23020,Outlay of former writer extracting Greek character from muse,expense,expense,assemblage
39161,Mean to have home care,intend,intend,assemblage
14196,"About to suffer from alcohol consumption, seeing shrink",wince,wince,assemblage
89459,Main inhabitant's lidless coal store placed at angle,cuttlefish,cuttlefish,assemblage
41271,"Like a giraffe, it's all right to have one half pint",okapi,okapi,assemblage
2097,"Guts, or heart lost in loved one",daring,daring,assemblage
103755,"Fliers like trees in winter (sunless, but retaining temperature)",leaflets,leaflets,assemblage
5548,Support for member to pay balance,footrest,footrest,assemblage
5087,Lamb put on string for princess,cordelia,cordelia,assemblage
94935,Standing of French Queen and significantly smaller,teenier,teenier,assemblage
110889,Bill and Edward played,acted,acted,assemblage
42770,Motive concerning an endless strain,reason,reason,assemblage
76813,Two support the church,brace,brace,assemblage
62505,Little boy with a metre-wide hole,chasm,chasm,assemblage
48876,A final note about a fabulous writer,lafontaine,la fontaine,assemblage
97545,Talk garrulously (rabbit on) in part of France,gascony,gascony,assemblage
86968,If German is supporting overthrow of EU policy he won't use violence,pacifist,pacifist,assemblage
103224,"Providing funds, though die in the red?",endowing,endowing,assemblage
23234,"In a difficult situation, use hose on grass",tightspot,tight spot,assemblage
36147,Garments Carthaginian leader introduced to African city,tunics,tunics,assemblage
77553,Flag with a tale of heroism,saga,saga,assemblage
39924,Large old ship is broad and slow,largo,largo,assemblage
108211,About to get severe cramp,restrict,restrict,assemblage
40465,"Fragile thing, problem leading to fault",teaservice,tea service,assemblage
1230,Talented leading counsel at the bar,clever,clever,assemblage
121320,Office worker casually visiting old city to get a deep-fried dish,tempura,tempura,assemblage
36340,Weeping mother returned popular award,niobe,niobe,assemblage
107957,"African warriors, revolutionary yet showing irreverence",impiety,impiety,assemblage
104237,Canary has number - there's energy in numbers,tenerife,tenerife,assemblage
93438,"Native American in prog rock group, wearing relative's shoes",brothelcreepers,brothel creepers,assemblage
8242,"Eat from river, as bird",grouse,grouse,assemblage
43682,Before Man exists … before that? An article of faith,theism,theism,assemblage
7908,Name one Greek island: one with a divided capital,nicosia,nicosia,assemblage
47330,Clean out container on top - it's got a needle in it,binnacle,binnacle,assemblage
37657,"Son was visibly moved, did some housework",swept,swept,assemblage
7598,Place for researching our party,labour,labour,assemblage
141678,"Attacks with a 'furious fastidiousness', ultimately - fine to ignore flaws",assaults,assaults,assemblage
42338,Origins of terrific hubbub below and terrific hubbub above,thunder,thunder,assemblage
86698,"Extremes in heavy drinker, overpowering even, producing gas",hydrogen,hydrogen,assemblage
126362,"They may be sarcastic, when press is across the street",ironists,ironists,assemblage
36262,Head of stable clipped tail,scut,scut,assemblage
135837,Closely follow master's beliefs,dogmas,dogmas,assemblage
106878,Coke party that's thrown by children,snowball,snowball,assemblage
24375,"Emotionally detached, as football stadiums this year, completely empty inside",fancyfree,fancy free,assemblage
75662,Turnabouts in vessels,uboats,u boats,assemblage
51199,Pay raise - it's Pasquale's premier objective,stipend,stipend,assemblage
75381,A woman's remains,ashes,ashes,assemblage
21072,Titled gentleman losing right to go underground,maquis,maquis,assemblage
69895,"Change ending to hit, one's up for success?",thumb,thumb,assemblage
129180,Revolutionary semi-proletarians stink with doctor's fiery cocktail,petrolbomb,petrol bomb,assemblage
59825,Background music to be cut to size?,wallpaper,wallpaper,assemblage
83207,"King Edward was exploitative, in the royal habit",ermined,ermined,assemblage
97509,"Sittings needing many smalls? One, I suspect",sessions,sessions,assemblage
15827,Beat cheat that's passed away,outdo,outdo,assemblage
47619,Army unit call intended as a cure,remedial,remedial,assemblage
116376,"Yesteryear's bloke? If Mandela's that, there's a crooked deal",forgottenman,forgotten man,assemblage
104640,"Writer on computer matters, unknown expert",authority,authority,assemblage
30154,This official must take us with her,usher,usher,assemblage
91846,Top level backing for element in royal revolution,overlay,overlay,assemblage
82290,Language of one set to wear back-to-front collar,latvian,latvian,assemblage
113167,To comment on the repulsive - that's a hard thing,toughie,toughie,assemblage
140072,Makes crazy demand to begin with - called in to get it overturned,deranges,deranges,assemblage
135387,"Doctor, get up and heal this deathly disease",theplague,the plague,assemblage
71585,Call ship after capitalist?,dubliner,dubliner,assemblage
130332,Swedish chef's starter: an order for food,sandwiches,sandwiches,assemblage
12,Completely lost voice and note from anaesthetic,ether,ether,assemblage
36255,Sounded as if they are in agreement and went in order to look,eyesleft,eyes left,assemblage
102482,Vision of motorway madness,mirage,mirage,assemblage
126007,"Comprehend female, in short",fathom,fathom,assemblage
1199,Get rid of Catholic king in play,clear,clear,assemblage
6650,Fancy Luxembourg as Utopia?,ideal,ideal,assemblage
38932,Purge over-excited fool within time limits,decontaminate,decontaminate,assemblage
72601,Urban work by sanctimonious boy,oppidan,oppidan,assemblage
40999,"Package turned up, given address with added detail",elaborate,elaborate,assemblage
134943,Knocked back soft drink and spirits in drinking bowl,jorum,jorum,assemblage
21793,Call for resignation causes uproar,outcry,outcry,assemblage
16523,Leading girl in musical doesn’t start solo,aria,aria,assemblage
13370,A situation troubled dissenter,apostate,apostate,assemblage
15275,Diver caught one coming up for something to eat,iceberg,iceberg,assemblage
15725,European caught in this system of morality,ethics,ethics,assemblage
7881,"Cause friction blowing top, around you calm",assuage,assuage,assemblage
79357,Printer's employee being kind to dog,typesetter,typesetter,assemblage
130968,Itinerant magician's prop turned King Edward into Queen Elizabeth!,wanderer,wanderer,assemblage
87626,"Paint cheese without semicircle, half of cheese",gouache,gouache,assemblage
111683,A disease exists on account of rodents,agoutis,agoutis,assemblage
9482,A crack about the aim to be in vogue,trendy,trendy,assemblage
76257,What was written on role filled by church workers?,parchment,parchment,assemblage
62317,"They're scaled by companions, but not at first",adders,adders,assemblage
24452,A mountain that's good to climb,alpha,alpha,assemblage
40781,Aristocrat right to receive monarch,duke,duke,assemblage
22527,Male sheep producing cross,hetup,het up,assemblage
78738,One drunkard turns up to see another,tosspot,tosspot,assemblage
70065,"A bit of spirit needed to climb a peak, which is dangerous and must be scaled",alligator,alligator,assemblage
65885,It's said to pacify one getting a duplicated present,nownow,now now,assemblage
83151,"Check when one's gone past you, having come to grief",autopsy,autopsy,assemblage
66353,"Capital sum a lender's first withdrawn from Italy, or Monaco?",principality,principality,assemblage
97875,Complaint of writer about the British clearing banks,nephritis,nephritis,assemblage
50079,"River runs back, almost reaching top of estuary",rhine,rhine,assemblage
51124,Ulster backing diplomacy without a break,intact,intact,assemblage
119756,"Holding up the Guardian, for instance, is Rusbridger, with efficiency",organised,organised,assemblage
140751,"One metre down, plant foolish hoax",piltdownman,piltdown man,assemblage
37502,Pay to take residence at university?,settleup,settle up,assemblage
32690,Time off for a craftsman,shoreleave,shore leave,assemblage
121020,Dress for presentation?,giftwrap,gift wrap,assemblage
67809,Representation of one small party,icon,icon,assemblage
102881,Address of the woman's joint,ladyship,ladyship,assemblage
138803,Good time to change sides with spirit,ghoul,ghoul,assemblage
83256,Evidence of railroad plant,groundsel,groundsel,assemblage
118560,Tucker's best mate put on the covers of large sacred text,bible,bible,assemblage
83684,Superlatively fine art suffering,smartest,smartest,assemblage
14398,"Fools wasting time on North Carolina headland? Spanning the years, this is characteristic",idiosyncrasy,idiosyncrasy,assemblage
55741,"To a certain extent, the scoundrel wants that woman",rather,rather,assemblage
543,Hurt the billman,ache,ache,assemblage
27545,It's shown in diatonic modulation,indication,indication,assemblage
83646,"""Look at tax"", says a Green",lovat,lovat,assemblage
10341,A party bloomer - providing mineral!,alabaster,alabaster,assemblage
116024,Boatman's report on whale found in the Mediterranean,mallorca,mallorca,assemblage
18902,Make off with bits of deck and amplifier,decamp,decamp,assemblage
120440,Choose industrial chemists' solution: we deal with …,opticians,opticians,assemblage
65562,Bow and scrape when news is broadcast between balls,danceattendance,dance attendance,assemblage
54270,She watches old boy with computer,observer,observer,assemblage
94952,"Expectation of rush hour delays, an empty promise?",jamtomorrow,jam tomorrow,assemblage
107270,Politician given party lodgings,condo,condo,assemblage
91577,Briefly that extra distance that brings evidence of happiness,smile,smile,assemblage
126052,Revolution Road's dedicated track,cycleway,cycleway,assemblage
121537,Do without minims in the middle bar,banish,banish,assemblage
62295,Injury puts years on mother,damage,damage,assemblage
129639,Short of three lots of supporters in the cemetery?,sixfeetunder,six feet under,assemblage
27958,"First-class book about leading entertainer, of course",aintree,aintree,assemblage
27977,"Repeat one time, then another, one short of ten",iterate,iterate,assemblage
129940,"Give up crime in Oz, reportedly, and wield pen anonymously",ghostwrite,ghostwrite,assemblage
32375,Fancy a fish first?,idea,idea,assemblage
94043,"Farad's an SI unit, but not of this",flux,flux,assemblage
76131,Plain or flash coat for detective on street?,modest,modest,assemblage
60727,Bow out of second-rate finale,bend,bend,assemblage
132053,Order costumes for cases,lawsuits,lawsuits,assemblage
50207,Side needing actual capital,realmadrid,real madrid,assemblage
139736,Securing army officer to rise against one he swore to serve?,locking,locking,assemblage
115706,Page wearing drunkard's hat,topper,topper,assemblage
41359,Has manoeuvred an end to the contest: cap that!,shako,shako,assemblage
77141,Something to eat and it's time for a fool to go to bed,apricot,apricot,assemblage
50407,Famous sons delay leaving,starry,starry,assemblage
85763,A number left on a trip for the pottery,delft,delft,assemblage
109308,Previous charge in court bringing feeling of uncertainty,coldfeet,cold feet,assemblage
27861,"Bit of blusher, without changing foundation",basis,basis,assemblage
30211,Guerrilla starting to enrage king with insolence,cheek,cheek,assemblage
58331,"Pleasure resort, unknown on a poster, very classy",xanadu,xanadu,assemblage
113368,Part of member's time wasted,thigh,thigh,assemblage
6290,"Something to lay, given end of life, laid in anger",wreath,wreath,assemblage
11597,Oriental vessel is a mile in length,sampan,sampan,assemblage
11668,Eastern loch side,eleven,eleven,assemblage
49320,Spread out hat that's turned over and put away,dilate,dilate,assemblage
116934,"Insect on cacti circling round, right where it's very cold",antarctic,antarctic,assemblage
106599,Is a crane needed for this theft?,shoplifting,shoplifting,assemblage
63251,Artificial means of communicating a spiritual talent by Muse without name,esperanto,esperanto,assemblage
103551,Stiffener and preservative in court,starchamber,star chamber,assemblage
117694,Part of army base is run down,revile,revile,assemblage
120819,"New start for magician, one who refuses to swear",nonjuror,nonjuror,assemblage
75468,Direction providing no way without conflict,norward,norward,assemblage
47644,Flair shown when skill is added to effort,artistry,artistry,assemblage
101933,Someone very fond of a Cornish river trip?,fallover,fall over,assemblage
63991,Retaliation concerning April's odd tricks ultimately,reprisals,reprisals,assemblage
19447,Early reading-desk found in back furrow with drum,tambour,tambour,assemblage
141430,Journalist stayed in Parisian stone flats,piedsaterre,pieds a terre,assemblage
14231,"Good person, a laugher showing resilience",stamina,stamina,assemblage
28529,Merchant and traveller displays the spirit o' the game,marcopolo,marco polo,assemblage
91393,Wilder top of fallen flower,faster,faster,assemblage
77642,Runs coming with one big hit more likely to get you caught out,riskier,riskier,assemblage
81338,Unknown quantity as missile plant,yarrow,yarrow,assemblage
107676,Notify primate about capital abbot originally left,apprise,apprise,assemblage
23803,Middle Eastern fuel qualifier when refined,iraqi,iraqi,assemblage
37287,Look round for a way to throw a fight,castabout,cast about,assemblage
23507,Dump resident on old lady - shame,stigma,stigma,assemblage
41593,Pamper commander's circle,cosset,cosset,assemblage
112631,Run to earth with the lines set in place?,trackdown,track down,assemblage
61266,Stock complaint from canonised cricket commentator?,staggers,staggers,assemblage
6683,Rued looking up Miss Smith's recipe network,bewailed,bewailed,assemblage
113358,"Tale's beginning, in fact, in touching way",tactually,tactually,assemblage
102600,"Showed determination when couldn't complete puzzle, then home",gotstuckin,got stuck in,assemblage
6986,Story told to encourage when caught in this?,tailback,tailback,assemblage
100975,"Court crime officer is after ""Cat"", once a champion driver",tigerwoods,tiger woods,assemblage
117806,Clubs unknown - iron or wood?,cypress,cypress,assemblage
105069,Cannabis grown by extremely hirsute politician,hemp,hemp,assemblage
42004,Northern sister nursing young sow breaks perfumier's connection with mainland,channeltunnel,channel tunnel,assemblage
131402,Snake-like creature's undiscerning malignant software,blindworm,blindworm,assemblage
84960,Time for virgin to return and break out,erupt,erupt,assemblage
120057,"Ignore wife in labour, longing to be back in Scottish islands",orkney,orkney,assemblage
118080,Not much distance between spectators at either end: Celtic goes down at the start of extra time,closeset,close set,assemblage
39147,Get company in to cork the bottle?,screwtop,screwtop,assemblage
86869,Clinton was here (nothing wrong with former President),oxford,oxford,assemblage
61834,Overturned vehicle on Cyprus with snout,baccy,baccy,assemblage
137693,"Between back walls, stack and line up masonry",brickwork,brickwork,assemblage
136217,Little fellow in conflict with car - this will provide comprehensive support,welfarestate,welfare state,assemblage
44668,"One in three-D version: King Stephen, say",dethroner,dethroner,assemblage
130331,US district and country trades duck for uranium,columbia,columbia,assemblage
120495,Confiscate one thousand quid,impound,impound,assemblage
111384,Justify clash and tirade,warrant,warrant,assemblage
27070,Star lacking core providing speed,celerity,celerity,assemblage
76983,"Find someone to play the scoundrel, old singer",castrato,castrato,assemblage
84378,Veronica is OK after drug use,speedwell,speedwell,assemblage
95823,School's back-up (reserve) computer,notebook,notebook,assemblage
96478,Detective story - read end!,astudyinscarlet,a study in scarlet,assemblage
95713,"A blast this, room shelled in sound of mild explosion",atishoo,atishoo,assemblage
30634,"Fix You, Coldplay's left on box",cure,cure,assemblage
103725,To enthral a malicious woman we held back,bewitch,bewitch,assemblage
62370,First to read new Little Miss Punk children's book,rumpelstiltskin,rumpelstiltskin,assemblage
13770,"Backbone needed by Campbell, an amateur in the city",birmingham,birmingham,assemblage
74631,Boy in charge of sound …,sonic,sonic,assemblage
101972,"Hysteric, overstretched soprano heard as La Bohème?",screamingmeemie,screaming meemie,assemblage
82784,Support for clergy in theatrical setting,backcloth,backcloth,assemblage
88900,"A maiden over the top, about to be hugged - I must go after chubby boys",amoretti,amoretti,assemblage
91338,Threaten one member's demise,impend,impend,assemblage
90897,Movable feasts?,mealsonwheels,meals on wheels,assemblage
141456,Skin delicate originally on Queen Mother,derma,derma,assemblage
62409,Touch bird gently by design,pattern,pattern,assemblage
8588,Ethiopian leader opening tournament,event,event,assemblage
86197,Island where the pub doesn't charge?,innisfree,innisfree,assemblage
72865,Roman general had a hold on father,agrippa,agrippa,assemblage
31754,It was hell before transport came,erebus,erebus,assemblage
113406,Private correspondence means nothing to the landlord,loveletter,love letter,assemblage
100952,"Miss cheese, served up with wine about one",mademoiselle,mademoiselle,assemblage
100373,Indifference of company led by international organisation,unconcern,unconcern,assemblage
95764,Change popular stimulant for analgesic,morphine,morphine,assemblage
25625,Left words for bride and groom in Venice,lido,lido,assemblage
138837,Race around holding letter finally found at back of study in a cupboard,credenza,credenza,assemblage
33070,Support heavyweight sea creatures,plankton,plankton,assemblage
123259,This is spinning plus a source of radiation,pulsar,pulsar,assemblage
111833,Homer's first poncy hairdo can produce neurosis,hypochondria,hypochondria,assemblage
50888,Tell king to cheer up,relate,relate,assemblage
40578,"Though English, it's Scottish",bute,bute,assemblage
21897,Executor's first to divulge what's left in the will,estate,estate,assemblage
57481,"Hostile incursions into Greek island, say",inroads,inroads,assemblage
47216,Confused tot given guidance,addled,addled,assemblage
96723,Condition of lush sauces by Arab American,dipsomania,dipsomania,assemblage
37601,"Turns to go off at quarter to six, nine short",rotates,rotates,assemblage
141571,"Initially so passive, I perk up as spring goes on",spirally,spirally,assemblage
129300,Exploded with fury when there's commission to pay,brokerage,brokerage,assemblage
11987,Nark gets clear before legal eagle starts,nettle,nettle,assemblage
122798,Bask with leader in tabloid articles,sunbathe,sunbathe,assemblage
61738,Friendly address is cold without its first effect on the skin,oldchap,old chap,assemblage
97891,Drops put underground in the West Riding,dewsbury,dewsbury,assemblage
1812,Body in vehicle trunk?,carcase,carcase,assemblage
82861,Meadow has first of primroses in spring,leap,leap,assemblage
111658,Fix a business chap a drink,pinacolada,pina colada,assemblage
39400,If darling gets left out in dance that's unbecoming,infradig,infra dig,assemblage
134050,Boy to instruct officer over deceit? The dog!,bordercollie,border collie,assemblage
90176,"Particle gives spy clue, perhaps",molecule,molecule,assemblage
36826,"Walk, finding way to turn",stroll,stroll,assemblage
131403,A bit of rubbish Les cast outside,snaffle,snaffle,assemblage
50671,An artist takes in abandoned ships,armada,armada,assemblage
47412,"Design takes month, with gold",decor,decor,assemblage
129750,"It was honourable, for Japanese double-decker was open-top?",bushido,bushido,assemblage
135548,Entertainer who needed a get-out clause?,harryhoudini,harry houdini,assemblage
84137,Votes about further education? About Desperate Dan!,referenda,referenda,assemblage
79774,Royal meeting leaderless immigrant finally changed his nationality,scottish,scottish,assemblage
39340,Beam first on roof then,rafter,rafter,assemblage
121324,One studying most of ancient Britons observes publicans,licensees,licensees,assemblage
114240,"Fighting, setter gets dessert back out of the oven again",warmedup,warmed up,assemblage
83571,"Live author, hard to follow like the Jabberwock slayer",beamish,beamish,assemblage
137299,Quarter aspiration after jet engine starts,jewish,jewish,assemblage
141527,Born to Run in tights? Journalist is very drunk,bladdered,bladdered,assemblage
101487,Be charitable to soldier leading calf by hand,givealms,give alms,assemblage
102997,Words initially put together in a piece of writing about friend,acronyms,acronyms,assemblage
59333,Bird needs heart with wings clipped,erne,erne,assemblage
88119,Real gunfire shot having taken turn here?,riflerange,rifle range,assemblage
23126,Tea licence for Swiss Cottage,chalet,chalet,assemblage
138759,Accompanying date naked? Absent yourself!,withdraw,withdraw,assemblage
52567,Church leader in Ireland not in favour of red,chianti,chianti,assemblage
81064,Referee with his belt turning to cow?,whistleblower,whistle blower,assemblage
44881,"Welcome to Cleveland, darling!",redcarpet,red carpet,assemblage
109124,Guy on shed from town in Somerset,taunt,taunt,assemblage
130504,Gym users taking oxygen for energy are arguably a dispiriting lot,exorcisers,exorcisers,assemblage
28260,Lively son to be nosy,spry,spry,assemblage
96587,Corporation has pan for meat dish,potroast,pot roast,assemblage
132607,Positive attitude in small company letters,cando,can do,assemblage
52570,Vital energy versus wine,chianti,chianti,assemblage
15439,"Out of curiosity, one's raised by English twins ordered on line",eyebrow,eyebrow,assemblage
115272,"Joining the Globe, aim to be a writer",ballpoint,ballpoint,assemblage
73328,Twin Cities captured by first-rate artist? That's capital,accra,accra,assemblage
88932,Person wobbling had to shilly-shally,humandha,hum and ha,assemblage
138987,Qualification from writing about movement in European arts,masters,masters,assemblage
109011,"Party taking knock about European Union, following victory",raveup,rave up,assemblage
69663,Get Margaret off the line?,unpeg,unpeg,assemblage
140682,Does rascal show on TV small round bottom?,impersonates,impersonates,assemblage
48178,"American guys, they deal with business",agents,agents,assemblage
110745,"A lunatic, crazy about the sea",nautical,nautical,assemblage
99495,French novelist working for Biblical judge,gideon,gideon,assemblage
28811,Be in the first parts of contest - that's where it's at,battleground,battleground,assemblage
130260,Opportunity for murder? Nothing else to do,timetokill,time to kill,assemblage
83348,Schedules mean items will be thrown overboard,timetables,timetables,assemblage
140132,Accounts by modern-style English lawmaker,isaacnewton,isaac newton,assemblage
57145,Bar call demanding response,counterclaim,counter claim,assemblage
32849,Peak shortly after taking professional qualification,proviso,proviso,assemblage
9342,River swallowed up fine material,taffeta,taffeta,assemblage
40261,Round the Cape and turn in late,overdue,overdue,assemblage
136050,Was a disheartened Dave Cameron his work?,boccaccio,boccaccio,assemblage
76801,The crew went sick and died in misery,wretched,wretched,assemblage
36563,West Country project in part of Scandinavia (not the south-west),eden,eden,assemblage
118346,Tiny little advertisement Sky used five times,weekdays,weekdays,assemblage
91888,"Fan finds a fish, say, at island party",aficionado,aficionado,assemblage
8497,Small island turning black,sable,sable,assemblage
54793,One church's method of entertainment,iceshow,ice show,assemblage
33315,Emphatically he who could be Flemish...,himself,himself,assemblage
86983,Holy record found in European community - English message of a religious nature?,epilogue,epilogue,assemblage
5326,Song with piece of lyric that uplifts and moves lots of people,airline,airline,assemblage
3533,Provide two servings of dry wine in a jiffy,bisect,bisect,assemblage
107453,Bruce's namesake's got one a plant,forsythia,forsythia,assemblage
41317,Stumble on crude oil in Africa,tripoli,tripoli,assemblage
91390,Superficial drawback to being frank about one's orientation,outward,outward,assemblage
40437,Salt one had put on bird's tail,titanate,titanate,assemblage
16028,Made redundant by a cross editor,axed,axed,assemblage
86042,"Made an obeisance - on the short side, perhaps",curtsied,curtsied,assemblage
30147,Not allowed cheers? I don't like that!,taboo,taboo,assemblage
66744,Expenditure on song that's no longer popular,outlay,outlay,assemblage
60169,Free call-back in charge reversal by the crown,emancipate,emancipate,assemblage
90399,Applicant's hostile answer struck out in court,client,client,assemblage
114979,"Like an egg from duck, empty",ovoid,ovoid,assemblage
104059,Man met end making revision,amendment,amendment,assemblage
9065,Initially desirable residence for study of china,dresden,dresden,assemblage
86853,Filth in America is up - it's past the time to be chirpy,stridulate,stridulate,assemblage
62008,Last of the vintage in the shade,ecru,ecru,assemblage
64161,Blade's about to become increasingly promiscuous?,claymore,claymore,assemblage
26779,A point made about old railway network needing to be up-to-date,abreast,abreast,assemblage
11051,Any number going round in one's head,noggin,noggin,assemblage
105237,Get second chicken from this butcher,slayer,slayer,assemblage
101734,I provide maintenance for previous winner that doesn't start,upholder,upholder,assemblage
42860,Record holder's go on board,turntable,turntable,assemblage
88110,Bird to stain vessel,martin,martin,assemblage
99982,Publishing house introducing historian to journalists,clarendonpress,clarendon press,assemblage
76346,Heard lots about garrison town,aldershot,aldershot,assemblage
23159,"Inn evidently fully booked? On the contrary, atmosphere charming",debonair,debonair,assemblage
103918,"Latin scholar makes note on ship in italics, perhaps",classicist,classicist,assemblage
84529,Potential risk one in France may take in winter,skirun,ski run,assemblage
27021,Composure of bishop getting a puncture,balance,balance,assemblage
132506,"Going like a rocket, when fitted with carbon tip",ascending,ascending,assemblage
140755,High level of the gender problem,nthdegree,nth degree,assemblage
99261,Position of mystic meeting transmuting energy into time,stance,stance,assemblage
123215,Orchestra gets direction to its venue,halle,halle,assemblage
14086,"Kiss a number, coming back round after that",next,next,assemblage
56590,Calamitous reverses with no time for a smoke,cigar,cigar,assemblage
28312,Write music: a little number for the gallery,notate,notate,assemblage
77729,"Plum wine, we hear, which flies off the shelves",bestseller,bestseller,assemblage
104907,"Revolutionary cardinal imprisoned at Queen's address, perhaps for leftwing ideology",marxism,marxism,assemblage
85629,Famous person's family title,householdname,household name,assemblage
29935,Parliament has money for the wine,chambertin,chambertin,assemblage
68411,"Porky? It is something cutting through little sister, say",sparerib,spare rib,assemblage
127254,Sun has to be demeaning to women?,sexist,sexist,assemblage
57400,A number without the ability when rising to get on,entrain,entrain,assemblage
139064,Police team having wildly exciting time?,riotsquad,riot squad,assemblage
8851,Worker first gets requests to be agreeable,pleasant,pleasant,assemblage
60975,"Dance with hat out west, nothing more",bolero,bolero,assemblage
79891,"In prayer, deified sun, gazing up a little",agnusdei,agnus dei,assemblage
57366,Temporarily dismiss person who's paid villain,prorogue,prorogue,assemblage
73757,"Guide rope finally put in place, ton secured",escort,escort,assemblage
79545,God's in love with Punch,carthorse,carthorse,assemblage
55827,"Before victory, South led amazing trick",swindle,swindle,assemblage
121004,Prize for sexagenarian finding spring in a kiss,buspass,bus pass,assemblage
118935,Plate inserted in stomach to sense craving for food,gluttonous,gluttonous,assemblage
34957,Noble game in song reflected by precocious score,earlygoal,early goal,assemblage
137428,Realign energy in turn with love across the channel,reorientate,reorientate,assemblage
127290,Garden tools bound to go after opening of spectacular retail outlet,shoeshop,shoe shop,assemblage
129362,Light source attached to heel of glass slipper?,sled,sled,assemblage
48969,"Card trick involving ace, the same being turned over in advance",comedian,comedian,assemblage
111973,Sporty types in pub or South Devon railway?,dartsteam,darts team,assemblage
70537,Fractured if ice grips building,edifice,edifice,assemblage
29054,Colour of Sherlock's study?,scarlet,scarlet,assemblage
107762,Mature student good for English in two advertisements,postgrad,postgrad,assemblage
9749,Surrender the French way,leave,leave,assemblage
131674,"Bad weather that's most cold, right?",icestorm,ice storm,assemblage
133019,Put a foot wrong doing right about turn,err,err,assemblage
116935,Propeller of jumbo jet?,elephantstrunk,elephants trunk,assemblage
135061,Moment when these birds became extinct,moas,moas,assemblage
48804,Language used for little entrance in Scotland,lingo,lingo,assemblage
67063,"Ultimately golf, not cricket, is a source of entertainment",funfair,funfair,assemblage
59820,Bank right to reject payment,reef,reef,assemblage
28659,State how Trump refers to race? Trouble follows,colorado,colorado,assemblage
72634,"Somewhere in Germany, solid wood splits",cologne,cologne,assemblage
47587,"Tropical vegetable, say, design in high performance car",eggplant,eggplant,assemblage
62997,Old Peruvian potentate writing two articles about Utah's poor mountain climbing,atahualpa,atahualpa,assemblage
121636,Order to breeder coming round after time assumed,postulated,postulated,assemblage
96934,Great snake suffering 'eat loss - comprehend?,grasp,grasp,assemblage
66370,Knock over sketch and get let off,skittle,skittle,assemblage
107134,Policy covering aliens and some of their homes,planets,planets,assemblage
812,Call to account for a weather report,arraign,arraign,assemblage
96524,What Coleridge's wedding guest did with suspect bones,metatarsus,metatarsus,assemblage
75099,Take courses in French and Armenian initially,eat,eat,assemblage
136333,"Time to get mixed up letters, but not advanced puzzles",tangrams,tangrams,assemblage
11035,Nebraska upset over appeal result,ensue,ensue,assemblage
68482,"Naughty child to lie when in trouble, being insolent",impolite,impolite,assemblage
48649,French setter keeping various echelons for hotelier Basil,johncleese,john cleese,assemblage
135594,Esteem shown for those that are fit,healthyrespect,healthy respect,assemblage
112972,Boy raised hand entirely for his own indulgence,selfist,selfist,assemblage
46968,Three-minute warning before breakfast?,eggtimer,eggtimer,assemblage
32575,Instrument for a pound a point,althorn,althorn,assemblage
110591,Churchman's rendering of waterway,decanal,decanal,assemblage
34632,"Bobby's unhappy, in need of courage",bluebottle,bluebottle,assemblage
126227,Hairy man's sanctimonious daughter,hispid,hispid,assemblage
65166,Smart attempt to encircle a city,chicago,chicago,assemblage
20423,Eleventh hour revival from the side,laterally,laterally,assemblage
4040,Origin of colourful designs? Just a tissue of lies,fairisle,fair isle,assemblage
89830,Bouquet for patient fellow's work on hooter,nosejob,nose job,assemblage
476,Day's impression sees pack down,datestamp,date stamp,assemblage
86528,Program gives computer company trouble initially,applet,applet,assemblage
84333,Appropriate cut-out for a computer,laptop,laptop,assemblage
28815,Long shot at pachyderm dropping insect in toto,telephoto,telephoto,assemblage
131987,"Put cover over well, like an old hand",capably,capably,assemblage
43557,Make love at opening of door in cave,wookeyhole,wookey hole,assemblage
74467,Even cleaner shows delicacy,rollmop,rollmop,assemblage
123825,Hoarder - gentleman collecting right and left,squirrel,squirrel,assemblage
14875,Fish raised temperature so correct,edit,edit,assemblage
100946,Rank play by forwards,lineout,line out,assemblage
90828,Half-heartedly remedy smell in street,crescent,crescent,assemblage
35090,Gets in information about object of savings policy,nestegg,nest egg,assemblage
114649,Conclude the meeting of French and Italian leader,deduce,deduce,assemblage
76753,Fail to qualify and get the bird,pipit,pipit,assemblage
17708,"Girl from outer parts of London, we hear",ellen,ellen,assemblage
27170,Protect college from criticism,ensure,ensure,assemblage
129970,Frank lugs Elsie around,guileless,guileless,assemblage
35083,Cope with pub that's used by bikers,handlebar,handlebar,assemblage
126049,"With hot drinks, listen out for the largest fish",whaleshark,whale shark,assemblage
87390,Love a fair helping of bother?,adoration,adoration,assemblage
71965,Reportedly pedal president's buggy,pushchair,pushchair,assemblage
