Index,Clue,Solution,Spaced_Solution,gemma_predicted
112931,Dames popular with sailors?,broads,broads,double definition
39500,A weightwatchers' congress?,diet,diet,double definition
47168,"Very cutting, but inviting riposte",twoedged,two edged,double definition
25643,Academic sinecures?,easychairs,easy chairs,double definition
47761,It's suitable in public,exoteric,exoteric,double definition
66596,Advertising in advance,promotion,promotion,double definition
104275,No good at making pudding,duff,duff,double definition
124178,Mason's fermented juice?,perry,perry,double definition
30402,One of the Stones appearing worn - affected by the drink?,pebble,pebble,double definition
53157,What Mrs Sprat might do with rabbit,chewthefat,chew the fat,double definition
36723,Carry on in the theatre,operate,operate,double definition
26394,Temporarily relocate help,second,second,double definition
51064,Coming to no conclusion,endless,endless,double definition
2115,Bird of prey,raven,raven,double definition
112643,Found out such appliances are dangerous,unearthed,unearthed,double definition
40199,Doubt one may be apprehended,suspect,suspect,double definition
41758,Second in importance,moment,moment,double definition
137544,Grouped together with a retired joiner,banded,banded,double definition
75815,Make an effective stab at providing a short survey,runthrough,run through,double definition
26973,"Subscribed to the ""Listener"" and the ""Pantheon"", say",rotunda,rotunda,double definition
87379,"A slippery customer, the winter sportsman!",skier,skier,double definition
63736,Knock cap off sleeping policeman,hump,hump,double definition
27894,Reportedly waited around grave,staid,staid,double definition
47499,Put up rainwear in a swindle,scam,scam,double definition
33300,"Write, for instance, ""to rise"" as your answer?",getup,get up,double definition
134309,Holder and others sounded greatly impressed,slayed,slayed,double definition
51733,Where accidents are affecting the roses,blackspot,black spot,double definition
91152,"In tight spot, swear!",plight,plight,double definition
46199,Cooked potato with cold joint,chip,chip,double definition
134666,"God's dog and ten animals I slam in a net, perhaps?",palindromes,palindromes,double definition
35372,Enormous scratch by the ear,great,great,double definition
60290,Secure forward position,lock,lock,double definition
98299,It is difficult being so sensitive,ticklish,ticklish,double definition
116464,"Having broken a personal record, though on the decline",pastonesbest,past ones best,double definition
6256,Scandal in the sluice,watergate,watergate,double definition
45346,Relish an Indian addition to the meal,chutney,chutney,double definition
121944,Quoted poet sounds like Mary's garden,shelly,shelly,double definition
50807,A reward for the taking?,priceononeshead,price on ones head,double definition
134682,Cheers solvers are barred from getting,youshouldnthave,you shouldnt have,double definition
91690,Performance of capital detachment,execution,execution,double definition
50572,Free husband,save,save,double definition
38373,Small and delicate,slight,slight,double definition
29441,Calm North Yorkshire town,settle,settle,double definition
34965,Jack's screwdriver?,propeller,propeller,double definition
3128,"Clifftop home creepy, we hear?",eyrie,eyrie,double definition
119926,Warning to speculators on gravy train ?,mindthegap,mind the gap,double definition
98100,A marvellous idea taking off in dream,aspiration,aspiration,double definition
46325,It's cryptic woman's paper,tissue,tissue,double definition
40368,Make new arrangements for the holiday place,resort,resort,double definition
41398,Acts as executor - some teachers want to,beheads,beheads,double definition
22648,The end of the New Testament,amen,amen,double definition
52288,Rubber reported by my sister in Paris?,masseur,masseur,double definition
2591,A representative business,agency,agency,double definition
62314,Snakes top their opposites,adders,adders,double definition
51626,A hard thing to catch,nail,nail,double definition
93701,Where people go in for charms,entrances,entrances,double definition
102896,Soul music?,spiritual,spiritual,double definition
30758,The keynote to good health?,tonic,tonic,double definition
12774,Dragged to the altar?,towed,towed,double definition
87168,Confinement which sounds yellow?,custody,custody,double definition
28479,A building in Slough,shed,shed,double definition
129531,Emission - tax to the limit,exhaust,exhaust,double definition
78366,Factory philosopher,mill,mill,double definition
117834,Order a course,sequence,sequence,double definition
46683,Where Horatio asked for the kiss of death?,trafalgar,trafalgar,double definition
74952,Made up a number,composed,composed,double definition
108257,Be punctilious having to get back for the fish,stickle,stickle,double definition
77048,Deliver a blackbird,bowl,bowl,double definition
78770,Uncalled for correspondence,deadletter,dead letter,double definition
1543,Community to pay workers overtime,settlement,settlement,double definition
1478,Snick a boundary,edge,edge,double definition
75508,"A day in dopey stupor, endlessly like t-h-i-s?",spacedout,spaced out,double definition
28758,"A stroke by a batsman going for a run, perhaps?",ondrive,on drive,double definition
98043,Occasion to eat a piece of cake,picnic,picnic,double definition
77843,Sailors sought by TV producer,ratings,ratings,double definition
121029,Sydney's landmark before building works?,operahouse,opera house,double definition
102328,Not even a soldier,irregular,irregular,double definition
72759,"To be lying here, it's serious!",grave,grave,double definition
32745,A-class grass,alfa,alfa,double definition
44642,How ill was the reviewer?,critically,critically,double definition
88477,"To the bride', perhaps, in German (Browning)",toasting,toasting,double definition
30462,It's supposed to prevent travellers' bags getting in a snarl-up,bfcycleclip,bfcycle clip,double definition
64648,Spare fire,letoff,let off,double definition
32909,Be nippy? Not a lot!,dash,dash,double definition
53033,Said to be the story's end,tail,tail,double definition
14106,"Not wanted at the feast, best left in the cupboard",skeleton,skeleton,double definition
10926,Act as an agitator and get jail,stir,stir,double definition
104766,Spike has doll that is missing,barb,barb,double definition
6110,Close check,stop,stop,double definition
40179,Peculiar game,rummy,rummy,double definition
25486,Violinist's private room,bower,bower,double definition
34853,He designed a water container,adam,adam,double definition
57863,Carry on in summary fashion,resume,resume,double definition
96014,Sharp stone for the remaining persons,alltherest,all the rest,double definition
50761,"Telephone bell starting off, but not so loud",lower,lower,double definition
109072,Something dentist may have to do with lineage,extraction,extraction,double definition
123726,Vegetable essence,marrow,marrow,double definition
93892,Solid grasp of company case?,firmgrip,firm grip,double definition
8968,What's got out of bed?,rose,rose,double definition
10829,Religious house is too much for this priest,abbe,abbe,double definition
114956,"Exciting book, ""The Musician's Aide""",pageturner,page turner,double definition
33947,Law suit finally disposed of - for a figure,statue,statue,double definition
74212,"What maintenance staff should do at points, etc",checkrails,checkrails,double definition
103221,One seen in a hanging basket?,balloonist,balloonist,double definition
38183,Monster fish,troll,troll,double definition
18838,Danger for sailors in popular music,rock,rock,double definition
101788,West Indian play groups,steelbands,steel bands,double definition
13695,Grim prospect for yachtsman trying to catch rival,stern,stern,double definition
27162,Books for more than one opera,libretti,libretti,double definition
82252,Bit of a gut for Goon (pronounced),caecum,caecum,double definition
8270,Safe place to let out the clutch?,nest,nest,double definition
52928,Regulated state - alternative to Red Revolution?,order,order,double definition
84492,Quarryman's key picked up,miner,miner,double definition
131897,He takes obstacles in his stride,hurdler,hurdler,double definition
39535,Devil's tie?,deuce,deuce,double definition
53980,Setting maybe at Watford Gap?,milieu,milieu,double definition
100802,Footwear hamper,clog,clog,double definition
64869,"Tender, relatively speaking",sister,sister,double definition
66402,Governor that entertained PM once,north,north,double definition
17537,Run one of the film crowd,extra,extra,double definition
123097,"It's unhealthily damp but not too confined, as they say",rheumy,rheumy,double definition
11501,What Cupid bears audibly for lover,beau,beau,double definition
93618,Red-hot stuff,cayenne,cayenne,double definition
141286,Work units heard of in Holland,joules,joules,double definition
29573,The kind of Constable that's out of the ordinary,special,special,double definition
90612,Compellingly kind,obliging,obliging,double definition
23967,It's probably not steam and possibly not electric,oldiron,old iron,double definition
60725,Traffic hazard could be sinister,bend,bend,double definition
63370,"A show-off, the bounder",prancer,prancer,double definition
63299,"Lacking respect, notwithstanding",regardless,regardless,double definition
16884,A lawless thief: I was once one myself,pirate,pirate,double definition
116114,Sporting barrier that generates pots?,backstop,backstop,double definition
23944,Sounds like place is an eyesore,sight,sight,double definition
85188,"An equal to Earl Peel, the last of the shire",count,count,double definition
90916,Fly biting,sharp,sharp,double definition
60138,The old starting signal falls without delay,atthedropofahat,at the drop of a hat,double definition
57018,Silence in jail!,shutup,shut up,double definition
391,Food item for one's heart-throb,pulse,pulse,double definition
79976,Post of interest,stake,stake,double definition
107087,Lots of money given to fools,masses,masses,double definition
122860,Issue not raised naturally,adoptee,adoptee,double definition
64292,Agree the score,tally,tally,double definition
135159,The very thing I do?,oneandthesame,one and the same,double definition
49676,"Lancashire dish, one to produce a tricky problem",hotpotato,hot potato,double definition
72527,Where to find chaps undressed?,bath,bath,double definition
133193,"Thud may be heard, but not on a rug down there?",onomatopoeia,onomatopoeia,double definition
101910,Cut grass?,awn,awn,double definition
32760,Letter delivered with a becoming conclusion,delta,delta,double definition
119662,Marathon in which we are all dead?,longrun,long run,double definition
65354,Charges for original film shots,rushes,rushes,double definition
7095,Fellow of no practical use?,academic,academic,double definition
23111,Very verily,really,really,double definition
98393,"It's not cheap, making legal documents sound",ritz,ritz,double definition
77941,You'll be lost without these,bearings,bearings,double definition
42893,Young man inexperienced with a gun,colt,colt,double definition
55756,Seize an egg collection,clutch,clutch,double definition
53018,Insure sign?,underwrite,underwrite,double definition
93905,Singular Anglo-Saxon orientation,attitude,attitude,double definition
42960,Sweet lumps on hat,gobstopper,gobstopper,double definition
138426,Who would bother a runner?,harrier,harrier,double definition
95618,Yank involved in weightlifting,jerk,jerk,double definition
49096,"A favourite of ""Gardeners World""",cosmos,cosmos,double definition
87026,Lightweight worker in goods packing?,boxer,boxer,double definition
28177,Disunity shown in the former Yugoslavia?,split,split,double definition
113631,One is better out of it,sickness,sickness,double definition
109664,One expecting to hear broadcast,heir,heir,double definition
106448,What may be spoilt by daisies and big rats?,supergrasses,supergrasses,double definition
98251,Supreme international body,missworld,miss world,double definition
81357,Maybe Franklin's backer switched poles,inventor,inventor,double definition
68792,It's what Barry and Gary do,rhyme,rhyme,double definition
34802,Weapon held up by a corporal?,lance,lance,double definition
1441,Margin of error in general practice,leeway,leeway,double definition
62697,A drop of ice,icicle,icicle,double definition
77414,"Guns against water, not including storm",barrage,barrage,double definition
52011,Where the less important fishes learn?,secondaryschool,secondary school,double definition
50645,Tablet's coating causing harm in mouth,plaque,plaque,double definition
74150,Saul's blowers?,bellows,bellows,double definition
1522,Inferior articles that don't last long,seconds,seconds,double definition
56537,"Looking annoyed, wanting power trip",outing,outing,double definition
46171,Weather required for electric fires,elements,elements,double definition
97441,Flower one sees periodically,annual,annual,double definition
46226,Old soldier taking flight,archer,archer,double definition
104891,Reminds one that it's time for church?,ringsabell,rings a bell,double definition
124062,"Shout and dance, say",bawl,bawl,double definition
31538,Not a mod chair,rocker,rocker,double definition
811,"Complain about a rule, we hear",arraign,arraign,double definition
134760,Put your foot down as a plantsman,heelin,heel in,double definition
16633,Cut a dash,drop,drop,double definition
30630,Make better pickle,cure,cure,double definition
4204,A child of necessity is given to falsehood,invention,invention,double definition
103705,Sent money and relaxed,remitted,remitted,double definition
48333,Noel's tower of strength,reindeer,reindeer,double definition
2152,Accommodation with hot water in Yorkshire,house,house,double definition
38440,Kids drink it,goatsmilk,goatsmilk,double definition
70138,Jumbo pilot?,mahout,mahout,double definition
38080,Car benefiting driver leaving river behind,ford,ford,double definition
119431,Savage as Dracula,bloodthirsty,bloodthirsty,double definition
39556,State where the keys are,florida,florida,double definition
11074,Inventor who dynamited half belongings?,nobel,nobel,double definition
2165,Key to the mess?,hash,hash,double definition
122163,An old joke?,jest,jest,double definition
110655,Historian's report of Cumbrian city,carlyle,carlyle,double definition
105488,Announced fruit's value,gauge,gauge,double definition
28061,Empire-building queen and cabinet maker,premier,premier,double definition
53713,Sordid details,lowdown,lowdown,double definition
67636,"Like Old Marley, unproductive as a stud",deadasadoornail,dead as a doornail,double definition
31042,Dialect that comes from the mouth,estuary,estuary,double definition
44990,Related to one's origin in South Africa,natal,natal,double definition
12330,Weed the bed,couch,couch,double definition
89970,Turning points in making purchases,fulcra,fulcra,double definition
28167,It might help a serious smoker,inhaler,inhaler,double definition
5241,As curtains might be tied,drawn,drawn,double definition
101891,Folk hero's bonnet,hood,hood,double definition
36093,On a plank,aboard,aboard,double definition
125333,Window leaves producer on the coast,bay,bay,double definition
69641,A Merry Christmas is often likely,onthecards,on the cards,double definition
22058,This fellow sounds serious,ernest,ernest,double definition
45412,After which one's in the majority,seventeen,seventeen,double definition
43609,How Keats wrote upside down,inverse,inverse,double definition
99012,"Was evasive, having received hot property",fenced,fenced,double definition
100911,Refuse to go through all the cases,decline,decline,double definition
135976,Measures the mast beams,yards,yards,double definition
110525,Imagines being ordered into uniform,calledup,called up,double definition
54276,One doesn't want to do this at a bank,loseonesbalance,lose ones balance,double definition
53280,Warming drink that takes some beating,eggnog,eggnog,double definition
13073,The devil to come up to?,scratch,scratch,double definition
116380,Perhaps some of those at the company meeting don't have their own cases?,shareholders,shareholders,double definition
134887,Principle of not striking?,pacifism,pacifism,double definition
30481,"Replacing of ""ruth"" by ""quarter""",fourth,fourth,double definition
72186,"People being treated, say, with forbearance",patience,patience,double definition
113647,Put in charge? Quite the opposite,unload,unload,double definition
71680,Snobs? Rubbish!,cobblers,cobblers,double definition
51757,No longer greeting completely frozen rain,allhail,all hail,double definition
131170,"Not precious stones, but possibly worn",pebbles,pebbles,double definition
120800,"Source of milk shake, not quiet",udder,udder,double definition
80163,"I'm la-di-da but, healthwise, not benign",affected,affected,double definition
30954,Get Tom's goat? That's the last thing one would do!,putoutthecat,put out the cat,double definition
50002,Boating clothes in Durham?,riverwear,river wear,double definition
2401,Donkey and another old one,noodle,noodle,double definition
126028,Look for the men of Smithfield,butchers,butchers,double definition
31596,A sentence to be penned?,custodial,custodial,double definition
111160,Among atheists he is pink,leftofcentre,left of centre,double definition
21493,Johnny's ready?,cash,cash,double definition
10039,"Silence, please, for the game",whist,whist,double definition
40470,What's meant by the end of Salem’s Lot?,mass,mass,double definition
115610,But they're not clerks of the course,turfaccountants,turf accountants,double definition
20772,Passage from a booklet,extract,extract,double definition
113164,Not having been given a good enough hiding?,visible,visible,double definition
14663,Pleasant resort,nice,nice,double definition
20133,Fireside bower,nero,nero,double definition
498,"Easily portable lamp, for example",light,light,double definition
86656,"Did the ""lumpen proletariat"" show signs of this plague?",bubonic,bubonic,double definition
59793,The legend of Arachne? That's a tall story!,myfoot,my foot,double definition
42247,Dined in college by the sound of it,eaten,eaten,double definition
107011,Take whatever's offered - it could make you party on!,anyportinastorm,any port in a storm,double definition
81643,Will settlement,determination,determination,double definition
65154,Find flesh by the ear,meet,meet,double definition
21774,Number to facilitate and inspire truce,ceasefire,cease fire,double definition
101447,Trousers designed for passing water,drainpipes,drainpipes,double definition
16765,First half of the big game,rhino,rhino,double definition
131583,Men found underground cathedrals? No way!,miners,miners,double definition
963,Stop rowing on the street,easy,easy,double definition
141248,Order repeatedly issued by them for audio equipment?,speakers,speakers,double definition
67401,Brunel seen as a diplomatic type?,bridgebuilder,bridge builder,double definition
9887,The French index is not right,left,left,double definition
40864,Holds one's own ceremonial robes,copes,copes,double definition
98851,Went without saying,absconded,absconded,double definition
72712,More fiction ...,utopia,utopia,double definition
86297,What a traveller pays for a meal in a dining car?,trainfare,train fare,double definition
41082,It could result in deflation being on the way,puncture,puncture,double definition
35323,Unusual police function,arresting,arresting,double definition
27707,Business statement,profession,profession,double definition
136100,Capital invested in model planes,mosquitos,mosquitos,double definition
95332,First class house room?,reception,reception,double definition
71001,"Out of danger, sailing past Holland",offthehook,off the hook,double definition
18446,Howler monkey shaking head,error,error,double definition
24840,Said to be family,related,related,double definition
94167,Green alcoholic drink,lush,lush,double definition
69176,The bill offenders may have to face in court,beak,beak,double definition
57871,Get back to CV,resume,resume,double definition
118978,Resolve to have some exercise,workout,work out,double definition
2201,Able to pay for a form of abuse,solvent,solvent,double definition
7689,Twist a bit off the tree,olive,olive,double definition
62980,Host got up for this,elevation,elevation,double definition
47966,Forget how to take charge,overlook,overlook,double definition
90368,What they are is difficult to say,tonguetwisters,tongue twisters,double definition
53040,"Was not all there, as Greeks claim?",lostonesmarbles,lost ones marbles,double definition
104299,Start court proceedings,serve,serve,double definition
119086,"No tricks, that's a promise",misere,misere,double definition
65514,"Drop suddenly, missing the first thrust",lunge,lunge,double definition
18967,It's used to catch small river fish,reel,reel,double definition
102988,Lots of entrances for Father Christmas,stacks,stacks,double definition
98889,Bristol sounds like a French port,breast,breast,double definition
53960,Temper heard by the side of the road,kerb,kerb,double definition
29718,"Funeral lament in cathedral, for example",elegy,elegy,double definition
76468,Means of raising a flag,jack,jack,double definition
59792,I can't believe it when my bottom shows!,myfoot,my foot,double definition
30031,Mother of Paris seen in lake,mere,mere,double definition
66442,"Justly won as Ashes eventually were, it's said",earned,earned,double definition
21343,Fruit from this on hand,palm,palm,double definition
14409,"Sell out, as it might?",shop,shop,double definition
46550,Champion releases arrow ending just outside the bull,inner,inner,double definition
129441,Welcome cry up North,greet,greet,double definition
3491,Ocean's water departed on a rising tide?,deep,deep,double definition
140362,Such as would suit you down to the ground? Only half,kneelength,knee length,double definition
73772,Third power block,cube,cube,double definition
30418,Laws that can only be broken by an expert,code,code,double definition
3787,Scottish battlefield's rumoured to have a ghost,wraith,wraith,double definition
81095,One-time premier rank,major,major,double definition
26701,Improvement of action due to training,education,education,double definition
74669,Criticise achievement at cards,slam,slam,double definition
135519,Crafts based on fundamental duplicity,catamarans,catamarans,double definition
91960,A natural aptitude is present,gift,gift,double definition
34502,Tree providing shade,lilac,lilac,double definition
64112,Piece of music unsuitable as voluntary?,obbligato,obbligato,double definition
60435,This provides the main prospect,porthole,porthole,double definition
89212,Fitted with a groove,slotted,slotted,double definition
134748,"Sun etc in before this, brightness ends",popularpress,popular press,double definition
46146,Improve one's bust line?,uplift,uplift,double definition
34903,It's designed for handicapped drivers to do the rounds,golfcourse,golf course,double definition
48413,They meet in the centre of the ring,radii,radii,double definition
102106,Shy soldier getting worn out,retiring,retiring,double definition
19581,Bob put forward an idea,float,float,double definition
125738,Flying in Hackney's hair-raising?,airlifting,airlifting,double definition
109949,Short dominatrix may have done this,strappedforcash,strapped for cash,double definition
100397,"Power outage, possible source of conflict",generationgap,generation gap,double definition
109944,Standard performance,routine,routine,double definition
108474,Help one gets in this day and age,aid,aid,double definition
135441,"Diamond, did you say? Prepare to propose!",kneel,kneel,double definition
100039,Rubbish food with chips?,cod,cod,double definition
44359,Colour to leave alone,maroon,maroon,double definition
35803,Scandalous conclusion to entry,gate,gate,double definition
82220,Data in notebook,facts,facts,double definition
131749,Big business street must be this for Scot,holdingcompany,holding company,double definition
117593,Somewhat equally? Exactly,fiftyfifty,fifty fifty,double definition
61034,It can be hell for criminals,underworld,underworld,double definition
14044,"In that case, flights won't be covered",quiver,quiver,double definition
28490,Crossword setter dropped,shed,shed,double definition
10888,Awful person with no end of affectation?,poser,poser,double definition
31590,Biting trill is heard,mordant,mordant,double definition
76484,Old coins providing conversation,exchange,exchange,double definition
54831,Answer to be found in chemistry lab,retort,retort,double definition
36216,Paul's respect,revere,revere,double definition
108705,Attribute of one flying fortress,fastness,fastness,double definition
108890,"Of course, it's sweet",pudding,pudding,double definition
109861,"Getting forks out to skewer books, those unpleasantly dry?",splitends,split ends,double definition
20596,"Tap: tell me, what do you do if it's stuck?",faucet,faucet,double definition
90357,Theatre of war?,operationsroom,operations room,double definition
5879,Percussionist circles,ringo,ringo,double definition
43700,"Sailing vessel, clipper",cutter,cutter,double definition
110102,Employment in which workers were paid to unpick seams,coalmining,coalmining,double definition
69067,Go away to get in with no contest,shoo,shoo,double definition
31387,Watch over instructions,remit,remit,double definition
10303,Firm plan,intent,intent,double definition
24800,Extend towards heaven as breakdown vehicle?,tower,tower,double definition
12325,Does this imply sharecropping?,allotment,allotment,double definition
112667,"For a start, it's essential",ignitionkey,ignition key,double definition
112589,"Office workers sign in invisible ink, perhaps?",secretaries,secretaries,double definition
71498,Ceremony appropriate for audience,rite,rite,double definition
133920,Ban on the very people who frequent this dating venue?,singlesbar,singles bar,double definition
40889,Revolting individual given a step up,riser,riser,double definition
71902,Successfully managed a kidnapping?,carriedoff,carried off,double definition
134440,Female character of enduring quality?,manofiron,man of iron,double definition
112379,He leads speakers on march: an order goes out,anchorman,anchorman,double definition
135713,It's plain stupid for a mountaineer,alpinist,alpinist,double definition
9975,One falling for acrobat,tumbler,tumbler,double definition
141237,Most elevated dizzy heights,highest,highest,double definition
59898,Score runs in a series,arrange,arrange,double definition
90451,Big shock absorber,bumper,bumper,double definition
65301,Misfortune that TV repairman may bring?,setback,setback,double definition
16047,Refuse stopping short old king,offa,offa,double definition
82695,Where to find film not for public viewing,incamera,in camera,double definition
137827,No head on Nick's mop,wipe,wipe,double definition
91370,"Slab, board, list? It ends in a square",threetimestable,three times table,double definition
117060,Lexicographer wearing underpants?,johnson,johnson,double definition
14238,Sketch of partial rail strike?,outline,outline,double definition
90206,Percher from the nuthatch family by the sound of it,sitter,sitter,double definition
43203,British capital,sterling,sterling,double definition
10324,Not the best way to beat an opponent,worst,worst,double definition
137314,"Money problems, no capital",roubles,roubles,double definition
50501,Remedy may be to change gear,redress,redress,double definition
74443,Topless in bed - so what might be on?,pyjamatrousers,pyjama trousers,double definition
18777,Strap may follow report of some difference,thong,thong,double definition
43277,Discussion at board level,tabletalk,table talk,double definition
74818,Lizards that may be using a double disguise,iguanas,iguanas,double definition
103790,Hal stopped with him,ted,ted,double definition
46126,Strap that goes on a bit,rein,rein,double definition
141025,One unable to make a killing getting fired?,blankcartridge,blank cartridge,double definition
49208,One disparaged for working for a crust?,scab,scab,double definition
13506,Bear accepting stakes,tote,tote,double definition
20441,Heater once used by people approaching retirement,bedwarmer,bedwarmer,double definition
133384,Stressed but having fewer wrinkles than you should?,underlined,underlined,double definition
92737,Becomes engaged in predicaments,plights,plights,double definition
124619,Psychiatrists? They're all savages,headshrinkers,headshrinkers,double definition
53843,Type of green,emerald,emerald,double definition
76662,"Bob Marley, for example, could be a star",rasta,rasta,double definition
104740,"Order, mostly seen in this clue",comma,comma,double definition
133352,Butterfly to emulate uroboros?,swallowtail,swallowtail,double definition
92822,What are you doing here?,crossword,crossword,double definition
35910,Wonderful boss,super,super,double definition
50041,"""Bullets""",ammo,ammo,double definition
126552,Dried fruit shapes,prunes,prunes,double definition
125526,You'd feel better without them!,gloves,gloves,double definition
76641,Way to get through Fathers and Sons,pass,pass,double definition
69559,Once a public transport industry,diligence,diligence,double definition
89861,Small town dropout,dorp,dorp,double definition
988,French master responsible for courses,chef,chef,double definition
58426,Such tolerance may be a matter of degree,latitude,latitude,double definition
25638,It may be put on disc,identity,identity,double definition
105529,"Come on, tell me what to do with unpalatable food!",spititout,spit it out,double definition
3287,"It's OK, there's no one left",allright,all right,double definition
13896,They have small parts in a big picture,insets,insets,double definition
132352,Youngsters bound to get along with them,pogosticks,pogo sticks,double definition
120088,Wicked woman caught using traps,witch,witch,double definition
60856,Thatcher's a nonentity,society,society,double definition
27953,African leader is number one in France,moi,moi,double definition
64672,Triumvirate running the tundra?,troika,troika,double definition
53302,"Where stout, diet?",local,local,double definition
18125,Underactive German worker is no longer needed,redundant,redundant,double definition
42363,Answer to this clue should be clearly stated,putacross,put across,double definition
91692,Performance killing act,execution,execution,double definition
76471,Flag lifting device,jack,jack,double definition
78383,Another setback as the result of stiff breeze?,freshblow,fresh blow,double definition
40987,Stone provides a barrier,agate,agate,double definition
5824,Get up in a lift,raise,raise,double definition
19265,Not carrying anything one shouldn't? Absolutely!,clean,clean,double definition
19108,Submit a return,yield,yield,double definition
99538,"Prune - or another fruit, we hear",pare,pare,double definition
4159,Bird (not strong) found on Scottish island,inch,inch,double definition
37775,In theory he wants the best,idealist,idealist,double definition
40866,Manages to provide clothing for priests,copes,copes,double definition
42887,The usual ones are likely to be the first taken in,suspects,suspects,double definition
83495,One in the eye for an unwilling school creeper?,pupil,pupil,double definition
59260,Fungal pattern,mould,mould,double definition
1956,Man to cheat on bird,rook,rook,double definition
6976,Open to defeat,undo,undo,double definition
97443,Flower book,annual,annual,double definition
124115,Doubled over and collapsed,foldedup,folded up,double definition
29991,Ace intro for sales pitch,star,star,double definition
16426,Recommend a defender,advocate,advocate,double definition
82222,On which to stick the sick brick,stretcher,stretcher,double definition
77887,State in Midwest,maine,maine,double definition
115110,Finger the back of a book,index,index,double definition
108316,He removes his customers,taxidriver,taxi driver,double definition
26733,"Senior slip, perhaps, dropping two",elder,elder,double definition
31641,Made to smile by a thought?,amused,amused,double definition
41438,Baptismal name(s) given to an invader,norman,norman,double definition
119320,Numbers among European aristocracy,counts,counts,double definition
98356,Army command prepare for war,orderarms,order arms,double definition
111565,Critical point of eating a biscuit,crunch,crunch,double definition
133055,Fisherman who does will be more pleased than the boatman,catchesacrab,catches a crab,double definition
129846,"Openings to dressers, offices or rooms, say",doors,doors,double definition
26988,"No point, darling",love,love,double definition
4157,Little distance from island,inch,inch,double definition
76036,Mail steamer,packet,packet,double definition
86099,Drinking song?,round,round,double definition
2888,Indicator of some aggravation,needle,needle,double definition
62988,Architect's plan for advancement,elevation,elevation,double definition
32660,Dance? Did I step on your foot?,excuseme,excuse me,double definition
127431,Are they responsible for many bad things?,devils,devils,double definition
12859,Share in concern,interest,interest,double definition
111817,"Lady's disease, lacking exercise",hers,hers,double definition
82626,Hot spot in Sheffield for those needing a break,crucible,crucible,double definition
4193,Book is in stock,reserve,reserve,double definition
20361,Even scores -- could it straighten out oneês hang-ups?,levelpegging,level pegging,double definition
72647,Gem?,twin,twin,double definition
44224,Show picture of riddle,screen,screen,double definition
41402,"Once it's used, part remains",section,section,double definition
141252,"Clarets, perhaps, or their Premiership rivals?",reds,reds,double definition
6077,Footholds in the financial world,stocks,stocks,double definition
111748,One whose existence depends on dripping,stalactite,stalactite,double definition
110105,Oil producers under pressure have hearts of stone,olives,olives,double definition
44920,Sneeze said to be in dispute?,atissue,at issue,double definition
64526,"To get cheaper travel, he avoids paying",flybynight,fly by night,double definition
95200,The greatest length spanned by trunk road,ali,ali,double definition
23310,Old address of Turkish civil service,effendi,effendi,double definition
141627,"The Boys in Blue, or Blur?",fuzz,fuzz,double definition
125676,Appeared to be soundly joined,seemed,seemed,double definition
109288,Cultural inheritance of egotist's refrain?,meme,meme,double definition
78170,"Given time, perhaps, on Judgement Day",sentenced,sentenced,double definition
56213,How this word goes in,downwards,downwards,double definition
6135,"Blunder, if this worn in summer?",muff,muff,double definition
134857,Jumps on fools,mugs,mugs,double definition
886,"Being this, he is leaving the land",testate,testate,double definition
41693,Cats in the pound?,ounces,ounces,double definition
15666,"He hits you, you're smitten!",eros,eros,double definition
6093,Stops goals,ends,ends,double definition
33636,Reason traditionally lost at Oxford,cause,cause,double definition
71765,Belts from old clothes,clouts,clouts,double definition
59149,Give a signal and slow down,flag,flag,double definition
104855,"Squandered University award, we hear",blew,blew,double definition
32618,Picture not painted by Landseer?,seascape,seascape,double definition
27647,"Showed respect for an old lady, but insulted a young one",stoodup,stood up,double definition
116881,Generous party member …,liberal,liberal,double definition
129417,Natural dwarfishness?,undergrowth,undergrowth,double definition
91722,Crew said it's likely to be passed at Chiswick,eyot,eyot,double definition
809,Charge call to account,arraign,arraign,double definition
105691,Part of town public steers clear of,outskirts,outskirts,double definition
8931,Cliché of a hi-fi buff,stereotype,stereotype,double definition
44673,Programming language that's good at compression?,python,python,double definition
46248,Female subject of an old song cycle,daisy,daisy,double definition
99632,Please let's have a non-CFC deodorant!,rollon,roll on,double definition
128691,Again ask for employment to gain work,reapply,reapply,double definition
6084,Suspends only half of one's objectives,ends,ends,double definition
48140,"Disreputable, extremely short, wasn't standing up straight",louche,louche,double definition
41487,Use the office keys?,type,type,double definition
47654,To drill can be tedious,boring,boring,double definition
81411,Wine to show a bit of leg,hock,hock,double definition
92516,Pass on:,colon,colon,double definition
15272,"In the main, this calf is dangerous",iceberg,iceberg,double definition
44251,"Bumpy, therefore odd?",uneven,uneven,double definition
88280,Getting to the end of this exhausts one's patience,tether,tether,double definition
115632,Uncommon feature of British society,royalty,royalty,double definition
131794,Coolers designed to hold a small criminal?,minibars,minibars,double definition
29972,Big name appears nightly,star,star,double definition
73611,Matched and dispatched?,mated,mated,double definition
80766,He'll tak ye tae the quarry,gillie,gillie,double definition
60056,"A match for ""Thus Spake Zoroaster""",avesta,avesta,double definition
84729,Demolish Humpty-Dumpty's so convincing argument,knockdown,knock down,double definition
13542,Whip used to enforce this community service?,partyline,party line,double definition
31134,Land on one's head?,panama,panama,double definition
35792,Target someone who is relatively friendly?,auntsally,aunt sally,double definition
10330,"Paradoxically, it could be best!",worst,worst,double definition
12387,"Bound by discretion, one is silent",tacit,tacit,double definition
9758,They're used to create curls and waves,rollers,rollers,double definition
64733,"Lacking inspiration, he goes for a walk",pedestrian,pedestrian,double definition
508,Stage directors in groups,boards,boards,double definition
4537,"Fuzzy, not very fit",ague,ague,double definition
21741,"Male/female, evenly distributed",evelyn,evelyn,double definition
68296,Take encouragement in comfort,cheerup,cheer up,double definition
137739,Lock worker's increase in scale,friseur,friseur,double definition
83739,Legislation that went against the grain,cornlaws,corn laws,double definition
27101,Pretty short message,twee,twee,double definition
14967,Oxford banker,isis,isis,double definition
133402,Set one's sights higher and improve,lookup,look up,double definition
57233,Communicating off the field,intouch,in touch,double definition
110247,Not much to drink (much less than a full finger in fact),thimbleful,thimbleful,double definition
17936,Re-used cover of previous issue?,handmedown,hand me down,double definition
5317,"Carriage axle bush, for instance",bearing,bearing,double definition
125627,Alpine flower,glacier,glacier,double definition
87658,Painter appeared first - this followed!,camera,camera,double definition
5991,Dog without lead finding some balls,over,over,double definition
119570,Boatman's a little troubled in the head,salt,salt,double definition
127217,Fruits singularly not given by uncaring types,figs,figs,double definition
102111,What gets to stick when one's terribly hot in it?,clothing,clothing,double definition
13732,Golfing connections,links,links,double definition
85032,Annexe's relieved state?,extension,extension,double definition
12436,Nervous performing at the Fringe?,onedge,on edge,double definition
18488,Literary props,bookends,book ends,double definition
19315,Flight departure,retreat,retreat,double definition
19277,"Change sides, which is a bad thing",defect,defect,double definition
115311,"Divorced, eh? Good news for one in for the long term",freepardon,free pardon,double definition
74020,Age span,period,period,double definition
78925,Naturally good leg-spinners,spiders,spiders,double definition
575,Fixed quantity in firm,constant,constant,double definition
94721,Ruth left Bedlam,babel,babel,double definition
29337,Ventilation for the gallery,louvre,louvre,double definition
98413,Black rhyme for Greene's coloured boy,inky,inky,double definition
35599,Bird with no head for danger?,ostrich,ostrich,double definition
2518,Longs for young ladies,misses,misses,double definition
133690,What Newgate is for Dickens,oldnick,old nick,double definition
7962,Where reels of film may be seen - or heard,cannes,cannes,double definition
137560,Line clippers?,clothespegs,clothes pegs,double definition
118779,Have a go at bird,snipe,snipe,double definition
52450,Late train?,cortege,cortege,double definition
56767,Training vessel for aspiring officers?,cadetship,cadetship,double definition
38460,Tells these jokes,cracks,cracks,double definition
44921,Sounds like what you might need,atissue,a tissue,double definition
51340,Sort of policy for the Lib-Dems?,thirdparty,third party,double definition
16990,A certain success is not affected …,natural,natural,double definition
3727,Dickensian dance,twist,twist,double definition
21115,"Mature, or mature to a point",ripen,ripen,double definition
80854,Prince with more cats and dogs?,rainier,rainier,double definition
140039,What snooker player does when past his best?,goestopot,goes to pot,double definition
140315,"Not much attire, going topless",abit,a bit,double definition
53729,Instructions once written on tablets?,tencommandments,ten commandments,double definition
94685,"Tom, on date, sought sexual contact in public",cruised,cruised,double definition
67502,"Covering bottom of utensil, often slippery - is it?",teflon,teflon,double definition
4272,Girl with little money - and that obsolete,anna,anna,double definition
16420,"A look-alike, sometimes dead",ringer,ringer,double definition
35067,A paid informer,teacher,teacher,double definition
70420,Swimmer looking miserable,bleak,bleak,double definition
28322,Most unlikely model to endure weight,last,last,double definition
39870,Rude to squander,blue,blue,double definition
81691,Test we hear? A river,aural,aural,double definition
56166,Guard gives a warning,lookout,look out,double definition
33115,No heart of stone,diamond,diamond,double definition
58690,Keen to have one foot in the grave?,dying,dying,double definition
62462,Lands on the sheltered side,leeshores,lee shores,double definition
15881,Once the highest position for an Afghan was a space station,amir,amir,double definition
87869,Not a scrap of bias,fairfight,fair fight,double definition
72524,Clean citizens here?,bath,bath,double definition
25763,Thinner is better,finer,finer,double definition
30495,Offer rented accommodation,tender,tender,double definition
122557,There's no good in Mayday melodies,songs,songs,double definition
138347,"Ravel, go away",getknotted,get knotted,double definition
67884,Smell fine reserve,book,book,double definition
24151,Wellington's section showing how soldiers should march,instep,instep,double definition
52612,Disputed frontier,borderline,borderline,double definition
5677,Barge carrying less cargo?,lighter,lighter,double definition
129634,Maintain the same policy?,reinsure,reinsure,double definition
9392,Initiate Israeli leader,begin,begin,double definition
110329,"Fish eggs, fruit of the deep",seagrapes,sea grapes,double definition
64847,Posing like deposed ruler,king,king,double definition
787,A pound of sultanas?,harem,harem,double definition
69540,Innocent abroad?,naif,naif,double definition
127548,Detachment of soldiers holding clubs in card game,picquet,picquet,double definition
32540,Some ladies drink,bevy,bevy,double definition
41014,Complex to explain,elaborate,elaborate,double definition
65918,Biscuit produced in a mass,wafer,wafer,double definition
83510,Blocking promotion,plugging,plugging,double definition
39731,"Rocker, say, meeting conductor",chair,chair,double definition
42159,Go it to date - not so fast!,steady,steady,double definition
10312,Determined where nomads live?,intent,intent,double definition
19516,Service provider,priest,priest,double definition
38758,"Relatively speaking, one's kept under wraps",mummy,mummy,double definition
117600,Rock group's third,tertiary,tertiary,double definition
40625,Deal with entertainment paid for by another,treat,treat,double definition
55385,"Surprise article, something you may get lost in ?",amaze,amaze,double definition
57790,Argues over part of the make-up of crosswords,rows,rows,double definition
122642,Let Jack be seen to supply a military presence,showtheflag,show the flag,double definition
123859,They serve older boys cigarettes,fags,fags,double definition
19406,Proverbially hard on one's toes?,nails,nails,double definition
5003,Prevail in pronounced bad weather,reign,reign,double definition
75784,A good one is important to one bowling from end to end,length,length,double definition
3742,What the chef uses in a tense situation?,knifeedge,knife edge,double definition
141359,Commonly about to hear one who's had it,gonna,gonna,double definition
107844,Condemned equal rights dispute,quarrel,quarrel,double definition
107321,Dip? You might need such a heater,immersion,immersion,double definition
89109,The astronomer is such a dreamy individual!,stargazer,stargazer,double definition
28739,Personal impressions that are very individual,fingerprints,fingerprints,double definition
137628,Catch the sheep?,dolly,dolly,double definition
84584,Duck reported on mount,ida,ida,double definition
75424,Spell a word,term,term,double definition
21542,"Author of ""Tom Jones"" is not in",fielding,fielding,double definition
67161,"It's not, they say, something of mine",gordian,gordian,double definition
46336,A camp whisper,aside,aside,double definition
22342,Girl waits for its performance,carol,carol,double definition
70594,"Finish, though not Finnish?",polish,polish,double definition
27614,We probably can put up with his plans,architect,architect,double definition
126347,Eminently suitable to be excluded,cutout,cut out,double definition
65784,"Bowled out, possibly leg it for boundary",limit,limit,double definition
62669,Company relationships in public transport,business,business,double definition
44951,"Boots, perhaps, given red film",chemist,chemist,double definition
39450,Lady's maid found showing off in the kitchen,dresser,dresser,double definition
72297,Get hairy before court appearance?,bewig,bewig,double definition
53996,Running away to join up?,elopement,elopement,double definition
20037,Fish on a fat-free diet,sprat,sprat,double definition
126746,"Inspecting, unannounced, what teenagers get up to in bathroom?",spotchecking,spot checking,double definition
44283,Growing row over a speaker,moustache,moustache,double definition
106169,One who refused to accept tyranny to work as a bank clerk,tell,tell,double definition
63500,The bill is here,copshop,cop shop,double definition
60291,Officer returned to cocktail bar,lock,lock,double definition
59828,Bone from the centre?,radius,radius,double definition
46985,Survival is regarded with reverence,relic,relic,double definition
88235,Tom Jones's coiffeuse?,delilah,delilah,double definition
90544,Support restaurant in which one has been raised,brassiere,brassiere,double definition
89894,Presents for volunteers,offers,offers,double definition
130765,Suitable work for a lay reader?,songbook,songbook,double definition
4851,Understanding Norman?,wisdom,wisdom,double definition
31569,Type of paper placed face up,laid,laid,double definition
50289,Detailed short note seen in time,minute,minute,double definition
13462,Stop and shoot,stem,stem,double definition
39230,"More colourful, though less experienced",greener,greener,double definition
10993,Left in France? That's rather awkward,gauche,gauche,double definition
96043,A schoolboy howler?,crybaby,crybaby,double definition
24852,Calling for speed,career,career,double definition
57111,Narrow escape after cutting it fine?,closeshave,close shave,double definition
105836,"Nincompoops, many losing face",asses,asses,double definition
116294,What the finicky cleaning lady did: something in the groundsman's shed,sawdust,sawdust,double definition
84759,Finish off the job?,execute,execute,double definition
69567,What the poor man has and the rich man wants,nothing,nothing,double definition
69084,River comes to a halt in the sound,styx,styx,double definition
127990,"Engineer, did you say? Please repeat!",what,what,double definition
35832,A meeting of Continental heads,teteatete,tete a tete,double definition
34190,Is one's engagement a head-turner?,reversegear,reverse gear,double definition
40788,Impressive time of year,august,august,double definition
97097,Encouragement to perform for very little money once,doit,doit,double definition
60880,"Possibly asleep, certainly inactive",dormant,dormant,double definition
44218,Hide or show,screen,screen,double definition
115928,Begins to show such order,alphabetical,alphabetical,double definition
105063,Temporary structure in the Sun's building,nissenhut,nissen hut,double definition
86860,Sick to a great degree?,aegrotat,aegrotat,double definition
112873,Eighty-eight flaws to date? I will have to make some changes!,twofatladies,two fat ladies,double definition
92815,Antithesis of flare as source of light,taper,taper,double definition
53412,Pleasing as a lollipop that's calorie-free,likable,likable,double definition
124064,The favourite that's in form,teacherspet,teachers pet,double definition
57030,Preserve predicament,pickle,pickle,double definition
87148,He may counsel the sexual offender,therapist,therapist,double definition
12895,Go to pieces in card game,snap,snap,double definition
21260,"""Singin' a song ____"", in concert",sidebyside,side by side,double definition
124871,Steps taken in yards or metres,measures,measures,double definition
3896,Where there's often a gap in character formation,stencil,stencil,double definition
113547,"Value force, from what we hear",prize,prize,double definition
10389,Small part of military detachment,detail,detail,double definition
28320,Model's bottom,last,last,double definition
4270,"Having spoken with vision, is accorded a position",sited,sited,double definition
117918,A way for Steps to cover material lacking copyright,path,path,double definition
48262,"Now Epiphany, as if any were needed",newyear,new year,double definition
103826,"Put one's foot down, as a matter of duty",stamp,stamp,double definition
9177,Compass cover,spread,spread,double definition
9659,Conviction that can be reversed?,tenet,tenet,double definition
123098,"It's said capacious hanky's needed, if you're like this",rheumy,rheumy,double definition
45553,They are taken slowly at the Proms,adagios,adagios,double definition
118599,Enlightenment for the masses?,slimming,slimming,double definition
34097,Indulge in conspicuous consumption?,eatlikeahorse,eat like a horse,double definition
89495,Let everyone outstanding be audibly spoken,allowed,allowed,double definition
102086,Second retreat?,back,back,double definition
690,Holiday bay,recess,recess,double definition
118763,Clooney talk?,chatter,chatter,double definition
60166,You can read this document whichever way you like,deed,deed,double definition
24540,Blue flower?,danube,danube,double definition
127121,Want to pen new book to reminisce,lookback,look back,double definition
12978,Garden design,plot,plot,double definition
7524,Couple stealing gold from home helper,pair,pair,double definition
50253,Ghost in sunglasses?,shades,shades,double definition
140727,Provided for Ellie splashing out - why one's very easily led,lifeofriley,life of riley,double definition
129882,One quick to advance caress?,softtouch,soft touch,double definition
24938,Encourage to use ears for special understanding,insight,insight,double definition
78940,Might cod be assaulted?,battered,battered,double definition
30635,The appropriate jug for punch?,toby,toby,double definition
77158,"Partisans on hand, or soldiers on foot",phalanx,phalanx,double definition
64845,"Head of family, note",king,king,double definition
25271,Pass for a mere youngster,chit,chit,double definition
107821,Dress for Dumbo? What's up?,clothe,clothe,double definition
38772,Kind of Western food that's long in the cooking,spaghetti,spaghetti,double definition
94904,Able to see where it's said to be placed,sighted,sighted,double definition
26764,Present or past president,grant,grant,double definition
89768,The minority? Yes indeed,nothalf,not half,double definition
118993,Prepare for take-off?,unbutton,unbutton,double definition
80810,Wheeled carriage beginning to move when this is provided?,ramp,ramp,double definition
103462,Leaving open,outgoing,outgoing,double definition
25224,"Something needed by horse or mule, perhaps",shoe,shoe,double definition
112942,They monitor recreational activity for Americans,checkers,checkers,double definition
101502,Feature of cartographers in Northumberland,nose,nose,double definition
82743,"Hacks no more, say",express,express,double definition
57129,Close relative of the walrus,seal,seal,double definition
103724,Saint Benny?,goodman,goodman,double definition
85868,Budget sweetener?,brownsugar,brown sugar,double definition
118722,Tale of mystery to undo with difficulty,whodunit,whodunit,double definition
120297,"Small mammal with horn, active at sea",chevrotain,chevrotain,double definition
15978,When to see the moon near the end of August,night,night,double definition
125649,"Breathe in, when gone to sleep in winter",hibernate,hibernate,double definition
29158,Call for something to confirm marriage,ring,ring,double definition
80040,Official statement concerning volte-face,return,return,double definition
51600,Identify the precise location,spot,spot,double definition
20865,"Bird, the satirist",swift,swift,double definition
35724,"One of five, one may feel",sense,sense,double definition
56157,"Screw is attached, then not - one assessing the cost to secure it?",prisonofficer,prison officer,double definition
41278,Unsuccessful editor's complaint?,badcirculation,bad circulation,double definition
13938,Middle-aged English travel writer,chaucer,chaucer,double definition
25481,"Jack Ketch's security device, perhaps",bower,bower,double definition
123331,"Supposedly lucky types, fair people who never speak well of one another (Johnson)",theirish,the irish,double definition
105678,It's not really intended to be read on the surface in a lounge environment,coffeetablebook,coffee table book,double definition
75931,Discharge from the Royal Artillery,salvo,salvo,double definition
64639,Inferior theme,subject,subject,double definition
19280,Desert fault,defect,defect,double definition
139880,"Unable to proceed in recession, king offloaded shares",cuts,cuts,double definition
64972,Swift sentence?,bird,bird,double definition
16785,Small foreign instrument,piccolo,piccolo,double definition
39571,Understands fares,makesout,makes out,double definition
96786,Top contestants' top shots,aces,aces,double definition
113719,Property like flats,assets,assets,double definition
86317,Waste which takes a battering?,fritter,fritter,double definition
24205,Songs the Führer sang?,lieder,lieder,double definition
49124,Tiny thing bagged for a nicker?,tealeaf,tea leaf,double definition
68377,Wooden handle,deal,deal,double definition
106304,His or her model beneficiary,their,their,double definition
9317,Demand to be precise,exact,exact,double definition
31508,Catch Fitzgerald's disease,rubella,rubella,double definition
47339,Bowler getting out,oldhat,old hat,double definition
6059,Many have soft feathers,down,down,double definition
87380,Highball on a slope?,skier,skier,double definition
60045,Ruined but not executed,undone,undone,double definition
89222,Caesar's forty said to perform well,excel,excel,double definition
84799,Peterhouse represented at Westminster?,safeseat,safe seat,double definition
5066,Goalkeeper's bung,stopper,stopper,double definition
11779,Like an Oompa-Loompa's house,orange,orange,double definition
101282,They end up winning against the odds,bookmakers,bookmakers,double definition
22691,"Be unlucky in raffle, but lucky at Russian roulette",drawablank,draw a blank,double definition
6411,An inclination to use jargon,cant,cant,double definition
15311,Fruit served in the harem,sultana,sultana,double definition
585,Blunt point,direct,direct,double definition
67284,Express derision at meal,scoff,scoff,double definition
32986,Shakespearean promoter of love first transferred into plant,valentine,valentine,double definition
96508,Set of teeth chatter uncontrollably,ratchet,ratchet,double definition
69796,Guide on the ranch?,steer,steer,double definition
117649,It's bloody hard to spell!,haemorrhage,haemorrhage,double definition
37789,Not subject to protest,object,object,double definition
19078,Kind disposition,nature,nature,double definition
30633,French priest sought in Lourdes,cure,cure,double definition
63349,Worthies revealing why schoolchildren are innumerate?,notables,notables,double definition
40892,A rebel one got out of bed,riser,riser,double definition
3615,Halt contest,game,game,double definition
35506,"Speeches are permitted, as spoken",aloud,aloud,double definition
73936,A terrible mess follows a meal,dogsdinner,dogs dinner,double definition
3617,Plucky people may have to pluck this,game,game,double definition
56534,Sally's exposure,outing,outing,double definition
2034,Regularly check computer screen,monitor,monitor,double definition
98397,"Legal documents, reportedly, for Swiss hotelier",ritz,ritz,double definition
37316,Second mate who raises the issue?,stepmother,stepmother,double definition
94114,Secure report of a congregation that's little more than gross?,clinch,clinch,double definition
109957,"Grouse shooting imminent, so surrender!",thegamesup,the games up,double definition
70918,"Work of a forger, bent but possibly lucky",horseshoe,horseshoe,double definition
39930,"Broadly similar, gold cups",largo,largo,double definition
34344,Rip off clothing item,fleece,fleece,double definition
114861,Isolation: it could be found in an old apple orchard,quarantine,quarantine,double definition
107783,Having a choice makes them cross,electors,electors,double definition
28621,The leg properly positioned to receive ball?,onside,onside,double definition
118218,Expression used to attract attention,look,look,double definition
50860,A Broadcasting House workshop?,studio,studio,double definition
98614,Big brother?,abbot,abbot,double definition
75661,"Is dismissed, but doesn't go",playson,plays on,double definition
32434,"Member of the police force, if qualified",officer,officer,double definition
29626,Furniture with seats?,cabinet,cabinet,double definition
44267,Bottom employing this spacecraft?,shuttle,shuttle,double definition
82735,Paper train,express,express,double definition
103633,Row of houses,domestic,domestic,double definition
48310,Hold a show trial,rehearse,rehearse,double definition
139512,"Young producer, calculating type",multiplier,multiplier,double definition
108607,Harry Potter,niggle,niggle,double definition
134171,They leave their coats on the wall,plasterers,plasterers,double definition
91507,Flat rate?,rent,rent,double definition
71069,One with woad maybe heard applied to straits,dyer,dyer,double definition
62109,Such a one may need concerted pain treatment,accidentprone,accident prone,double definition
87511,One with a box in the nursery?,arboriculturist,arboriculturist,double definition
119028,Where to find a paid informer?,classroom,classroom,double definition
53845,"An isle - Greenland, perhaps",emerald,emerald,double definition
10936,Mix porridge here,stir,stir,double definition
105355,An amount of rye from the nursery?,pocketful,pocketful,double definition
79097,Dispose of foolish nonsense in contrasting volumes,polishoff,polish off,double definition
60329,Having lately joined a certain choir? Absolutely,dead,dead,double definition
68726,Results are usually laughable when this missile is launched,custardpie,custard pie,double definition
118402,The Dogs of War?,terriers,terriers,double definition
119590,Solidly built bunch of idiots?,thickset,thickset,double definition
135970,"It's deceitful - ""hat"", if clued cryptically?",badfaith,bad faith,double definition
26911,The ABC of literature?,letters,letters,double definition
75971,One used to avoid getting the ticket,parkingmeter,parking meter,double definition
85018,Dismiss one on the register,cashier,cashier,double definition
64851,"Religious leader, follower of Martin Luther",king,king,double definition
126657,Member employed to split the opposition?,swordarm,sword arm,double definition
69789,"Of course, part is in apple-pie order",straight,straight,double definition
77308,A cricket captain may do so and confess,declare,declare,double definition
8236,Birds presented with bill for geranium,cranes,cranes,double definition
74593,"Comprehensive description of ""The Three Blind Mice""?",detailed,detailed,double definition
93660,A writer Kipling never expected to meet,twain,twain,double definition
33995,Record appearance of full moon,disc,disc,double definition
74709,Stockings getting runs in clothes drier,horse,horse,double definition
52667,"High jumper to run, it's announced",flea,flea,double definition
45755,"Definitely short and sweet, perhaps",course,course,double definition
102462,Complete extrovert,unreserved,unreserved,double definition
67604,Writing crosswords is getting hard,setting,setting,double definition
19308,Go back to pay for another round,retreat,retreat,double definition
54712,Close a make-up case,compact,compact,double definition
134354,Finished digging? My congratulations!,welldone,well done,double definition
29637,Publication showing current changes,tidetable,tide table,double definition
96427,What could indicate a limited number being really excited,turnedon,turned on,double definition
37646,They are wound and screwy,wingnuts,wing nuts,double definition
84220,Beer bottle for Brecht's mother,courage,courage,double definition
26528,Here to make an introduction,present,present,double definition
11096,Shed a little off the perpendicular?,leanto,lean to,double definition
59362,Bob's actress,sleigh,sleigh,double definition
139304,Reporting for work,journalism,journalism,double definition
73548,Demonstration of spiritual strength,proof,proof,double definition
112047,Dated and removed,tookout,took out,double definition
33601,Specialist in stocktaking?,rustler,rustler,double definition
74328,Pervade conundrum,riddle,riddle,double definition
29758,Judge an instrument,recorder,recorder,double definition
42087,In which one should certainly hear a pin drop,bowlingalleys,bowling alleys,double definition
4107,Declare support,maintain,maintain,double definition
118829,Observer Magazine,spectator,spectator,double definition
37813,Source of Columbus's sail,genoa,genoa,double definition
131083,They were once responsible for the mail,armourers,armourers,double definition
47680,Fights that dogs enjoy,scraps,scraps,double definition
68661,Ways to be heard on an island,rhodes,rhodes,double definition
76928,Clothes one changes in the car,gear,gear,double definition
15885,A little peck is seen here,kiss,kiss,double definition
129442,Hail or drops of water in Scotland,greet,greet,double definition
71443,Defeat makes no difference to mum or dad,reversal,reversal,double definition
17029,Drawing instrument found amongst dividers?,ruler,ruler,double definition
121287,It's kept in banks but also found in circulation,blood,blood,double definition
46177,How the weather can heat kettles,elements,elements,double definition
56893,Arab chief's tremor when speaking,sheikh,sheikh,double definition
83667,Variety of yellow crackers? Not quite,banana,banana,double definition
76640,Decline to respond to come-on,pass,pass,double definition
76712,"Box, for instance",case,case,double definition
103474,The point of a quarrel?,arrowhead,arrowhead,double definition
46657,Growth for production?,plant,plant,double definition
15031,"Married to eleven men, perhaps?",united,united,double definition
78454,Walk unsteadily at different times,stagger,stagger,double definition
91356,Is unable to face the situation with free-range poultry?,chickensout,chickens out,double definition
61812,Lord of a Belgian town,liege,liege,double definition
73048,The first notes of a French artist,dore,dore,double definition
138907,Shorten journey to and from work,commute,commute,double definition
44962,Ineffective exhortation to inveterate consumer,useless,useless,double definition
21606,Like the Swiss between shifts,neutral,neutral,double definition
14137,Settled in a resolute way,determined,determined,double definition
68341,The best workmen,optimal,optimal,double definition
75995,Old English district sounds wet,soke,soke,double definition
57082,Piped music is groovy,fluted,fluted,double definition
44965,Economise in vain,useless,useless,double definition
129620,Not knowing how to mend a fuse?,inthedark,in the dark,double definition
4656,Runners organised in some schools,streams,streams,double definition
46488,Game constructed by snooker player?,bridge,bridge,double definition
8130,Join forces?,enlist,enlist,double definition
55758,Eggs used for a change?,clutch,clutch,double definition
21697,Relation may be related on the other side,anti,anti,double definition
113161,Order to freeze work on fortifications,keepstill,keep still,double definition
41350,Beethoven's fifth penguin?,emperor,emperor,double definition
38285,Playtime in January,twelfthnight,twelfth night,double definition
43049,A measure of port,acre,acre,double definition
6924,Expensive honey,dear,dear,double definition
32127,When across the street it may need to be wet,whistle,whistle,double definition
25318,Castles in the air?,rooks,rooks,double definition
120255,US port's wind-powered structures,mobiles,mobiles,double definition
100099,Improbable? No fear!,notlikely,not likely,double definition
23274,We're told sea bird shows a bit of a habit,cowl,cowl,double definition
23893,Anger - a feature of high church ritual,incense,incense,double definition
103849,Deadly connection,terminal,terminal,double definition
2504,Struggle in which the services prove decisive,tiebreak,tie break,double definition
84802,Bishop of a foreign cathedral,chartres,chartres,double definition
79230,Scorn for amorous behaviour causing trouble with the judge,contemptofcourt,contempt of court,double definition
128939,Under-the-table activity is said to be a financial indicator,ftse,ftse,double definition
34565,Frustrate check on tax,scotch,scotch,double definition
117829,Which is unlikely means of capturing a crowd scene on film?,longshot,long shot,double definition
98025,Group is for capital punishment,scaffold,scaffold,double definition
89953,"Except for its head, river is brown",umber,umber,double definition
18122,Surplus to requirements and turned off,redundant,redundant,double definition
19792,Piece of paper for erratum,slip,slip,double definition
109644,"Coppers, obsolete money?",oldbill,old bill,double definition
76494,Supplier is the plaintiff,issuer,issuer,double definition
62622,Which comes as no shock to those who have it,alopecia,alopecia,double definition
29479,Coach to cut short corner,tutor,tutor,double definition
54976,Are you Ben? Apparently not,arthur,arthur,double definition
4007,Potato sound in the orchestra,tuba,tuba,double definition
47739,Lower in a mathematical scale,abase,abase,double definition
38980,"They hurl brickbats at the Prince of Wales, perhaps",critics,critics,double definition
75635,Plays records and is greatly affected,putsonairs,puts on airs,double definition
25227,"Saying ""scat!"", you put your foot in it",shoe,shoe,double definition
102784,Put on the rack to extract information?,drawoneout,draw one out,double definition
123909,One showing appreciation of tongue,clapper,clapper,double definition
74929,The family's failure makes a wretched story,poorrelation,poor relation,double definition
87568,Tattoos on Mark's legs,drumsticks,drumsticks,double definition
31399,Sharp decline in air traffic,nosedive,nosedive,double definition
38825,It's a traditional English pursuit,trade,trade,double definition
82885,Old car in a pile-up,heap,heap,double definition
129816,Art of sewer decoration?,embroidery,embroidery,double definition
76727,"Teacher mounting trapeze, swinging both ways",rabbi,rabbi,double definition
42700,What it means to a barman,italian,italian,double definition
65868,This book is bound to last,hardback,hardback,double definition
31652,"When it leaks, it's hard to stop",brakefluid,brake fluid,double definition
52395,"Merciless sun, perhaps, leading to peeling",unsparing,unsparing,double definition
27427,Safe company?,firm,firm,double definition
18832,Neighbour has an objection,abut,abut,double definition
66954,Old woman tickled to death?,trout,trout,double definition
1472,The advantage of keenness,edge,edge,double definition
58969,Spanish men's accent,tilde,tilde,double definition
5827,Rebel without a cause,raise,raise,double definition
74209,"World leader, so-called",bush,bush,double definition
135829,Where royal profile is exactly right,onthemoney,on the money,double definition
16655,Spotted horse that's white - not black,skewbald,skewbald,double definition
32115,This sort of request legal? It might not be,solicit,solicit,double definition
30492,Sympathetic proposition,tender,tender,double definition
16624,Creditor possesses coins,crowns,crowns,double definition
70211,One's words may lead to action,slanderer,slanderer,double definition
138003,Crowd security?,safetyinnumbers,safety in numbers,double definition
16574,Sadly there's not enough,alack,alack,double definition
117553,A French maid,joanofarc,joan of arc,double definition
68671,An individual consumer,cannibal,cannibal,double definition
43849,"Mountains called ""Earth""",range,range,double definition
116020,Spirited Dutch painter?,hooch,hooch,double definition
8688,Useful kind of tool in film classification,universal,universal,double definition
22955,One may be paid for taking your life,biographer,biographer,double definition
51037,What surgeons do with stunted growths,scrub,scrub,double definition
106033,They listen to Chequers …,auditors,auditors,double definition
4947,First thing that sparks interest,principal,principal,double definition
31118,Recovered gambler,better,better,double definition
33604,Thief who can be heard going through papers,rustler,rustler,double definition
51364,Nash cut out to be faithful,staunch,staunch,double definition
121131,Silly men,infielders,infielders,double definition
135397,How future date might be announced? Never!,thatllbetheday,thatll be the day,double definition
44876,How bounders are caught unawares?,onthehop,on the hop,double definition
113186,What fell off a lorry with a direct hit?,goodshot,good shot,double definition
31922,Programme expressing the broad view,panorama,panorama,double definition
29454,Means of severing wrestler's hold,scissors,scissors,double definition
4415,Fall out of love and languish,droop,droop,double definition
90038,"Audible, quiet man",piece,piece,double definition
48158,Almost regretting destruction,ruin,ruin,double definition
76889,False hat?,porkpie,pork pie,double definition
81621,Anglo-Italian port? Sounds foul!,leghorn,leghorn,double definition
84248,Clay died in Nigerian port,hardcourt,hard court,double definition
98391,"This may be put on legal documents, we hear",ritz,ritz,double definition
30162,Experiment on patients may set precedents,testcases,test cases,double definition
106731,St Wenceslas's feast day?,stephen,stephen,double definition
75220,Banks can stop advances,earthworks,earthworks,double definition
61298,High-rise central block,massif,massif,double definition
136089,Accounts written across blackboards,tables,tables,double definition
52048,Love child,baby,baby,double definition
42093,Batty Ms Flint announcing her resignation?,heighho,heigh ho,double definition
20818,Painter/drawer taking in river,durer,durer,double definition
85462,Good reputation to consider,esteem,esteem,double definition
78230,A great liking for disorder,affection,affection,double definition
139798,Calm down and don't put too much money on that horse!,keepyourshirton,keep your shirt on,double definition
19203,"Sacked, no doubt",inthebag,in the bag,double definition
66419,Letters on keyboard can be low,depressed,depressed,double definition
47436,Ideal stage for Pinafore?,apron,apron,double definition
33343,They mark boundaries down,hahas,ha has,double definition
132075,"Boxer, a former heavyweight on the left?",benn,benn,double definition
130126,Leisure period gets cancelled,timeoff,time off,double definition
73335,A poem can be something positive,anode,anode,double definition
84852,What's in a vacuum? It's unimportant,nomatter,no matter,double definition
108062,Blair's stint said to have progressively deteriorated,decade,decade,double definition
44960,To be frugal is futile,useless,useless,double definition
43765,Strain of a grave commitment?,dirge,dirge,double definition
29788,Look both ways,peep,peep,double definition
86433,Dent made by sniper does damage,depression,depression,double definition
20921,Gets rid of bad habits and schemes,devices,devices,double definition
123107,Light-headed lady?,platinumblonde,platinum blonde,double definition
87827,It need not give rise to punishment,detention,detention,double definition
44095,Type of window where it gets quiet!,sash,sash,double definition
46507,"Male peon, say?",hymn,hymn,double definition
90616,Menswear or ladieswear bedecking Anglicans,braces,braces,double definition
97315,Main animal that replaced agricultural labourers,thresher,thresher,double definition
91720,Sees fruit cooked instead?,dates,dates,double definition
57576,Mug had with tart,turnover,turnover,double definition
110918,"Stays, as of old, for a drink",stiffener,stiffener,double definition
126008,Sound measure,fathom,fathom,double definition
81044,"Authoritarian, dehumanising and oppressive: like Blair?",orwellian,orwellian,double definition
31762,It's the vicar's place to sound like an ass ...,bray,bray,double definition
2685,It's built as an ocean container,groyne,groyne,double definition
133706,Disease: could it be linked to thrush?,birdflu,bird flu,double definition
27002,Very much like duck,love,love,double definition
31014,One barely appreciates the outdoors,naturist,naturist,double definition
27851,Reassurance expressed; but not here,there,there,double definition
97716,Period of maritime decline,lowwater,low water,double definition
51343,Sort of policy that threatens both government and opposition?,thirdparty,third party,double definition
9732,Right for which Muhammad Ali often fought,title,title,double definition
2556,Tedious drill?,bore,bore,double definition
97822,In their own fields the French are unbeatable,champs,champs,double definition
36578,Communication from landlord,letter,letter,double definition
31078,Augustus who painted an evangelist,john,john,double definition
118228,Finally decide,conclude,conclude,double definition
124387,"Elected foreign leader, repeatedly",putin,putin,double definition
72471,"Appliance for the unsound? If dead, a mistake",deafaid,deaf aid,double definition
45220,August: put gold back,royal,royal,double definition
45260,What an MP has to beat in a car?,seatbelt,seat belt,double definition
77765,Expecting to be like Incey Wincey Spider,upthespout,up the spout,double definition
112656,Hail lovely ground,volley,volley,double definition
23211,Soul mate of Eros,psyche,psyche,double definition
9989,"Minimum piece, simple as that",least,least,double definition
13921,Perpetual child's play,peterpan,peter pan,double definition
99743,Thinking about the nature of narcissistic love?,reflective,reflective,double definition
48836,A bridal path?,aisle,aisle,double definition
91953,Key words?,opensesame,open sesame,double definition
53925,One way of underlining a decision,ruling,ruling,double definition
63142,Animal finding snake in the grass,weasel,weasel,double definition
106495,Particularly the highest,aboveall,above all,double definition
140738,Elaborate situation created by streaker?,fleshout,flesh out,double definition
59120,Distinctive smell of seaweed,tang,tang,double definition
70575,Lice in the back room? Don't worry!,nevermind,never mind,double definition
98030,A spot of capital punishment,scaffold,scaffold,double definition
70403,"How oral evidence is presented, apparently",itissaid,it is said,double definition
24403,"Middle of the road, like Britain?",island,island,double definition
85700,The sound of the bullring,torus,torus,double definition
75736,Riding apace,astride,astride,double definition
14217,Lad in a whirl,eddy,eddy,double definition
129446,Intermittent rain penetrating blind not a trickle,drizzle,drizzle,double definition
3406,He gains nothing from his activities,amateur,amateur,double definition
106859,"Deck chair on the Titanic, as they say",recliner,recliner,double definition
69747,Capital investment for father?,biretta,biretta,double definition
123651,"They are heard in the garden, or seen on the phone",tweets,tweets,double definition
54242,Condone taking a gamble,abet,abet,double definition
90359,They nick money,coppers,coppers,double definition
65715,Recipient of national bus pass?,newagetraveller,new age traveller,double definition
61092,Domestic flights,staircases,staircases,double definition
15407,Have a mind to have a party,entertain,entertain,double definition
26343,It may be of untold value,secret,secret,double definition
60575,I'm surprised Kay's on fiddle,cook,cook,double definition
55129,Test requirement that's set too high?,overrate,overrate,double definition
15780,Sign of too much discipline,bull,bull,double definition
64861,A lot of money that's forced into the ground,pile,pile,double definition
13075,Withdraw with a slight injury,scratch,scratch,double definition
97843,"Joined up, but went on a military campaign without one",soldered,soldered,double definition
66292,One of the Beach Boys?,lifeguard,lifeguard,double definition
83013,He's engaged in outdoor pursuits,hunter,hunter,double definition
31737,What gunrunners take part in?,armsrace,arms race,double definition
63963,Affected type from the Paris model agency?,poseur,poseur,double definition
40370,Last possible holiday destination?,resort,resort,double definition
3289,There's nothing left? That's hunky-dory!,allright,all right,double definition
97968,Canvassed views,landscapes,landscapes,double definition
77944,Engineer's responsibility taken by the navigator,bearings,bearings,double definition
10439,Give birth to animal,bear,bear,double definition
11490,Show progress? Don't exaggerate!,comeon,come on,double definition
21349,China's money tree,palm,palm,double definition
91453,Transitive heel and foot,trotter,trotter,double definition
114905,Gear case?,kitbag,kitbag,double definition
8551,Sort of nerve through which spirit?,optic,optic,double definition
95543,"Take action against Twycross, perhaps, after loss of larynx",sue,sue,double definition
24863,"Worry? I'm thinking: ""Job""",career,career,double definition
3288,Nothing left is safe,allright,all right,double definition
85732,Size up a house plant?,repot,repot,double definition
98433,"Once called the universal doner, reportedly a mistake",typo,typo,double definition
41595,Delays and keeps at a distance,holdsoff,holds off,double definition
46230,Protester topped bowman,archer,archer,double definition
98897,In where they tend to get you out,hospitalised,hospitalised,double definition
128981,"They have no choice, poor chaps",beggars,beggars,double definition
138175,Like a tree? Dog may have,barked,barked,double definition
111192,Honestly devoid of cant?,onthelevel,on the level,double definition
120808,"Preacher, or reciter of poetry?",layreader,lay reader,double definition
107223,Plan for land corps?,rotationofcrops,rotation of crops,double definition
16264,Key to the London dogs' home,isle,isle,double definition
8395,Expedition set off,trip,trip,double definition
64728,Place for eating dog's dinner,mess,mess,double definition
95537,Pin-up of uncovered tart,cheesecake,cheesecake,double definition
55225,Accept a proposal in Gretna Green,agree,agree,double definition
58030,"He may play a part in panto, great in size",ogre,ogre,double definition
86950,Wake up at the back?,slipstream,slipstream,double definition
33402,Correctly ascertaining one's railway connections?,ontherighttrack,on the right track,double definition
108015,Those in society on form,workingclass,working class,double definition
112089,Play area feature? Not exactly,roundabout,roundabout,double definition
128545,Longfellow's poem this girl won't conceal,evangeline,evangeline,double definition
20658,"It's an indication for drivers, by the way",roadsign,road sign,double definition
92117,What an indulgence!,pardon,pardon,double definition
102897,"""Song of Songs"" initially associated with religious ceremonies",spiritual,spiritual,double definition
136942,Most recent points,newest,newest,double definition
108183,She has promised to give a hand,fiancee,fiancee,double definition
32906,A mild imprecation - here's an example,dash,dash,double definition
36700,Bill's after that woman from EastEnders,poster,poster,double definition
4172,Secret soldier,private,private,double definition
4338,Take advantage of a bold stroke,exploit,exploit,double definition
88852,Back seat,posterior,posterior,double definition
36461,Keep away from a vacuum,avoid,avoid,double definition
126639,Stimulating postcard?,sparking,sparking,double definition
125901,Marble passageway,alley,alley,double definition
68533,"Capped for Ulster, are they?",knees,knees,double definition
51357,Reliable way to limit bloodshed,staunch,staunch,double definition
54591,Japanese growth threatening our country?,knotweed,knotweed,double definition
42854,Go overboard for a record,turntable,turntable,double definition
12162,"Original ""back to nature"" author?",thoreau,thoreau,double definition
77803,Description of Els's scores,lines,lines,double definition
98700,Primate and friar,capuchin,capuchin,double definition
26103,Such a thumb to stick out?,sore,sore,double definition
92426,Where noodles may end up?,inthesoup,in the soup,double definition
15562,"Bored, it's suggested? Take down Waterloo",defeat,defeat,double definition
56752,Drinks lacking body?,spirits,spirits,double definition
87586,Rocks found in prospectors' sieves,cradles,cradles,double definition
30164,Young ladies at Lord's?,maidens,maidens,double definition
85116,He doesn't catch it. But will he later?,butterfingers,butterfingers,double definition
90455,Big part of car,bumper,bumper,double definition
121802,Better qualified as someone to provide a welcome,meeter,meeter,double definition
96552,Bays of victory,laurels,laurels,double definition
2964,Jug can clink,prison,prison,double definition
49667,Provoke audible discord,rouse,rouse,double definition
66014,Tackle English bird,kite,kite,double definition
52805,Clue found in a drawer,lead,lead,double definition
35471,What's Espagnol to one Russian composer is Italien to another,capriccio,capriccio,double definition
21678,Gamble heavily in dive,plunge,plunge,double definition
102721,"Happily, one can look down from here",oncloudnine,on cloud nine,double definition
61735,Picture effort,shot,shot,double definition
30494,One who cares to make an offer,tender,tender,double definition
95429,Hedge featured in abstract painting style,hardedge,hard edge,double definition
19949,Nippers reported other nippers,pinchers,pinchers,double definition
23635,Lobby for charm,entrance,entrance,double definition
104732,Campaigning for a straight delivery?,onthestump,on the stump,double definition
103855,"Edge under top of boater, perhaps?",brim,brim,double definition
47682,Fights waste,scraps,scraps,double definition
112485,Gallery in the Pantheon?,gods,gods,double definition
4381,It can ruin a good deal,dryrot,dry rot,double definition
70321,See fruit,date,date,double definition
61728,Bullet snapped,shot,shot,double definition
64725,Dirty canteen,mess,mess,double definition
47334,Small amounts put on horses,bits,bits,double definition
90383,"Column leader, for example",editorial,editorial,double definition
85957,All the way down to hell and flung away when love's lost,fulllength,full length,double definition
114637,Your health is of least importance? Drink!,bottomsup,bottoms up,double definition
106780,Badger runs through mown grass,harry,harry,double definition
111711,Its builders caused a stir,prisonhouse,prison house,double definition
5625,Winger starred with flankers in blue pants,redbreast,redbreast,double definition
88173,Ingenious sting,smart,smart,double definition
20685,"Sure about supporting football club during no-score draw? Yes, sure",ofcourse,of course,double definition
48995,Level of wit in this group,clique,clique,double definition
125102,"Lady, not totally square, wanting bit of adventure",nina,nina,double definition
19737,Various trees but no great variety,bonsai,bonsai,double definition
73680,Informer who framed his mother?,whistler,whistler,double definition
51505,"Stole cattle, but made little noise",rustled,rustled,double definition
104578,"Again, but for the last time?",oncemore,once more,double definition
21290,Preparation against the offensive,deodorant,deodorant,double definition
9521,This ticket is ideal for elections,dream,dream,double definition
23292,Wooden smile?,beam,beam,double definition
57023,Reduce to silence when imprisoned,shutup,shut up,double definition
88468,Stock support,hoof,hoof,double definition
39439,Its report should stimulate athletic progress,startingpistol,starting pistol,double definition
109496,Choke or accelerator?,throttle,throttle,double definition
23637,Delight in appearance,entrance,entrance,double definition
75436,Order retreat,monastery,monastery,double definition
82317,Wolf in the valley?,gorge,gorge,double definition
114702,Escort lady and gentleman,squire,squire,double definition
92936,Male musician's first appearance on radio,mike,mike,double definition
11861,Work with fingers said to be requirement,need,need,double definition
54328,Opening a shop?,outlet,outlet,double definition
56737,"Removing jacket, runs in tights in summer",adder,adder,double definition
23947,Vision may be jolly,sight,sight,double definition
119494,They may lead to quick ducks for any batsmen,bouncers,bouncers,double definition
85119,Table used by moneychangers?,readyreckoner,ready reckoner,double definition
87430,Dishonest mason?,chiseller,chiseller,double definition
95069,He may be looking for the catch in further insurance,extracover,extra cover,double definition
6075,Investor's holdings in punishment,stocks,stocks,double definition
66676,Began by being made a member,initiated,initiated,double definition
114125,One in post bearing stamp of credibility,official,official,double definition
116890,One stops for the advertisement,plug,plug,double definition
36031,Earth healing heart?,clay,clay,double definition
50395,"Poet, one who is recklessly wasteful",spender,spender,double definition
106847,Quarters that are a bishop's responsibility,see,see,double definition
46655,Design end product using machines,plant,plant,double definition
70962,Bill's good at singing,invoice,invoice,double definition
42755,Sights for sore eyes?,spectacles,spectacles,double definition
46127,"Control what causes flooding, we say",rein,rein,double definition
42538,Protagonist taking drugs,heroine,heroine,double definition
109412,An acceptable phrase for one making a purchase?,illbuythat,ill buy that,double definition
201,The last of the home games,omega,omega,double definition
44229,Blind test?,screen,screen,double definition
35009,A league match,union,union,double definition
40076,LDO cocktail?,oldfashioned,old fashioned,double definition
114654,Worn after rowing?,pullover,pullover,double definition
7969,Labourer with an old bicycle,hercules,hercules,double definition
91350,Sentimental time for bird sound,tweet,tweet,double definition
53146,Played trick?,fiddle,fiddle,double definition
107790,Virtuous student?,novice,novice,double definition
121193,Siberian nation outspoken?,chilly,chilly,double definition
140164,Flash unfashionable attire - reduced!,flare,flare,double definition
14050,Criticism directed at military aircraft?,flak,flak,double definition
66070,Playwright is very nearly cross,travers,travers,double definition
3377,Agriculture only possible for younger people?,tillage,tillage,double definition
129391,Order one still refuses to obey,keepmoving,keep moving,double definition
55927,A thrice-cooked kind of biscuit?,richtea,rich tea,double definition
79496,If this were you wouldn't get it,insoluble,insoluble,double definition
66700,Run to raise money and totter,ladder,ladder,double definition
65232,French style of cooking,cuisine,cuisine,double definition
137336,Was one of a team of surgeons?,cooperated,co operated,double definition
20170,"Enough to live on comfortably, given fitness",competence,competence,double definition
96563,Infantry?,babesinarms,babes in arms,double definition
107407,Long tree,pine,pine,double definition
5813,Exodus follows this for band,genesis,genesis,double definition
33171,A vehicle drawn up in accordance with the law,conveyance,conveyance,double definition
29429,Light bench,settle,settle,double definition
1749,A small piece of wood - pine?,fret,fret,double definition
50310,A rebel's get-up?,rising,rising,double definition
60165,It's done up and down,deed,deed,double definition
47639,Trim tree,spruce,spruce,double definition
109289,Sheds uninherited characteristic?,meme,meme,double definition
125832,Where varnish gets paid for in cash?,onthenail,on the nail,double definition
9508,One at home in an oyster bed,native,native,double definition
75354,Poet's weapon,browning,browning,double definition
46732,Talent that outshines all others,brilliance,brilliance,double definition
74093,Vitamin B for Bevan,aneurin,aneurin,double definition
18355,Generally at sea,inthemain,in the main,double definition
36501,Result in charming words,spell,spell,double definition
141777,Popularly priced and in vogue - load up,goodvalue,good value,double definition
88661,It's fully in order; make nothing of it,nullify,nullify,double definition
34019,Extremely ragged,frayed,frayed,double definition
30433,He had a stable job with mounting prospects,ostler,ostler,double definition
28367,"Constant nag, guest who won't go?",stayer,stayer,double definition
8169,Warning what a misandrist wants?,omen,omen,double definition
42888,Put off when nearly through,onhold,on hold,double definition
90964,Trees with bark close to leaves,bays,bays,double definition
33046,Bridge player left the game,sport,sport,double definition
127924,Musical box for a sailor?,ditty,ditty,double definition
121133,One frightened by outlandish sixties' show,beyondthefringe,beyond the fringe,double definition
25366,The fashion trade,custom,custom,double definition
29521,Conformity to treaty,agreement,agreement,double definition
116568,Payback time here?,debtorsprison,debtors prison,double definition
134653,Providing people with different occupations,rehousing,rehousing,double definition
90911,Recover from visit,comeround,come round,double definition
32546,Females gathered for drink,bevy,bevy,double definition
52614,TNT - as in explosive flash,instant,instant,double definition
130159,Send rude online message to lover,flame,flame,double definition
46918,Worn-out shoe?,galosh,galosh,double definition
69808,Impart knowledge free from superstition,enlighten,enlighten,double definition
83665,"It can be wrapped round head or neck, but not heart or part of hand",banana,banana,double definition
3469,English film star gets rid of wrinkles,irons,irons,double definition
18492,Beyond redemption? What rotten luck!,toobad,too bad,double definition
31389,Suspend the terms of reference,remit,remit,double definition
52796,Such trees are barely recognisable in winter,deciduous,deciduous,double definition
21885,What is left in the car,estate,estate,double definition
33163,"Regal office shed, we hear",throne,throne,double definition
34983,"Ball, possibly square",dance,dance,double definition
4051,Musical grunts?,gigi,gigi,double definition
40748,Cheers for model,prosit,prosit,double definition
29609,More tasteful port,tangier,tangier,double definition
47923,Anxiety for business,concern,concern,double definition
33140,Commanding individuals with important roles to play,leadingmen,leading men,double definition
80394,Current providing insulation,thermal,thermal,double definition
94590,Green still on remand,untried,untried,double definition
39257,"""Vidi"" in speech and sight",eyesore,eyesore,double definition
36532,Fair punishment,fine,fine,double definition
105764,Bird checked the call of another,coo,coo,double definition
96999,Due opinion?,owing,owing,double definition
8636,"One's girl-child, perhaps",issue,issue,double definition
33820,Quarters provided by the bank,houseboat,houseboat,double definition
124562,Great success? No sir,goodwin,goodwin,double definition
101174,Has old-fashioned style,hath,hath,double definition
138623,Electronic sound in live record,beep,beep,double definition
40988,An entrance of ornamental stone,agate,agate,double definition
92273,"Find luggage missing, but fail to get legal redress",loseonescase,lose ones case,double definition
60249,Have a fag to improve one's mood,lightup,light up,double definition
58167,Another messenger reveals himself,hermes,hermes,double definition
93094,"Dirty and gross, the man in the family ’ome?",grubby,grubby,double definition
42081,Question put by examiners? Fancy that!,whatdoyouknow,what do you know,double definition
91550,Source of present-day jingles,sleighbell,sleigh bell,double definition
27772,I'm playful - and the month hasn't even started!,arch,arch,double definition
118494,They may be taken lying down,restcures,rest cures,double definition
34926,Open a drink,ajar,ajar,double definition
51923,Drunk needing shuteye for counter ...,tiddly,tiddly,double definition
24177,"Split second in Scotland, then split!",cleave,cleave,double definition
30485,Match-fit?,eligible,eligible,double definition
55104,Young male crab?,nipper,nipper,double definition
79565,BG made of water,pool,pool,double definition
51830,Refrain from encumbrance,burden,burden,double definition
35551,One who does good turns,acrobat,acrobat,double definition
122699,Cheerless - wet and rainy without a break,wintery,wintery,double definition
5832,Speak highly of no power boost,raise,raise,double definition
51891,Quite pleasing,pretty,pretty,double definition
78365,Philosopher in fight at factory,mill,mill,double definition
72536,"New arrival at the docks, we hear",birth,birth,double definition
125592,People in pubs do this for a hen night,barmen,barmen,double definition
104434,Secures pieces of mistletoe,sprigs,sprigs,double definition
8473,Slip on slip?,erratum,erratum,double definition
43626,"""Time for a word"" is unAnglican",nonce,nonce,double definition
123325,The purpose of the visor is to avoid humiliation,saveface,save face,double definition
38561,Part of the UK maybe found even in India,northernireland,northern ireland,double definition
120999,Old musical student at start of play in Liverpool street,lilactime,lilac time,double definition
93091,"Losing consciousness, so making an exit",passingout,passing out,double definition
114635,"Tops down, then, bringing cheers",bottomsup,bottoms up,double definition
72386,Part of Greater Manchester - an extra bit?,bolton,bolton,double definition
18880,A Frenchman's charge for electricity,coulomb,coulomb,double definition
136872,"In conversation, discretion is nailed",tacked,tacked,double definition
6209,"Thorough, constant but not firm",efficient,efficient,double definition
39973,Rover plant,rambler,rambler,double definition
71878,A treat for which I yell out loud,icecream,ice cream,double definition
75221,Banks that can stop advances,earthworks,earthworks,double definition
15962,It's nearly time for bed,night,night,double definition
22961,The story of my uncle?,relation,relation,double definition
77896,Drawing instrument traditionally boxed,compass,compass,double definition
56857,Report of narcotic,bang,bang,double definition
103566,Who knows? Take that secret to your grave!,younevercantell,you never can tell,double definition
76081,"Show, we hear, to look back on",revue,revue,double definition
34549,Sounding chivalrous whenever it's dark?,nightly,nightly,double definition
65019,Writer of illicit love letters?,correspondent,correspondent,double definition
141229,Short musical performance,gig,gig,double definition
8547,Shot in the eye!,optic,optic,double definition
8919,A meeting that seeks spiritual guidance,seance,seance,double definition
38251,Patience has very bright flower,solitaire,solitaire,double definition
108632,Appeal in two ways,refer,refer,double definition
15355,Jury's comment on horse,rider,rider,double definition
64876,Relationship between matron and nurse,sister,sister,double definition
98565,Would they issue stardust in Hollywood?,crematoria,crematoria,double definition
66903,Reduce rent,slash,slash,double definition
57430,"Provide grub, but not support",cater,cater,double definition
50381,One way to get inspiration,inhale,inhale,double definition
118675,Fish posture of diver,pike,pike,double definition
55066,Plant G higher then?,flower,flower,double definition
65535,Old-fashioned place in France,square,square,double definition
135119,Picked up torch in Swiss city,bern,bern,double definition
33920,Order something to eat,applepie,apple pie,double definition
41300,Personal predilection in art or diet,amatteroftaste,a matter of taste,double definition
89211,Where easy riders have their say?,expressway,expressway,double definition
74171,In which punishment is likely (held by copper in the old days),hotwater,hot water,double definition
93212,Expresses hostility to military accommodation,barracks,barracks,double definition
95398,A club - or a spade?,blackjack,blackjack,double definition
85964,It's a shame having to eat it,humblepie,humble pie,double definition
5604,What a promising bowler has to do?,deliver,deliver,double definition
4184,"A further time, deliver book",reserve,reserve,double definition
4444,Former pupil wasted away,late,late,double definition
79291,"Spicated, you say, otherwise barbed",cuspidate,cuspidate,double definition
85735,"Can't find words for ""helps in the kitchen""",driesup,dries up,double definition
7033,Duck a l'orange,mandarin,mandarin,double definition
23754,Charitable group,kind,kind,double definition
45323,One's boots may be licked,tongued,tongued,double definition
53148,Work in a band in fraudulent transaction,fiddle,fiddle,double definition
24898,"I say, parking place for poultry",coop,coop,double definition
119300,University officer reported? Gamble is associated with him,procter,procter,double definition
64281,Hose near sewer opening,tights,tights,double definition
121872,Top content of rookery?,murder,murder,double definition
119673,Upset over what's broadcast,shortwave,short wave,double definition
123347,Drink picked up for Darius?,mede,mede,double definition
85526,Mineral lacks torrent?,rocksalt,rock salt,double definition
53690,It's bad luck if you prefer Brie,hardcheese,hard cheese,double definition
5845,Faze host and cast,throw,throw,double definition
21393,"Beef to turn out deficient, not having much seasoning",complain,complain,double definition
44672,Monty was killed by Apollo,python,python,double definition
76482,Retired coppers in conversation,exchange,exchange,double definition
50788,Drink among New York's flowers,manhattan,manhattan,double definition
58657,Blocks the rowers' seats,thwarts,thwarts,double definition
68526,This type finds it hard to swallow anything not solid,sceptical,sceptical,double definition
31847,Day trip? Quite the contrary,nightfall,nightfall,double definition
16422,Caller providing a solution,ringer,ringer,double definition
129640,Magical image of Victorian parlour entertainment,lanternslide,lantern slide,double definition
101625,"Year spoilt by ""Les liaisons dangereuses"", say?",epistolarynovel,epistolary novel,double definition
95796,Flinch from game,quail,quail,double definition
118780,Shoot a bird,snipe,snipe,double definition
21321,The Pony Express's first new recruit,neophyte,neophyte,double definition
17293,Nerves of steel? I think not!,nofear,no fear,double definition
1860,Good book for figures,numbers,numbers,double definition
59685,Spider that reaps?,harvester,harvester,double definition
100920,Tropical novelist and playwright,miller,miller,double definition
76291,Achievement of one who doesn't miss a trick,grandslam,grand slam,double definition
123979,Where bloomers are made like the fourth and sixth incarnations of Dr Who?,bakery,bakery,double definition
10029,A poster to show where the big ships come,seaport,seaport,double definition
140603,Lead singer's notes?,heavymetalmusic,heavy metal music,double definition
30176,Not in the pink,offcolour,off colour,double definition
112074,Author of Great Expectations?,hope,hope,double definition
107027,"Rising, or just turning over?",revolution,revolution,double definition
112080,Lodging for friend in disgrace?,doghouse,doghouse,double definition
65010,Its shadow was a sign of the times,gnomon,gnomon,double definition
25388,Authorisation required for this sort of sale?,clearance,clearance,double definition
63551,A poisonous creeper,snake,snake,double definition
76927,Clothes worn in topless TV programme?,gear,gear,double definition
47987,Revolutionary Dame,trot,trot,double definition
112670,Educational degrees give support in retirement,beds,beds,double definition
102611,Cricket sides seen occasionally,offandon,off and on,double definition
62684,"Short, tailless dog",cur,cur,double definition
55194,Aim to identify shuttle,endeavour,endeavour,double definition
111945,No alternative,yes,yes,double definition
27925,Chance in rugby game to get head ripped off,evens,evens,double definition
12548,One grows up and blooms,irises,irises,double definition
59880,Don't stay on the road - it's a bore,turnoff,turn off,double definition
48884,Drink and a biscuit for royalty,bourbon,bourbon,double definition
16421,"You may see a hunchback, perhaps, double",ringer,ringer,double definition
62450,Land or borough in Holland for Spooner,touchdown,touch down,double definition
67167,Moderate entertainment,fair,fair,double definition
135939,Survive a heavy blow,weatherthestorm,weather the storm,double definition
686,Time off for parties in secluded spot,recess,recess,double definition
51051,Everlastin?,endless,endless,double definition
82154,Level playing field,pitch,pitch,double definition
38163,Skeleton said to be a man,draught,draught,double definition
41383,Attractive bars,magnets,magnets,double definition
115759,Blue stain,dirty,dirty,double definition
95075,Kind of servant one keeps,retainer,retainer,double definition
103891,One causing trouble in a washing machine?,agitator,agitator,double definition
134717,Rich soup in unfinished pottery,bisque,bisque,double definition
101991,"Highly strung, one whose life may be in the balance",tightropewalker,tightrope walker,double definition
21346,"One always on hand for a date, say",palm,palm,double definition
60209,Lambretta-rider taking exercise on one?,moped,moped,double definition
15359,Cyclist's condition?,rider,rider,double definition
39977,Rose and disconnected speaker,rambler,rambler,double definition
69643,Controlled by the computer stealthily?,underthecounter,under the counter,double definition
124968,Exciting? No!,turningon,turning on,double definition
4189,Book not one's first choice,reserve,reserve,double definition
124169,Incidental information in window by door,sidelight,sidelight,double definition
32002,Where we hear the canopy of power may be brought down,overthrown,overthrown,double definition
99957,Sturm und Drang applied to mopheads?,shocktactics,shock tactics,double definition
60136,It's what it does to another Rev,butterfly,butterfly,double definition
141633,Apply water to cut flowers,spray,spray,double definition
17849,Producing elastic,yielding,yielding,double definition
20425,It's what could snatch victory from one side,laterally,laterally,double definition
124634,Pregnant warbler? It's the sound of spring!,boing,boing,double definition
16183,"Sam's wife Sally, perhaps",aunt,aunt,double definition
116650,"Is beyond the reach of social services, which is inevitable",cantbehelped,cant be helped,double definition
78774,It could include Red Queen,royalflush,royal flush,double definition
65271,Pipe obtained from branch that is by river,brier,brier,double definition
110058,You'll hardly find whips as tolerant as this,aslaponthewrist,a slap on the wrist,double definition
62379,"Unhealthy state of America, briefly",ill,ill,double definition
71754,Tiresome magistrates get used to it,trying,trying,double definition
45864,He suffers from a lack of balance,bankrupt,bankrupt,double definition
24614,Cure for extreme dyslexia,remedy,remedy,double definition
51309,Invitation to trencherman,digin,dig in,double definition
107363,Might contain live wire?,powerhouse,powerhouse,double definition
67039,Bird making rude noise,ruff,ruff,double definition
102150,Tea - its anagram - tea?,eatbetweenmeals,eat between meals,double definition
126391,Deer takes one for a ride,does,does,double definition
86581,Porky's tip on the radio,tale,tale,double definition
17524,Run over?,extra,extra,double definition
138420,Examine local yokels - to put through the wringer,lookcloselyat,look closely at,double definition
48173,They don't mind their own business,agents,agents,double definition
57712,Sail across this or surf several?,channel,channel,double definition
76130,Small in two ways?,modest,modest,double definition
126370,Loss of player - perhaps from something that disagreed with him?,foolsparsley,fools parsley,double definition
44972,The power of a waterfall,force,force,double definition
49011,Free … or the BBC's heading for extinction,untie,untie,double definition
135631,Result of depression whilst husband's away? Could be,lowspiritedness,low spiritedness,double definition
118064,Airdrie resident's more in need of liquid refreshment,drier,drier,double definition
10063,Creditworthy?,believable,believable,double definition
24845,Elaborate blossom,develop,develop,double definition
87653,We're told sailor's girlfriend may be dressing,oliveoil,olive oil,double definition
93788,"Ultimately, Marilyn Monroe had to appear ditzy - never mind!",noharmdone,no harm done,double definition
123902,It is found growing next to the trunk,tusk,tusk,double definition
60023,Propose relocation,move,move,double definition
73796,Back seats worth their weight in gold?,tonneau,tonneau,double definition
62608,"Rupert Bear, say?",brooke,brooke,double definition
1689,It can result in call for reserve,netcord,net cord,double definition
36218,Admire a fast rider,revere,revere,double definition
102531,Blooming monarch abdicating as movement arriving,inflow,inflow,double definition
72148,It keeps its mouth open to strike victim,lamprey,lamprey,double definition
58811,Place where dangerous plot may be hatched,hotbed,hotbed,double definition
88350,Authors announced titles,writes,writes,double definition
44655,Primarily demonic and wicked - the master from hell?,devil,devil,double definition
86152,"Game, or its start, as heard on radio",golf,golf,double definition
26388,Engage in rigging,tackle,tackle,double definition
35350,Kind of party animal,stag,stag,double definition
4988,Junk food,spam,spam,double definition
29833,Coin for pig,napoleon,napoleon,double definition
20090,Deal possibly set aside,offcut,offcut,double definition
36729,It is bound to show the titles,peerage,peerage,double definition
59427,Frosty waitress in old corner house,nippy,nippy,double definition
94069,Shooting failure in the Caribbean?,tobago,tobago,double definition
33425,Wife abroad? Cheat endlessly!,frau,frau,double definition
53153,Cheat to get violin,fiddle,fiddle,double definition
33327,Doctor's prescription for management,treatment,treatment,double definition
19057,Club member doing a good turn?,rotarian,rotarian,double definition
16622,Percy's resistance to push for change in advance,hotspur,hotspur,double definition
25488,No encore for such a performance? That's gross!,unrepeatable,unrepeatable,double definition
74878,"It could be eaten sailing, or it could be sweeping",generalisation,generalisation,double definition
122902,"Following closely, a lot on site for development",nosetotail,nose to tail,double definition
130622,"In front of mirror, taking advantage of reflection",musing,musing,double definition
46932,Relief organisation for the hot and peevish?,redcross,red cross,double definition
28713,He will see what others have to say,lipreader,lip reader,double definition
38004,Rude and very Scottish sort of hut,uncouth,uncouth,double definition
60250,"Begin to sparkle, as smoker might?",lightup,light up,double definition
108914,"Construct a house as advertised, we hear",build,build,double definition
51355,Stay faithful,staunch,staunch,double definition
95541,The girl to take action,sue,sue,double definition
20070,"Condemned? Not right, put on trial",accused,accused,double definition
46034,Relative of the weasel even more outrageous?,otter,otter,double definition
33639,Running for the job,operation,operation,double definition
27594,Look over tower,keep,keep,double definition
88028,"Redeemed, made amends or converted",ransomed,ransomed,double definition
20040,Mackerel bait?,sprat,sprat,double definition
29298,A hazard on the table or in the field,potshot,pot shot,double definition
21194,Grass performing well?,inform,inform,double definition
61280,Dishonest proclivity,bent,bent,double definition
10881,Partners who dance up in close formation,couples,couples,double definition
17240,In which pupil appears to flag,iris,iris,double definition
102073,Work out cricket team's not old,suss,suss,double definition
9656,Belief which may be taken up,tenet,tenet,double definition
110327,Revelations of secret trips,outings,outings,double definition
2439,Fight possibly rigged,spar,spar,double definition
67914,Single swimmer's base,sole,sole,double definition
109614,"The way things stand, a strike's not new",asitis,as it is,double definition
26759,General concession,grant,grant,double definition
56034,Bar snack?,chocolate,chocolate,double definition
18828,Meet in a bar,abut,abut,double definition
121510,Cuts prize given to rugby players,medallions,medallions,double definition
25422,It's right by the map,eastward,eastward,double definition
114838,Gathers crowds when speaking,hoards,hoards,double definition
79460,Production of Haydn's oratorio,creation,creation,double definition
16252,Is he up to repairs?,tiler,tiler,double definition
59047,Common former leader,heath,heath,double definition
106486,Wine that's held up by guys getting tight,tent,tent,double definition
78502,Of course Nijinsky was one,racehorse,racehorse,double definition
61315,Chain letters?,mail,mail,double definition
79371,Breathe with difficulty and gag,wheeze,wheeze,double definition
79649,"Docks associated with locks, we hear",quays,quays,double definition
107834,Snooty head of a religious order,superior,superior,double definition
76523,Member worried partner,mate,mate,double definition
56688,Annoyed at being inconvenienced,putout,put out,double definition
116153,"Small tots, primarily on wheels - in these?",strollers,strollers,double definition
44992,Wood that is abandoned somewhere in Africa,natal,natal,double definition
49735,What sucker needs a politician?,straw,straw,double definition
86013,See one and fancy double?,lookalike,lookalike,double definition
91827,"Travelled free to Oxford, say, and got married",hitchedup,hitched up,double definition
26697,So much room for jogger?,elbow,elbow,double definition
109169,Vocal tribute to Japanese camper van?,nessundorma,nessun dorma,double definition
97307,Can I take a butcher's consideration?,letmesee,let me see,double definition
4244,Party? Try to have one,bash,bash,double definition
18500,Serene spirit comes from this,still,still,double definition
39179,Wooden tile dashed with pebbles?,shingle,shingle,double definition
32662,They won't stand for their instruments being played,cellists,cellists,double definition
86568,Cut that ensured Macduff's survival,caesarean,caesarean,double definition
31939,Seeming to act as representing another,appearing,appearing,double definition
64382,State nicknamed sooner rather than later: OK?,oklahoma,oklahoma,double definition
60822,A name is called a name,monica,monica,double definition
95333,Here visitors may check in for a social occasion,reception,reception,double definition
127453,German philosopher's more cheerful,gayer,gayer,double definition
64358,"Being in league, agreed to get rid of leader",allied,allied,double definition
73695,Boost announced for Alexander's father,philip,philip,double definition
1309,"Translated ""plastered""",rendered,rendered,double definition
38553,Despicable people on top,scum,scum,double definition
32221,Restaurant cutlery,canteen,canteen,double definition
61927,Exploit dwarf,stunt,stunt,double definition
8368,Cloth goes with bathroom items,toiletries,toiletries,double definition
52610,Endless hilarity over barber's offering,trim,trim,double definition
41326,It may reveal hidden charges,minedetector,mine detector,double definition
20677,Trickery's insult to an audience,sleight,sleight,double definition
86583,Finish off incredible eastern story,tale,tale,double definition
90867,Successful escape requires them to be clean,heels,heels,double definition
82993,Lowers stock of the hoi polloi,herd,herd,double definition
74487,He says he's a Muslim leader,imam,imam,double definition
17832,Josh gets scared,windup,wind up,double definition
24196,Sound conductor of German songs,lieder,lieder,double definition
69569,One of those sweet utterances of lovers in love,nothing,nothing,double definition
23822,Where fallen gladiators bit the sand in ancient Rome?,arena,arena,double definition
113656,Person taking money,nicker,nicker,double definition
76473,Boatman's a knave!,jack,jack,double definition
119955,Sounds just so ill,sick,sick,double definition
114633,Raise glasses for final drink,bottomsup,bottoms up,double definition
27513,One cuts a person who easily shifts positions,trimmer,trimmer,double definition
75843,Nonconformist church raised cross - what's the point?,crux,crux,double definition
100161,They are made to scale,ladders,ladders,double definition
21430,"Like ""Gone with the Wind"" for the picture industry?",epic,epic,double definition
2040,Make-up (whichever covers a cat),anatomy,anatomy,double definition
42104,Burrow in soil,earth,earth,double definition
87338,Fix sort of case that's curtailed,attach,attach,double definition
16227,"Hot in seat, how hot it is!",phew,phew,double definition
81090,European noblemen depicted by American author,donmarquis,don marquis,double definition
35005,Is one prepared to walk out for a wedding?,union,union,double definition
16107,Money raised by word of mouth,bread,bread,double definition
52130,It's our entitlement,name,name,double definition
85282,Reprimand means no further credit will be given,tickoff,tick off,double definition
43607,With lines or the opposite?,inverse,inverse,double definition
34925,"It could contain jam, but is certainly not jammed",ajar,ajar,double definition
17749,Odd starting point for a hobby,trainspotting,trainspotting,double definition
1176,"After passing, notice cycle right away",obit,obit,double definition
34982,"Say ""fling about' in Scandinavia",dance,dance,double definition
84589,Flight for flight?,fireescape,fire escape,double definition
106090,"I'm sort of top, but going up and down",yoyo,yo yo,double definition
72676,Official voice of the cyclist?,spokesman,spokesman,double definition
95226,Engineer to turn to Preminger,otto,otto,double definition
89382,Supervised position of lumberjack?,oversaw,oversaw,double definition
129476,"Capes, which are exactly the same",carboncopies,carbon copies,double definition
11124,Humiliating remark was repressive,putdown,put down,double definition
50571,Bar - don't spend!,save,save,double definition
11122,Recorded snub,putdown,put down,double definition
70709,Short programme for the handicapped?,rehab,rehab,double definition
80582,Part of Turkey's employed in fencing,wattle,wattle,double definition
29789,Birds can do it with their eyes shut,peep,peep,double definition
101937,Be clearly out when turning ball goes to fielder,breakcover,break cover,double definition
84484,Suckers for medical treatment,leeches,leeches,double definition
135587,"Well, what might have me beatified?",mygoodness,my goodness,double definition
19113,How much harvested? Give up!,yield,yield,double definition
42405,I do without a bit of money,coin,coin,double definition
1001,Drink to a virtuous character,toast,toast,double definition
106268,Abandon royal dignity,abdicate,abdicate,double definition
24075,To be drunk neat?,tight,tight,double definition
65692,Sound punishment for murderer,cain,cain,double definition
10942,Uproar in jail,stir,stir,double definition
37791,Refuse assent in the end,object,object,double definition
30629,Parson's remedy,cure,cure,double definition
53545,Sort of figure that changes with time?,hourglass,hourglass,double definition
29009,Ugly duckling?,cygnet,cygnet,double definition
65899,It's put on by a better singer,treble,treble,double definition
48116,Blanching stakes,paling,paling,double definition
33925,Order pudding,applepie,apple pie,double definition
65357,Manoeuvres to win hard races,rushes,rushes,double definition
76634,Licence to overtake,pass,pass,double definition
115190,Discuss and OK travel arrangements,talkover,talk over,double definition
132736,City investments?,sieges,sieges,double definition
97209,Very many are of minor importance,countless,countless,double definition
121527,Fractions of the highest order,eighths,eighths,double definition
92520,Currency that might introduce a list,colon,colon,double definition
34624,Footwear by which the Irish may be recognised,brogue,brogue,double definition
37975,Sounds like conversation has a twist,torque,torque,double definition
1482,The advantage of retired gentlemen,edge,edge,double definition
25668,"Like one with toes but no middle fingers, say",digits,digits,double definition
15906,Hard worker making veiled threat to PC?,trojan,trojan,double definition
1470,On which tense?,edge,edge,double definition
4779,Thomas is example of one that needs no tender attachment,tankengine,tank engine,double definition
4079,Twice as fair,soso,so so,double definition
130713,Tea and toast,drink,drink,double definition
41821,Oil wheel,castor,castor,double definition
15174,A positive sign,plus,plus,double definition
26030,Murphy's digger,spud,spud,double definition
15976,Close time?,night,night,double definition
48628,Like following like?,such,such,double definition
63746,Something to hide under after final bombs can be blown up,inflatable,inflatable,double definition
29370,"Big build-up in New York, for example",skyscraper,skyscraper,double definition
5396,Contract office boss,stud,stud,double definition
61403,A quiz night without a quiz? Hardly on the cards,bezique,bezique,double definition
80851,Prince appears more wet?,rainier,rainier,double definition
106776,What cross-country runners do to a boy?,harry,harry,double definition
69154,Brother to Uncle Remus,brer,brer,double definition
56778,OSCAR?,limo,limo,double definition
124080,Second from last in race failing at the finish,closing,closing,double definition
98062,Bound to be recorded,taped,taped,double definition
14998,The issue of offspring,grandson,grandson,double definition
105027,Nothing dissimilar to ...,notasausage,not a sausage,double definition
81239,Left-wing alliance meeting in promenade,popularfront,popular front,double definition
110828,"Making out, being clever",discerning,discerning,double definition
24672,Unexpected cash found in boat,gravy,gravy,double definition
66420,Charge sheet?,pricelist,price list,double definition
49657,Ways of life further south,mores,mores,double definition
101786,Evergreen creeper,grasssnake,grass snake,double definition
133045,Appropriate Dickens character,pocket,pocket,double definition
99415,As vehicles should be when left on the road,righthanddrive,right hand drive,double definition
101417,A number of Germans practised deception,lied,lied,double definition
16718,Who the author mentioned in disbelief?,dickens,dickens,double definition
46644,"Come to pass, maybe, in Yorkshire",happen,happen,double definition
78022,Pitch of the road,macadam,macadam,double definition
51379,Battle celebrated by Orange type,blenheim,blenheim,double definition
108041,Extract item from box of ornaments?,clip,clip,double definition
11735,Smell smoke,reek,reek,double definition
38853,Seaman in Cork not good member of crew,bosun,bosun,double definition
30969,"Imposed as a duty on the vicar, for example",incumbent,incumbent,double definition
107653,Accomplished boxers will be upset if they have to be,carriedout,carried out,double definition
72079,Be very successful at campanology?,ringthebell,ring the bell,double definition
121430,Possible message from holed ship?,sos,sos,double definition
95638,"Close, so raced up to a disturbance",narrow,narrow,double definition
78634,Annoyed at little green man's invitation?,cross,cross,double definition
17037,One is left without a souvenir,remainder,remainder,double definition
79280,Cutter from the east,scimitar,scimitar,double definition
10131,Farmed in a civilised way,cultivated,cultivated,double definition
44675,Perhaps Palin's modern language,python,python,double definition
18296,Don't hit a girl,miss,miss,double definition
78364,Where trouble's expected to end in a fight,mill,mill,double definition
43665,Wrong colour suit to deliver coal?,blackdiamonds,black diamonds,double definition
92180,That's Latin for you!,idest,id est,double definition
88100,A good line in stock?,pedigree,pedigree,double definition
55667,Given room but taken advantage of - that's not on,putup,put up,double definition
125571,Is in danger of falling for accountants?,totters,totters,double definition
125222,Heavens above!,skies,skies,double definition
100686,"Never, never, never fall for such a euphemism!",easyterms,easy terms,double definition
90837,Reckoned it's deliberate,calculated,calculated,double definition
11446,Crimean War settlement here,yalta,yalta,double definition
18107,"He will have marked cards, of course",tipster,tipster,double definition
141591,"Quiet and timid, like Mickey, Jerry or Stuart?",mousy,mousy,double definition
6213,Sweet Manx language,maltese,maltese,double definition
85769,French monarch's solution? Fighting not fleeing,louis,louis,double definition
141154,Raided by the police and broken,busted,busted,double definition
124190,Does song show elements of commendable quality?,goodness,goodness,double definition
35277,Wood is often hard,knotty,knotty,double definition
41159,It brings a lump to one's throat,adamsapple,adams apple,double definition
123418,"Decorate from top to bottom, or vice versa",repaper,repaper,double definition
133918,Acts that violate acts,crimes,crimes,double definition
15822,Better or worst?,outdo,outdo,double definition
74762,It may catch one in the act,safetynet,safety net,double definition
16889,I tape record criminally?,pirate,pirate,double definition
9751,Don't take what's taken on departure,leave,leave,double definition
85829,Come to a party,wake,wake,double definition
2417,Group's chiastic rhyme scheme,abba,abba,double definition
45401,Fine man,eric,eric,double definition
116229,One of the ship's company has a possible cut limb,crewmember,crew member,double definition
126867,Classic comprises great lines,saintleger,saint leger,double definition
2362,A pound of sultanas?,seraglio,seraglio,double definition
61181,Plan a porno picture?,blueprint,blueprint,double definition
120919,Laugh at dummy,mock,mock,double definition
56538,Strong drink,stout,stout,double definition
25543,Settle on a solution in the crossword,alight,alight,double definition
42130,Poles separated? There's clue in that!,antipodes,antipodes,double definition
7007,Beat nervous tension,stress,stress,double definition
26504,(rank outsider) The Undertaker,trier,trier,double definition
29690,Theatre of the obscenely rich,lyric,lyric,double definition
118883,Quick drinks for horses?,snorters,snorters,double definition
84722,"""Crossing a Line"" by a dramatist",traversal,traversal,double definition
34615,Tongue of stout shoe,brogue,brogue,double definition
56742,Playing live together,inconcert,in concert,double definition
98695,They show frightening ability in their field,scarecrows,scarecrows,double definition
85512,Sound opening pace,gait,gait,double definition
44543,This man may advertise food and old port,sandwich,sandwich,double definition
92908,The man from whom Samuel imbibed wisdom,eli,eli,double definition
8943,Singular-looking giant?,cyclops,cyclops,double definition
18751,Poet's unworthy of town in South Wales,neath,neath,double definition
28043,Don''t grant a prayer or. . .,refusecollector,refuse collector,double definition
68062,Limited cure,specific,specific,double definition
34310,A number work very hard,strain,strain,double definition
121784,It was used to make links at Gretna Green,forge,forge,double definition
104327,Manage to exercise,run,run,double definition
60426,Where children are to be found between two and five?,creche,creche,double definition
25756,It requires courage to have one - rather than love!,battle,battle,double definition
53500,Underwear? We may well have seconds,boxers,boxers,double definition
74610,Mishandled pistol went off,spoilt,spoilt,double definition
127900,"Pronounced as ""venson""? I haven't a clue!",noidea,no idea,double definition
30890,"Spell ""trinket""",charm,charm,double definition
979,Heartless head cook,chef,chef,double definition
91923,One who jumps man with gun,starter,starter,double definition
65631,Races when going to bed,ascot,ascot,double definition
15502,"""Bit of a Bloomer Arising"" (Lawrence Harris)",floret,floret,double definition
35795,Target a friend of the family?,auntsally,aunt sally,double definition
26743,Result of many taking risks,crash,crash,double definition
65320,The strain of the French Revolution,marseillaise,marseillaise,double definition
46656,Faked evidence of factory growth,plant,plant,double definition
85219,Roman judgement days satisfied constituents,diesfasti,dies fasti,double definition
53089,A group often described as vicious,circle,circle,double definition
62687,Piece of harness,bit,bit,double definition
110516,Pelt with dried berries,pepper,pepper,double definition
57921,Favour partner for girl,grace,grace,double definition
13909,"Yes, truly an inspiration",yeah,yeah,double definition
100047,Fish appeared to be off,smelt,smelt,double definition
20602,Initial typeset without reversion,stet,stet,double definition
107635,Proceed to do as the GP might do with a recent graduate,putintopractice,put into practice,double definition
593,Manage without an intermediary,direct,direct,double definition
21467,Perhaps the worst disease in living memory,alzheimers,alzheimers,double definition
14451,A close shave?,scrape,scrape,double definition
66303,Swim before one can walk,crawl,crawl,double definition
121051,Attended a glittering performance and was knocked out?,sawstars,saw stars,double definition
82995,The masses listened to broadcast,herd,herd,double definition
36215,"Have great respect for Paul, perhaps",revere,revere,double definition
71802,"Lever needs push, we hear",pedal,pedal,double definition
51365,Stay true,staunch,staunch,double definition
111605,Keeps warm and quiet,muffles,muffles,double definition
29624,It can be converted into a cupboard,cabinet,cabinet,double definition
73712,Aggressive female banker,amazon,amazon,double definition
78234,A hewer of wood and a drawer of water,turner,turner,double definition
38393,"In speech, commend one in the Upper Chamber",lord,lord,double definition
32048,Grain yield report,seed,seed,double definition
78877,Ancestral building - a royal house,lancaster,lancaster,double definition
23617,Partition between pigs and birds,swallows,swallows,double definition
48441,He saw himself as winning on the pools,narcissus,narcissus,double definition
108682,"It could be folded once, or twice - it's ambiguous",doublemeaning,double meaning,double definition
